model,fold,date,y,prediction,training_mean,alpha
historical_mean,0,2012-09-13,4.889386111246848,-0.5397032586665891,-0.5397032586665891,
historical_mean,0,2012-10-24,-2.214573547712846,-0.5397032586665891,-0.5397032586665891,
historical_mean,0,2012-12-12,0.3816906455956319,-0.5397032586665891,-0.5397032586665891,
historical_mean,0,2013-01-30,5.52312983048044,-0.5397032586665891,-0.5397032586665891,
historical_mean,0,2013-03-20,3.5282324697286342,-0.5397032586665891,-0.5397032586665891,
historical_mean,0,2013-05-01,3.03919592179801,-0.5397032586665891,-0.5397032586665891,
historical_mean,0,2013-06-19,2.555798472708714,-0.5397032586665891,-0.5397032586665891,
historical_mean,0,2013-07-31,5.932327679094761,-0.5397032586665891,-0.5397032586665891,
historical_mean,0,2013-09-18,-0.5490488995725852,-0.5397032586665891,-0.5397032586665891,
historical_mean,0,2013-10-30,2.278539508167516,-0.5397032586665891,-0.5397032586665891,
historical_mean,0,2013-12-18,1.6851950420826414,-0.5397032586665891,-0.5397032586665891,
historical_mean,0,2014-01-29,-1.5674398932992968,-0.5397032586665891,-0.5397032586665891,
historical_mean,0,2014-03-19,3.533096814907931,-0.5397032586665891,-0.5397032586665891,
historical_mean,0,2014-04-30,-0.141881172800043,-0.5397032586665891,-0.5397032586665891,
historical_mean,0,2014-06-18,2.8271363650504746,-0.5397032586665891,-0.5397032586665891,
historical_mean,0,2014-07-30,0.9838844644308352,-0.5397032586665891,-0.5397032586665891,
historical_mean,0,2014-09-17,2.727560945652685,-0.5397032586665891,-0.5397032586665891,
historical_mean,0,2014-10-29,-2.505251234306585,-0.5397032586665891,-0.5397032586665891,
historical_mean,0,2014-12-17,-0.2548556929012915,-0.5397032586665891,-0.5397032586665891,
historical_mean,0,2015-01-28,-0.2041768626186403,-0.5397032586665891,-0.5397032586665891,
historical_mean,1,2015-03-18,2.9198479959632526,-0.1793531574910422,-0.1793531574910422,
historical_mean,1,2015-04-29,0.9332960299921064,-0.1793531574910422,-0.1793531574910422,
historical_mean,1,2015-06-17,-0.0539798922692998,-0.1793531574910422,-0.1793531574910422,
historical_mean,1,2015-07-29,-2.5614380312419707,-0.1793531574910422,-0.1793531574910422,
historical_mean,1,2015-09-17,-6.398507299645421,-0.1793531574910422,-0.1793531574910422,
historical_mean,1,2015-10-28,5.617495236249391,-0.1793531574910422,-0.1793531574910422,
historical_mean,1,2015-12-16,-3.302400414906358,-0.1793531574910422,-0.1793531574910422,
historical_mean,1,2016-01-27,-8.439700515612575,-0.1793531574910422,-0.1793531574910422,
historical_mean,1,2016-03-16,6.417252408444,-0.1793531574910422,-0.1793531574910422,
historical_mean,1,2016-04-27,2.260498155543345,-0.1793531574910422,-0.1793531574910422,
historical_mean,1,2016-06-15,0.1222627909513048,-0.1793531574910422,-0.1793531574910422,
historical_mean,1,2016-07-27,4.23185664561935,-0.1793531574910422,-0.1793531574910422,
historical_mean,1,2016-09-21,-1.4803900600906414,-0.1793531574910422,-0.1793531574910422,
historical_mean,1,2016-11-02,-2.404315230048286,-0.1793531574910422,-0.1793531574910422,
historical_mean,1,2016-12-14,7.699389600131472,-0.1793531574910422,-0.1793531574910422,
historical_mean,1,2017-02-01,0.766619382732642,-0.1793531574910422,-0.1793531574910422,
historical_mean,1,2017-03-15,3.918162323003221,-0.1793531574910422,-0.1793531574910422,
historical_mean,1,2017-05-03,0.1927092668246962,-0.1793531574910422,-0.1793531574910422,
historical_mean,1,2017-06-14,1.5564240385273835,-0.1793531574910422,-0.1793531574910422,
historical_mean,1,2017-07-26,1.417996232649504,-0.1793531574910422,-0.1793531574910422,
historical_mean,2,2017-09-20,0.9944146118107968,-0.05792357311505673,-0.05792357311505673,
historical_mean,2,2017-11-01,2.7340856247888965,-0.05792357311505673,-0.05792357311505673,
historical_mean,2,2017-12-13,2.9260790182207024,-0.05792357311505673,-0.05792357311505673,
historical_mean,2,2018-01-31,7.148911655702096,-0.05792357311505673,-0.05792357311505673,
historical_mean,2,2018-03-21,-4.1445720726304085,-0.05792357311505673,-0.05792357311505673,
historical_mean,2,2018-05-02,-0.0218536416260347,-0.05792357311505673,-0.05792357311505673,
historical_mean,2,2018-06-13,5.428358892467418,-0.05792357311505673,-0.05792357311505673,
historical_mean,2,2018-08-01,0.4763710453831742,-0.05792357311505673,-0.05792357311505673,
historical_mean,2,2018-09-26,2.9069004200691184,-0.05792357311505673,-0.05792357311505673,
historical_mean,2,2018-11-08,-5.840717554989847,-0.05792357311505673,-0.05792357311505673,
historical_mean,2,2018-12-19,-9.076083946390025,-0.05792357311505673,-0.05792357311505673,
historical_mean,2,2019-01-30,6.65247519930154,-0.05792357311505673,-0.05792357311505673,
historical_mean,2,2019-03-20,4.353035321394501,-0.05792357311505673,-0.05792357311505673,
historical_mean,2,2019-05-01,2.786040220264391,-0.05792357311505673,-0.05792357311505673,
historical_mean,2,2019-06-19,-1.250213439072959,-0.05792357311505673,-0.05792357311505673,
historical_mean,2,2019-07-31,2.011188830104515,-0.05792357311505673,-0.05792357311505673,
historical_mean,2,2019-09-18,1.2473197240470009,-0.05792357311505673,-0.05792357311505673,
historical_mean,2,2019-10-30,0.8963428400446505,-0.05792357311505673,-0.05792357311505673,
historical_mean,2,2019-12-11,3.023718257214977,-0.05792357311505673,-0.05792357311505673,
historical_mean,2,2020-01-29,2.1485559840748008,-0.05792357311505673,-0.05792357311505673,
historical_mean,3,2020-03-15,-19.30679872098346,0.10806910471294602,0.10806910471294602,
historical_mean,3,2020-04-29,18.74563559498336,0.10806910471294602,0.10806910471294602,
historical_mean,3,2020-06-10,10.409357713788122,0.10806910471294602,0.10806910471294602,
historical_mean,3,2020-07-29,7.589732604042245,0.10806910471294602,0.10806910471294602,
historical_mean,3,2020-09-16,4.129646562312915,0.10806910471294602,0.10806910471294602,
historical_mean,3,2020-11-05,0.3483962171310573,0.10806910471294602,0.10806910471294602,
historical_mean,3,2020-12-16,3.849102256140097,0.10806910471294602,0.10806910471294602,
historical_mean,3,2021-01-27,3.4979670186014724,0.10806910471294602,0.10806910471294602,
historical_mean,3,2021-03-17,4.676882796618454,0.10806910471294602,0.10806910471294602,
historical_mean,3,2021-04-28,6.717611257885417,0.10806910471294602,0.10806910471294602,
historical_mean,3,2021-06-16,1.0294124912812683,0.10806910471294602,0.10806910471294602,
historical_mean,3,2021-07-28,4.633031545878721,0.10806910471294602,0.10806910471294602,
historical_mean,3,2021-09-22,-1.4071350286967688,0.10806910471294602,0.10806910471294602,
historical_mean,3,2021-11-03,3.629686853369575,0.10806910471294602,0.10806910471294602,
historical_mean,3,2021-12-15,-0.2430410169318006,0.10806910471294602,0.10806910471294602,
historical_mean,3,2022-01-26,-5.707921584406794,0.10806910471294602,0.10806910471294602,
historical_mean,3,2022-03-16,-3.651437450153861,0.10806910471294602,0.10806910471294602,
historical_mean,3,2022-05-04,-6.071100198893482,0.10806910471294602,0.10806910471294602,
historical_mean,3,2022-06-15,-10.185909178114285,0.10806910471294602,0.10806910471294602,
historical_mean,3,2022-07-27,7.656593909553768,0.10806910471294602,0.10806910471294602,
historical_mean,4,2022-09-21,-4.728850791825261,0.26461539109709664,0.26461539109709664,
historical_mean,4,2022-11-02,2.605464816532983,0.26461539109709664,0.26461539109709664,
historical_mean,4,2022-12-14,6.577045295685347,0.26461539109709664,0.26461539109709664,
historical_mean,4,2023-02-01,2.5257798164174163,0.26461539109709664,0.26461539109709664,
historical_mean,4,2023-03-22,-6.204536146166191,0.26461539109709664,0.26461539109709664,
historical_mean,4,2023-05-03,4.881469132982449,0.26461539109709664,0.26461539109709664,
historical_mean,4,2023-06-14,6.063975282786163,0.26461539109709664,0.26461539109709664,
historical_mean,4,2023-07-26,2.3126105893465296,0.26461539109709664,0.26461539109709664,
historical_mean,4,2023-09-20,-2.635491551002436,0.26461539109709664,0.26461539109709664,
historical_mean,4,2023-11-01,-4.411522180090532,0.26461539109709664,0.26461539109709664,
historical_mean,4,2023-12-13,6.255803319654673,0.26461539109709664,0.26461539109709664,
historical_mean,4,2024-01-31,3.6615937297733945,0.26461539109709664,0.26461539109709664,
historical_mean,4,2024-03-20,4.178257495449124,0.26461539109709664,0.26461539109709664,
historical_mean,4,2024-05-01,-2.980468016904972,0.26461539109709664,0.26461539109709664,
historical_mean,4,2024-06-12,5.130250058983746,0.26461539109709664,0.26461539109709664,
historical_mean,4,2024-07-31,-0.1107106366835336,0.26461539109709664,0.26461539109709664,
historical_mean,4,2024-09-18,2.7356950767003108,0.26461539109709664,0.26461539109709664,
historical_mean,4,2024-11-07,0.6219968059305512,0.26461539109709664,0.26461539109709664,
historical_mean,4,2024-12-18,0.8467408795732383,0.26461539109709664,0.26461539109709664,
length_only,0,2012-09-13,4.889386111246848,-0.5397759036903782,-0.5397032586665891,10000.0
length_only,0,2012-10-24,-2.214573547712846,-0.539680178183189,-0.5397032586665891,10000.0
length_only,0,2012-12-12,0.3816906455956319,-0.5397439951879818,-0.5397032586665891,10000.0
length_only,0,2013-01-30,5.52312983048044,-0.5404725726593664,-0.5397032586665891,10000.0
length_only,0,2013-03-20,3.5282324697286342,-0.5397041095599863,-0.5397032586665891,10000.0
length_only,0,2013-05-01,3.03919592179801,-0.5396110430946635,-0.5397032586665891,10000.0
length_only,0,2013-06-19,2.555798472708714,-0.5397705856066455,-0.5397032586665891,10000.0
length_only,0,2013-07-31,5.932327679094761,-0.5396456106389262,-0.5397032586665891,10000.0
length_only,0,2013-09-18,-0.5490488995725852,-0.5396535877645253,-0.5397032586665891,10000.0
length_only,0,2013-10-30,2.278539508167516,-0.5396642239319908,-0.5397032586665891,10000.0
length_only,0,2013-12-18,1.6851950420826414,-0.5397360180623827,-0.5397032586665891,10000.0
length_only,0,2014-01-29,-1.5674398932992968,-0.5405656391246892,-0.5397032586665891,10000.0
length_only,0,2014-03-19,3.533096814907931,-0.5397280409367836,-0.5397032586665891,10000.0
length_only,0,2014-04-30,-0.141881172800043,-0.5396615648901244,-0.5397032586665891,10000.0
length_only,0,2014-06-18,2.8271363650504746,-0.5397812217741109,-0.5397032586665891,10000.0
length_only,0,2014-07-30,0.9838844644308352,-0.539751972313581,-0.5397032586665891,10000.0
length_only,0,2014-09-17,2.727560945652685,-0.539810471234641,-0.5397032586665891,10000.0
length_only,0,2014-10-29,-2.505251234306585,-0.5398423797370374,-0.5397032586665891,10000.0
length_only,0,2014-12-17,-0.2548556929012915,-0.5397120866855855,-0.5397032586665891,10000.0
length_only,0,2015-01-28,-0.2041768626186403,-0.5409512001953124,-0.5397032586665891,10000.0
length_only,1,2015-03-18,2.9198479959632526,-0.17933158077798825,-0.1793531574910422,10000.0
length_only,1,2015-04-29,0.9332960299921064,-0.17933868422261506,-0.1793531574910422,10000.0
length_only,1,2015-06-17,-0.0539798922692998,-0.17932181354162638,-0.1793531574910422,10000.0
length_only,1,2015-07-29,-2.5614380312419707,-0.17931382216642122,-0.1793531574910422,10000.0
length_only,1,2015-09-17,-6.398507299645421,-0.1793306928474099,-0.1793531574910422,10000.0
length_only,1,2015-10-28,5.617495236249391,-0.1793067187217944,-0.1793531574910422,10000.0
length_only,1,2015-12-16,-3.302400414906358,-0.17933158077798825,-0.1793531574910422,10000.0
length_only,1,2016-01-27,-8.439700515612575,-0.17899505508879296,-0.1793531574910422,10000.0
length_only,1,2016-03-16,6.417252408444,-0.17933158077798825,-0.1793531574910422,10000.0
length_only,1,2016-04-27,2.260498155543345,-0.17929339976311912,-0.1793531574910422,10000.0
length_only,1,2016-06-15,0.1222627909513048,-0.17931115837468617,-0.1793531574910422,10000.0
length_only,1,2016-07-27,4.23185664561935,-0.17922858083089946,-0.1793531574910422,10000.0
length_only,1,2016-09-21,-1.4803900600906414,-0.1792037187747056,-0.1793531574910422,10000.0
length_only,1,2016-11-02,-2.404315230048286,-0.17928008080444385,-0.1793531574910422,10000.0
length_only,1,2016-12-14,7.699389600131472,-0.17928185666560056,-0.1793531574910422,10000.0
length_only,1,2017-02-01,0.766619382732642,-0.1790252447284569,-0.1793531574910422,10000.0
length_only,1,2017-03-15,3.918162323003221,-0.1792809687350222,-0.1793531574910422,10000.0
length_only,1,2017-05-03,0.1927092668246962,-0.17930050320774593,-0.1793531574910422,10000.0
length_only,1,2017-06-14,1.5564240385273835,-0.17928008080444385,-0.1793531574910422,10000.0
length_only,1,2017-07-26,1.417996232649504,-0.17934134801435012,-0.1793531574910422,10000.0
length_only,2,2017-09-20,0.9944146118107968,-0.058055198916221226,-0.05792357311505673,10000.0
length_only,2,2017-11-01,2.7340856247888965,-0.05796204304121621,-0.05792357311505673,10000.0
length_only,2,2017-12-13,2.9260790182207024,-0.057903389342138976,-0.05792357311505673,10000.0
length_only,2,2018-01-31,7.148911655702096,-0.05911441571720421,-0.05792357311505673,10000.0
length_only,2,2018-03-21,-4.1445720726304085,-0.05788958847176786,-0.05792357311505673,10000.0
length_only,2,2018-05-02,-0.0218536416260347,-0.05804484826344289,-0.05792357311505673,10000.0
length_only,2,2018-06-13,5.428358892467418,-0.05786198673102563,-0.05792357311505673,10000.0
length_only,2,2018-08-01,0.4763710453831742,-0.058124203268076796,-0.05792357311505673,10000.0
length_only,2,2018-09-26,2.9069004200691184,-0.05795859282362343,-0.05792357311505673,10000.0
length_only,2,2018-11-08,-5.840717554989847,-0.05809315130974179,-0.05792357311505673,10000.0
length_only,2,2018-12-19,-9.076083946390025,-0.058138004138447906,-0.05792357311505673,10000.0
length_only,2,2019-01-30,6.65247519930154,-0.059438736170925384,-0.05792357311505673,10000.0
length_only,2,2019-03-20,4.353035321394501,-0.05816560587919013,-0.05792357311505673,10000.0
length_only,2,2019-05-01,2.786040220264391,-0.05824151066623126,-0.05792357311505673,10000.0
length_only,2,2019-06-19,-1.250213439072959,-0.058062099351406785,-0.05792357311505673,10000.0
length_only,2,2019-07-31,2.011188830104515,-0.05833811675882906,-0.05792357311505673,10000.0
length_only,2,2019-09-18,1.2473197240470009,-0.058362268281978505,-0.05792357311505673,10000.0
length_only,2,2019-10-30,0.8963428400446505,-0.058586532425509104,-0.05792357311505673,10000.0
length_only,2,2019-12-11,3.023718257214977,-0.05817595653196847,-0.05792357311505673,10000.0
length_only,2,2020-01-29,2.1485559840748008,-0.05929037681443591,-0.05792357311505673,10000.0
length_only,3,2020-03-15,-19.30679872098346,0.11032042695495987,0.10806910471294602,10000.0
length_only,3,2020-04-29,18.74563559498336,0.10963088199709214,0.10806910471294602,10000.0
length_only,3,2020-06-10,10.409357713788122,0.10976542735472487,0.10806910471294602,10000.0
length_only,3,2020-07-29,7.589732604042245,0.10956360931827579,0.10806910471294602,10000.0
length_only,3,2020-09-16,4.129646562312915,0.11005133623969442,0.10806910471294602,10000.0
length_only,3,2020-11-05,0.3483962171310573,0.10949633663945943,0.10806910471294602,10000.0
length_only,3,2020-12-16,3.849102256140097,0.10904224605744897,0.10806910471294602,10000.0
length_only,3,2021-01-27,3.4979670186014724,0.11450815121127847,0.10806910471294602,10000.0
length_only,3,2021-03-17,4.676882796618454,0.10915997324537761,0.10806910471294602,10000.0
length_only,3,2021-04-28,6.717611257885417,0.1093617912818267,0.10806910471294602,10000.0
length_only,3,2021-06-16,1.0294124912812683,0.10993360905176579,0.10806910471294602,10000.0
length_only,3,2021-07-28,4.633031545878721,0.10998406356087806,0.10806910471294602,10000.0
length_only,3,2021-09-22,-1.4071350286967688,0.10902542788774489,0.10806910471294602,10000.0
length_only,3,2021-11-03,3.629686853369575,0.10867224632395897,0.10806910471294602,10000.0
length_only,3,2021-12-15,-0.2430410169318006,0.10959724565768397,0.10806910471294602,10000.0
length_only,3,2022-01-26,-5.707921584406794,0.11487815094476847,0.10806910471294602,10000.0
length_only,3,2022-03-16,-3.651437450153861,0.10895815520892851,0.10806910471294602,10000.0
length_only,3,2022-05-04,-6.071100198893482,0.10878997351188761,0.10806910471294602,10000.0
length_only,3,2022-06-15,-10.185909178114285,0.10853770096632626,0.10806910471294602,10000.0
length_only,3,2022-07-27,7.656593909553768,0.10914315507567351,0.10806910471294602,10000.0
length_only,4,2022-09-21,-4.728850791825261,0.26541010131633413,0.26461539109709664,10000.0
length_only,4,2022-11-02,2.605464816532983,0.2659308275634304,0.26461539109709664,10000.0
length_only,4,2022-12-14,6.577045295685347,0.2656053736589952,0.26461539109709664,10000.0
length_only,4,2023-02-01,2.5257798164174163,0.28074982867871234,0.26461539109709664,10000.0
length_only,4,2023-03-22,-6.204536146166191,0.2656270705859576,0.26461539109709664,10000.0
length_only,4,2023-05-03,4.881469132982449,0.26625628146786556,0.26461539109709664,10000.0
length_only,4,2023-06-14,6.063975282786163,0.2650195566310119,0.26461539109709664,10000.0
length_only,4,2023-07-26,2.3126105893465296,0.26486767814227546,0.26461539109709664,10000.0
length_only,4,2023-09-20,-2.635491551002436,0.26480258736138845,0.26461539109709664,10000.0
length_only,4,2023-11-01,-4.411522180090532,0.26499785970404954,0.26461539109709664,10000.0
length_only,4,2023-12-13,6.255803319654673,0.2644337396030286,0.26461539109709664,10000.0
length_only,4,2024-01-31,3.6615937297733945,0.2618301083675471,0.26461539109709664,10000.0
length_only,4,2024-03-20,4.178257495449124,0.26554028287810816,0.26461539109709664,10000.0
length_only,4,2024-05-01,-2.980468016904972,0.2650846474118989,0.26461539109709664,10000.0
length_only,4,2024-06-12,5.130250058983746,0.26469410272657673,0.26461539109709664,10000.0
length_only,4,2024-07-31,-0.1107106366835336,0.26506295048493655,0.26461539109709664,10000.0
length_only,4,2024-09-18,2.7356950767003108,0.26439034574910386,0.26461539109709664,10000.0
length_only,4,2024-11-07,0.6219968059305512,0.2653667074624094,0.26461539109709664,10000.0
length_only,4,2024-12-18,0.8467408795732383,0.2651280412658236,0.26461539109709664,10000.0
mention_counts,0,2012-09-13,4.889386111246848,-0.5455988394504293,-0.5397032586665891,10000.0
mention_counts,0,2012-10-24,-2.214573547712846,-0.5423316088222426,-0.5397032586665891,10000.0
mention_counts,0,2012-12-12,0.3816906455956319,-0.5423635118334215,-0.5397032586665891,10000.0
mention_counts,0,2013-01-30,5.52312983048044,-0.537898673710585,-0.5397032586665891,10000.0
mention_counts,0,2013-03-20,3.5282324697286342,-0.543953260507144,-0.5397032586665891,10000.0
mention_counts,0,2013-05-01,3.03919592179801,-0.5455164233382175,-0.5397032586665891,10000.0
mention_counts,0,2013-06-19,2.555798472708714,-0.5520349330890015,-0.5397032586665891,10000.0
mention_counts,0,2013-07-31,5.932327679094761,-0.5455337041359393,-0.5397032586665891,10000.0
mention_counts,0,2013-09-18,-0.5490488995725852,-0.5407086278452089,-0.5397032586665891,10000.0
mention_counts,0,2013-10-30,2.278539508167516,-0.5407139450137386,-0.5397032586665891,10000.0
mention_counts,0,2013-12-18,1.6851950420826414,-0.5471885881241518,-0.5397032586665891,10000.0
mention_counts,0,2014-01-29,-1.5674398932992968,-0.5427742631023486,-0.5397032586665891,10000.0
mention_counts,0,2014-03-19,3.533096814907931,-0.543965224136336,-0.5397032586665891,10000.0
mention_counts,0,2014-04-30,-0.141881172800043,-0.5439319918330248,-0.5397032586665891,10000.0
mention_counts,0,2014-06-18,2.8271363650504746,-0.5407724338675665,-0.5397032586665891,10000.0
mention_counts,0,2014-07-30,0.9838844644308352,-0.5423674997098188,-0.5397032586665891,10000.0
mention_counts,0,2014-09-17,2.727560945652685,-0.5391773680253141,-0.5397032586665891,10000.0
mention_counts,0,2014-10-29,-2.505251234306585,-0.5424126956423221,-0.5397032586665891,10000.0
mention_counts,0,2014-12-17,-0.2548556929012915,-0.5391281842164135,-0.5397032586665891,10000.0
mention_counts,0,2015-01-28,-0.2041768626186403,-0.5413573224058446,-0.5397032586665891,10000.0
mention_counts,1,2015-03-18,2.9198479959632526,-0.1797100615037097,-0.1793531574910422,10000.0
mention_counts,1,2015-04-29,0.9332960299921064,-0.18567965299456035,-0.1793531574910422,10000.0
mention_counts,1,2015-06-17,-0.0539798922692998,-0.1773186948371237,-0.1793531574910422,10000.0
mention_counts,1,2015-07-29,-2.5614380312419707,-0.18328059258513107,-0.1793531574910422,10000.0
mention_counts,1,2015-09-17,-6.398507299645421,-0.1880619681989778,-0.1793531574910422,10000.0
mention_counts,1,2015-10-28,5.617495236249391,-0.17850419527547706,-0.1793531574910422,10000.0
mention_counts,1,2015-12-16,-3.302400414906358,-0.17613047896011974,-0.1793531574910422,10000.0
mention_counts,1,2016-01-27,-8.439700515612575,-0.1855045072015988,-0.1793531574910422,10000.0
mention_counts,1,2016-03-16,6.417252408444,-0.18328964404729964,-0.1793531574910422,10000.0
mention_counts,1,2016-04-27,2.260498155543345,-0.1844633775848339,-0.1793531574910422,10000.0
mention_counts,1,2016-06-15,0.1222627909513048,-0.1785064581410192,-0.1793531574910422,10000.0
mention_counts,1,2016-07-27,4.23185664561935,-0.18920311647270527,-0.1793531574910422,10000.0
mention_counts,1,2016-09-21,-1.4803900600906414,-0.1748721142513095,-0.1793531574910422,10000.0
mention_counts,1,2016-11-02,-2.404315230048286,-0.17610422971983095,-0.1793531574910422,10000.0
mention_counts,1,2016-12-14,7.699389600131472,-0.18326429995322768,-0.1793531574910422,10000.0
mention_counts,1,2017-02-01,0.766619382732642,-0.1819403121436954,-0.1793531574910422,10000.0
mention_counts,1,2017-03-15,3.918162323003221,-0.1844570415613159,-0.1793531574910422,10000.0
mention_counts,1,2017-05-03,0.1927092668246962,-0.17850102726371808,-0.1793531574910422,10000.0
mention_counts,1,2017-06-14,1.5564240385273835,-0.18087700644461752,-0.1793531574910422,10000.0
mention_counts,1,2017-07-26,1.417996232649504,-0.1868742048950823,-0.1793531574910422,10000.0
mention_counts,2,2017-09-20,0.9944146118107968,-0.05799556613132569,-0.05792357311505673,10000.0
mention_counts,2,2017-11-01,2.7340856247888965,-0.057948934791345386,-0.05792357311505673,10000.0
mention_counts,2,2017-12-13,2.9260790182207024,-0.057919574318024455,-0.05792357311505673,10000.0
mention_counts,2,2018-01-31,7.148911655702096,-0.059380434132653086,-0.05792357311505673,10000.0
mention_counts,2,2018-03-21,-4.1445720726304085,-0.06389523273555331,-0.05792357311505673,10000.0
mention_counts,2,2018-05-02,-0.0218536416260347,-0.061408994450866505,-0.05792357311505673,10000.0
mention_counts,2,2018-06-13,5.428358892467418,-0.05875350167291786,-0.05792357311505673,10000.0
mention_counts,2,2018-08-01,0.4763710453831742,-0.058884760259529094,-0.05792357311505673,10000.0
mention_counts,2,2018-09-26,2.9069004200691184,-0.061365817284218076,-0.05792357311505673,10000.0
mention_counts,2,2018-11-08,-5.840717554989847,-0.0699796976130362,-0.05792357311505673,10000.0
mention_counts,2,2018-12-19,-9.076083946390025,-0.06231027818573147,-0.05792357311505673,10000.0
mention_counts,2,2019-01-30,6.65247519930154,-0.0612520850690205,-0.05792357311505673,10000.0
mention_counts,2,2019-03-20,4.353035321394501,-0.06317874727394363,-0.05792357311505673,10000.0
mention_counts,2,2019-05-01,2.786040220264391,-0.060652785995940275,-0.05792357311505673,10000.0
mention_counts,2,2019-06-19,-1.250213439072959,-0.058853672699542225,-0.05792357311505673,10000.0
mention_counts,2,2019-07-31,2.011188830104515,-0.05984649202770186,-0.05792357311505673,10000.0
mention_counts,2,2019-09-18,1.2473197240470009,-0.062422538819017395,-0.05792357311505673,10000.0
mention_counts,2,2019-10-30,0.8963428400446505,-0.05569758029322606,-0.05792357311505673,10000.0
mention_counts,2,2019-12-11,3.023718257214977,-0.05720136176974884,-0.05792357311505673,10000.0
mention_counts,2,2020-01-29,2.1485559840748008,-0.06203247273726986,-0.05792357311505673,10000.0
mention_counts,3,2020-03-15,-19.30679872098346,0.10743230155949,0.10806910471294602,10000.0
mention_counts,3,2020-04-29,18.74563559498336,0.1038581966166518,0.10806910471294602,10000.0
mention_counts,3,2020-06-10,10.409357713788122,0.11037766750884771,0.10806910471294602,10000.0
mention_counts,3,2020-07-29,7.589732604042245,0.1048994605766318,0.10806910471294602,10000.0
mention_counts,3,2020-09-16,4.129646562312915,0.10514585829029308,0.10806910471294602,10000.0
mention_counts,3,2020-11-05,0.3483962171310573,0.10809122423965078,0.10806910471294602,10000.0
mention_counts,3,2020-12-16,3.849102256140097,0.10678656962023976,0.10806910471294602,10000.0
mention_counts,3,2021-01-27,3.4979670186014724,0.11062317315934256,0.10806910471294602,10000.0
mention_counts,3,2021-03-17,4.676882796618454,0.10899654463347283,0.10806910471294602,10000.0
mention_counts,3,2021-04-28,6.717611257885417,0.10264700319897437,0.10806910471294602,10000.0
mention_counts,3,2021-06-16,1.0294124912812683,0.10938738238617694,0.10806910471294602,10000.0
mention_counts,3,2021-07-28,4.633031545878721,0.10726237210179257,0.10806910471294602,10000.0
mention_counts,3,2021-09-22,-1.4071350286967688,0.10892857285039387,0.10806910471294602,10000.0
mention_counts,3,2021-11-03,3.629686853369575,0.10767489706829207,0.10806910471294602,10000.0
mention_counts,3,2021-12-15,-0.2430410169318006,0.10706695322544052,0.10806910471294602,10000.0
mention_counts,3,2022-01-26,-5.707921584406794,0.11081009556280974,0.10806910471294602,10000.0
mention_counts,3,2022-03-16,-3.651437450153861,0.10459358755277642,0.10806910471294602,10000.0
mention_counts,3,2022-05-04,-6.071100198893482,0.10665912252696667,0.10806910471294602,10000.0
mention_counts,3,2022-06-15,-10.185909178114285,0.10545642558217412,0.10806910471294602,10000.0
mention_counts,3,2022-07-27,7.656593909553768,0.10791279830906847,0.10806910471294602,10000.0
mention_counts,4,2022-09-21,-4.728850791825261,0.26618634814535336,0.26461539109709664,10000.0
mention_counts,4,2022-11-02,2.605464816532983,0.2656868381183029,0.26461539109709664,10000.0
mention_counts,4,2022-12-14,6.577045295685347,0.26552238230243663,0.26461539109709664,10000.0
mention_counts,4,2023-02-01,2.5257798164174163,0.27470033826561885,0.26461539109709664,10000.0
mention_counts,4,2023-03-22,-6.204536146166191,0.26095751002887557,0.26461539109709664,10000.0
mention_counts,4,2023-05-03,4.881469132982449,0.2628007366044232,0.26461539109709664,10000.0
mention_counts,4,2023-06-14,6.063975282786163,0.26141316517169505,0.26461539109709664,10000.0
mention_counts,4,2023-07-26,2.3126105893465296,0.2636243371216002,0.26461539109709664,10000.0
mention_counts,4,2023-09-20,-2.635491551002436,0.263591445958427,0.26461539109709664,10000.0
mention_counts,4,2023-11-01,-4.411522180090532,0.2614022014506373,0.26461539109709664,10000.0
mention_counts,4,2023-12-13,6.255803319654673,0.2641677020328817,0.26461539109709664,10000.0
mention_counts,4,2024-01-31,3.6615937297733945,0.2643773341708247,0.26461539109709664,10000.0
mention_counts,4,2024-03-20,4.178257495449124,0.2647268518068269,0.26461539109709664,10000.0
mention_counts,4,2024-05-01,-2.980468016904972,0.26602189232948714,0.26461539109709664,10000.0
mention_counts,4,2024-06-12,5.130250058983746,0.2665871846828841,0.26461539109709664,10000.0
mention_counts,4,2024-07-31,-0.1107106366835336,0.2660109286084294,0.26461539109709664,10000.0
mention_counts,4,2024-09-18,2.7356950767003108,0.2656710532556391,0.26461539109709664,10000.0
mention_counts,4,2024-11-07,0.6219968059305512,0.26616442070323787,0.26461539109709664,10000.0
mention_counts,4,2024-12-18,0.8467408795732383,0.2645185411067297,0.26461539109709664,10000.0
signed_counts,0,2012-09-13,4.889386111246848,1.5221752461205984,-0.5397032586665891,0.0001
signed_counts,0,2012-10-24,-2.214573547712846,0.04067959372504293,-0.5397032586665891,0.0001
signed_counts,0,2012-12-12,0.3816906455956319,-4.12398365653346,-0.5397032586665891,0.0001
signed_counts,0,2013-01-30,5.52312983048044,1.4043952267100803,-0.5397032586665891,0.0001
signed_counts,0,2013-03-20,3.5282324697286342,4.673302841906499,-0.5397032586665891,0.0001
signed_counts,0,2013-05-01,3.03919592179801,-0.16668562551327604,-0.5397032586665891,0.0001
signed_counts,0,2013-06-19,2.555798472708714,4.601273459942887,-0.5397032586665891,0.0001
signed_counts,0,2013-07-31,5.932327679094761,3.731901286881488,-0.5397032586665891,0.0001
signed_counts,0,2013-09-18,-0.5490488995725852,1.111000903111484,-0.5397032586665891,0.0001
signed_counts,0,2013-10-30,2.278539508167516,4.729478361328421,-0.5397032586665891,0.0001
signed_counts,0,2013-12-18,1.6851950420826414,0.7215910875493972,-0.5397032586665891,0.0001
signed_counts,0,2014-01-29,-1.5674398932992968,5.706834856210956,-0.5397032586665891,0.0001
signed_counts,0,2014-03-19,3.533096814907931,4.2600026849238235,-0.5397032586665891,0.0001
signed_counts,0,2014-04-30,-0.141881172800043,6.477050351587716,-0.5397032586665891,0.0001
signed_counts,0,2014-06-18,2.8271363650504746,2.79559082630194,-0.5397032586665891,0.0001
signed_counts,0,2014-07-30,0.9838844644308352,1.8575450164824723,-0.5397032586665891,0.0001
signed_counts,0,2014-09-17,2.727560945652685,2.0636899647369567,-0.5397032586665891,0.0001
signed_counts,0,2014-10-29,-2.505251234306585,-0.2180751182356936,-0.5397032586665891,0.0001
signed_counts,0,2014-12-17,-0.2548556929012915,1.7750386136722942,-0.5397032586665891,0.0001
signed_counts,0,2015-01-28,-0.2041768626186403,-2.6347470685581063,-0.5397032586665891,0.0001
signed_counts,1,2015-03-18,2.9198479959632526,4.213054040342696,-0.1793531574910422,0.0001
signed_counts,1,2015-04-29,0.9332960299921064,0.7203584890065944,-0.1793531574910422,0.0001
signed_counts,1,2015-06-17,-0.0539798922692998,-0.9914705597815957,-0.1793531574910422,0.0001
signed_counts,1,2015-07-29,-2.5614380312419707,-5.5578007804786065,-0.1793531574910422,0.0001
signed_counts,1,2015-09-17,-6.398507299645421,-11.41681290701446,-0.1793531574910422,0.0001
signed_counts,1,2015-10-28,5.617495236249391,-0.1880299746584242,-0.1793531574910422,0.0001
signed_counts,1,2015-12-16,-3.302400414906358,-1.3076414004380594,-0.1793531574910422,0.0001
signed_counts,1,2016-01-27,-8.439700515612575,-6.115364815076859,-0.1793531574910422,0.0001
signed_counts,1,2016-03-16,6.417252408444,-2.1927513958398133,-0.1793531574910422,0.0001
signed_counts,1,2016-04-27,2.260498155543345,3.801570883471936,-0.1793531574910422,0.0001
signed_counts,1,2016-06-15,0.1222627909513048,-1.7552434324827253,-0.1793531574910422,0.0001
signed_counts,1,2016-07-27,4.23185664561935,-4.556213827594219,-0.1793531574910422,0.0001
signed_counts,1,2016-09-21,-1.4803900600906414,1.3253384592900632,-0.1793531574910422,0.0001
signed_counts,1,2016-11-02,-2.404315230048286,0.2804707656252621,-0.1793531574910422,0.0001
signed_counts,1,2016-12-14,7.699389600131472,5.060105490385839,-0.1793531574910422,0.0001
signed_counts,1,2017-02-01,0.766619382732642,3.6499695922473427,-0.1793531574910422,0.0001
signed_counts,1,2017-03-15,3.918162323003221,2.2418494153936988,-0.1793531574910422,0.0001
signed_counts,1,2017-05-03,0.1927092668246962,0.2996340850580769,-0.1793531574910422,0.0001
signed_counts,1,2017-06-14,1.5564240385273835,-5.328597444680554,-0.1793531574910422,0.0001
signed_counts,1,2017-07-26,1.417996232649504,8.504236074887185,-0.1793531574910422,0.0001
signed_counts,2,2017-09-20,0.9944146118107968,0.15715290249402816,-0.05792357311505673,10.0
signed_counts,2,2017-11-01,2.7340856247888965,2.0632471121043294,-0.05792357311505673,10.0
signed_counts,2,2017-12-13,2.9260790182207024,0.7398105486850359,-0.05792357311505673,10.0
signed_counts,2,2018-01-31,7.148911655702096,4.763134183097572,-0.05792357311505673,10.0
signed_counts,2,2018-03-21,-4.1445720726304085,-2.466575127199888,-0.05792357311505673,10.0
signed_counts,2,2018-05-02,-0.0218536416260347,-1.660302335363111,-0.05792357311505673,10.0
signed_counts,2,2018-06-13,5.428358892467418,0.07242581105003218,-0.05792357311505673,10.0
signed_counts,2,2018-08-01,0.4763710453831742,-3.131568702570823,-0.05792357311505673,10.0
signed_counts,2,2018-09-26,2.9069004200691184,2.1631065614764835,-0.05792357311505673,10.0
signed_counts,2,2018-11-08,-5.840717554989847,-0.8633355298484259,-0.05792357311505673,10.0
signed_counts,2,2018-12-19,-9.076083946390025,-5.181306356870755,-0.05792357311505673,10.0
signed_counts,2,2019-01-30,6.65247519930154,-2.275602139213591,-0.05792357311505673,10.0
signed_counts,2,2019-03-20,4.353035321394501,-1.0557030811871875,-0.05792357311505673,10.0
signed_counts,2,2019-05-01,2.786040220264391,-3.1270381805464114,-0.05792357311505673,10.0
signed_counts,2,2019-06-19,-1.250213439072959,-3.8557103598812943,-0.05792357311505673,10.0
signed_counts,2,2019-07-31,2.011188830104515,0.8974324724692466,-0.05792357311505673,10.0
signed_counts,2,2019-09-18,1.2473197240470009,0.22877456153848683,-0.05792357311505673,10.0
signed_counts,2,2019-10-30,0.8963428400446505,-1.1459324551214491,-0.05792357311505673,10.0
signed_counts,2,2019-12-11,3.023718257214977,2.7499775008065592,-0.05792357311505673,10.0
signed_counts,2,2020-01-29,2.1485559840748008,1.7127731685853032,-0.05792357311505673,10.0
signed_counts,3,2020-03-15,-19.30679872098346,-6.315791747938532,0.10806910471294602,0.1
signed_counts,3,2020-04-29,18.74563559498336,-3.544055780754403,0.10806910471294602,0.1
signed_counts,3,2020-06-10,10.409357713788122,0.7007543778548821,0.10806910471294602,0.1
signed_counts,3,2020-07-29,7.589732604042245,-5.261037386262969,0.10806910471294602,0.1
signed_counts,3,2020-09-16,4.129646562312915,2.1080352033870358,0.10806910471294602,0.1
signed_counts,3,2020-11-05,0.3483962171310573,3.545620718484668,0.10806910471294602,0.1
signed_counts,3,2020-12-16,3.849102256140097,-0.5948165379179752,0.10806910471294602,0.1
signed_counts,3,2021-01-27,3.4979670186014724,4.723043199054063,0.10806910471294602,0.1
signed_counts,3,2021-03-17,4.676882796618454,2.844584705487326,0.10806910471294602,0.1
signed_counts,3,2021-04-28,6.717611257885417,1.6536861859572738,0.10806910471294602,0.1
signed_counts,3,2021-06-16,1.0294124912812683,0.9111829528915926,0.10806910471294602,0.1
signed_counts,3,2021-07-28,4.633031545878721,-3.3128870815287033,0.10806910471294602,0.1
signed_counts,3,2021-09-22,-1.4071350286967688,4.348587387325712,0.10806910471294602,0.1
signed_counts,3,2021-11-03,3.629686853369575,4.2805577111469955,0.10806910471294602,0.1
signed_counts,3,2021-12-15,-0.2430410169318006,-1.2695193276556394,0.10806910471294602,0.1
signed_counts,3,2022-01-26,-5.707921584406794,1.7226888812777021,0.10806910471294602,0.1
signed_counts,3,2022-03-16,-3.651437450153861,0.2720169490303507,0.10806910471294602,0.1
signed_counts,3,2022-05-04,-6.071100198893482,5.203944305423422,0.10806910471294602,0.1
signed_counts,3,2022-06-15,-10.185909178114285,-2.1885268593195732,0.10806910471294602,0.1
signed_counts,3,2022-07-27,7.656593909553768,-1.2626980186802055,0.10806910471294602,0.1
signed_counts,4,2022-09-21,-4.728850791825261,2.778026935854145,0.26461539109709664,10.0
signed_counts,4,2022-11-02,2.605464816532983,2.771861594956409,0.26461539109709664,10.0
signed_counts,4,2022-12-14,6.577045295685347,-0.1082786798657242,0.26461539109709664,10.0
signed_counts,4,2023-02-01,2.5257798164174163,-1.0733305518073741,0.26461539109709664,10.0
signed_counts,4,2023-03-22,-6.204536146166191,-1.5573755496094972,0.26461539109709664,10.0
signed_counts,4,2023-05-03,4.881469132982449,-5.2972770568112555,0.26461539109709664,10.0
signed_counts,4,2023-06-14,6.063975282786163,4.165880319185663,0.26461539109709664,10.0
signed_counts,4,2023-07-26,2.3126105893465296,2.98359720599869,0.26461539109709664,10.0
signed_counts,4,2023-09-20,-2.635491551002436,2.748263065532257,0.26461539109709664,10.0
signed_counts,4,2023-11-01,-4.411522180090532,1.71367506232156,0.26461539109709664,10.0
signed_counts,4,2023-12-13,6.255803319654673,-3.074612865292977,0.26461539109709664,10.0
signed_counts,4,2024-01-31,3.6615937297733945,3.094340820359951,0.26461539109709664,10.0
signed_counts,4,2024-03-20,4.178257495449124,3.995692169355835,0.26461539109709664,10.0
signed_counts,4,2024-05-01,-2.980468016904972,2.758972514495244,0.26461539109709664,10.0
signed_counts,4,2024-06-12,5.130250058983746,-0.20408785762401854,0.26461539109709664,10.0
signed_counts,4,2024-07-31,-0.1107106366835336,0.5382905138257936,0.26461539109709664,10.0
signed_counts,4,2024-09-18,2.7356950767003108,-1.426111066302395,0.26461539109709664,10.0
signed_counts,4,2024-11-07,0.6219968059305512,2.1338121987885823,0.26461539109709664,10.0
signed_counts,4,2024-12-18,0.8467408795732383,3.4456440495141782,0.26461539109709664,10.0
tfidf,0,2012-09-13,4.889386111246848,-0.3280498755673112,-0.5397032586665891,0.0001
tfidf,0,2012-10-24,-2.214573547712846,0.7249520283098123,-0.5397032586665891,0.0001
tfidf,0,2012-12-12,0.3816906455956319,0.910532424238967,-0.5397032586665891,0.0001
tfidf,0,2013-01-30,5.52312983048044,1.1522785523484809,-0.5397032586665891,0.0001
tfidf,0,2013-03-20,3.5282324697286342,1.2574825592499341,-0.5397032586665891,0.0001
tfidf,0,2013-05-01,3.03919592179801,2.178842445099614,-0.5397032586665891,0.0001
tfidf,0,2013-06-19,2.555798472708714,0.6217931093265354,-0.5397032586665891,0.0001
tfidf,0,2013-07-31,5.932327679094761,0.08058806439427946,-0.5397032586665891,0.0001
tfidf,0,2013-09-18,-0.5490488995725852,-0.4985939339895594,-0.5397032586665891,0.0001
tfidf,0,2013-10-30,2.278539508167516,-0.6984294527937175,-0.5397032586665891,0.0001
tfidf,0,2013-12-18,1.6851950420826414,0.28304180990925987,-0.5397032586665891,0.0001
tfidf,0,2014-01-29,-1.5674398932992968,0.6996755488617232,-0.5397032586665891,0.0001
tfidf,0,2014-03-19,3.533096814907931,-0.24999948608878925,-0.5397032586665891,0.0001
tfidf,0,2014-04-30,-0.141881172800043,0.8089092242468434,-0.5397032586665891,0.0001
tfidf,0,2014-06-18,2.8271363650504746,0.009697385204900155,-0.5397032586665891,0.0001
tfidf,0,2014-07-30,0.9838844644308352,0.9523342761994109,-0.5397032586665891,0.0001
tfidf,0,2014-09-17,2.727560945652685,1.2193866469733083,-0.5397032586665891,0.0001
tfidf,0,2014-10-29,-2.505251234306585,1.2409579910312576,-0.5397032586665891,0.0001
tfidf,0,2014-12-17,-0.2548556929012915,0.1261273005897814,-0.5397032586665891,0.0001
tfidf,0,2015-01-28,-0.2041768626186403,0.9439701239149199,-0.5397032586665891,0.0001
tfidf,1,2015-03-18,2.9198479959632526,1.9754987712685494,-0.1793531574910422,0.0001
tfidf,1,2015-04-29,0.9332960299921064,2.8487957613431094,-0.1793531574910422,0.0001
tfidf,1,2015-06-17,-0.0539798922692998,0.849354624058841,-0.1793531574910422,0.0001
tfidf,1,2015-07-29,-2.5614380312419707,0.8796421339763516,-0.1793531574910422,0.0001
tfidf,1,2015-09-17,-6.398507299645421,0.7918757390930806,-0.1793531574910422,0.0001
tfidf,1,2015-10-28,5.617495236249391,0.9748360424075668,-0.1793531574910422,0.0001
tfidf,1,2015-12-16,-3.302400414906358,-1.6984384167592894,-0.1793531574910422,0.0001
tfidf,1,2016-01-27,-8.439700515612575,-1.8527361618790747,-0.1793531574910422,0.0001
tfidf,1,2016-03-16,6.417252408444,1.2203110621522149,-0.1793531574910422,0.0001
tfidf,1,2016-04-27,2.260498155543345,1.5306389429541751,-0.1793531574910422,0.0001
tfidf,1,2016-06-15,0.1222627909513048,-0.10396063695013862,-0.1793531574910422,0.0001
tfidf,1,2016-07-27,4.23185664561935,0.08047938099189922,-0.1793531574910422,0.0001
tfidf,1,2016-09-21,-1.4803900600906414,2.300278111680712,-0.1793531574910422,0.0001
tfidf,1,2016-11-02,-2.404315230048286,1.1251089924918471,-0.1793531574910422,0.0001
tfidf,1,2016-12-14,7.699389600131472,0.656057271303972,-0.1793531574910422,0.0001
tfidf,1,2017-02-01,0.766619382732642,0.45761793876038726,-0.1793531574910422,0.0001
tfidf,1,2017-03-15,3.918162323003221,1.6883137337866325,-0.1793531574910422,0.0001
tfidf,1,2017-05-03,0.1927092668246962,0.9288768207182845,-0.1793531574910422,0.0001
tfidf,1,2017-06-14,1.5564240385273835,1.3109343194021468,-0.1793531574910422,0.0001
tfidf,1,2017-07-26,1.417996232649504,0.0709357809903482,-0.1793531574910422,0.0001
tfidf,2,2017-09-20,0.9944146118107968,-0.05774080985495961,-0.05792357311505673,10000.0
tfidf,2,2017-11-01,2.7340856247888965,-0.057767428675155386,-0.05792357311505673,10000.0
tfidf,2,2017-12-13,2.9260790182207024,-0.057768359932313856,-0.05792357311505673,10000.0
tfidf,2,2018-01-31,7.148911655702096,-0.05818016302930689,-0.05792357311505673,10000.0
tfidf,2,2018-03-21,-4.1445720726304085,-0.05781805430140741,-0.05792357311505673,10000.0
tfidf,2,2018-05-02,-0.0218536416260347,-0.057886171776815674,-0.05792357311505673,10000.0
tfidf,2,2018-06-13,5.428358892467418,-0.057716286326793695,-0.05792357311505673,10000.0
tfidf,2,2018-08-01,0.4763710453831742,-0.05783174634359116,-0.05792357311505673,10000.0
tfidf,2,2018-09-26,2.9069004200691184,-0.05785076214284303,-0.05792357311505673,10000.0
tfidf,2,2018-11-08,-5.840717554989847,-0.05796632782018159,-0.05792357311505673,10000.0
tfidf,2,2018-12-19,-9.076083946390025,-0.05819016616116362,-0.05792357311505673,10000.0
tfidf,2,2019-01-30,6.65247519930154,-0.05868498785168164,-0.05792357311505673,10000.0
tfidf,2,2019-03-20,4.353035321394501,-0.05784986149438523,-0.05792357311505673,10000.0
tfidf,2,2019-05-01,2.786040220264391,-0.05791818230967869,-0.05792357311505673,10000.0
tfidf,2,2019-06-19,-1.250213439072959,-0.05801750539507645,-0.05792357311505673,10000.0
tfidf,2,2019-07-31,2.011188830104515,-0.05802845773801627,-0.05792357311505673,10000.0
tfidf,2,2019-09-18,1.2473197240470009,-0.058046336160070836,-0.05792357311505673,10000.0
tfidf,2,2019-10-30,0.8963428400446505,-0.05812609649709045,-0.05792357311505673,10000.0
tfidf,2,2019-12-11,3.023718257214977,-0.05776824587192163,-0.05792357311505673,10000.0
tfidf,2,2020-01-29,2.1485559840748008,-0.05860196098110654,-0.05792357311505673,10000.0
tfidf,3,2020-03-15,-19.30679872098346,-2.1042179927636613,0.10806910471294602,0.1
tfidf,3,2020-04-29,18.74563559498336,-1.356338011294006,0.10806910471294602,0.1
tfidf,3,2020-06-10,10.409357713788122,1.837559146876244,0.10806910471294602,0.1
tfidf,3,2020-07-29,7.589732604042245,0.16221549171164773,0.10806910471294602,0.1
tfidf,3,2020-09-16,4.129646562312915,1.7629638439554582,0.10806910471294602,0.1
tfidf,3,2020-11-05,0.3483962171310573,1.3137238410885703,0.10806910471294602,0.1
tfidf,3,2020-12-16,3.849102256140097,1.9513318693716608,0.10806910471294602,0.1
tfidf,3,2021-01-27,3.4979670186014724,1.6890335567179215,0.10806910471294602,0.1
tfidf,3,2021-03-17,4.676882796618454,2.04872288306556,0.10806910471294602,0.1
tfidf,3,2021-04-28,6.717611257885417,0.33386917002829125,0.10806910471294602,0.1
tfidf,3,2021-06-16,1.0294124912812683,2.950932344488823,0.10806910471294602,0.1
tfidf,3,2021-07-28,4.633031545878721,0.9664366749558907,0.10806910471294602,0.1
tfidf,3,2021-09-22,-1.4071350286967688,0.41127740074566793,0.10806910471294602,0.1
tfidf,3,2021-11-03,3.629686853369575,1.887358492574885,0.10806910471294602,0.1
tfidf,3,2021-12-15,-0.2430410169318006,0.6227470429933591,0.10806910471294602,0.1
tfidf,3,2022-01-26,-5.707921584406794,0.49742579564583006,0.10806910471294602,0.1
tfidf,3,2022-03-16,-3.651437450153861,-1.2635975041833953,0.10806910471294602,0.1
tfidf,3,2022-05-04,-6.071100198893482,-0.3212306481496457,0.10806910471294602,0.1
tfidf,3,2022-06-15,-10.185909178114285,-1.5115724103572674,0.10806910471294602,0.1
tfidf,3,2022-07-27,7.656593909553768,-0.9715188223775554,0.10806910471294602,0.1
tfidf,4,2022-09-21,-4.728850791825261,-0.768806069542127,0.26461539109709664,0.0001
tfidf,4,2022-11-02,2.605464816532983,-0.3893125118745526,0.26461539109709664,0.0001
tfidf,4,2022-12-14,6.577045295685347,-0.3437411598515039,0.26461539109709664,0.0001
tfidf,4,2023-02-01,2.5257798164174163,2.016852379212729,0.26461539109709664,0.0001
tfidf,4,2023-03-22,-6.204536146166191,-2.341614365082231,0.26461539109709664,0.0001
tfidf,4,2023-05-03,4.881469132982449,-0.10017762863984647,0.26461539109709664,0.0001
tfidf,4,2023-06-14,6.063975282786163,3.782962301238922,0.26461539109709664,0.0001
tfidf,4,2023-07-26,2.3126105893465296,2.0548886019591466,0.26461539109709664,0.0001
tfidf,4,2023-09-20,-2.635491551002436,0.1395550027153829,0.26461539109709664,0.0001
tfidf,4,2023-11-01,-4.411522180090532,0.3022253567402412,0.26461539109709664,0.0001
tfidf,4,2023-12-13,6.255803319654673,1.7393831156774249,0.26461539109709664,0.0001
tfidf,4,2024-01-31,3.6615937297733945,3.3435453061668277,0.26461539109709664,0.0001
tfidf,4,2024-03-20,4.178257495449124,3.5296233504653265,0.26461539109709664,0.0001
tfidf,4,2024-05-01,-2.980468016904972,0.023707572534237054,0.26461539109709664,0.0001
tfidf,4,2024-06-12,5.130250058983746,1.4312273065726764,0.26461539109709664,0.0001
tfidf,4,2024-07-31,-0.1107106366835336,2.821285417525723,0.26461539109709664,0.0001
tfidf,4,2024-09-18,2.7356950767003108,0.14802506966120027,0.26461539109709664,0.0001
tfidf,4,2024-11-07,0.6219968059305512,0.06551098551172246,0.26461539109709664,0.0001
tfidf,4,2024-12-18,0.8467408795732383,2.152357861244461,0.26461539109709664,0.0001
cvj,0,2012-09-13,4.889386111246848,3.7843228671729734,-0.5397032586665891,0.0001
cvj,0,2012-10-24,-2.214573547712846,0.12163288097786973,-0.5397032586665891,0.0001
cvj,0,2012-12-12,0.3816906455956319,2.8684326682756978,-0.5397032586665891,0.0001
cvj,0,2013-01-30,5.52312983048044,3.2430934322292404,-0.5397032586665891,0.0001
cvj,0,2013-03-20,3.5282324697286342,4.137140828826985,-0.5397032586665891,0.0001
cvj,0,2013-05-01,3.03919592179801,5.049620357597758,-0.5397032586665891,0.0001
cvj,0,2013-06-19,2.555798472708714,-0.23067710852964163,-0.5397032586665891,0.0001
cvj,0,2013-07-31,5.932327679094761,5.965583123944534,-0.5397032586665891,0.0001
cvj,0,2013-09-18,-0.5490488995725852,1.3907038787766588,-0.5397032586665891,0.0001
cvj,0,2013-10-30,2.278539508167516,4.136052317084484,-0.5397032586665891,0.0001
cvj,0,2013-12-18,1.6851950420826414,1.038176186920647,-0.5397032586665891,0.0001
cvj,0,2014-01-29,-1.5674398932992968,3.245633292961744,-0.5397032586665891,0.0001
cvj,0,2014-03-19,3.533096814907931,1.0379584845721466,-0.5397032586665891,0.0001
cvj,0,2014-04-30,-0.141881172800043,1.0361442983346443,-0.5397032586665891,0.0001
cvj,0,2014-06-18,2.8271363650504746,3.2242258953592144,-0.5397032586665891,0.0001
cvj,0,2014-07-30,0.9838844644308352,4.138447042917988,-0.5397032586665891,0.0001
cvj,0,2014-09-17,2.727560945652685,4.1400435268069895,-0.5397032586665891,0.0001
cvj,0,2014-10-29,-2.505251234306585,-8.407739927868638,-0.5397032586665891,0.0001
cvj,0,2014-12-17,-0.2548556929012915,0.4772809731623856,-0.5397032586665891,0.0001
cvj,0,2015-01-28,-0.2041768626186403,-0.19845716095159688,-0.5397032586665891,0.0001
cvj,1,2015-03-18,2.9198479959632526,1.7104616763396676,-0.1793531574910422,1.0
cvj,1,2015-04-29,0.9332960299921064,2.550465919908887,-0.1793531574910422,1.0
cvj,1,2015-06-17,-0.0539798922692998,-1.1235249281880395,-0.1793531574910422,1.0
cvj,1,2015-07-29,-2.5614380312419707,-0.2837159677789106,-0.1793531574910422,1.0
cvj,1,2015-09-17,-6.398507299645421,-4.585516716579399,-0.1793531574910422,1.0
cvj,1,2015-10-28,5.617495236249391,-1.1237202113481304,-0.1793531574910422,1.0
cvj,1,2015-12-16,-3.302400414906358,-1.1233985684962162,-0.1793531574910422,1.0
cvj,1,2016-01-27,-8.439700515612575,-5.42977124069177,-0.1793531574910422,1.0
cvj,1,2016-03-16,6.417252408444,1.7104616763396676,-0.1793531574910422,1.0
cvj,1,2016-04-27,2.260498155543345,5.909529452874735,-0.1793531574910422,1.0
cvj,1,2016-06-15,0.1222627909513048,-0.8095395671232803,-0.1793531574910422,1.0
cvj,1,2016-07-27,4.23185664561935,-2.0671007128865995,-0.1793531574910422,1.0
cvj,1,2016-09-21,-1.4803900600906414,2.0229307211025453,-0.1793531574910422,1.0
cvj,1,2016-11-02,-2.404315230048286,1.1840062785361805,-0.1793531574910422,1.0
cvj,1,2016-12-14,7.699389600131472,3.075519873857605,-0.1793531574910422,1.0
cvj,1,2017-02-01,0.766619382732642,0.5524630233014726,-0.1793531574910422,1.0
cvj,1,2017-03-15,3.918162323003221,5.383579493838542,-0.1793531574910422,1.0
cvj,1,2017-05-03,0.1927092668246962,-0.2838882764495789,-0.1793531574910422,1.0
cvj,1,2017-06-14,1.5564240385273835,4.5436556609823,-0.1793531574910422,1.0
cvj,1,2017-07-26,1.417996232649504,6.7500621097006706,-0.1793531574910422,1.0
cvj,2,2017-09-20,0.9944146118107968,3.4755115913675882,-0.05792357311505673,1.0
cvj,2,2017-11-01,2.7340856247888965,3.8955380338194616,-0.05792357311505673,1.0
cvj,2,2017-12-13,2.9260790182207024,4.671109842353409,-0.05792357311505673,1.0
cvj,2,2018-01-31,7.148911655702096,1.5655165628208747,-0.05792357311505673,1.0
cvj,2,2018-03-21,-4.1445720726304085,-3.3487695187472384,-0.05792357311505673,1.0
cvj,2,2018-05-02,-0.0218536416260347,-6.389541363090515,-0.05792357311505673,1.0
cvj,2,2018-06-13,5.428358892467418,0.041828153279058276,-0.05792357311505673,1.0
cvj,2,2018-08-01,0.4763710453831742,-1.8758762371579731,-0.05792357311505673,1.0
cvj,2,2018-09-26,2.9069004200691184,2.3518086331947834,-0.05792357311505673,1.0
cvj,2,2018-11-08,-5.840717554989847,-6.7501707633050785,-0.05792357311505673,1.0
cvj,2,2018-12-19,-9.076083946390025,-4.49365595247209,-0.05792357311505673,1.0
cvj,2,2019-01-30,6.65247519930154,-4.93118136894058,-0.05792357311505673,1.0
cvj,2,2019-03-20,4.353035321394501,3.468732879190934,-0.05792357311505673,1.0
cvj,2,2019-05-01,2.786040220264391,0.4328332342246295,-0.05792357311505673,1.0
cvj,2,2019-06-19,-1.250213439072959,-3.359361256523261,-0.05792357311505673,1.0
cvj,2,2019-07-31,2.011188830104515,2.328506810087534,-0.05792357311505673,1.0
cvj,2,2019-09-18,1.2473197240470009,-3.3777908802535404,-0.05792357311505673,1.0
cvj,2,2019-10-30,0.8963428400446505,-0.002657145380236689,-0.05792357311505673,1.0
cvj,2,2019-12-11,3.023718257214977,2.6961267572342735,-0.05792357311505673,1.0
cvj,2,2020-01-29,2.1485559840748008,2.3266836079794317,-0.05792357311505673,1.0
cvj,3,2020-03-15,-19.30679872098346,-3.593674384340462,0.10806910471294602,0.01
cvj,3,2020-04-29,18.74563559498336,1.062521504799527,0.10806910471294602,0.01
cvj,3,2020-06-10,10.409357713788122,1.072250339403672,0.10806910471294602,0.01
cvj,3,2020-07-29,7.589732604042245,-0.48774650958282034,0.10806910471294602,0.01
cvj,3,2020-09-16,4.129646562312915,2.638327710017755,0.10806910471294602,0.01
cvj,3,2020-11-05,0.3483962171310573,0.7719436122668664,0.10806910471294602,0.01
cvj,3,2020-12-16,3.849102256140097,3.618912306955319,0.10806910471294602,0.01
cvj,3,2021-01-27,3.4979670186014724,3.7332971548202027,0.10806910471294602,0.01
cvj,3,2021-03-17,4.676882796618454,3.627425037233946,0.10806910471294602,0.01
cvj,3,2021-04-28,6.717611257885417,1.5349165762028583,0.10806910471294602,0.01
cvj,3,2021-06-16,1.0294124912812683,3.6833658362077806,0.10806910471294602,0.01
cvj,3,2021-07-28,4.633031545878721,0.8072106377068926,0.10806910471294602,0.01
cvj,3,2021-09-22,-1.4071350286967688,0.24603995054073613,0.10806910471294602,0.01
cvj,3,2021-11-03,3.629686853369575,5.137561608874194,0.10806910471294602,0.01
cvj,3,2021-12-15,-0.2430410169318006,-1.5388651574004366,0.10806910471294602,0.01
cvj,3,2022-01-26,-5.707921584406794,-3.8258082279820744,0.10806910471294602,0.01
cvj,3,2022-03-16,-3.651437450153861,-2.146775237627158,0.10806910471294602,0.01
cvj,3,2022-05-04,-6.071100198893482,-2.1589362808823394,0.10806910471294602,0.01
cvj,3,2022-06-15,-10.185909178114285,-4.77613229931404,0.10806910471294602,0.01
cvj,3,2022-07-27,7.656593909553768,1.0272544793595004,0.10806910471294602,0.01
cvj,4,2022-09-21,-4.728850791825261,-1.4941066063887238,0.26461539109709664,0.0001
cvj,4,2022-11-02,2.605464816532983,-0.28353875505054804,0.26461539109709664,0.0001
cvj,4,2022-12-14,6.577045295685347,2.4174446742104676,0.26461539109709664,0.0001
cvj,4,2023-02-01,2.5257798164174163,-0.838288474746564,0.26461539109709664,0.0001
cvj,4,2023-03-22,-6.204536146166191,-3.0542566253182244,0.26461539109709664,0.0001
cvj,4,2023-05-03,4.881469132982449,0.5132088709443863,0.26461539109709664,0.0001
cvj,4,2023-06-14,6.063975282786163,2.751073100308364,0.26461539109709664,0.0001
cvj,4,2023-07-26,2.3126105893465296,2.7406157420696795,0.26461539109709664,0.0001
cvj,4,2023-09-20,-2.635491551002436,-4.285739193133769,0.26461539109709664,0.0001
cvj,4,2023-11-01,-4.411522180090532,-3.0975799665927726,0.26461539109709664,0.0001
cvj,4,2023-12-13,6.255803319654673,3.1111126261383726,0.26461539109709664,0.0001
cvj,4,2024-01-31,3.6615937297733945,0.2084515737027356,0.26461539109709664,0.0001
cvj,4,2024-03-20,4.178257495449124,3.187301950448785,0.26461539109709664,0.0001
cvj,4,2024-05-01,-2.980468016904972,-0.7421762299881498,0.26461539109709664,0.0001
cvj,4,2024-06-12,5.130250058983746,3.1290395259761175,0.26461539109709664,0.0001
cvj,4,2024-07-31,-0.1107106366835336,0.8050078640875465,0.26461539109709664,0.0001
cvj,4,2024-09-18,2.7356950767003108,-0.38960624575720104,0.26461539109709664,0.0001
cvj,4,2024-11-07,0.6219968059305512,-0.3487914710977731,0.26461539109709664,0.0001
cvj,4,2024-12-18,0.8467408795732383,3.1589176923723574,0.26461539109709664,0.0001
cvj_joint,0,2012-09-13,4.889386111246848,3.7843254131857527,-0.5397032586665891,0.0001
cvj_joint,0,2012-10-24,-2.214573547712846,0.12163369946115687,-0.5397032586665891,0.0001
cvj_joint,0,2012-12-12,0.3816906455956319,2.8684347818159504,-0.5397032586665891,0.0001
cvj_joint,0,2013-01-30,5.52312983048044,3.2430963583296375,-0.5397032586665891,0.0001
cvj_joint,0,2013-03-20,3.5282324697286342,4.137144128187863,-0.5397032586665891,0.0001
cvj_joint,0,2013-05-01,3.03919592179801,5.049624080185426,-0.5397032586665891,0.0001
cvj_joint,0,2013-06-19,2.555798472708714,-0.2306770420174285,-0.5397032586665891,0.0001
cvj_joint,0,2013-07-31,5.932327679094761,5.965587279201447,-0.5397032586665891,0.0001
cvj_joint,0,2013-09-18,-0.5490488995725852,1.3907058840641586,-0.5397032586665891,0.0001
cvj_joint,0,2013-10-30,2.278539508167516,4.1360556134945945,-0.5397032586665891,0.0001
cvj_joint,0,2013-12-18,1.6851950420826414,1.03817743964692,-0.5397032586665891,0.0001
cvj_joint,0,2014-01-29,-1.5674398932992968,3.245636225947263,-0.5397032586665891,0.0001
cvj_joint,0,2014-03-19,3.533096814907931,1.0379597367082665,-0.5397032586665891,0.0001
cvj_joint,0,2014-04-30,-0.141881172800043,1.03614554555282,-0.5397032586665891,0.0001
cvj_joint,0,2014-06-18,2.8271363650504746,3.224228770312993,-0.5397032586665891,0.0001
cvj_joint,0,2014-07-30,0.9838844644308352,4.138450345819784,-0.5397032586665891,0.0001
cvj_joint,0,2014-09-17,2.727560945652685,4.140046834036577,-0.5397032586665891,0.0001
cvj_joint,0,2014-10-29,-2.505251234306585,-8.407746660125827,-0.5397032586665891,0.0001
cvj_joint,0,2014-12-17,-0.2548556929012915,0.47728255266576336,-0.5397032586665891,0.0001
cvj_joint,0,2015-01-28,-0.2041768626186403,-0.19845700709669667,-0.5397032586665891,0.0001
cvj_joint,1,2015-03-18,2.9198479959632526,1.7204050768745376,-0.1793531574910422,1.0
cvj_joint,1,2015-04-29,0.9332960299921064,2.5634617887644047,-0.1793531574910422,1.0
cvj_joint,1,2015-06-17,-0.0539798922692998,-1.128332661436193,-0.1793531574910422,1.0
cvj_joint,1,2015-07-29,-2.5614380312419707,-0.2854740049289295,-0.1793531574910422,1.0
cvj_joint,1,2015-09-17,-6.398507299645421,-4.616263856612302,-0.1793531574910422,1.0
cvj_joint,1,2015-10-28,5.617495236249391,-1.1285307168187964,-0.1793531574910422,1.0
cvj_joint,1,2015-12-16,-3.302400414906358,-1.128204507953332,-0.1793531574910422,1.0
cvj_joint,1,2016-01-27,-8.439700515612575,-5.463631185652947,-0.1793531574910422,1.0
cvj_joint,1,2016-03-16,6.417252408444,1.7204050768745376,-0.1793531574910422,1.0
cvj_joint,1,2016-04-27,2.260498155543345,5.934721660044103,-0.1793531574910422,1.0
cvj_joint,1,2016-06-15,0.1222627909513048,-0.8087534084784391,-0.1793531574910422,1.0
cvj_joint,1,2016-07-27,4.23185664561935,-2.088713114953399,-0.1793531574910422,1.0
cvj_joint,1,2016-09-21,-1.4803900600906414,2.0384464880379602,-0.1793531574910422,1.0
cvj_joint,1,2016-11-02,-2.404315230048286,1.1964849059107234,-0.1793531574910422,1.0
cvj_joint,1,2016-12-14,7.699389600131472,3.085960621100125,-0.1793531574910422,1.0
cvj_joint,1,2017-02-01,0.766619382732642,0.5537031515252373,-0.1793531574910422,1.0
cvj_joint,1,2017-03-15,3.918162323003221,5.411314103011732,-0.1793531574910422,1.0
cvj_joint,1,2017-05-03,0.1927092668246962,-0.2856487596782853,-0.1793531574910422,1.0
cvj_joint,1,2017-06-14,1.5564240385273835,4.568338943338232,-0.1793531574910422,1.0
cvj_joint,1,2017-07-26,1.417996232649504,6.77831428649866,-0.1793531574910422,1.0
cvj_joint,2,2017-09-20,0.9944146118107968,3.0565497752308657,-0.05792357311505673,10.0
cvj_joint,2,2017-11-01,2.7340856247888965,3.487133286948434,-0.05792357311505673,10.0
cvj_joint,2,2017-12-13,2.9260790182207024,4.189475807057297,-0.05792357311505673,10.0
cvj_joint,2,2018-01-31,7.148911655702096,1.4776598678892623,-0.05792357311505673,10.0
cvj_joint,2,2018-03-21,-4.1445720726304085,-2.922567224154249,-0.05792357311505673,10.0
cvj_joint,2,2018-05-02,-0.0218536416260347,-5.575793379603503,-0.05792357311505673,10.0
cvj_joint,2,2018-06-13,5.428358892467418,-0.0027517471124148957,-0.05792357311505673,10.0
cvj_joint,2,2018-08-01,0.4763710453831742,-1.6891522295560002,-0.05792357311505673,10.0
cvj_joint,2,2018-09-26,2.9069004200691184,2.089149692580895,-0.05792357311505673,10.0
cvj_joint,2,2018-11-08,-5.840717554989847,-5.852147665149213,-0.05792357311505673,10.0
cvj_joint,2,2018-12-19,-9.076083946390025,-3.909114294947612,-0.05792357311505673,10.0
cvj_joint,2,2019-01-30,6.65247519930154,-4.2549721474538345,-0.05792357311505673,10.0
cvj_joint,2,2019-03-20,4.353035321394501,3.05042273902498,-0.05792357311505673,10.0
cvj_joint,2,2019-05-01,2.786040220264391,0.4016003908487061,-0.05792357311505673,10.0
cvj_joint,2,2019-06-19,-1.250213439072959,-2.932140718225945,-0.05792357311505673,10.0
cvj_joint,2,2019-07-31,2.011188830104515,2.0680880056231636,-0.05792357311505673,10.0
cvj_joint,2,2019-09-18,1.2473197240470009,-2.948798597910696,-0.05792357311505673,10.0
cvj_joint,2,2019-10-30,0.8963428400446505,-0.042960422213538144,-0.05792357311505673,10.0
cvj_joint,2,2019-12-11,3.023718257214977,2.350760797256192,-0.05792357311505673,10.0
cvj_joint,2,2020-01-29,2.1485559840748008,2.1669824360606196,-0.05792357311505673,10.0
cvj_joint,3,2020-03-15,-19.30679872098346,-3.5434306474264536,0.10806910471294602,1.0
cvj_joint,3,2020-04-29,18.74563559498336,1.046063630404856,0.10806910471294602,1.0
cvj_joint,3,2020-06-10,10.409357713788122,1.055561591633858,0.10806910471294602,1.0
cvj_joint,3,2020-07-29,7.589732604042245,-0.48764569171498673,0.10806910471294602,1.0
cvj_joint,3,2020-09-16,4.129646562312915,2.6047051007508295,0.10806910471294602,1.0
cvj_joint,3,2020-11-05,0.3483962171310573,0.7646421773869907,0.10806910471294602,1.0
cvj_joint,3,2020-12-16,3.849102256140097,3.5698740540748486,0.10806910471294602,1.0
cvj_joint,3,2021-01-27,3.4979670186014724,3.6838052372141945,0.10806910471294602,1.0
cvj_joint,3,2021-03-17,4.676882796618454,3.578184770150225,0.10806910471294602,1.0
cvj_joint,3,2021-04-28,6.717611257885417,1.5196243869106594,0.10806910471294602,1.0
cvj_joint,3,2021-06-16,1.0294124912812683,3.632798047216987,0.10806910471294602,1.0
cvj_joint,3,2021-07-28,4.633031545878721,0.7990722868421232,0.10806910471294602,1.0
cvj_joint,3,2021-09-22,-1.4071350286967688,0.23884263412167575,0.10806910471294602,1.0
cvj_joint,3,2021-11-03,3.629686853369575,5.072715002200434,0.10806910471294602,1.0
cvj_joint,3,2021-12-15,-0.2430410169318006,-1.5216748639492705,0.10806910471294602,1.0
cvj_joint,3,2022-01-26,-5.707921584406794,-3.765534194371734,0.10806910471294602,1.0
cvj_joint,3,2022-03-16,-3.651437450153861,-2.110637163364758,0.10806910471294602,1.0
cvj_joint,3,2022-05-04,-6.071100198893482,-2.1225096149010105,0.10806910471294602,1.0
cvj_joint,3,2022-06-15,-10.185909178114285,-4.705682296252267,0.10806910471294602,1.0
cvj_joint,3,2022-07-27,7.656593909553768,1.0116335209497236,0.10806910471294602,1.0
cvj_joint,4,2022-09-21,-4.728850791825261,-1.4941072139362168,0.26461539109709664,0.0001
cvj_joint,4,2022-11-02,2.605464816532983,-0.28353879231431545,0.26461539109709664,0.0001
cvj_joint,4,2022-12-14,6.577045295685347,2.417445695509332,0.26461539109709664,0.0001
cvj_joint,4,2023-02-01,2.5257798164174163,-0.8382897982988246,0.26461539109709664,0.0001
cvj_joint,4,2023-03-22,-6.204536146166191,-3.0542581695524595,0.26461539109709664,0.0001
cvj_joint,4,2023-05-03,4.881469132982449,0.5132090598984371,0.26461539109709664,0.0001
cvj_joint,4,2023-06-14,6.063975282786163,2.751074020901573,0.26461539109709664,0.0001
cvj_joint,4,2023-07-26,2.3126105893465296,2.7406166662991627,0.26461539109709664,0.0001
cvj_joint,4,2023-09-20,-2.635491551002436,-4.285741300379183,0.26461539109709664,0.0001
cvj_joint,4,2023-11-01,-4.411522180090532,-3.0975814957624452,0.26461539109709664,0.0001
cvj_joint,4,2023-12-13,6.255803319654673,3.1111139094983256,0.26461539109709664,0.0001
cvj_joint,4,2024-01-31,3.6615937297733945,0.20845186862819365,0.26461539109709664,0.0001
cvj_joint,4,2024-03-20,4.178257495449124,3.1873032073158862,0.26461539109709664,0.0001
cvj_joint,4,2024-05-01,-2.980468016904972,-0.7421765957337939,0.26461539109709664,0.0001
cvj_joint,4,2024-06-12,5.130250058983746,3.1290408031024577,0.26461539109709664,0.0001
cvj_joint,4,2024-07-31,-0.1107106366835336,0.8050079668810369,0.26461539109709664,0.0001
cvj_joint,4,2024-09-18,2.7356950767003108,-0.38960624613876293,0.26461539109709664,0.0001
cvj_joint,4,2024-11-07,0.6219968059305512,-0.34879195832777987,0.26461539109709664,0.0001
cvj_joint,4,2024-12-18,0.8467408795732383,3.1589189591093443,0.26461539109709664,0.0001
cvj_ols,0,2012-09-13,4.889386111246848,3.7843330655603116,-0.5397032586665891,0.0
cvj_ols,0,2012-10-24,-2.214573547712846,0.12163615125078331,-0.5397032586665891,0.0
cvj_ols,0,2012-12-12,0.3816906455956319,2.868441130967139,-0.5397032586665891,0.0
cvj_ols,0,2013-01-30,5.52312983048044,3.24310526438186,-0.5397032586665891,0.0
cvj_ols,0,2013-03-20,3.5282324697286342,4.137154028724035,-0.5397032586665891,0.0
cvj_ols,0,2013-05-01,3.03919592179801,5.049635235736488,-0.5397032586665891,0.0
cvj_ols,0,2013-06-19,2.555798472708714,-0.23067683120942972,-0.5397032586665891,0.0
cvj_ols,0,2013-07-31,5.932327679094761,5.965599739001592,-0.5397032586665891,0.0
cvj_ols,0,2013-09-18,-0.5490488995725852,1.3907118923673314,-0.5397032586665891,0.0
cvj_ols,0,2013-10-30,2.278539508167516,4.136065498645083,-0.5397032586665891,0.0
cvj_ols,0,2013-12-18,1.6851950420826414,1.038181203891328,-0.5397032586665891,0.0
cvj_ols,0,2014-01-29,-1.5674398932992968,3.2456451678994176,-0.5397032586665891,0.0
cvj_ols,0,2014-03-19,3.533096814907931,1.0379634978755374,-0.5397032586665891,0.0
cvj_ols,0,2014-04-30,-0.141881172800043,1.0361492810772819,-0.5397032586665891,0.0
cvj_ols,0,2014-06-18,2.8271363650504746,3.2242374096800024,-0.5397032586665891,0.0
cvj_ols,0,2014-07-30,0.9838844644308352,4.1384602648187805,-0.5397032586665891,0.0
cvj_ols,0,2014-09-17,2.727560945652685,4.140056775601245,-0.5397032586665891,0.0
cvj_ols,0,2014-10-29,-2.505251234306585,-8.407766837306589,-0.5397032586665891,0.0
cvj_ols,0,2014-12-17,-0.2548556929012915,0.4772872926197862,-0.5397032586665891,0.0
cvj_ols,0,2015-01-28,-0.2041768626186403,-0.19845634087241165,-0.5397032586665891,0.0
cvj_ols,1,2015-03-18,2.9198479959632526,1.7507163604470222,-0.1793531574910422,0.0
cvj_ols,1,2015-04-29,0.9332960299921064,2.602843695621509,-0.1793531574910422,0.0
cvj_ols,1,2015-06-17,-0.0539798922692998,-1.142985588757343,-0.1793531574910422,0.0
cvj_ols,1,2015-07-29,-2.5614380312419707,-0.29107430766502307,-0.1793531574910422,0.0
cvj_ols,1,2015-09-17,-6.398507299645421,-4.7113909706418005,-0.1793531574910422,0.0
cvj_ols,1,2015-10-28,5.617495236249391,-1.1432016428395102,-0.1793531574910422,0.0
cvj_ols,1,2015-12-16,-3.302400414906358,-1.1428457890571173,-0.1793531574910422,0.0
cvj_ols,1,2016-01-27,-8.439700515612575,-5.568220659369334,-0.1793531574910422,0.0
cvj_ols,1,2016-03-16,6.417252408444,1.7507163604470222,-0.1793531574910422,0.0
cvj_ols,1,2016-04-27,2.260498155543345,6.0102981840359355,-0.1793531574910422,0.0
cvj_ols,1,2016-06-15,0.1222627909513048,-0.805652936012782,-0.1793531574910422,0.0
cvj_ols,1,2016-07-27,4.23185664561935,-2.1567755249666467,-0.1793531574910422,0.0
cvj_ols,1,2016-09-21,-1.4803900600906414,2.0863714167888743,-0.1793531574910422,0.0
cvj_ols,1,2016-11-02,-2.404315230048286,1.2354387335981347,-0.1793531574910422,0.0
cvj_ols,1,2016-12-14,7.699389600131472,3.116570816704257,-0.1793531574910422,0.0
cvj_ols,1,2017-02-01,0.766619382732642,0.5568209093117213,-0.1793531574910422,0.0
cvj_ols,1,2017-03-15,3.918162323003221,5.495579755987952,-0.1793531574910422,0.0
cvj_ols,1,2017-05-03,0.1927092668246962,-0.29126494361987637,-0.1793531574910422,0.0
cvj_ols,1,2017-06-14,1.5564240385273835,4.643541384259063,-0.1793531574910422,0.0
cvj_ols,1,2017-07-26,1.417996232649504,6.863010136138639,-0.1793531574910422,0.0
cvj_ols,2,2017-09-20,0.9944146118107968,3.5499722099428324,-0.05792357311505673,0.0
cvj_ols,2,2017-11-01,2.7340856247888965,3.9645221882642767,-0.05792357311505673,0.0
cvj_ols,2,2017-12-13,2.9260790182207024,4.751925822079929,-0.05792357311505673,0.0
cvj_ols,2,2018-01-31,7.148911655702096,1.576502574890542,-0.05792357311505673,0.0
cvj_ols,2,2018-03-21,-4.1445720726304085,-3.42647678807556,-0.05792357311505673,0.0
cvj_ols,2,2018-05-02,-0.0218536416260347,-6.53734834578142,-0.05792357311505673,0.0
cvj_ols,2,2018-06-13,5.428358892467418,0.051552687817135436,-0.05792357311505673,0.0
cvj_ols,2,2018-08-01,0.4763710453831742,-1.9070778034559033,-0.05792357311505673,0.0
cvj_ols,2,2018-09-26,2.9069004200691184,2.3970982838091937,-0.05792357311505673,0.0
cvj_ols,2,2018-11-08,-5.840717554989847,-6.915264878882177,-0.05792357311505673,0.0
cvj_ols,2,2018-12-19,-9.076083946390025,-4.60044603756983,-0.05792357311505673,0.0
cvj_ols,2,2019-01-30,6.65247519930154,-5.054938594469675,-0.05792357311505673,0.0
cvj_ols,2,2019-03-20,4.353035321394501,3.5432217064674307,-0.05792357311505673,0.0
cvj_ols,2,2019-05-01,2.786040220264391,0.43720207313451714,-0.05792357311505673,0.0
cvj_ols,2,2019-06-19,-1.250213439072959,-3.437024449755875,-0.05792357311505673,0.0
cvj_ols,2,2019-07-31,2.011188830104515,2.373893428112501,-0.05792357311505673,0.0
cvj_ols,2,2019-09-18,1.2473197240470009,-3.455377381079623,-0.05792357311505673,0.0
cvj_ols,2,2019-10-30,0.8963428400446505,0.007252508759812461,-0.05792357311505673,0.0
cvj_ols,2,2019-12-11,3.023718257214977,2.7587714179222673,-0.05792357311505673,0.0
cvj_ols,2,2020-01-29,2.1485559840748008,2.3495613888209665,-0.05792357311505673,0.0
cvj_ols,3,2020-03-15,-19.30679872098346,-3.5943839809237517,0.10806910471294602,0.0
cvj_ols,3,2020-04-29,18.74563559498336,1.0627325891400496,0.10806910471294602,0.0
cvj_ols,3,2020-06-10,10.409357713788122,1.0724633710369298,0.10806910471294602,0.0
cvj_ols,3,2020-07-29,7.589732604042245,-0.4877632780613488,0.10806910471294602,0.0
cvj_ols,3,2020-09-16,4.129646562312915,2.6387717588207584,0.10806910471294602,0.0
cvj_ols,3,2020-11-05,0.3483962171310573,0.7720315950255309,0.10806910471294602,0.0
cvj_ols,3,2020-12-16,3.849102256140097,3.619576344938275,0.10806910471294602,0.0
cvj_ols,3,2021-01-27,3.4979670186014724,3.733919147281393,0.10806910471294602,0.0
cvj_ols,3,2021-03-17,4.676882796618454,3.6280907790980454,0.10806910471294602,0.0
cvj_ols,3,2021-04-28,6.717611257885417,1.5351160512551298,0.10806910471294602,0.0
cvj_ols,3,2021-06-16,1.0294124912812683,3.684042775005106,0.10806910471294602,0.0
cvj_ols,3,2021-07-28,4.633031545878721,0.8073056794017214,0.10806910471294602,0.0
cvj_ols,3,2021-09-22,-1.4071350286967688,0.24612883247760986,0.10806910471294602,0.0
cvj_ols,3,2021-11-03,3.629686853369575,5.138447170974814,0.10806910471294602,0.0
cvj_ols,3,2021-12-15,-0.2430410169318006,-1.5391160329312468,0.10806910471294602,0.0
cvj_ols,3,2022-01-26,-5.707921584406794,-3.8266941686022142,0.10806910471294602,0.0
cvj_ols,3,2022-03-16,-3.651437450153861,-2.147277671376705,0.10806910471294602,0.0
cvj_ols,3,2022-05-04,-6.071100198893482,-2.1594411487478054,0.10806910471294602,0.0
cvj_ols,3,2022-06-15,-10.185909178114285,-4.777102291401532,0.10806910471294602,0.0
cvj_ols,3,2022-07-27,7.656593909553768,1.0274585047638591,0.10806910471294602,0.0
cvj_ols,4,2022-09-21,-4.728850791825261,-1.494108718705184,0.26461539109709664,0.0
cvj_ols,4,2022-11-02,2.605464816532983,-0.28353840998316415,0.26461539109709664,0.0
cvj_ols,4,2022-12-14,6.577045295685347,2.41744909514069,0.26461539109709664,0.0
cvj_ols,4,2023-02-01,2.5257798164174163,-0.8382899566677983,0.26461539109709664,0.0
cvj_ols,4,2023-03-22,-6.204536146166191,-3.054262607870648,0.26461539109709664,0.0
cvj_ols,4,2023-05-03,4.881469132982449,0.513210129994259,0.26461539109709664,0.0
cvj_ols,4,2023-06-14,6.063975282786163,2.75107679163077,0.26461539109709664,0.0
cvj_ols,4,2023-07-26,2.3126105893465296,2.740619412139885,0.26461539109709664,0.0
cvj_ols,4,2023-09-20,-2.635491551002436,-4.28574767557444,0.26461539109709664,0.0
cvj_ols,4,2023-11-01,-4.411522180090532,-3.0975860371900303,0.26461539109709664,0.0
cvj_ols,4,2023-12-13,6.255803319654673,3.1111177515651005,0.26461539109709664,0.0
cvj_ols,4,2024-01-31,3.6615937297733945,0.20845221340274422,0.26461539109709664,0.0
cvj_ols,4,2024-03-20,4.178257495449124,3.1873072307129795,0.26461539109709664,0.0
cvj_ols,4,2024-05-01,-2.980468016904972,-0.7421775194029839,0.26461539109709664,0.0
cvj_ols,4,2024-06-12,5.130250058983746,3.1290446878351896,0.26461539109709664,0.0
cvj_ols,4,2024-07-31,-0.1107106366835336,0.8050083085207985,0.26461539109709664,0.0
cvj_ols,4,2024-09-18,2.7356950767003108,-0.3896061162478579,0.26461539109709664,0.0
cvj_ols,4,2024-11-07,0.6219968059305512,-0.3487933686792729,0.26461539109709664,0.0
cvj_ols,4,2024-12-18,0.8467408795732383,3.158922914952005,0.26461539109709664,0.0
gemini,0,2012-09-13,4.889386111246848,3.248127685598601,-0.5397032586665891,1.0
gemini,0,2012-10-24,-2.214573547712846,0.504308539269922,-0.5397032586665891,1.0
gemini,0,2012-12-12,0.3816906455956319,0.38532302286379616,-0.5397032586665891,1.0
gemini,0,2013-01-30,5.52312983048044,5.461528139827724,-0.5397032586665891,1.0
gemini,0,2013-03-20,3.5282324697286342,2.5095567973361446,-0.5397032586665891,1.0
gemini,0,2013-05-01,3.03919592179801,1.5020600980125682,-0.5397032586665891,1.0
gemini,0,2013-06-19,2.555798472708714,1.2841938482076738,-0.5397032586665891,1.0
gemini,0,2013-07-31,5.932327679094761,1.6142850306960799,-0.5397032586665891,1.0
gemini,0,2013-09-18,-0.5490488995725852,0.7733414109278691,-0.5397032586665891,1.0
gemini,0,2013-10-30,2.278539508167516,1.068573597067828,-0.5397032586665891,1.0
gemini,0,2013-12-18,1.6851950420826414,1.8896417606887443,-0.5397032586665891,1.0
gemini,0,2014-01-29,-1.5674398932992968,3.1682912974908604,-0.5397032586665891,1.0
gemini,0,2014-03-19,3.533096814907931,2.270800921982465,-0.5397032586665891,1.0
gemini,0,2014-04-30,-0.141881172800043,1.5322408004920443,-0.5397032586665891,1.0
gemini,0,2014-06-18,2.8271363650504746,3.988441770525644,-0.5397032586665891,1.0
gemini,0,2014-07-30,0.9838844644308352,1.6591970056260619,-0.5397032586665891,1.0
gemini,0,2014-09-17,2.727560945652685,2.2888797613482055,-0.5397032586665891,1.0
gemini,0,2014-10-29,-2.505251234306585,-0.3325682692905598,-0.5397032586665891,1.0
gemini,0,2014-12-17,-0.2548556929012915,-1.2047177935796887,-0.5397032586665891,1.0
gemini,0,2015-01-28,-0.2041768626186403,2.2834951250522515,-0.5397032586665891,1.0
gemini,1,2015-03-18,2.9198479959632526,3.9233607461091378,-0.1793531574910422,1.0
gemini,1,2015-04-29,0.9332960299921064,3.4558627525598036,-0.1793531574910422,1.0
gemini,1,2015-06-17,-0.0539798922692998,-1.2025321790201833,-0.1793531574910422,1.0
gemini,1,2015-07-29,-2.5614380312419707,0.4558300331919136,-0.1793531574910422,1.0
gemini,1,2015-09-17,-6.398507299645421,-2.285261745937993,-0.1793531574910422,1.0
gemini,1,2015-10-28,5.617495236249391,1.9169709090501952,-0.1793531574910422,1.0
gemini,1,2015-12-16,-3.302400414906358,-7.830834685134709,-0.1793531574910422,1.0
gemini,1,2016-01-27,-8.439700515612575,-4.98931900257871,-0.1793531574910422,1.0
gemini,1,2016-03-16,6.417252408444,1.8958672900213385,-0.1793531574910422,1.0
gemini,1,2016-04-27,2.260498155543345,4.2947663454479175,-0.1793531574910422,1.0
gemini,1,2016-06-15,0.1222627909513048,-1.3609201794803532,-0.1793531574910422,1.0
gemini,1,2016-07-27,4.23185664561935,1.0629927703802493,-0.1793531574910422,1.0
gemini,1,2016-09-21,-1.4803900600906414,2.370417401703843,-0.1793531574910422,1.0
gemini,1,2016-11-02,-2.404315230048286,2.3399212152991637,-0.1793531574910422,1.0
gemini,1,2016-12-14,7.699389600131472,2.081674208996335,-0.1793531574910422,1.0
gemini,1,2017-02-01,0.766619382732642,2.856735166818215,-0.1793531574910422,1.0
gemini,1,2017-03-15,3.918162323003221,2.903928440709078,-0.1793531574910422,1.0
gemini,1,2017-05-03,0.1927092668246962,1.8025093733397746,-0.1793531574910422,1.0
gemini,1,2017-06-14,1.5564240385273835,2.7267313796875357,-0.1793531574910422,1.0
gemini,1,2017-07-26,1.417996232649504,3.0513087791122033,-0.1793531574910422,1.0
gemini,2,2017-09-20,0.9944146118107968,1.6462665624863486,-0.05792357311505673,1.0
gemini,2,2017-11-01,2.7340856247888965,3.159389140499222,-0.05792357311505673,1.0
gemini,2,2017-12-13,2.9260790182207024,2.805714084115029,-0.05792357311505673,1.0
gemini,2,2018-01-31,7.148911655702096,2.22093518953306,-0.05792357311505673,1.0
gemini,2,2018-03-21,-4.1445720726304085,-3.087330203772269,-0.05792357311505673,1.0
gemini,2,2018-05-02,-0.0218536416260347,-0.4711072580460876,-0.05792357311505673,1.0
gemini,2,2018-06-13,5.428358892467418,1.7471261138883813,-0.05792357311505673,1.0
gemini,2,2018-08-01,0.4763710453831742,-1.1053310241287357,-0.05792357311505673,1.0
gemini,2,2018-09-26,2.9069004200691184,2.0228044382148123,-0.05792357311505673,1.0
gemini,2,2018-11-08,-5.840717554989847,-3.963108491041871,-0.05792357311505673,1.0
gemini,2,2018-12-19,-9.076083946390025,-4.256724981473796,-0.05792357311505673,1.0
gemini,2,2019-01-30,6.65247519930154,-0.45721570547708296,-0.05792357311505673,1.0
gemini,2,2019-03-20,4.353035321394501,2.1613059900523957,-0.05792357311505673,1.0
gemini,2,2019-05-01,2.786040220264391,3.3228043377542233,-0.05792357311505673,1.0
gemini,2,2019-06-19,-1.250213439072959,-3.232559448467349,-0.05792357311505673,1.0
gemini,2,2019-07-31,2.011188830104515,1.9323933091226642,-0.05792357311505673,1.0
gemini,2,2019-09-18,1.2473197240470009,-0.12605627632799826,-0.05792357311505673,1.0
gemini,2,2019-10-30,0.8963428400446505,1.1246864397377059,-0.05792357311505673,1.0
gemini,2,2019-12-11,3.023718257214977,1.9457429416257195,-0.05792357311505673,1.0
gemini,2,2020-01-29,2.1485559840748008,0.9391311860308973,-0.05792357311505673,1.0
gemini,3,2020-03-15,-19.30679872098346,-8.95829258122308,0.10806910471294602,1.0
gemini,3,2020-04-29,18.74563559498336,2.6592548521920816,0.10806910471294602,1.0
gemini,3,2020-06-10,10.409357713788122,4.7322114915422775,0.10806910471294602,1.0
gemini,3,2020-07-29,7.589732604042245,-1.1999825691509318,0.10806910471294602,1.0
gemini,3,2020-09-16,4.129646562312915,4.286619929251644,0.10806910471294602,1.0
gemini,3,2020-11-05,0.3483962171310573,1.3175567757701965,0.10806910471294602,1.0
gemini,3,2020-12-16,3.849102256140097,3.7792158403752807,0.10806910471294602,1.0
gemini,3,2021-01-27,3.4979670186014724,4.2035904731046845,0.10806910471294602,1.0
gemini,3,2021-03-17,4.676882796618454,4.084584238350221,0.10806910471294602,1.0
gemini,3,2021-04-28,6.717611257885417,1.2489303308896929,0.10806910471294602,1.0
gemini,3,2021-06-16,1.0294124912812683,2.806363618060027,0.10806910471294602,1.0
gemini,3,2021-07-28,4.633031545878721,-1.7521874419346637,0.10806910471294602,1.0
gemini,3,2021-09-22,-1.4071350286967688,-0.6390984196292536,0.10806910471294602,1.0
gemini,3,2021-11-03,3.629686853369575,2.6300971839576324,0.10806910471294602,1.0
gemini,3,2021-12-15,-0.2430410169318006,-2.02560902283971,0.10806910471294602,1.0
gemini,3,2022-01-26,-5.707921584406794,-3.265509799420047,0.10806910471294602,1.0
gemini,3,2022-03-16,-3.651437450153861,-2.722241147596489,0.10806910471294602,1.0
gemini,3,2022-05-04,-6.071100198893482,0.14970429877888908,0.10806910471294602,1.0
gemini,3,2022-06-15,-10.185909178114285,-4.2996962474194325,0.10806910471294602,1.0
gemini,3,2022-07-27,7.656593909553768,0.9369424651211572,0.10806910471294602,1.0
gemini,4,2022-09-21,-4.728850791825261,-1.4833073820380902,0.26461539109709664,1.0
gemini,4,2022-11-02,2.605464816532983,0.7649939216942263,0.26461539109709664,1.0
gemini,4,2022-12-14,6.577045295685347,3.6741786088370225,0.26461539109709664,1.0
gemini,4,2023-02-01,2.5257798164174163,0.48604549292459454,0.26461539109709664,1.0
gemini,4,2023-03-22,-6.204536146166191,-1.2295455227174132,0.26461539109709664,1.0
gemini,4,2023-05-03,4.881469132982449,2.4952747839799323,0.26461539109709664,1.0
gemini,4,2023-06-14,6.063975282786163,3.7772043644889424,0.26461539109709664,1.0
gemini,4,2023-07-26,2.3126105893465296,4.628598924234405,0.26461539109709664,1.0
gemini,4,2023-09-20,-2.635491551002436,-0.41169135378863136,0.26461539109709664,1.0
gemini,4,2023-11-01,-4.411522180090532,-2.5078512099252674,0.26461539109709664,1.0
gemini,4,2023-12-13,6.255803319654673,3.4975397797838816,0.26461539109709664,1.0
gemini,4,2024-01-31,3.6615937297733945,3.4028723275013624,0.26461539109709664,1.0
gemini,4,2024-03-20,4.178257495449124,2.49831536755502,0.26461539109709664,1.0
gemini,4,2024-05-01,-2.980468016904972,-1.4411663411351976,0.26461539109709664,1.0
gemini,4,2024-06-12,5.130250058983746,2.439685267926129,0.26461539109709664,1.0
gemini,4,2024-07-31,-0.1107106366835336,-0.3555952231092863,0.26461539109709664,1.0
gemini,4,2024-09-18,2.7356950767003108,-1.2490584397438005,0.26461539109709664,1.0
gemini,4,2024-11-07,0.6219968059305512,4.422871145650001,0.26461539109709664,1.0
gemini,4,2024-12-18,0.8467408795732383,4.012701579302865,0.26461539109709664,1.0
flash,0,2012-09-13,4.889386111246848,4.508249482352632,-0.5397032586665891,1.0
flash,0,2012-10-24,-2.214573547712846,-1.7668686936036013,-0.5397032586665891,1.0
flash,0,2012-12-12,0.3816906455956319,3.1342620316021232,-0.5397032586665891,1.0
flash,0,2013-01-30,5.52312983048044,3.074604453011582,-0.5397032586665891,1.0
flash,0,2013-03-20,3.5282324697286342,3.0807727903969653,-0.5397032586665891,1.0
flash,0,2013-05-01,3.03919592179801,5.754070862430389,-0.5397032586665891,1.0
flash,0,2013-06-19,2.555798472708714,2.103560366560899,-0.5397032586665891,1.0
flash,0,2013-07-31,5.932327679094761,5.171637159580783,-0.5397032586665891,1.0
flash,0,2013-09-18,-0.5490488995725852,2.767527612632046,-0.5397032586665891,1.0
flash,0,2013-10-30,2.278539508167516,3.713205576630191,-0.5397032586665891,1.0
flash,0,2013-12-18,1.6851950420826414,1.7936063257759975,-0.5397032586665891,1.0
flash,0,2014-01-29,-1.5674398932992968,2.8067292684954843,-0.5397032586665891,1.0
flash,0,2014-03-19,3.533096814907931,4.840702096857945,-0.5397032586665891,1.0
flash,0,2014-04-30,-0.141881172800043,2.2312067162259552,-0.5397032586665891,1.0
flash,0,2014-06-18,2.8271363650504746,4.437904942612635,-0.5397032586665891,1.0
flash,0,2014-07-30,0.9838844644308352,1.1953175102769424,-0.5397032586665891,1.0
flash,0,2014-09-17,2.727560945652685,3.6778021068254336,-0.5397032586665891,1.0
flash,0,2014-10-29,-2.505251234306585,-6.787647999972645,-0.5397032586665891,1.0
flash,0,2014-12-17,-0.2548556929012915,-0.04908462089471738,-0.5397032586665891,1.0
flash,0,2015-01-28,-0.2041768626186403,3.6092547013521434,-0.5397032586665891,1.0
flash,1,2015-03-18,2.9198479959632526,3.2054244645536225,-0.1793531574910422,1.0
flash,1,2015-04-29,0.9332960299921064,5.472954548189981,-0.1793531574910422,1.0
flash,1,2015-06-17,-0.0539798922692998,-1.323234330718846,-0.1793531574910422,1.0
flash,1,2015-07-29,-2.5614380312419707,-1.2910267282399122,-0.1793531574910422,1.0
flash,1,2015-09-17,-6.398507299645421,-12.091144712815941,-0.1793531574910422,1.0
flash,1,2015-10-28,5.617495236249391,3.5204039136952185,-0.1793531574910422,1.0
flash,1,2015-12-16,-3.302400414906358,-2.425614789126539,-0.1793531574910422,1.0
flash,1,2016-01-27,-8.439700515612575,-9.727784310507598,-0.1793531574910422,1.0
flash,1,2016-03-16,6.417252408444,0.1106953361566117,-0.1793531574910422,1.0
flash,1,2016-04-27,2.260498155543345,5.354891014743026,-0.1793531574910422,1.0
flash,1,2016-06-15,0.1222627909513048,-5.010701757337196,-0.1793531574910422,1.0
flash,1,2016-07-27,4.23185664561935,5.436263159873346,-0.1793531574910422,1.0
flash,1,2016-09-21,-1.4803900600906414,-0.4839741791273697,-0.1793531574910422,1.0
flash,1,2016-11-02,-2.404315230048286,0.3606970978231116,-0.1793531574910422,1.0
flash,1,2016-12-14,7.699389600131472,5.881064542434608,-0.1793531574910422,1.0
flash,1,2017-02-01,0.766619382732642,3.063729907566574,-0.1793531574910422,1.0
flash,1,2017-03-15,3.918162323003221,5.5123807393138256,-0.1793531574910422,1.0
flash,1,2017-05-03,0.1927092668246962,3.212380769883349,-0.1793531574910422,1.0
flash,1,2017-06-14,1.5564240385273835,4.781267854577956,-0.1793531574910422,1.0
flash,1,2017-07-26,1.417996232649504,5.472358293447432,-0.1793531574910422,1.0
flash,2,2017-09-20,0.9944146118107968,3.6308722084442384,-0.05792357311505673,1.0
flash,2,2017-11-01,2.7340856247888965,3.6633211887558685,-0.05792357311505673,1.0
flash,2,2017-12-13,2.9260790182207024,1.8893627868466611,-0.05792357311505673,1.0
flash,2,2018-01-31,7.148911655702096,3.6526275983735705,-0.05792357311505673,1.0
flash,2,2018-03-21,-4.1445720726304085,-8.494031160790447,-0.05792357311505673,1.0
flash,2,2018-05-02,-0.0218536416260347,-2.798527581294488,-0.05792357311505673,1.0
flash,2,2018-06-13,5.428358892467418,0.7171063962279067,-0.05792357311505673,1.0
flash,2,2018-08-01,0.4763710453831742,2.327850517147798,-0.05792357311505673,1.0
flash,2,2018-09-26,2.9069004200691184,1.3191017723462135,-0.05792357311505673,1.0
flash,2,2018-11-08,-5.840717554989847,-12.463834000182693,-0.05792357311505673,1.0
flash,2,2018-12-19,-9.076083946390025,-9.59800917865646,-0.05792357311505673,1.0
flash,2,2019-01-30,6.65247519930154,-0.9673798017828167,-0.05792357311505673,1.0
flash,2,2019-03-20,4.353035321394501,3.6802931173790316,-0.05792357311505673,1.0
flash,2,2019-05-01,2.786040220264391,3.6166072201576407,-0.05792357311505673,1.0
flash,2,2019-06-19,-1.250213439072959,-4.504998419986908,-0.05792357311505673,1.0
flash,2,2019-07-31,2.011188830104515,4.185809231166403,-0.05792357311505673,1.0
flash,2,2019-09-18,1.2473197240470009,-0.4281811765721111,-0.05792357311505673,1.0
flash,2,2019-10-30,0.8963428400446505,-0.8092075040671887,-0.05792357311505673,1.0
flash,2,2019-12-11,3.023718257214977,2.4130884026440955,-0.05792357311505673,1.0
flash,2,2020-01-29,2.1485559840748008,5.3747664745292765,-0.05792357311505673,1.0
flash,3,2020-03-15,-19.30679872098346,-6.130388468424346,0.10806910471294602,1.0
flash,3,2020-04-29,18.74563559498336,3.884727377228824,0.10806910471294602,1.0
flash,3,2020-06-10,10.409357713788122,2.9838867401260725,0.10806910471294602,1.0
flash,3,2020-07-29,7.589732604042245,-1.4452310169809859,0.10806910471294602,1.0
flash,3,2020-09-16,4.129646562312915,4.3281286602250955,0.10806910471294602,1.0
flash,3,2020-11-05,0.3483962171310573,2.5882421946619694,0.10806910471294602,1.0
flash,3,2020-12-16,3.849102256140097,4.254425252811452,0.10806910471294602,1.0
flash,3,2021-01-27,3.4979670186014724,4.333415851655857,0.10806910471294602,1.0
flash,3,2021-03-17,4.676882796618454,2.9655714437391487,0.10806910471294602,1.0
flash,3,2021-04-28,6.717611257885417,5.214338316148249,0.10806910471294602,1.0
flash,3,2021-06-16,1.0294124912812683,3.678359794242759,0.10806910471294602,1.0
flash,3,2021-07-28,4.633031545878721,-1.6178431958076211,0.10806910471294602,1.0
flash,3,2021-09-22,-1.4071350286967688,0.3417966309260694,0.10806910471294602,1.0
flash,3,2021-11-03,3.629686853369575,3.6402029267700016,0.10806910471294602,1.0
flash,3,2021-12-15,-0.2430410169318006,0.18422471659688466,0.10806910471294602,1.0
flash,3,2022-01-26,-5.707921584406794,-4.398951283720653,0.10806910471294602,1.0
flash,3,2022-03-16,-3.651437450153861,-5.956072654115397,0.10806910471294602,1.0
flash,3,2022-05-04,-6.071100198893482,-4.583121764055828,0.10806910471294602,1.0
flash,3,2022-06-15,-10.185909178114285,-8.37801967791097,0.10806910471294602,1.0
flash,3,2022-07-27,7.656593909553768,4.214299888773834,0.10806910471294602,1.0
flash,4,2022-09-21,-4.728850791825261,-3.794963050319121,0.26461539109709664,1.0
flash,4,2022-11-02,2.605464816532983,0.35860465034334466,0.26461539109709664,1.0
flash,4,2022-12-14,6.577045295685347,3.305276764185445,0.26461539109709664,1.0
flash,4,2023-02-01,2.5257798164174163,0.9435051307048249,0.26461539109709664,1.0
flash,4,2023-03-22,-6.204536146166191,0.5662844950587238,0.26461539109709664,1.0
flash,4,2023-05-03,4.881469132982449,2.8606526885327646,0.26461539109709664,1.0
flash,4,2023-06-14,6.063975282786163,4.4075840290297155,0.26461539109709664,1.0
flash,4,2023-07-26,2.3126105893465296,4.6204306163318964,0.26461539109709664,1.0
flash,4,2023-09-20,-2.635491551002436,-6.516633302750844,0.26461539109709664,1.0
flash,4,2023-11-01,-4.411522180090532,-7.062161985085089,0.26461539109709664,1.0
flash,4,2023-12-13,6.255803319654673,4.612069979281898,0.26461539109709664,1.0
flash,4,2024-01-31,3.6615937297733945,3.0857381188690427,0.26461539109709664,1.0
flash,4,2024-03-20,4.178257495449124,4.615530381887952,0.26461539109709664,1.0
flash,4,2024-05-01,-2.980468016904972,-2.0682792273618182,0.26461539109709664,1.0
flash,4,2024-06-12,5.130250058983746,2.384975082471151,0.26461539109709664,1.0
flash,4,2024-07-31,-0.1107106366835336,3.1301656430200846,0.26461539109709664,1.0
flash,4,2024-09-18,2.7356950767003108,3.0814882118497056,0.26461539109709664,1.0
flash,4,2024-11-07,0.6219968059305512,2.3979340698986475,0.26461539109709664,1.0
flash,4,2024-12-18,0.8467408795732383,3.8337853138911364,0.26461539109709664,1.0
gemini_refreshed,0,2012-09-13,4.889386111246848,3.2481276832239843,-0.5397032586665891,1.0
gemini_refreshed,0,2012-10-24,-2.214573547712846,0.5043085024994587,-0.5397032586665891,1.0
gemini_refreshed,0,2012-12-12,0.3816906455956319,0.3853229782724087,-0.5397032586665891,1.0
gemini_refreshed,0,2013-01-30,5.52312983048044,5.461528111908658,-0.5397032586665891,1.0
gemini_refreshed,0,2013-03-20,3.5282324697286342,2.509556843727297,-0.5397032586665891,1.0
gemini_refreshed,0,2013-05-01,3.03919592179801,1.5020600954228531,-0.5397032586665891,1.0
gemini_refreshed,0,2013-06-19,2.555798472708714,1.2841937969452575,-0.5397032586665891,1.0
gemini_refreshed,0,2013-07-31,5.932327679094761,1.6142850330056826,-0.5397032586665891,1.0
gemini_refreshed,0,2013-09-18,-0.5490488995725852,0.7733414198620872,-0.5397032586665891,1.0
gemini_refreshed,0,2013-10-30,2.278539508167516,1.0685736231111604,-0.5397032586665891,1.0
gemini_refreshed,0,2013-12-18,1.6851950420826414,1.8896417469651154,-0.5397032586665891,1.0
gemini_refreshed,0,2014-01-29,-1.5674398932992968,3.168291251037643,-0.5397032586665891,1.0
gemini_refreshed,0,2014-03-19,3.533096814907931,2.270800917496131,-0.5397032586665891,1.0
gemini_refreshed,0,2014-04-30,-0.141881172800043,1.5322407682843437,-0.5397032586665891,1.0
gemini_refreshed,0,2014-06-18,2.8271363650504746,3.9884417852065077,-0.5397032586665891,1.0
gemini_refreshed,0,2014-07-30,0.9838844644308352,1.659197045395638,-0.5397032586665891,1.0
gemini_refreshed,0,2014-09-17,2.727560945652685,2.2888797474841773,-0.5397032586665891,1.0
gemini_refreshed,0,2014-10-29,-2.505251234306585,-0.33256829058130366,-0.5397032586665891,1.0
gemini_refreshed,0,2014-12-17,-0.2548556929012915,-1.204717799638007,-0.5397032586665891,1.0
gemini_refreshed,0,2015-01-28,-0.2041768626186403,2.283495128658789,-0.5397032586665891,1.0
gemini_refreshed,1,2015-03-18,2.9198479959632526,3.9233607337712737,-0.1793531574910422,1.0
gemini_refreshed,1,2015-04-29,0.9332960299921064,3.4558627449352044,-0.1793531574910422,1.0
gemini_refreshed,1,2015-06-17,-0.0539798922692998,-1.2025321742240294,-0.1793531574910422,1.0
gemini_refreshed,1,2015-07-29,-2.5614380312419707,0.4558300387695039,-0.1793531574910422,1.0
gemini_refreshed,1,2015-09-17,-6.398507299645421,-2.285261685319326,-0.1793531574910422,1.0
gemini_refreshed,1,2015-10-28,5.617495236249391,1.9169708894904838,-0.1793531574910422,1.0
gemini_refreshed,1,2015-12-16,-3.302400414906358,-7.830834740168801,-0.1793531574910422,1.0
gemini_refreshed,1,2016-01-27,-8.439700515612575,-4.989319017345709,-0.1793531574910422,1.0
gemini_refreshed,1,2016-03-16,6.417252408444,1.8958672955891986,-0.1793531574910422,1.0
gemini_refreshed,1,2016-04-27,2.260498155543345,4.2947663507148786,-0.1793531574910422,1.0
gemini_refreshed,1,2016-06-15,0.1222627909513048,-1.3609200999838622,-0.1793531574910422,1.0
gemini_refreshed,1,2016-07-27,4.23185664561935,1.0629927083201194,-0.1793531574910422,1.0
gemini_refreshed,1,2016-09-21,-1.4803900600906414,2.3704173683901675,-0.1793531574910422,1.0
gemini_refreshed,1,2016-11-02,-2.404315230048286,2.339921235433441,-0.1793531574910422,1.0
gemini_refreshed,1,2016-12-14,7.699389600131472,2.0816742469691722,-0.1793531574910422,1.0
gemini_refreshed,1,2017-02-01,0.766619382732642,2.856735176957165,-0.1793531574910422,1.0
gemini_refreshed,1,2017-03-15,3.918162323003221,2.9039284771395266,-0.1793531574910422,1.0
gemini_refreshed,1,2017-05-03,0.1927092668246962,1.8025094234058805,-0.1793531574910422,1.0
gemini_refreshed,1,2017-06-14,1.5564240385273835,2.7267313574654635,-0.1793531574910422,1.0
gemini_refreshed,1,2017-07-26,1.417996232649504,3.0513087439608717,-0.1793531574910422,1.0
gemini_refreshed,2,2017-09-20,0.9944146118107968,1.6462665655947353,-0.05792357311505673,1.0
gemini_refreshed,2,2017-11-01,2.7340856247888965,3.159389035196042,-0.05792357311505673,1.0
gemini_refreshed,2,2017-12-13,2.9260790182207024,2.805714071251438,-0.05792357311505673,1.0
gemini_refreshed,2,2018-01-31,7.148911655702096,2.22093520823283,-0.05792357311505673,1.0
gemini_refreshed,2,2018-03-21,-4.1445720726304085,-3.0873302047686635,-0.05792357311505673,1.0
gemini_refreshed,2,2018-05-02,-0.0218536416260347,-0.4711072460099181,-0.05792357311505673,1.0
gemini_refreshed,2,2018-06-13,5.428358892467418,1.747126140215876,-0.05792357311505673,1.0
gemini_refreshed,2,2018-08-01,0.4763710453831742,-1.1053310742845048,-0.05792357311505673,1.0
gemini_refreshed,2,2018-09-26,2.9069004200691184,2.0228044253195647,-0.05792357311505673,1.0
gemini_refreshed,2,2018-11-08,-5.840717554989847,-3.9631084981246922,-0.05792357311505673,1.0
gemini_refreshed,2,2018-12-19,-9.076083946390025,-4.256725016203492,-0.05792357311505673,1.0
gemini_refreshed,2,2019-01-30,6.65247519930154,-0.457215764887232,-0.05792357311505673,1.0
gemini_refreshed,2,2019-03-20,4.353035321394501,2.1613059973917097,-0.05792357311505673,1.0
gemini_refreshed,2,2019-05-01,2.786040220264391,3.32280434508021,-0.05792357311505673,1.0
gemini_refreshed,2,2019-06-19,-1.250213439072959,-3.232559412612367,-0.05792357311505673,1.0
gemini_refreshed,2,2019-07-31,2.011188830104515,1.9323933112591714,-0.05792357311505673,1.0
gemini_refreshed,2,2019-09-18,1.2473197240470009,-0.12605629306975183,-0.05792357311505673,1.0
gemini_refreshed,2,2019-10-30,0.8963428400446505,1.1246864906470873,-0.05792357311505673,1.0
gemini_refreshed,2,2019-12-11,3.023718257214977,1.9457429307317977,-0.05792357311505673,1.0
gemini_refreshed,2,2020-01-29,2.1485559840748008,0.939131248782463,-0.05792357311505673,1.0
gemini_refreshed,3,2020-03-15,-19.30679872098346,-8.958292548800724,0.10806910471294602,1.0
gemini_refreshed,3,2020-04-29,18.74563559498336,2.6592549477385172,0.10806910471294602,1.0
gemini_refreshed,3,2020-06-10,10.409357713788122,4.732211494088295,0.10806910471294602,1.0
gemini_refreshed,3,2020-07-29,7.589732604042245,-1.1999825047228885,0.10806910471294602,1.0
gemini_refreshed,3,2020-09-16,4.129646562312915,4.28661991387478,0.10806910471294602,1.0
gemini_refreshed,3,2020-11-05,0.3483962171310573,1.3175567917510282,0.10806910471294602,1.0
gemini_refreshed,3,2020-12-16,3.849102256140097,3.77921589104835,0.10806910471294602,1.0
gemini_refreshed,3,2021-01-27,3.4979670186014724,4.203590462642984,0.10806910471294602,1.0
gemini_refreshed,3,2021-03-17,4.676882796618454,4.084584222267919,0.10806910471294602,1.0
gemini_refreshed,3,2021-04-28,6.717611257885417,1.2489303655895017,0.10806910471294602,1.0
gemini_refreshed,3,2021-06-16,1.0294124912812683,2.806363585203297,0.10806910471294602,1.0
gemini_refreshed,3,2021-07-28,4.633031545878721,-1.7521874664021984,0.10806910471294602,1.0
gemini_refreshed,3,2021-09-22,-1.4071350286967688,-0.6390984507787842,0.10806910471294602,1.0
gemini_refreshed,3,2021-11-03,3.629686853369575,2.6300971440699463,0.10806910471294602,1.0
gemini_refreshed,3,2021-12-15,-0.2430410169318006,-2.0256090272386755,0.10806910471294602,1.0
gemini_refreshed,3,2022-01-26,-5.707921584406794,-3.26550981317297,0.10806910471294602,1.0
gemini_refreshed,3,2022-03-16,-3.651437450153861,-2.7222410620587847,0.10806910471294602,1.0
gemini_refreshed,3,2022-05-04,-6.071100198893482,0.14970433224394786,0.10806910471294602,1.0
gemini_refreshed,3,2022-06-15,-10.185909178114285,-4.2996962027833305,0.10806910471294602,1.0
gemini_refreshed,3,2022-07-27,7.656593909553768,0.9369424322132107,0.10806910471294602,1.0
gemini_refreshed,4,2022-09-21,-4.728850791825261,-1.4833073589776644,0.26461539109709664,1.0
gemini_refreshed,4,2022-11-02,2.605464816532983,0.764993932912831,0.26461539109709664,1.0
gemini_refreshed,4,2022-12-14,6.577045295685347,3.674178657608999,0.26461539109709664,1.0
gemini_refreshed,4,2023-02-01,2.5257798164174163,0.4860453986311104,0.26461539109709664,1.0
gemini_refreshed,4,2023-03-22,-6.204536146166191,-1.2295455157923794,0.26461539109709664,1.0
gemini_refreshed,4,2023-05-03,4.881469132982449,2.495274840790326,0.26461539109709664,1.0
gemini_refreshed,4,2023-06-14,6.063975282786163,3.777204316004263,0.26461539109709664,1.0
gemini_refreshed,4,2023-07-26,2.3126105893465296,4.628598858524149,0.26461539109709664,1.0
gemini_refreshed,4,2023-09-20,-2.635491551002436,-0.4116914003430016,0.26461539109709664,1.0
gemini_refreshed,4,2023-11-01,-4.411522180090532,-2.507851289316987,0.26461539109709664,1.0
gemini_refreshed,4,2023-12-13,6.255803319654673,3.4975397770489205,0.26461539109709664,1.0
gemini_refreshed,4,2024-01-31,3.6615937297733945,3.402872371977344,0.26461539109709664,1.0
gemini_refreshed,4,2024-03-20,4.178257495449124,2.4983153412598313,0.26461539109709664,1.0
gemini_refreshed,4,2024-05-01,-2.980468016904972,-1.441166446749838,0.26461539109709664,1.0
gemini_refreshed,4,2024-06-12,5.130250058983746,2.4396852409902943,0.26461539109709664,1.0
gemini_refreshed,4,2024-07-31,-0.1107106366835336,-0.3555951941486191,0.26461539109709664,1.0
gemini_refreshed,4,2024-09-18,2.7356950767003108,-1.2490584318929738,0.26461539109709664,1.0
gemini_refreshed,4,2024-11-07,0.6219968059305512,4.4228711791031525,0.26461539109709664,1.0
gemini_refreshed,4,2024-12-18,0.8467408795732383,4.012701660177225,0.26461539109709664,1.0
gemini_masked,0,2012-09-13,4.889386111246848,3.381896124515919,-0.5397032586665891,1.0
gemini_masked,0,2012-10-24,-2.214573547712846,0.5418134482102933,-0.5397032586665891,1.0
gemini_masked,0,2012-12-12,0.3816906455956319,0.2528715572959572,-0.5397032586665891,1.0
gemini_masked,0,2013-01-30,5.52312983048044,5.525163527526473,-0.5397032586665891,1.0
gemini_masked,0,2013-03-20,3.5282324697286342,2.713024822367796,-0.5397032586665891,1.0
gemini_masked,0,2013-05-01,3.03919592179801,1.440570068894977,-0.5397032586665891,1.0
gemini_masked,0,2013-06-19,2.555798472708714,1.2208953061083783,-0.5397032586665891,1.0
gemini_masked,0,2013-07-31,5.932327679094761,1.6144096675627653,-0.5397032586665891,1.0
gemini_masked,0,2013-09-18,-0.5490488995725852,0.739075417860331,-0.5397032586665891,1.0
gemini_masked,0,2013-10-30,2.278539508167516,0.9842114686303963,-0.5397032586665891,1.0
gemini_masked,0,2013-12-18,1.6851950420826414,1.7838056927558004,-0.5397032586665891,1.0
gemini_masked,0,2014-01-29,-1.5674398932992968,3.0596118266373895,-0.5397032586665891,1.0
gemini_masked,0,2014-03-19,3.533096814907931,2.127553248666631,-0.5397032586665891,1.0
gemini_masked,0,2014-04-30,-0.141881172800043,1.3892586211850517,-0.5397032586665891,1.0
gemini_masked,0,2014-06-18,2.8271363650504746,4.056663316228757,-0.5397032586665891,1.0
gemini_masked,0,2014-07-30,0.9838844644308352,1.5799168248798314,-0.5397032586665891,1.0
gemini_masked,0,2014-09-17,2.727560945652685,2.407796406035672,-0.5397032586665891,1.0
gemini_masked,0,2014-10-29,-2.505251234306585,-0.439122397797745,-0.5397032586665891,1.0
gemini_masked,0,2014-12-17,-0.2548556929012915,-1.2060982578275596,-0.5397032586665891,1.0
gemini_masked,0,2015-01-28,-0.2041768626186403,2.0020366084335692,-0.5397032586665891,1.0
gemini_masked,1,2015-03-18,2.9198479959632526,4.144818084312829,-0.1793531574910422,1.0
gemini_masked,1,2015-04-29,0.9332960299921064,3.406353281754852,-0.1793531574910422,1.0
gemini_masked,1,2015-06-17,-0.0539798922692998,-1.3097094357458319,-0.1793531574910422,1.0
gemini_masked,1,2015-07-29,-2.5614380312419707,0.5782001377924422,-0.1793531574910422,1.0
gemini_masked,1,2015-09-17,-6.398507299645421,-2.2904308875945776,-0.1793531574910422,1.0
gemini_masked,1,2015-10-28,5.617495236249391,1.9001523077083602,-0.1793531574910422,1.0
gemini_masked,1,2015-12-16,-3.302400414906358,-7.841556649074968,-0.1793531574910422,1.0
gemini_masked,1,2016-01-27,-8.439700515612575,-5.089767798674592,-0.1793531574910422,1.0
gemini_masked,1,2016-03-16,6.417252408444,1.7942927136779863,-0.1793531574910422,1.0
gemini_masked,1,2016-04-27,2.260498155543345,4.212237300931135,-0.1793531574910422,1.0
gemini_masked,1,2016-06-15,0.1222627909513048,-1.3506202191125818,-0.1793531574910422,1.0
gemini_masked,1,2016-07-27,4.23185664561935,1.0824296406337275,-0.1793531574910422,1.0
gemini_masked,1,2016-09-21,-1.4803900600906414,2.394660378511893,-0.1793531574910422,1.0
gemini_masked,1,2016-11-02,-2.404315230048286,2.3174949120009014,-0.1793531574910422,1.0
gemini_masked,1,2016-12-14,7.699389600131472,2.0914214532648967,-0.1793531574910422,1.0
gemini_masked,1,2017-02-01,0.766619382732642,2.8466864360292528,-0.1793531574910422,1.0
gemini_masked,1,2017-03-15,3.918162323003221,2.86101058421206,-0.1793531574910422,1.0
gemini_masked,1,2017-05-03,0.1927092668246962,1.8601980123303432,-0.1793531574910422,1.0
gemini_masked,1,2017-06-14,1.5564240385273835,2.766761072071976,-0.1793531574910422,1.0
gemini_masked,1,2017-07-26,1.417996232649504,3.0736527466029955,-0.1793531574910422,1.0
gemini_masked,2,2017-09-20,0.9944146118107968,1.6801735039412953,-0.05792357311505673,1.0
gemini_masked,2,2017-11-01,2.7340856247888965,3.0953051300939487,-0.05792357311505673,1.0
gemini_masked,2,2017-12-13,2.9260790182207024,2.763659171473509,-0.05792357311505673,1.0
gemini_masked,2,2018-01-31,7.148911655702096,2.1070203934946514,-0.05792357311505673,1.0
gemini_masked,2,2018-03-21,-4.1445720726304085,-3.1032866550272447,-0.05792357311505673,1.0
gemini_masked,2,2018-05-02,-0.0218536416260347,-0.5903122550769783,-0.05792357311505673,1.0
gemini_masked,2,2018-06-13,5.428358892467418,1.6688047597841673,-0.05792357311505673,1.0
gemini_masked,2,2018-08-01,0.4763710453831742,-1.1293723603017916,-0.05792357311505673,1.0
gemini_masked,2,2018-09-26,2.9069004200691184,1.9487021929124726,-0.05792357311505673,1.0
gemini_masked,2,2018-11-08,-5.840717554989847,-4.092928135129326,-0.05792357311505673,1.0
gemini_masked,2,2018-12-19,-9.076083946390025,-4.444177422847108,-0.05792357311505673,1.0
gemini_masked,2,2019-01-30,6.65247519930154,-0.341350630289492,-0.05792357311505673,1.0
gemini_masked,2,2019-03-20,4.353035321394501,2.248417614044276,-0.05792357311505673,1.0
gemini_masked,2,2019-05-01,2.786040220264391,3.4619405547309285,-0.05792357311505673,1.0
gemini_masked,2,2019-06-19,-1.250213439072959,-3.2816336870974236,-0.05792357311505673,1.0
gemini_masked,2,2019-07-31,2.011188830104515,1.9217501336053464,-0.05792357311505673,1.0
gemini_masked,2,2019-09-18,1.2473197240470009,-0.12139169444645295,-0.05792357311505673,1.0
gemini_masked,2,2019-10-30,0.8963428400446505,0.6913959461735691,-0.05792357311505673,1.0
gemini_masked,2,2019-12-11,3.023718257214977,2.002596453756797,-0.05792357311505673,1.0
gemini_masked,2,2020-01-29,2.1485559840748008,0.8336515301325904,-0.05792357311505673,1.0
gemini_masked,3,2020-03-15,-19.30679872098346,-8.987671842927341,0.10806910471294602,1.0
gemini_masked,3,2020-04-29,18.74563559498336,2.806371831835913,0.10806910471294602,1.0
gemini_masked,3,2020-06-10,10.409357713788122,4.960002082551968,0.10806910471294602,1.0
gemini_masked,3,2020-07-29,7.589732604042245,-1.2316763274784879,0.10806910471294602,1.0
gemini_masked,3,2020-09-16,4.129646562312915,4.186596676245763,0.10806910471294602,1.0
gemini_masked,3,2020-11-05,0.3483962171310573,1.4729194216993566,0.10806910471294602,1.0
gemini_masked,3,2020-12-16,3.849102256140097,3.855698299165531,0.10806910471294602,1.0
gemini_masked,3,2021-01-27,3.4979670186014724,4.202488690381073,0.10806910471294602,1.0
gemini_masked,3,2021-03-17,4.676882796618454,4.182916494631513,0.10806910471294602,1.0
gemini_masked,3,2021-04-28,6.717611257885417,1.2761904127775379,0.10806910471294602,1.0
gemini_masked,3,2021-06-16,1.0294124912812683,2.8821713579212065,0.10806910471294602,1.0
gemini_masked,3,2021-07-28,4.633031545878721,-1.95946931638533,0.10806910471294602,1.0
gemini_masked,3,2021-09-22,-1.4071350286967688,-0.6293455701751828,0.10806910471294602,1.0
gemini_masked,3,2021-11-03,3.629686853369575,2.69939804805685,0.10806910471294602,1.0
gemini_masked,3,2021-12-15,-0.2430410169318006,-2.057231145735436,0.10806910471294602,1.0
gemini_masked,3,2022-01-26,-5.707921584406794,-3.267550065914053,0.10806910471294602,1.0
gemini_masked,3,2022-03-16,-3.651437450153861,-2.678250633834451,0.10806910471294602,1.0
gemini_masked,3,2022-05-04,-6.071100198893482,0.22838439155990276,0.10806910471294602,1.0
gemini_masked,3,2022-06-15,-10.185909178114285,-4.314721469405247,0.10806910471294602,1.0
gemini_masked,3,2022-07-27,7.656593909553768,0.8577001020197941,0.10806910471294602,1.0
gemini_masked,4,2022-09-21,-4.728850791825261,-1.547932248223781,0.26461539109709664,1.0
gemini_masked,4,2022-11-02,2.605464816532983,0.5493514391877254,0.26461539109709664,1.0
gemini_masked,4,2022-12-14,6.577045295685347,3.799462560012563,0.26461539109709664,1.0
gemini_masked,4,2023-02-01,2.5257798164174163,0.4277137803475379,0.26461539109709664,1.0
gemini_masked,4,2023-03-22,-6.204536146166191,-1.3104545390786912,0.26461539109709664,1.0
gemini_masked,4,2023-05-03,4.881469132982449,2.4114840848906662,0.26461539109709664,1.0
gemini_masked,4,2023-06-14,6.063975282786163,3.754735127032368,0.26461539109709664,1.0
gemini_masked,4,2023-07-26,2.3126105893465296,4.643566816494821,0.26461539109709664,1.0
gemini_masked,4,2023-09-20,-2.635491551002436,-0.20157409948275828,0.26461539109709664,1.0
gemini_masked,4,2023-11-01,-4.411522180090532,-2.4859872362388242,0.26461539109709664,1.0
gemini_masked,4,2023-12-13,6.255803319654673,3.321475196090658,0.26461539109709664,1.0
gemini_masked,4,2024-01-31,3.6615937297733945,3.3974006734035824,0.26461539109709664,1.0
gemini_masked,4,2024-03-20,4.178257495449124,2.4214765972366163,0.26461539109709664,1.0
gemini_masked,4,2024-05-01,-2.980468016904972,-1.4398840942330353,0.26461539109709664,1.0
gemini_masked,4,2024-06-12,5.130250058983746,2.3425503493966526,0.26461539109709664,1.0
gemini_masked,4,2024-07-31,-0.1107106366835336,-0.4068062217381504,0.26461539109709664,1.0
gemini_masked,4,2024-09-18,2.7356950767003108,-1.2667047952837496,0.26461539109709664,1.0
gemini_masked,4,2024-11-07,0.6219968059305512,4.289300335236776,0.26461539109709664,1.0
gemini_masked,4,2024-12-18,0.8467408795732383,4.150371373277977,0.26461539109709664,1.0
flash_masked,0,2012-09-13,4.889386111246848,4.3486390738612775,-0.5397032586665891,0.1
flash_masked,0,2012-10-24,-2.214573547712846,-1.699375190776196,-0.5397032586665891,0.1
flash_masked,0,2012-12-12,0.3816906455956319,4.111022679997403,-0.5397032586665891,0.1
flash_masked,0,2013-01-30,5.52312983048044,3.3672219092803584,-0.5397032586665891,0.1
flash_masked,0,2013-03-20,3.5282324697286342,2.9921949844717384,-0.5397032586665891,0.1
flash_masked,0,2013-05-01,3.03919592179801,5.497137304491188,-0.5397032586665891,0.1
flash_masked,0,2013-06-19,2.555798472708714,4.7116270024343585,-0.5397032586665891,0.1
flash_masked,0,2013-07-31,5.932327679094761,5.251239403171974,-0.5397032586665891,0.1
flash_masked,0,2013-09-18,-0.5490488995725852,2.9990204173044903,-0.5397032586665891,0.1
flash_masked,0,2013-10-30,2.278539508167516,3.6226563304040127,-0.5397032586665891,0.1
flash_masked,0,2013-12-18,1.6851950420826414,2.0898048380448433,-0.5397032586665891,0.1
flash_masked,0,2014-01-29,-1.5674398932992968,2.5966374992049044,-0.5397032586665891,0.1
flash_masked,0,2014-03-19,3.533096814907931,5.4256655967441905,-0.5397032586665891,0.1
flash_masked,0,2014-04-30,-0.141881172800043,2.5215252414404024,-0.5397032586665891,0.1
flash_masked,0,2014-06-18,2.8271363650504746,4.587809425144129,-0.5397032586665891,0.1
flash_masked,0,2014-07-30,0.9838844644308352,1.052535113527105,-0.5397032586665891,0.1
flash_masked,0,2014-09-17,2.727560945652685,3.897475031877825,-0.5397032586665891,0.1
flash_masked,0,2014-10-29,-2.505251234306585,-7.375813543286863,-0.5397032586665891,0.1
flash_masked,0,2014-12-17,-0.2548556929012915,-0.17829238259688734,-0.5397032586665891,0.1
flash_masked,0,2015-01-28,-0.2041768626186403,4.339600157072721,-0.5397032586665891,0.1
flash_masked,1,2015-03-18,2.9198479959632526,3.314790091063075,-0.1793531574910422,1.0
flash_masked,1,2015-04-29,0.9332960299921064,5.373760761486094,-0.1793531574910422,1.0
flash_masked,1,2015-06-17,-0.0539798922692998,-1.218818515292923,-0.1793531574910422,1.0
flash_masked,1,2015-07-29,-2.5614380312419707,-1.3346602469445779,-0.1793531574910422,1.0
flash_masked,1,2015-09-17,-6.398507299645421,-12.554541718457731,-0.1793531574910422,1.0
flash_masked,1,2015-10-28,5.617495236249391,3.410110268989156,-0.1793531574910422,1.0
flash_masked,1,2015-12-16,-3.302400414906358,-2.470425413951401,-0.1793531574910422,1.0
flash_masked,1,2016-01-27,-8.439700515612575,-10.168194997343836,-0.1793531574910422,1.0
flash_masked,1,2016-03-16,6.417252408444,-0.008797490827649995,-0.1793531574910422,1.0
flash_masked,1,2016-04-27,2.260498155543345,5.202166096713567,-0.1793531574910422,1.0
flash_masked,1,2016-06-15,0.1222627909513048,-5.236235048691733,-0.1793531574910422,1.0
flash_masked,1,2016-07-27,4.23185664561935,5.4135033720411165,-0.1793531574910422,1.0
flash_masked,1,2016-09-21,-1.4803900600906414,-0.5223902051166232,-0.1793531574910422,1.0
flash_masked,1,2016-11-02,-2.404315230048286,0.23374471397830152,-0.1793531574910422,1.0
flash_masked,1,2016-12-14,7.699389600131472,5.960081791699775,-0.1793531574910422,1.0
flash_masked,1,2017-02-01,0.766619382732642,2.7038264603832367,-0.1793531574910422,1.0
flash_masked,1,2017-03-15,3.918162323003221,5.249826185676609,-0.1793531574910422,1.0
flash_masked,1,2017-05-03,0.1927092668246962,3.3187379316791015,-0.1793531574910422,1.0
flash_masked,1,2017-06-14,1.5564240385273835,4.709941233841535,-0.1793531574910422,1.0
flash_masked,1,2017-07-26,1.417996232649504,5.373422375147578,-0.1793531574910422,1.0
flash_masked,2,2017-09-20,0.9944146118107968,3.738710998332725,-0.05792357311505673,0.1
flash_masked,2,2017-11-01,2.7340856247888965,3.651403901572316,-0.05792357311505673,0.1
flash_masked,2,2017-12-13,2.9260790182207024,1.9077312048820367,-0.05792357311505673,0.1
flash_masked,2,2018-01-31,7.148911655702096,3.6199844609530305,-0.05792357311505673,0.1
flash_masked,2,2018-03-21,-4.1445720726304085,-5.317856939935814,-0.05792357311505673,0.1
flash_masked,2,2018-05-02,-0.0218536416260347,-2.7924635730804295,-0.05792357311505673,0.1
flash_masked,2,2018-06-13,5.428358892467418,0.7313634058817077,-0.05792357311505673,0.1
flash_masked,2,2018-08-01,0.4763710453831742,2.821359495412458,-0.05792357311505673,0.1
flash_masked,2,2018-09-26,2.9069004200691184,1.3000318722783273,-0.05792357311505673,0.1
flash_masked,2,2018-11-08,-5.840717554989847,-13.672177705603337,-0.05792357311505673,0.1
flash_masked,2,2018-12-19,-9.076083946390025,-10.532879699256789,-0.05792357311505673,0.1
flash_masked,2,2019-01-30,6.65247519930154,-1.2925479050058732,-0.05792357311505673,0.1
flash_masked,2,2019-03-20,4.353035321394501,3.562041489640403,-0.05792357311505673,0.1
flash_masked,2,2019-05-01,2.786040220264391,3.6906915908496445,-0.05792357311505673,0.1
flash_masked,2,2019-06-19,-1.250213439072959,-4.750311711241353,-0.05792357311505673,0.1
flash_masked,2,2019-07-31,2.011188830104515,4.3450664429162345,-0.05792357311505673,0.1
flash_masked,2,2019-09-18,1.2473197240470009,-0.6520230544147344,-0.05792357311505673,0.1
flash_masked,2,2019-10-30,0.8963428400446505,-0.9149186781774994,-0.05792357311505673,0.1
flash_masked,2,2019-12-11,3.023718257214977,2.5555482251062642,-0.05792357311505673,0.1
flash_masked,2,2020-01-29,2.1485559840748008,5.632373422150668,-0.05792357311505673,0.1
flash_masked,3,2020-03-15,-19.30679872098346,-6.378278105455458,0.10806910471294602,1.0
flash_masked,3,2020-04-29,18.74563559498336,3.8432596207543694,0.10806910471294602,1.0
flash_masked,3,2020-06-10,10.409357713788122,2.992189449117588,0.10806910471294602,1.0
flash_masked,3,2020-07-29,7.589732604042245,-1.5639451880882629,0.10806910471294602,1.0
flash_masked,3,2020-09-16,4.129646562312915,4.252186613307655,0.10806910471294602,1.0
flash_masked,3,2020-11-05,0.3483962171310573,2.6001941985649637,0.10806910471294602,1.0
flash_masked,3,2020-12-16,3.849102256140097,4.230309721138751,0.10806910471294602,1.0
flash_masked,3,2021-01-27,3.4979670186014724,4.4368435049959745,0.10806910471294602,1.0
flash_masked,3,2021-03-17,4.676882796618454,2.9838112123120104,0.10806910471294602,1.0
flash_masked,3,2021-04-28,6.717611257885417,5.27765850328006,0.10806910471294602,1.0
flash_masked,3,2021-06-16,1.0294124912812683,3.62303169717283,0.10806910471294602,1.0
flash_masked,3,2021-07-28,4.633031545878721,-1.7891396173717256,0.10806910471294602,1.0
flash_masked,3,2021-09-22,-1.4071350286967688,0.3673804556602549,0.10806910471294602,1.0
flash_masked,3,2021-11-03,3.629686853369575,3.5808483991624307,0.10806910471294602,1.0
flash_masked,3,2021-12-15,-0.2430410169318006,0.2291504200163452,0.10806910471294602,1.0
flash_masked,3,2022-01-26,-5.707921584406794,-4.544945040068777,0.10806910471294602,1.0
flash_masked,3,2022-03-16,-3.651437450153861,-6.193484152202653,0.10806910471294602,1.0
flash_masked,3,2022-05-04,-6.071100198893482,-4.7485497584656375,0.10806910471294602,1.0
flash_masked,3,2022-06-15,-10.185909178114285,-7.094015314813331,0.10806910471294602,1.0
flash_masked,3,2022-07-27,7.656593909553768,4.245554131218995,0.10806910471294602,1.0
flash_masked,4,2022-09-21,-4.728850791825261,-3.9362846493430514,0.26461539109709664,1.0
flash_masked,4,2022-11-02,2.605464816532983,0.30166342486818054,0.26461539109709664,1.0
flash_masked,4,2022-12-14,6.577045295685347,3.324454595754139,0.26461539109709664,1.0
flash_masked,4,2023-02-01,2.5257798164174163,0.9761810075610196,0.26461539109709664,1.0
flash_masked,4,2023-03-22,-6.204536146166191,0.40023379656331154,0.26461539109709664,1.0
flash_masked,4,2023-05-03,4.881469132982449,2.8469439405948216,0.26461539109709664,1.0
flash_masked,4,2023-06-14,6.063975282786163,4.351292073069517,0.26461539109709664,1.0
flash_masked,4,2023-07-26,2.3126105893465296,4.646056653169817,0.26461539109709664,1.0
flash_masked,4,2023-09-20,-2.635491551002436,-6.753769813331122,0.26461539109709664,1.0
flash_masked,4,2023-11-01,-4.411522180090532,-7.40521272331527,0.26461539109709664,1.0
flash_masked,4,2023-12-13,6.255803319654673,4.636705225436006,0.26461539109709664,1.0
flash_masked,4,2024-01-31,3.6615937297733945,3.1137434105888455,0.26461539109709664,1.0
flash_masked,4,2024-03-20,4.178257495449124,4.643372112833867,0.26461539109709664,1.0
flash_masked,4,2024-05-01,-2.980468016904972,-2.165798698790289,0.26461539109709664,1.0
flash_masked,4,2024-06-12,5.130250058983746,2.4248569560864937,0.26461539109709664,1.0
flash_masked,4,2024-07-31,-0.1107106366835336,3.1490530405590236,0.26461539109709664,1.0
flash_masked,4,2024-09-18,2.7356950767003108,3.11737907424826,0.26461539109709664,1.0
flash_masked,4,2024-11-07,0.6219968059305512,2.4393516690739006,0.26461539109709664,1.0
flash_masked,4,2024-12-18,0.8467408795732383,3.866703125617886,0.26461539109709664,1.0
tfidf_masked,0,2012-09-13,4.889386111246848,-0.16733131151993658,-0.5397032586665891,0.0001
tfidf_masked,0,2012-10-24,-2.214573547712846,0.8545203747608752,-0.5397032586665891,0.0001
tfidf_masked,0,2012-12-12,0.3816906455956319,0.9408259806522332,-0.5397032586665891,0.0001
tfidf_masked,0,2013-01-30,5.52312983048044,1.03072719301819,-0.5397032586665891,0.0001
tfidf_masked,0,2013-03-20,3.5282324697286342,1.1410495306716204,-0.5397032586665891,0.0001
tfidf_masked,0,2013-05-01,3.03919592179801,2.254152950062111,-0.5397032586665891,0.0001
tfidf_masked,0,2013-06-19,2.555798472708714,0.672624405730117,-0.5397032586665891,0.0001
tfidf_masked,0,2013-07-31,5.932327679094761,0.11097197603894082,-0.5397032586665891,0.0001
tfidf_masked,0,2013-09-18,-0.5490488995725852,-0.47134353422307174,-0.5397032586665891,0.0001
tfidf_masked,0,2013-10-30,2.278539508167516,-0.6998750354266418,-0.5397032586665891,0.0001
tfidf_masked,0,2013-12-18,1.6851950420826414,0.3403410413633484,-0.5397032586665891,0.0001
tfidf_masked,0,2014-01-29,-1.5674398932992968,0.6898497381695232,-0.5397032586665891,0.0001
tfidf_masked,0,2014-03-19,3.533096814907931,-0.29216086028185795,-0.5397032586665891,0.0001
tfidf_masked,0,2014-04-30,-0.141881172800043,0.6521791676154303,-0.5397032586665891,0.0001
tfidf_masked,0,2014-06-18,2.8271363650504746,0.19005806706500716,-0.5397032586665891,0.0001
tfidf_masked,0,2014-07-30,0.9838844644308352,0.8023458831383892,-0.5397032586665891,0.0001
tfidf_masked,0,2014-09-17,2.727560945652685,1.2092738366737221,-0.5397032586665891,0.0001
tfidf_masked,0,2014-10-29,-2.505251234306585,1.3341600191155714,-0.5397032586665891,0.0001
tfidf_masked,0,2014-12-17,-0.2548556929012915,0.3485167436879262,-0.5397032586665891,0.0001
tfidf_masked,0,2015-01-28,-0.2041768626186403,1.1028088205629407,-0.5397032586665891,0.0001
tfidf_masked,1,2015-03-18,2.9198479959632526,1.78025723163787,-0.1793531574910422,0.0001
tfidf_masked,1,2015-04-29,0.9332960299921064,2.741321543997919,-0.1793531574910422,0.0001
tfidf_masked,1,2015-06-17,-0.0539798922692998,0.8648478784794191,-0.1793531574910422,0.0001
tfidf_masked,1,2015-07-29,-2.5614380312419707,0.8248155350014017,-0.1793531574910422,0.0001
tfidf_masked,1,2015-09-17,-6.398507299645421,0.9728638068592863,-0.1793531574910422,0.0001
tfidf_masked,1,2015-10-28,5.617495236249391,1.0011116930446953,-0.1793531574910422,0.0001
tfidf_masked,1,2015-12-16,-3.302400414906358,-1.7369392155199277,-0.1793531574910422,0.0001
tfidf_masked,1,2016-01-27,-8.439700515612575,-1.8323530337784264,-0.1793531574910422,0.0001
tfidf_masked,1,2016-03-16,6.417252408444,1.370237123005406,-0.1793531574910422,0.0001
tfidf_masked,1,2016-04-27,2.260498155543345,1.5475938702995256,-0.1793531574910422,0.0001
tfidf_masked,1,2016-06-15,0.1222627909513048,-0.16072303331116328,-0.1793531574910422,0.0001
tfidf_masked,1,2016-07-27,4.23185664561935,0.23223726620143215,-0.1793531574910422,0.0001
tfidf_masked,1,2016-09-21,-1.4803900600906414,2.388923301324979,-0.1793531574910422,0.0001
tfidf_masked,1,2016-11-02,-2.404315230048286,1.105690120112341,-0.1793531574910422,0.0001
tfidf_masked,1,2016-12-14,7.699389600131472,0.657812792875138,-0.1793531574910422,0.0001
tfidf_masked,1,2017-02-01,0.766619382732642,0.4907581238705853,-0.1793531574910422,0.0001
tfidf_masked,1,2017-03-15,3.918162323003221,1.3864008713939162,-0.1793531574910422,0.0001
tfidf_masked,1,2017-05-03,0.1927092668246962,0.9858340989974024,-0.1793531574910422,0.0001
tfidf_masked,1,2017-06-14,1.5564240385273835,1.3850720191420354,-0.1793531574910422,0.0001
tfidf_masked,1,2017-07-26,1.417996232649504,0.06889392025668101,-0.1793531574910422,0.0001
tfidf_masked,2,2017-09-20,0.9944146118107968,-0.057742183393256236,-0.05792357311505673,10000.0
tfidf_masked,2,2017-11-01,2.7340856247888965,-0.057776941952335216,-0.05792357311505673,10000.0
tfidf_masked,2,2017-12-13,2.9260790182207024,-0.057768392287194104,-0.05792357311505673,10000.0
tfidf_masked,2,2018-01-31,7.148911655702096,-0.058173957904146076,-0.05792357311505673,10000.0
tfidf_masked,2,2018-03-21,-4.1445720726304085,-0.0578173778901023,-0.05792357311505673,10000.0
tfidf_masked,2,2018-05-02,-0.0218536416260347,-0.05789373556609093,-0.05792357311505673,10000.0
tfidf_masked,2,2018-06-13,5.428358892467418,-0.05771515034750708,-0.05792357311505673,10000.0
tfidf_masked,2,2018-08-01,0.4763710453831742,-0.0578301497619807,-0.05792357311505673,10000.0
tfidf_masked,2,2018-09-26,2.9069004200691184,-0.057855276702522634,-0.05792357311505673,10000.0
tfidf_masked,2,2018-11-08,-5.840717554989847,-0.05796442249439019,-0.05792357311505673,10000.0
tfidf_masked,2,2018-12-19,-9.076083946390025,-0.05818794899720504,-0.05792357311505673,10000.0
tfidf_masked,2,2019-01-30,6.65247519930154,-0.05868887926559731,-0.05792357311505673,10000.0
tfidf_masked,2,2019-03-20,4.353035321394501,-0.0578507197897492,-0.05792357311505673,10000.0
tfidf_masked,2,2019-05-01,2.786040220264391,-0.05794549403845791,-0.05792357311505673,10000.0
tfidf_masked,2,2019-06-19,-1.250213439072959,-0.05801969648042663,-0.05792357311505673,10000.0
tfidf_masked,2,2019-07-31,2.011188830104515,-0.0580249832229885,-0.05792357311505673,10000.0
tfidf_masked,2,2019-09-18,1.2473197240470009,-0.05804741987592783,-0.05792357311505673,10000.0
tfidf_masked,2,2019-10-30,0.8963428400446505,-0.05810928021597275,-0.05792357311505673,10000.0
tfidf_masked,2,2019-12-11,3.023718257214977,-0.057752361831303486,-0.05792357311505673,10000.0
tfidf_masked,2,2020-01-29,2.1485559840748008,-0.05860743310824818,-0.05792357311505673,10000.0
tfidf_masked,3,2020-03-15,-19.30679872098346,-2.112157568988997,0.10806910471294602,0.1
tfidf_masked,3,2020-04-29,18.74563559498336,-1.2905022985342969,0.10806910471294602,0.1
tfidf_masked,3,2020-06-10,10.409357713788122,1.6772434930325837,0.10806910471294602,0.1
tfidf_masked,3,2020-07-29,7.589732604042245,0.16509376169907422,0.10806910471294602,0.1
tfidf_masked,3,2020-09-16,4.129646562312915,1.5766752125879155,0.10806910471294602,0.1
tfidf_masked,3,2020-11-05,0.3483962171310573,1.2976535833496265,0.10806910471294602,0.1
tfidf_masked,3,2020-12-16,3.849102256140097,2.005226569281332,0.10806910471294602,0.1
tfidf_masked,3,2021-01-27,3.4979670186014724,1.5452984169051915,0.10806910471294602,0.1
tfidf_masked,3,2021-03-17,4.676882796618454,1.8204995141342124,0.10806910471294602,0.1
tfidf_masked,3,2021-04-28,6.717611257885417,0.323093038343062,0.10806910471294602,0.1
tfidf_masked,3,2021-06-16,1.0294124912812683,2.7903927274124776,0.10806910471294602,0.1
tfidf_masked,3,2021-07-28,4.633031545878721,0.8897893769490415,0.10806910471294602,0.1
tfidf_masked,3,2021-09-22,-1.4071350286967688,0.16015084306171581,0.10806910471294602,0.1
tfidf_masked,3,2021-11-03,3.629686853369575,1.6340216380336396,0.10806910471294602,0.1
tfidf_masked,3,2021-12-15,-0.2430410169318006,0.6197700386180663,0.10806910471294602,0.1
tfidf_masked,3,2022-01-26,-5.707921584406794,0.43658573177840043,0.10806910471294602,0.1
tfidf_masked,3,2022-03-16,-3.651437450153861,-1.0726244362792863,0.10806910471294602,0.1
tfidf_masked,3,2022-05-04,-6.071100198893482,-0.23547613511856175,0.10806910471294602,0.1
tfidf_masked,3,2022-06-15,-10.185909178114285,-1.5682093502347985,0.10806910471294602,0.1
tfidf_masked,3,2022-07-27,7.656593909553768,-0.9494734098341362,0.10806910471294602,0.1
tfidf_masked,4,2022-09-21,-4.728850791825261,-0.8884787018186648,0.26461539109709664,0.0001
tfidf_masked,4,2022-11-02,2.605464816532983,-0.7367405088666852,0.26461539109709664,0.0001
tfidf_masked,4,2022-12-14,6.577045295685347,-0.5102532094999217,0.26461539109709664,0.0001
tfidf_masked,4,2023-02-01,2.5257798164174163,2.0889870936855894,0.26461539109709664,0.0001
tfidf_masked,4,2023-03-22,-6.204536146166191,-2.2363640853049986,0.26461539109709664,0.0001
tfidf_masked,4,2023-05-03,4.881469132982449,0.015483679213801838,0.26461539109709664,0.0001
tfidf_masked,4,2023-06-14,6.063975282786163,3.9207165374733983,0.26461539109709664,0.0001
tfidf_masked,4,2023-07-26,2.3126105893465296,2.254476307968963,0.26461539109709664,0.0001
tfidf_masked,4,2023-09-20,-2.635491551002436,0.2597494345220155,0.26461539109709664,0.0001
tfidf_masked,4,2023-11-01,-4.411522180090532,0.24936108785073835,0.26461539109709664,0.0001
tfidf_masked,4,2023-12-13,6.255803319654673,1.8373700617306845,0.26461539109709664,0.0001
tfidf_masked,4,2024-01-31,3.6615937297733945,3.432705036253309,0.26461539109709664,0.0001
tfidf_masked,4,2024-03-20,4.178257495449124,3.6448163853640287,0.26461539109709664,0.0001
tfidf_masked,4,2024-05-01,-2.980468016904972,0.1397076325487248,0.26461539109709664,0.0001
tfidf_masked,4,2024-06-12,5.130250058983746,1.5370986710719905,0.26461539109709664,0.0001
tfidf_masked,4,2024-07-31,-0.1107106366835336,2.936745209396784,0.26461539109709664,0.0001
tfidf_masked,4,2024-09-18,2.7356950767003108,0.21761100210991222,0.26461539109709664,0.0001
tfidf_masked,4,2024-11-07,0.6219968059305512,0.2135867804728227,0.26461539109709664,0.0001
tfidf_masked,4,2024-12-18,0.8467408795732383,2.235834604295328,0.26461539109709664,0.0001
gemini_pca3,0,2012-09-13,4.889386111246848,1.8984704504814593,-0.5397032586665891,0.0001
gemini_pca3,0,2012-10-24,-2.214573547712846,-0.4808602259271634,-0.5397032586665891,0.0001
gemini_pca3,0,2012-12-12,0.3816906455956319,-0.7205274657796158,-0.5397032586665891,0.0001
gemini_pca3,0,2013-01-30,5.52312983048044,6.293075934127993,-0.5397032586665891,0.0001
gemini_pca3,0,2013-03-20,3.5282324697286342,3.1211732387384483,-0.5397032586665891,0.0001
gemini_pca3,0,2013-05-01,3.03919592179801,1.6970210353090218,-0.5397032586665891,0.0001
gemini_pca3,0,2013-06-19,2.555798472708714,2.2118880262323035,-0.5397032586665891,0.0001
gemini_pca3,0,2013-07-31,5.932327679094761,2.0666167625593133,-0.5397032586665891,0.0001
gemini_pca3,0,2013-09-18,-0.5490488995725852,0.6631803605419001,-0.5397032586665891,0.0001
gemini_pca3,0,2013-10-30,2.278539508167516,-0.4878103671599189,-0.5397032586665891,0.0001
gemini_pca3,0,2013-12-18,1.6851950420826414,1.8288789386460111,-0.5397032586665891,0.0001
gemini_pca3,0,2014-01-29,-1.5674398932992968,3.336130368024445,-0.5397032586665891,0.0001
gemini_pca3,0,2014-03-19,3.533096814907931,2.500175031872159,-0.5397032586665891,0.0001
gemini_pca3,0,2014-04-30,-0.141881172800043,2.391177534794741,-0.5397032586665891,0.0001
gemini_pca3,0,2014-06-18,2.8271363650504746,3.271520868176951,-0.5397032586665891,0.0001
gemini_pca3,0,2014-07-30,0.9838844644308352,1.5233355985225003,-0.5397032586665891,0.0001
gemini_pca3,0,2014-09-17,2.727560945652685,2.0828239107516953,-0.5397032586665891,0.0001
gemini_pca3,0,2014-10-29,-2.505251234306585,-0.7630047760695603,-0.5397032586665891,0.0001
gemini_pca3,0,2014-12-17,-0.2548556929012915,-0.3971258999635593,-0.5397032586665891,0.0001
gemini_pca3,0,2015-01-28,-0.2041768626186403,1.0188401495329584,-0.5397032586665891,0.0001
gemini_pca3,1,2015-03-18,2.9198479959632526,4.3866376857531835,-0.1793531574910422,0.1
gemini_pca3,1,2015-04-29,0.9332960299921064,2.929813919743623,-0.1793531574910422,0.1
gemini_pca3,1,2015-06-17,-0.0539798922692998,-1.128312144082125,-0.1793531574910422,0.1
gemini_pca3,1,2015-07-29,-2.5614380312419707,-0.24451187483991926,-0.1793531574910422,0.1
gemini_pca3,1,2015-09-17,-6.398507299645421,-2.8343328212833057,-0.1793531574910422,0.1
gemini_pca3,1,2015-10-28,5.617495236249391,2.187732216851825,-0.1793531574910422,0.1
gemini_pca3,1,2015-12-16,-3.302400414906358,-6.389002193065604,-0.1793531574910422,0.1
gemini_pca3,1,2016-01-27,-8.439700515612575,-3.9901885608209473,-0.1793531574910422,0.1
gemini_pca3,1,2016-03-16,6.417252408444,1.5985552053141796,-0.1793531574910422,0.1
gemini_pca3,1,2016-04-27,2.260498155543345,4.3719323520034346,-0.1793531574910422,0.1
gemini_pca3,1,2016-06-15,0.1222627909513048,-2.0032653356442514,-0.1793531574910422,0.1
gemini_pca3,1,2016-07-27,4.23185664561935,0.9590644647469069,-0.1793531574910422,0.1
gemini_pca3,1,2016-09-21,-1.4803900600906414,2.384030659457699,-0.1793531574910422,0.1
gemini_pca3,1,2016-11-02,-2.404315230048286,2.2323558792649703,-0.1793531574910422,0.1
gemini_pca3,1,2016-12-14,7.699389600131472,2.712874624449496,-0.1793531574910422,0.1
gemini_pca3,1,2017-02-01,0.766619382732642,2.2573221720574352,-0.1793531574910422,0.1
gemini_pca3,1,2017-03-15,3.918162323003221,2.898353270600901,-0.1793531574910422,0.1
gemini_pca3,1,2017-05-03,0.1927092668246962,1.7517153149019535,-0.1793531574910422,0.1
gemini_pca3,1,2017-06-14,1.5564240385273835,3.375440542192124,-0.1793531574910422,0.1
gemini_pca3,1,2017-07-26,1.417996232649504,3.700347078381947,-0.1793531574910422,0.1
gemini_pca3,2,2017-09-20,0.9944146118107968,1.7218374551799855,-0.05792357311505673,0.0001
gemini_pca3,2,2017-11-01,2.7340856247888965,3.811464031237195,-0.05792357311505673,0.0001
gemini_pca3,2,2017-12-13,2.9260790182207024,3.6809626472121293,-0.05792357311505673,0.0001
gemini_pca3,2,2018-01-31,7.148911655702096,2.4882815542527936,-0.05792357311505673,0.0001
gemini_pca3,2,2018-03-21,-4.1445720726304085,-2.2033788334452518,-0.05792357311505673,0.0001
gemini_pca3,2,2018-05-02,-0.0218536416260347,-1.6583230779556526,-0.05792357311505673,0.0001
gemini_pca3,2,2018-06-13,5.428358892467418,2.427620619293217,-0.05792357311505673,0.0001
gemini_pca3,2,2018-08-01,0.4763710453831742,-0.4759770124459562,-0.05792357311505673,0.0001
gemini_pca3,2,2018-09-26,2.9069004200691184,2.3923884413032677,-0.05792357311505673,0.0001
gemini_pca3,2,2018-11-08,-5.840717554989847,-3.475005003525346,-0.05792357311505673,0.0001
gemini_pca3,2,2018-12-19,-9.076083946390025,-4.079579277045185,-0.05792357311505673,0.0001
gemini_pca3,2,2019-01-30,6.65247519930154,-0.2793374141406742,-0.05792357311505673,0.0001
gemini_pca3,2,2019-03-20,4.353035321394501,1.9379797323058279,-0.05792357311505673,0.0001
gemini_pca3,2,2019-05-01,2.786040220264391,3.4534238631904697,-0.05792357311505673,0.0001
gemini_pca3,2,2019-06-19,-1.250213439072959,-3.5861148960407747,-0.05792357311505673,0.0001
gemini_pca3,2,2019-07-31,2.011188830104515,2.730052590270846,-0.05792357311505673,0.0001
gemini_pca3,2,2019-09-18,1.2473197240470009,-0.6765890569386613,-0.05792357311505673,0.0001
gemini_pca3,2,2019-10-30,0.8963428400446505,1.2264199297509875,-0.05792357311505673,0.0001
gemini_pca3,2,2019-12-11,3.023718257214977,2.701030358083467,-0.05792357311505673,0.0001
gemini_pca3,2,2020-01-29,2.1485559840748008,0.39647086349898725,-0.05792357311505673,0.0001
gemini_pca3,3,2020-03-15,-19.30679872098346,-7.422137966922282,0.10806910471294602,0.0001
gemini_pca3,3,2020-04-29,18.74563559498336,2.1898582576729897,0.10806910471294602,0.0001
gemini_pca3,3,2020-06-10,10.409357713788122,5.12739468488643,0.10806910471294602,0.0001
gemini_pca3,3,2020-07-29,7.589732604042245,-1.2734123164598348,0.10806910471294602,0.0001
gemini_pca3,3,2020-09-16,4.129646562312915,4.441872581884499,0.10806910471294602,0.0001
gemini_pca3,3,2020-11-05,0.3483962171310573,1.6878786004132929,0.10806910471294602,0.0001
gemini_pca3,3,2020-12-16,3.849102256140097,3.7453365498449345,0.10806910471294602,0.0001
gemini_pca3,3,2021-01-27,3.4979670186014724,5.102611753759605,0.10806910471294602,0.0001
gemini_pca3,3,2021-03-17,4.676882796618454,4.948441825614246,0.10806910471294602,0.0001
gemini_pca3,3,2021-04-28,6.717611257885417,2.202799568528204,0.10806910471294602,0.0001
gemini_pca3,3,2021-06-16,1.0294124912812683,3.429578522191179,0.10806910471294602,0.0001
gemini_pca3,3,2021-07-28,4.633031545878721,-1.353640768636927,0.10806910471294602,0.0001
gemini_pca3,3,2021-09-22,-1.4071350286967688,0.16120195171510437,0.10806910471294602,0.0001
gemini_pca3,3,2021-11-03,3.629686853369575,4.112249539431431,0.10806910471294602,0.0001
gemini_pca3,3,2021-12-15,-0.2430410169318006,-0.5359972624317202,0.10806910471294602,0.0001
gemini_pca3,3,2022-01-26,-5.707921584406794,-2.9101990266616613,0.10806910471294602,0.0001
gemini_pca3,3,2022-03-16,-3.651437450153861,-2.1307567635415148,0.10806910471294602,0.0001
gemini_pca3,3,2022-05-04,-6.071100198893482,-0.9008243849681439,0.10806910471294602,0.0001
gemini_pca3,3,2022-06-15,-10.185909178114285,-2.905640279297146,0.10806910471294602,0.0001
gemini_pca3,3,2022-07-27,7.656593909553768,1.3332681545990626,0.10806910471294602,0.0001
gemini_pca3,4,2022-09-21,-4.728850791825261,-0.39046356416314343,0.26461539109709664,0.0001
gemini_pca3,4,2022-11-02,2.605464816532983,1.1491483475217548,0.26461539109709664,0.0001
gemini_pca3,4,2022-12-14,6.577045295685347,2.490514017125913,0.26461539109709664,0.0001
gemini_pca3,4,2023-02-01,2.5257798164174163,-1.0285088376058882,0.26461539109709664,0.0001
gemini_pca3,4,2023-03-22,-6.204536146166191,-2.180858333814274,0.26461539109709664,0.0001
gemini_pca3,4,2023-05-03,4.881469132982449,1.0159951568621808,0.26461539109709664,0.0001
gemini_pca3,4,2023-06-14,6.063975282786163,3.503025655853848,0.26461539109709664,0.0001
gemini_pca3,4,2023-07-26,2.3126105893465296,3.886952063959603,0.26461539109709664,0.0001
gemini_pca3,4,2023-09-20,-2.635491551002436,-0.06134396674969256,0.26461539109709664,0.0001
gemini_pca3,4,2023-11-01,-4.411522180090532,-2.3191049854010526,0.26461539109709664,0.0001
gemini_pca3,4,2023-12-13,6.255803319654673,2.653340998925218,0.26461539109709664,0.0001
gemini_pca3,4,2024-01-31,3.6615937297733945,4.927824342972826,0.26461539109709664,0.0001
gemini_pca3,4,2024-03-20,4.178257495449124,4.109283685800279,0.26461539109709664,0.0001
gemini_pca3,4,2024-05-01,-2.980468016904972,-0.2943261231964064,0.26461539109709664,0.0001
gemini_pca3,4,2024-06-12,5.130250058983746,3.1551964445452936,0.26461539109709664,0.0001
gemini_pca3,4,2024-07-31,-0.1107106366835336,-0.4746142975868858,0.26461539109709664,0.0001
gemini_pca3,4,2024-09-18,2.7356950767003108,-0.2273662298748914,0.26461539109709664,0.0001
gemini_pca3,4,2024-11-07,0.6219968059305512,5.483301153855821,0.26461539109709664,0.0001
gemini_pca3,4,2024-12-18,0.8467408795732383,3.2804236147309256,0.26461539109709664,0.0001
