model,fold,date,y,prediction,training_mean,alpha,spec
controls_only,0,2012-09-13,0.0,12.8695075797576,-5.875,0.1,primary
controls_only,0,2012-10-24,0.0,14.524844416632257,-5.875,0.1,primary
controls_only,0,2012-12-12,0.0,1.279714016746511,-5.875,0.1,primary
controls_only,0,2013-01-30,0.0,6.905608955362082,-5.875,0.1,primary
controls_only,0,2013-03-20,0.0,8.836622785597651,-5.875,0.1,primary
controls_only,0,2013-05-01,0.0,10.41870230460004,-5.875,0.1,primary
controls_only,0,2013-06-19,0.0,-0.1772443317648964,-5.875,0.1,primary
controls_only,0,2013-07-31,0.0,16.866281160307317,-5.875,0.1,primary
controls_only,0,2013-09-18,0.0,10.782830131638873,-5.875,0.1,primary
controls_only,0,2013-10-30,0.0,13.188175180305317,-5.875,0.1,primary
controls_only,0,2013-12-18,0.0,14.6946747045767,-5.875,0.1,primary
controls_only,0,2014-01-29,0.0,5.217560578464276,-5.875,0.1,primary
controls_only,0,2014-03-19,0.0,18.009490834402094,-5.875,0.1,primary
controls_only,0,2014-04-30,0.0,9.597391046728083,-5.875,0.1,primary
controls_only,0,2014-06-18,0.0,15.30666850328671,-5.875,0.1,primary
controls_only,0,2014-07-30,0.0,9.992265470601792,-5.875,0.1,primary
controls_only,0,2014-09-17,0.0,12.319388485079104,-5.875,0.1,primary
controls_only,0,2014-10-29,0.0,14.668795610247097,-5.875,0.1,primary
controls_only,0,2014-12-17,0.0,17.79780283031632,-5.875,0.1,primary
controls_only,0,2015-01-28,0.0,8.811857304746352,-5.875,0.1,primary
controls_only,1,2015-03-18,0.0,10.097652279942853,-4.895833333333333,1.0,primary
controls_only,1,2015-04-29,0.0,11.804244409704674,-4.895833333333333,1.0,primary
controls_only,1,2015-06-17,0.0,6.3682056388488295,-4.895833333333333,1.0,primary
controls_only,1,2015-07-29,0.0,-4.543919507490368,-4.895833333333333,1.0,primary
controls_only,1,2015-09-17,0.0,-9.3048009962779,-4.895833333333333,1.0,primary
controls_only,1,2015-10-28,25.0,6.060537228691565,-4.895833333333333,1.0,primary
controls_only,1,2015-12-16,0.0,0.17317630547230323,-4.895833333333333,1.0,primary
controls_only,1,2016-01-27,0.0,-14.056594031313058,-4.895833333333333,1.0,primary
controls_only,1,2016-03-16,0.0,7.221313004138606,-4.895833333333333,1.0,primary
controls_only,1,2016-04-27,0.0,11.470760525899971,-4.895833333333333,1.0,primary
controls_only,1,2016-06-15,0.0,1.2184748922531448,-4.895833333333333,1.0,primary
controls_only,1,2016-07-27,0.0,9.113900860049258,-4.895833333333333,1.0,primary
controls_only,1,2016-09-21,0.0,4.571370447093392,-4.895833333333333,1.0,primary
controls_only,1,2016-11-02,25.0,-9.945664610007466,-4.895833333333333,1.0,primary
controls_only,1,2016-12-14,0.0,20.87148896656472,-4.895833333333333,1.0,primary
controls_only,1,2017-02-01,25.0,1.68542154321426,-4.895833333333333,1.0,primary
controls_only,1,2017-03-15,0.0,21.033077084196904,-4.895833333333333,1.0,primary
controls_only,1,2017-05-03,25.0,6.762437664074964,-4.895833333333333,1.0,primary
controls_only,1,2017-06-14,0.0,17.192183273272747,-4.895833333333333,1.0,primary
controls_only,1,2017-07-26,0.0,7.925657917707154,-4.895833333333333,1.0,primary
controls_only,2,2017-09-20,0.0,4.221362409026657,-3.482142857142857,1.0,primary
controls_only,2,2017-11-01,25.0,3.6485071997069,-3.482142857142857,1.0,primary
controls_only,2,2017-12-13,0.0,5.122438260295596,-3.482142857142857,1.0,primary
controls_only,2,2018-01-31,25.0,1.1863615934401186,-3.482142857142857,1.0,primary
controls_only,2,2018-03-21,0.0,13.159513008488585,-3.482142857142857,1.0,primary
controls_only,2,2018-05-02,25.0,-1.6422694279177619,-3.482142857142857,1.0,primary
controls_only,2,2018-06-13,0.0,16.6224981063817,-3.482142857142857,1.0,primary
controls_only,2,2018-08-01,25.0,2.7392897378888565,-3.482142857142857,1.0,primary
controls_only,2,2018-09-26,0.0,5.992688334445745,-3.482142857142857,1.0,primary
controls_only,2,2018-11-08,25.0,-17.20070677120524,-3.482142857142857,1.0,primary
controls_only,2,2018-12-19,0.0,-6.567663134993195,-3.482142857142857,1.0,primary
controls_only,2,2019-01-30,0.0,-0.31257550182655436,-3.482142857142857,1.0,primary
controls_only,2,2019-03-20,0.0,1.8522290200277012,-3.482142857142857,1.0,primary
controls_only,2,2019-05-01,0.0,4.846323411363631,-3.482142857142857,1.0,primary
controls_only,2,2019-06-19,-25.0,2.016815701678476,-3.482142857142857,1.0,primary
controls_only,2,2019-07-31,-25.0,-4.416934156212061,-3.482142857142857,1.0,primary
controls_only,2,2019-09-18,-25.0,-3.258927257856477,-3.482142857142857,1.0,primary
controls_only,2,2019-10-30,0.0,-6.649233704416326,-3.482142857142857,1.0,primary
controls_only,2,2019-12-11,0.0,4.4188634820454045,-3.482142857142857,1.0,primary
controls_only,2,2020-01-29,-150.0,-28.253321569544667,-3.482142857142857,1.0,primary
controls_only,3,2020-03-15,0.0,-77.55394567622031,-3.671875,10.0,primary
controls_only,3,2020-04-29,0.0,-2.6164032209665145,-3.671875,10.0,primary
controls_only,3,2020-06-10,0.0,-0.4911376007521162,-3.671875,10.0,primary
controls_only,3,2020-07-29,0.0,2.901525620198702,-3.671875,10.0,primary
controls_only,3,2020-09-16,0.0,6.429241770555318,-3.671875,10.0,primary
controls_only,3,2020-11-05,0.0,2.5147295427650236,-3.671875,10.0,primary
controls_only,3,2020-12-16,0.0,3.3098852898510187,-3.671875,10.0,primary
controls_only,3,2021-01-27,0.0,0.9343385561823445,-3.671875,10.0,primary
controls_only,3,2021-03-17,0.0,-0.004964271030423628,-3.671875,10.0,primary
controls_only,3,2021-04-28,0.0,6.104169013276824,-3.671875,10.0,primary
controls_only,3,2021-06-16,0.0,1.6707635386878752,-3.671875,10.0,primary
controls_only,3,2021-07-28,0.0,4.244251625872337,-3.671875,10.0,primary
controls_only,3,2021-09-22,0.0,1.3970617467708117,-3.671875,10.0,primary
controls_only,3,2021-11-03,0.0,6.574453933276573,-3.671875,10.0,primary
controls_only,3,2021-12-15,0.0,-4.346935682048304,-3.671875,10.0,primary
controls_only,3,2022-01-26,25.0,-7.074168738515166,-3.671875,10.0,primary
controls_only,3,2022-03-16,50.0,-1.1302771080073337,-3.671875,10.0,primary
controls_only,3,2022-05-04,75.0,-4.295978334402797,-3.671875,10.0,primary
controls_only,3,2022-06-15,75.0,9.069627946639082,-3.671875,10.0,primary
controls_only,3,2022-07-27,75.0,18.17837271101567,-3.671875,10.0,primary
controls_only,4,2022-09-21,75.0,23.64396157491087,-1.5972222222222223,10.0,primary
controls_only,4,2022-11-02,50.0,23.036464411909915,-1.5972222222222223,10.0,primary
controls_only,4,2022-12-14,25.0,16.07485995527706,-1.5972222222222223,10.0,primary
controls_only,4,2023-02-01,25.0,-2.3272536998994675,-1.5972222222222223,10.0,primary
controls_only,4,2023-03-22,25.0,2.6259824710172537,-1.5972222222222223,10.0,primary
controls_only,4,2023-05-03,0.0,4.824268268281067,-1.5972222222222223,10.0,primary
controls_only,4,2023-06-14,25.0,-1.7708224858522366,-1.5972222222222223,10.0,primary
controls_only,4,2023-07-26,0.0,2.7554336207104746,-1.5972222222222223,10.0,primary
controls_only,4,2023-09-20,0.0,-9.827806073532775,-1.5972222222222223,10.0,primary
controls_only,4,2023-11-01,0.0,-6.334617209694757,-1.5972222222222223,10.0,primary
controls_only,4,2023-12-13,0.0,-2.698059177408485,-1.5972222222222223,10.0,primary
controls_only,4,2024-01-31,0.0,-3.0848768439884617,-1.5972222222222223,10.0,primary
controls_only,4,2024-03-20,0.0,-6.053568128705084,-1.5972222222222223,10.0,primary
controls_only,4,2024-05-01,0.0,-5.224501156135428,-1.5972222222222223,10.0,primary
controls_only,4,2024-06-12,0.0,-1.3602510096799043,-1.5972222222222223,10.0,primary
controls_only,4,2024-07-31,-50.0,-2.931122329379924,-1.5972222222222223,10.0,primary
controls_only,4,2024-09-18,-25.0,-17.761909886113198,-1.5972222222222223,10.0,primary
controls_only,4,2024-11-07,-25.0,-9.313825956793577,-1.5972222222222223,10.0,primary
mention_frequency,0,2012-09-13,0.0,10.893584247402236,-5.875,0.1,primary
mention_frequency,0,2012-10-24,0.0,13.192248805117275,-5.875,0.1,primary
mention_frequency,0,2012-12-12,0.0,0.5298471435950933,-5.875,0.1,primary
mention_frequency,0,2013-01-30,0.0,7.961393923478951,-5.875,0.1,primary
mention_frequency,0,2013-03-20,0.0,7.593582433914262,-5.875,0.1,primary
mention_frequency,0,2013-05-01,0.0,8.544532407987447,-5.875,0.1,primary
mention_frequency,0,2013-06-19,0.0,-3.6266714225859626,-5.875,0.1,primary
mention_frequency,0,2013-07-31,0.0,14.97397535354665,-5.875,0.1,primary
mention_frequency,0,2013-09-18,0.0,10.066575562876407,-5.875,0.1,primary
mention_frequency,0,2013-10-30,0.0,12.601312406737877,-5.875,0.1,primary
mention_frequency,0,2013-12-18,0.0,11.812108155884522,-5.875,0.1,primary
mention_frequency,0,2014-01-29,0.0,4.254950931108441,-5.875,0.1,primary
mention_frequency,0,2014-03-19,0.0,16.316956999218682,-5.875,0.1,primary
mention_frequency,0,2014-04-30,0.0,7.91358455290308,-5.875,0.1,primary
mention_frequency,0,2014-06-18,0.0,14.676946281715756,-5.875,0.1,primary
mention_frequency,0,2014-07-30,0.0,8.897837361972748,-5.875,0.1,primary
mention_frequency,0,2014-09-17,0.0,12.104200263493942,-5.875,0.1,primary
mention_frequency,0,2014-10-29,0.0,13.310220189268945,-5.875,0.1,primary
mention_frequency,0,2014-12-17,0.0,17.218729989625444,-5.875,0.1,primary
mention_frequency,0,2015-01-28,0.0,8.106790367877142,-5.875,0.1,primary
mention_frequency,1,2015-03-18,0.0,9.26407767956139,-4.895833333333333,1.0,primary
mention_frequency,1,2015-04-29,0.0,6.402279713247227,-4.895833333333333,1.0,primary
mention_frequency,1,2015-06-17,0.0,6.779873494559585,-4.895833333333333,1.0,primary
mention_frequency,1,2015-07-29,0.0,-7.512949000039935,-4.895833333333333,1.0,primary
mention_frequency,1,2015-09-17,0.0,-13.899248772125736,-4.895833333333333,1.0,primary
mention_frequency,1,2015-10-28,25.0,6.370814051030939,-4.895833333333333,1.0,primary
mention_frequency,1,2015-12-16,0.0,1.5584182198916672,-4.895833333333333,1.0,primary
mention_frequency,1,2016-01-27,0.0,-16.63994625364881,-4.895833333333333,1.0,primary
mention_frequency,1,2016-03-16,0.0,4.780327442413993,-4.895833333333333,1.0,primary
mention_frequency,1,2016-04-27,0.0,7.018875714821519,-4.895833333333333,1.0,primary
mention_frequency,1,2016-06-15,0.0,1.970021768711188,-4.895833333333333,1.0,primary
mention_frequency,1,2016-07-27,0.0,1.7706388588855848,-4.895833333333333,1.0,primary
mention_frequency,1,2016-09-21,0.0,6.664807936514389,-4.895833333333333,1.0,primary
mention_frequency,1,2016-11-02,25.0,-6.181256330810207,-4.895833333333333,1.0,primary
mention_frequency,1,2016-12-14,0.0,17.28162909116065,-4.895833333333333,1.0,primary
mention_frequency,1,2017-02-01,25.0,-0.08081925326825079,-4.895833333333333,1.0,primary
mention_frequency,1,2017-03-15,0.0,15.977738872488974,-4.895833333333333,1.0,primary
mention_frequency,1,2017-05-03,25.0,6.527980890772721,-4.895833333333333,1.0,primary
mention_frequency,1,2017-06-14,0.0,14.67353246406843,-4.895833333333333,1.0,primary
mention_frequency,1,2017-07-26,0.0,1.9587021890019427,-4.895833333333333,1.0,primary
mention_frequency,2,2017-09-20,0.0,3.923018294901229,-3.482142857142857,1.0,primary
mention_frequency,2,2017-11-01,25.0,3.701896647478525,-3.482142857142857,1.0,primary
mention_frequency,2,2017-12-13,0.0,5.548653245802656,-3.482142857142857,1.0,primary
mention_frequency,2,2018-01-31,25.0,0.5645560890589052,-3.482142857142857,1.0,primary
mention_frequency,2,2018-03-21,0.0,5.445273619268935,-3.482142857142857,1.0,primary
mention_frequency,2,2018-05-02,25.0,-5.25069280524726,-3.482142857142857,1.0,primary
mention_frequency,2,2018-06-13,0.0,14.815394793309974,-3.482142857142857,1.0,primary
mention_frequency,2,2018-08-01,25.0,1.2744016259858078,-3.482142857142857,1.0,primary
mention_frequency,2,2018-09-26,0.0,1.08682996572298,-3.482142857142857,1.0,primary
mention_frequency,2,2018-11-08,25.0,-30.163506052883463,-3.482142857142857,1.0,primary
mention_frequency,2,2018-12-19,0.0,-10.336323811708363,-3.482142857142857,1.0,primary
mention_frequency,2,2019-01-30,0.0,-2.2439393070314617,-3.482142857142857,1.0,primary
mention_frequency,2,2019-03-20,0.0,-3.6591135630782183,-3.482142857142857,1.0,primary
mention_frequency,2,2019-05-01,0.0,1.1810811227932576,-3.482142857142857,1.0,primary
mention_frequency,2,2019-06-19,-25.0,0.2861241870520215,-3.482142857142857,1.0,primary
mention_frequency,2,2019-07-31,-25.0,-6.369126612162388,-3.482142857142857,1.0,primary
mention_frequency,2,2019-09-18,-25.0,-8.104148710936741,-3.482142857142857,1.0,primary
mention_frequency,2,2019-10-30,0.0,-3.650824990658999,-3.482142857142857,1.0,primary
mention_frequency,2,2019-12-11,0.0,5.119357003055631,-3.482142857142857,1.0,primary
mention_frequency,2,2020-01-29,-150.0,-31.862342804844992,-3.482142857142857,1.0,primary
mention_frequency,3,2020-03-15,0.0,-96.35969953557981,-3.671875,1.0,primary
mention_frequency,3,2020-04-29,0.0,-9.108394022939091,-3.671875,1.0,primary
mention_frequency,3,2020-06-10,0.0,-0.9208702963654978,-3.671875,1.0,primary
mention_frequency,3,2020-07-29,0.0,1.1709397429168003,-3.671875,1.0,primary
mention_frequency,3,2020-09-16,0.0,7.24329060314877,-3.671875,1.0,primary
mention_frequency,3,2020-11-05,0.0,2.863133067797206,-3.671875,1.0,primary
mention_frequency,3,2020-12-16,0.0,3.365277010993832,-3.671875,1.0,primary
mention_frequency,3,2021-01-27,0.0,0.5392862216427603,-3.671875,1.0,primary
mention_frequency,3,2021-03-17,0.0,-0.772803100295405,-3.671875,1.0,primary
mention_frequency,3,2021-04-28,0.0,5.113289135959816,-3.671875,1.0,primary
mention_frequency,3,2021-06-16,0.0,2.195227870239506,-3.671875,1.0,primary
mention_frequency,3,2021-07-28,0.0,5.879019468718285,-3.671875,1.0,primary
mention_frequency,3,2021-09-22,0.0,2.8999826458226177,-3.671875,1.0,primary
mention_frequency,3,2021-11-03,0.0,9.746395071848701,-3.671875,1.0,primary
mention_frequency,3,2021-12-15,0.0,-5.7112352640272634,-3.671875,1.0,primary
mention_frequency,3,2022-01-26,25.0,-5.683971998004365,-3.671875,1.0,primary
mention_frequency,3,2022-03-16,50.0,-1.9094762266501166,-3.671875,1.0,primary
mention_frequency,3,2022-05-04,75.0,-4.399550915799809,-3.671875,1.0,primary
mention_frequency,3,2022-06-15,75.0,11.499912836980718,-3.671875,1.0,primary
mention_frequency,3,2022-07-27,75.0,22.504182087833374,-3.671875,1.0,primary
mention_frequency,4,2022-09-21,75.0,32.8681235131251,-1.5972222222222223,1.0,primary
mention_frequency,4,2022-11-02,50.0,28.063817516150827,-1.5972222222222223,1.0,primary
mention_frequency,4,2022-12-14,25.0,20.571097681545115,-1.5972222222222223,1.0,primary
mention_frequency,4,2023-02-01,25.0,-2.4230847183957764,-1.5972222222222223,1.0,primary
mention_frequency,4,2023-03-22,25.0,0.39095039674065246,-1.5972222222222223,1.0,primary
mention_frequency,4,2023-05-03,0.0,1.7570302974033196,-1.5972222222222223,1.0,primary
mention_frequency,4,2023-06-14,25.0,-6.444785351410207,-1.5972222222222223,1.0,primary
mention_frequency,4,2023-07-26,0.0,1.2863751346235417,-1.5972222222222223,1.0,primary
mention_frequency,4,2023-09-20,0.0,-13.973734835390347,-1.5972222222222223,1.0,primary
mention_frequency,4,2023-11-01,0.0,-11.936088966501849,-1.5972222222222223,1.0,primary
mention_frequency,4,2023-12-13,0.0,-5.038893577430356,-1.5972222222222223,1.0,primary
mention_frequency,4,2024-01-31,0.0,-4.65114391469535,-1.5972222222222223,1.0,primary
mention_frequency,4,2024-03-20,0.0,-9.044974880154049,-1.5972222222222223,1.0,primary
mention_frequency,4,2024-05-01,0.0,-6.683957772027158,-1.5972222222222223,1.0,primary
mention_frequency,4,2024-06-12,0.0,-0.5332651736381466,-1.5972222222222223,1.0,primary
mention_frequency,4,2024-07-31,-50.0,-4.83006160230828,-1.5972222222222223,1.0,primary
mention_frequency,4,2024-09-18,-25.0,-22.95869602552656,-1.5972222222222223,1.0,primary
mention_frequency,4,2024-11-07,-25.0,-12.42252561554149,-1.5972222222222223,1.0,primary
rules,0,2012-09-13,0.0,9.264759799460311,-5.875,1.0,primary
rules,0,2012-10-24,0.0,11.779294779605872,-5.875,1.0,primary
rules,0,2012-12-12,0.0,1.210913408995288,-5.875,1.0,primary
rules,0,2013-01-30,0.0,7.741116029528499,-5.875,1.0,primary
rules,0,2013-03-20,0.0,8.601914850038497,-5.875,1.0,primary
rules,0,2013-05-01,0.0,9.411184764501748,-5.875,1.0,primary
rules,0,2013-06-19,0.0,-0.768892570791424,-5.875,1.0,primary
rules,0,2013-07-31,0.0,13.906641414940905,-5.875,1.0,primary
rules,0,2013-09-18,0.0,10.766467521548032,-5.875,1.0,primary
rules,0,2013-10-30,0.0,11.745892927973516,-5.875,1.0,primary
rules,0,2013-12-18,0.0,11.518464030419247,-5.875,1.0,primary
rules,0,2014-01-29,0.0,6.131093796672269,-5.875,1.0,primary
rules,0,2014-03-19,0.0,14.337898506279666,-5.875,1.0,primary
rules,0,2014-04-30,0.0,7.946995834247494,-5.875,1.0,primary
rules,0,2014-06-18,0.0,13.678774325724527,-5.875,1.0,primary
rules,0,2014-07-30,0.0,9.334829258675809,-5.875,1.0,primary
rules,0,2014-09-17,0.0,10.668205122273681,-5.875,1.0,primary
rules,0,2014-10-29,0.0,2.2452182448670257,-5.875,1.0,primary
rules,0,2014-12-17,0.0,16.257010433423005,-5.875,1.0,primary
rules,0,2015-01-28,0.0,5.955978546585023,-5.875,1.0,primary
rules,1,2015-03-18,0.0,10.042969519655276,-4.895833333333333,0.0001,primary
rules,1,2015-04-29,0.0,10.5645308815375,-4.895833333333333,0.0001,primary
rules,1,2015-06-17,0.0,7.260465928974013,-4.895833333333333,0.0001,primary
rules,1,2015-07-29,0.0,-5.147520877856162,-4.895833333333333,0.0001,primary
rules,1,2015-09-17,0.0,-10.823236335011643,-4.895833333333333,0.0001,primary
rules,1,2015-10-28,25.0,7.61477140920305,-4.895833333333333,0.0001,primary
rules,1,2015-12-16,0.0,0.6454845576553376,-4.895833333333333,0.0001,primary
rules,1,2016-01-27,0.0,-14.73513906969529,-4.895833333333333,0.0001,primary
rules,1,2016-03-16,0.0,7.255295682447589,-4.895833333333333,0.0001,primary
rules,1,2016-04-27,0.0,5.701034669716189,-4.895833333333333,0.0001,primary
rules,1,2016-06-15,0.0,3.2298990662671825,-4.895833333333333,0.0001,primary
rules,1,2016-07-27,0.0,5.016826402758892,-4.895833333333333,0.0001,primary
rules,1,2016-09-21,0.0,5.833600336378255,-4.895833333333333,0.0001,primary
rules,1,2016-11-02,25.0,-9.025378350363326,-4.895833333333333,0.0001,primary
rules,1,2016-12-14,0.0,17.441608073075063,-4.895833333333333,0.0001,primary
rules,1,2017-02-01,25.0,-0.6290051232443528,-4.895833333333333,0.0001,primary
rules,1,2017-03-15,0.0,18.62069955507297,-4.895833333333333,0.0001,primary
rules,1,2017-05-03,25.0,6.369294443091563,-4.895833333333333,0.0001,primary
rules,1,2017-06-14,0.0,15.196309947563574,-4.895833333333333,0.0001,primary
rules,1,2017-07-26,0.0,0.5270512548357171,-4.895833333333333,0.0001,primary
rules,2,2017-09-20,0.0,4.661960564467758,-3.482142857142857,10.0,primary
rules,2,2017-11-01,25.0,1.8857245630183996,-3.482142857142857,10.0,primary
rules,2,2017-12-13,0.0,3.900468324427724,-3.482142857142857,10.0,primary
rules,2,2018-01-31,25.0,-4.381280129424152,-3.482142857142857,10.0,primary
rules,2,2018-03-21,0.0,-1.8028505803126484,-3.482142857142857,10.0,primary
rules,2,2018-05-02,25.0,-11.435859492598759,-3.482142857142857,10.0,primary
rules,2,2018-06-13,0.0,8.11870431107238,-3.482142857142857,10.0,primary
rules,2,2018-08-01,25.0,-0.4337406521346048,-3.482142857142857,10.0,primary
rules,2,2018-09-26,0.0,2.100437829929718,-3.482142857142857,10.0,primary
rules,2,2018-11-08,25.0,-24.187845791869208,-3.482142857142857,10.0,primary
rules,2,2018-12-19,0.0,-12.037433878438044,-3.482142857142857,10.0,primary
rules,2,2019-01-30,0.0,-10.315209329906343,-3.482142857142857,10.0,primary
rules,2,2019-03-20,0.0,3.7207617036892504,-3.482142857142857,10.0,primary
rules,2,2019-05-01,0.0,-0.5965327857832765,-3.482142857142857,10.0,primary
rules,2,2019-06-19,-25.0,-6.289565144548645,-3.482142857142857,10.0,primary
rules,2,2019-07-31,-25.0,-2.388631839549686,-3.482142857142857,10.0,primary
rules,2,2019-09-18,-25.0,-8.853231990427526,-3.482142857142857,10.0,primary
rules,2,2019-10-30,0.0,-2.436315092550832,-3.482142857142857,10.0,primary
rules,2,2019-12-11,0.0,4.851170578246467,-3.482142857142857,10.0,primary
rules,2,2020-01-29,-150.0,-19.514050117651102,-3.482142857142857,10.0,primary
rules,3,2020-03-15,0.0,-99.18736358473704,-3.671875,1.0,primary
rules,3,2020-04-29,0.0,-2.3978217565288515,-3.671875,1.0,primary
rules,3,2020-06-10,0.0,0.0123208162919628,-3.671875,1.0,primary
rules,3,2020-07-29,0.0,10.137699213156735,-3.671875,1.0,primary
rules,3,2020-09-16,0.0,7.2895731788617155,-3.671875,1.0,primary
rules,3,2020-11-05,0.0,0.6487620101550702,-3.671875,1.0,primary
rules,3,2020-12-16,0.0,2.0967359153480896,-3.671875,1.0,primary
rules,3,2021-01-27,0.0,-4.405078280792683,-3.671875,1.0,primary
rules,3,2021-03-17,0.0,-3.8596789769541013,-3.671875,1.0,primary
rules,3,2021-04-28,0.0,6.23876232827315,-3.671875,1.0,primary
rules,3,2021-06-16,0.0,-1.2991816907949714,-3.671875,1.0,primary
rules,3,2021-07-28,0.0,5.997028336620145,-3.671875,1.0,primary
rules,3,2021-09-22,0.0,4.893923790292478,-3.671875,1.0,primary
rules,3,2021-11-03,0.0,3.8385373461722683,-3.671875,1.0,primary
rules,3,2021-12-15,0.0,-0.10998088462187194,-3.671875,1.0,primary
rules,3,2022-01-26,25.0,-8.877838158551256,-3.671875,1.0,primary
rules,3,2022-03-16,50.0,-1.1890372355471728,-3.671875,1.0,primary
rules,3,2022-05-04,75.0,-5.340611850712032,-3.671875,1.0,primary
rules,3,2022-06-15,75.0,13.379777059690854,-3.671875,1.0,primary
rules,3,2022-07-27,75.0,26.173055334035645,-3.671875,1.0,primary
rules,4,2022-09-21,75.0,19.268214928954567,-1.5972222222222223,10.0,primary
rules,4,2022-11-02,50.0,20.74408198264168,-1.5972222222222223,10.0,primary
rules,4,2022-12-14,25.0,14.57760169090701,-1.5972222222222223,10.0,primary
rules,4,2023-02-01,25.0,-1.725608425544773,-1.5972222222222223,10.0,primary
rules,4,2023-03-22,25.0,-0.8574749791643476,-1.5972222222222223,10.0,primary
rules,4,2023-05-03,0.0,5.762986993149515,-1.5972222222222223,10.0,primary
rules,4,2023-06-14,25.0,-2.8205986376402907,-1.5972222222222223,10.0,primary
rules,4,2023-07-26,0.0,0.26819741774230277,-1.5972222222222223,10.0,primary
rules,4,2023-09-20,0.0,-11.959012653465429,-1.5972222222222223,10.0,primary
rules,4,2023-11-01,0.0,-7.614914036050404,-1.5972222222222223,10.0,primary
rules,4,2023-12-13,0.0,-0.9646009971768559,-1.5972222222222223,10.0,primary
rules,4,2024-01-31,0.0,-0.7769477966003664,-1.5972222222222223,10.0,primary
rules,4,2024-03-20,0.0,-3.7041169209128855,-1.5972222222222223,10.0,primary
rules,4,2024-05-01,0.0,-3.8521891408394717,-1.5972222222222223,10.0,primary
rules,4,2024-06-12,0.0,-0.1522444622792507,-1.5972222222222223,10.0,primary
rules,4,2024-07-31,-50.0,-4.323902681368063,-1.5972222222222223,10.0,primary
rules,4,2024-09-18,-25.0,-10.720248244915021,-1.5972222222222223,10.0,primary
rules,4,2024-11-07,-25.0,-10.544541294267132,-1.5972222222222223,10.0,primary
flash,0,2012-09-13,0.0,5.2378297619513265,-5.875,10.0,primary
flash,0,2012-10-24,0.0,-1.5656433862154628,-5.875,10.0,primary
flash,0,2012-12-12,0.0,1.7671382645129539,-5.875,10.0,primary
flash,0,2013-01-30,0.0,4.11963130234879,-5.875,10.0,primary
flash,0,2013-03-20,0.0,3.455594049851804,-5.875,10.0,primary
flash,0,2013-05-01,0.0,7.038919501930744,-5.875,10.0,primary
flash,0,2013-06-19,0.0,-0.4867574074183185,-5.875,10.0,primary
flash,0,2013-07-31,0.0,6.7961848084545,-5.875,10.0,primary
flash,0,2013-09-18,0.0,3.986150853768768,-5.875,10.0,primary
flash,0,2013-10-30,0.0,5.6648382251842975,-5.875,10.0,primary
flash,0,2013-12-18,0.0,3.298884822689333,-5.875,10.0,primary
flash,0,2014-01-29,0.0,2.4386634005219303,-5.875,10.0,primary
flash,0,2014-03-19,0.0,6.3879713096862005,-5.875,10.0,primary
flash,0,2014-04-30,0.0,2.508025438539166,-5.875,10.0,primary
flash,0,2014-06-18,0.0,6.256379822183058,-5.875,10.0,primary
flash,0,2014-07-30,0.0,1.5936305260235386,-5.875,10.0,primary
flash,0,2014-09-17,0.0,4.0478770898498,-5.875,10.0,primary
flash,0,2014-10-29,0.0,-6.918020651953148,-5.875,10.0,primary
flash,0,2014-12-17,0.0,6.212569193714966,-5.875,10.0,primary
flash,0,2015-01-28,0.0,4.289131837286012,-5.875,10.0,primary
flash,1,2015-03-18,0.0,4.742442716362297,-4.895833333333333,10.0,primary
flash,1,2015-04-29,0.0,6.203151150155599,-4.895833333333333,10.0,primary
flash,1,2015-06-17,0.0,-1.0233343955333427,-4.895833333333333,10.0,primary
flash,1,2015-07-29,0.0,-4.559977551957999,-4.895833333333333,10.0,primary
flash,1,2015-09-17,0.0,-18.69955688124022,-4.895833333333333,10.0,primary
flash,1,2015-10-28,25.0,2.5824943086605066,-4.895833333333333,10.0,primary
flash,1,2015-12-16,0.0,-4.311569197566302,-4.895833333333333,10.0,primary
flash,1,2016-01-27,0.0,-17.63487665391025,-4.895833333333333,10.0,primary
flash,1,2016-03-16,0.0,0.526085254828371,-4.895833333333333,10.0,primary
flash,1,2016-04-27,0.0,5.865209921106932,-4.895833333333333,10.0,primary
flash,1,2016-06-15,0.0,-3.8903068914611882,-4.895833333333333,10.0,primary
flash,1,2016-07-27,0.0,2.5421324323679864,-4.895833333333333,10.0,primary
flash,1,2016-09-21,0.0,-0.3695123081635172,-4.895833333333333,10.0,primary
flash,1,2016-11-02,25.0,-1.000367854128033,-4.895833333333333,10.0,primary
flash,1,2016-12-14,0.0,10.793611003909533,-4.895833333333333,10.0,primary
flash,1,2017-02-01,25.0,5.097026113729659,-4.895833333333333,10.0,primary
flash,1,2017-03-15,0.0,10.858974165242454,-4.895833333333333,10.0,primary
flash,1,2017-05-03,25.0,3.749558973700103,-4.895833333333333,10.0,primary
flash,1,2017-06-14,0.0,9.61509736261533,-4.895833333333333,10.0,primary
flash,1,2017-07-26,0.0,4.878254590537776,-4.895833333333333,10.0,primary
flash,2,2017-09-20,0.0,3.4204116957408983,-3.482142857142857,10.0,primary
flash,2,2017-11-01,25.0,3.5114529322410934,-3.482142857142857,10.0,primary
flash,2,2017-12-13,0.0,4.834389423231982,-3.482142857142857,10.0,primary
flash,2,2018-01-31,25.0,1.1110442033528711,-3.482142857142857,10.0,primary
flash,2,2018-03-21,0.0,-6.175606560334259,-3.482142857142857,10.0,primary
flash,2,2018-05-02,25.0,-6.274980640735407,-3.482142857142857,10.0,primary
flash,2,2018-06-13,0.0,6.225285927040075,-3.482142857142857,10.0,primary
flash,2,2018-08-01,25.0,0.02000367488488264,-3.482142857142857,10.0,primary
flash,2,2018-09-26,0.0,0.45978551147487456,-3.482142857142857,10.0,primary
flash,2,2018-11-08,25.0,-28.142326178690627,-3.482142857142857,10.0,primary
flash,2,2018-12-19,0.0,-13.192457101049278,-3.482142857142857,10.0,primary
flash,2,2019-01-30,0.0,-1.7233497050044693,-3.482142857142857,10.0,primary
flash,2,2019-03-20,0.0,0.7135902844831161,-3.482142857142857,10.0,primary
flash,2,2019-05-01,0.0,2.1384842977044807,-3.482142857142857,10.0,primary
flash,2,2019-06-19,-25.0,-5.510530748692952,-3.482142857142857,10.0,primary
flash,2,2019-07-31,-25.0,-2.607206947909682,-3.482142857142857,10.0,primary
flash,2,2019-09-18,-25.0,-3.4031359275190454,-3.482142857142857,10.0,primary
flash,2,2019-10-30,0.0,1.577057945443415,-3.482142857142857,10.0,primary
flash,2,2019-12-11,0.0,2.7666634754919075,-3.482142857142857,10.0,primary
flash,2,2020-01-29,-150.0,-14.53124519321334,-3.482142857142857,10.0,primary
flash,3,2020-03-15,0.0,-60.49423474923472,-3.671875,10.0,primary
flash,3,2020-04-29,0.0,-0.6433145629620474,-3.671875,10.0,primary
flash,3,2020-06-10,0.0,1.2958811767914473,-3.671875,10.0,primary
flash,3,2020-07-29,0.0,8.206956402486561,-3.671875,10.0,primary
flash,3,2020-09-16,0.0,3.7486180279629786,-3.671875,10.0,primary
flash,3,2020-11-05,0.0,0.8545938243333393,-3.671875,10.0,primary
flash,3,2020-12-16,0.0,2.0337114621938794,-3.671875,10.0,primary
flash,3,2021-01-27,0.0,0.6666131103660784,-3.671875,10.0,primary
flash,3,2021-03-17,0.0,0.9531211643743762,-3.671875,10.0,primary
flash,3,2021-04-28,0.0,4.492226056655481,-3.671875,10.0,primary
flash,3,2021-06-16,0.0,1.1267461947047717,-3.671875,10.0,primary
flash,3,2021-07-28,0.0,0.21595205522238503,-3.671875,10.0,primary
flash,3,2021-09-22,0.0,5.534920490585977,-3.671875,10.0,primary
flash,3,2021-11-03,0.0,4.020638863342558,-3.671875,10.0,primary
flash,3,2021-12-15,0.0,-1.861381247697692,-3.671875,10.0,primary
flash,3,2022-01-26,25.0,-8.513893225562374,-3.671875,10.0,primary
flash,3,2022-03-16,50.0,-5.609674088632206,-3.671875,10.0,primary
flash,3,2022-05-04,75.0,-6.143105997663797,-3.671875,10.0,primary
flash,3,2022-06-15,75.0,5.314889179764291,-3.671875,10.0,primary
flash,3,2022-07-27,75.0,13.566814478097386,-3.671875,10.0,primary
flash,4,2022-09-21,75.0,18.01304792283769,-1.5972222222222223,10.0,primary
flash,4,2022-11-02,50.0,23.16266059627616,-1.5972222222222223,10.0,primary
flash,4,2022-12-14,25.0,12.500870422081125,-1.5972222222222223,10.0,primary
flash,4,2023-02-01,25.0,-1.3111344629284811,-1.5972222222222223,10.0,primary
flash,4,2023-03-22,25.0,-1.1575886765735264,-1.5972222222222223,10.0,primary
flash,4,2023-05-03,0.0,3.2863318250761795,-1.5972222222222223,10.0,primary
flash,4,2023-06-14,25.0,-2.5888251318456534,-1.5972222222222223,10.0,primary
flash,4,2023-07-26,0.0,0.5042696756676384,-1.5972222222222223,10.0,primary
flash,4,2023-09-20,0.0,-9.04592849390097,-1.5972222222222223,10.0,primary
flash,4,2023-11-01,0.0,-7.413057423789117,-1.5972222222222223,10.0,primary
flash,4,2023-12-13,0.0,-3.1795095107090514,-1.5972222222222223,10.0,primary
flash,4,2024-01-31,0.0,-2.8522696364329407,-1.5972222222222223,10.0,primary
flash,4,2024-03-20,0.0,-6.2223999044868235,-1.5972222222222223,10.0,primary
flash,4,2024-05-01,0.0,-4.70658369514748,-1.5972222222222223,10.0,primary
flash,4,2024-06-12,0.0,-1.0861614311293544,-1.5972222222222223,10.0,primary
flash,4,2024-07-31,-50.0,-2.9844437654415303,-1.5972222222222223,10.0,primary
flash,4,2024-09-18,-25.0,-14.509135986929191,-1.5972222222222223,10.0,primary
flash,4,2024-11-07,-25.0,-7.625352423094362,-1.5972222222222223,10.0,primary
embedding,0,2012-09-13,0.0,8.258842746512332,-5.875,1.0,primary
embedding,0,2012-10-24,0.0,5.504410230212756,-5.875,1.0,primary
embedding,0,2012-12-12,0.0,5.85195493633056,-5.875,1.0,primary
embedding,0,2013-01-30,0.0,3.614910683306481,-5.875,1.0,primary
embedding,0,2013-03-20,0.0,8.970947064568243,-5.875,1.0,primary
embedding,0,2013-05-01,0.0,5.440516696426456,-5.875,1.0,primary
embedding,0,2013-06-19,0.0,-1.0877708806797566,-5.875,1.0,primary
embedding,0,2013-07-31,0.0,11.617496276255242,-5.875,1.0,primary
embedding,0,2013-09-18,0.0,7.443315255811732,-5.875,1.0,primary
embedding,0,2013-10-30,0.0,8.16596024800804,-5.875,1.0,primary
embedding,0,2013-12-18,0.0,8.230031961901698,-5.875,1.0,primary
embedding,0,2014-01-29,0.0,8.075188781366972,-5.875,1.0,primary
embedding,0,2014-03-19,0.0,14.569249389772175,-5.875,1.0,primary
embedding,0,2014-04-30,0.0,8.264759473686745,-5.875,1.0,primary
embedding,0,2014-06-18,0.0,14.303176863436423,-5.875,1.0,primary
embedding,0,2014-07-30,0.0,5.574911934833728,-5.875,1.0,primary
embedding,0,2014-09-17,0.0,10.368205189877795,-5.875,1.0,primary
embedding,0,2014-10-29,0.0,3.2890412796585684,-5.875,1.0,primary
embedding,0,2014-12-17,0.0,11.681576404950054,-5.875,1.0,primary
embedding,0,2015-01-28,0.0,3.475822689856373,-5.875,1.0,primary
embedding,1,2015-03-18,0.0,8.69293677752028,-4.895833333333333,1.0,primary
embedding,1,2015-04-29,0.0,10.351105997105766,-4.895833333333333,1.0,primary
embedding,1,2015-06-17,0.0,2.9170793566005413,-4.895833333333333,1.0,primary
embedding,1,2015-07-29,0.0,-6.910808576946227,-4.895833333333333,1.0,primary
embedding,1,2015-09-17,0.0,-12.170294655934551,-4.895833333333333,1.0,primary
embedding,1,2015-10-28,25.0,2.241167619373929,-4.895833333333333,1.0,primary
embedding,1,2015-12-16,0.0,-5.207091085267374,-4.895833333333333,1.0,primary
embedding,1,2016-01-27,0.0,-9.094758313291354,-4.895833333333333,1.0,primary
embedding,1,2016-03-16,0.0,10.986592443157146,-4.895833333333333,1.0,primary
embedding,1,2016-04-27,0.0,9.947987181612042,-4.895833333333333,1.0,primary
embedding,1,2016-06-15,0.0,-4.993949517538709,-4.895833333333333,1.0,primary
embedding,1,2016-07-27,0.0,4.637765298975274,-4.895833333333333,1.0,primary
embedding,1,2016-09-21,0.0,2.832661055735257,-4.895833333333333,1.0,primary
embedding,1,2016-11-02,25.0,-5.937298851772758,-4.895833333333333,1.0,primary
embedding,1,2016-12-14,0.0,15.180117317299398,-4.895833333333333,1.0,primary
embedding,1,2017-02-01,25.0,8.951922566078395,-4.895833333333333,1.0,primary
embedding,1,2017-03-15,0.0,18.23709098068413,-4.895833333333333,1.0,primary
embedding,1,2017-05-03,25.0,9.030054761281257,-4.895833333333333,1.0,primary
embedding,1,2017-06-14,0.0,13.001658984217062,-4.895833333333333,1.0,primary
embedding,1,2017-07-26,0.0,5.938857783499473,-4.895833333333333,1.0,primary
embedding,2,2017-09-20,0.0,4.639431569825131,-3.482142857142857,1.0,primary
embedding,2,2017-11-01,25.0,2.256919996557914,-3.482142857142857,1.0,primary
embedding,2,2017-12-13,0.0,8.117912413515405,-3.482142857142857,1.0,primary
embedding,2,2018-01-31,25.0,2.093417008419205,-3.482142857142857,1.0,primary
embedding,2,2018-03-21,0.0,5.216216798905931,-3.482142857142857,1.0,primary
embedding,2,2018-05-02,25.0,-3.7199573046862344,-3.482142857142857,1.0,primary
embedding,2,2018-06-13,0.0,9.983946912846337,-3.482142857142857,1.0,primary
embedding,2,2018-08-01,25.0,-0.6974767817236152,-3.482142857142857,1.0,primary
embedding,2,2018-09-26,0.0,2.7462071694347894,-3.482142857142857,1.0,primary
embedding,2,2018-11-08,25.0,-14.772910378650446,-3.482142857142857,1.0,primary
embedding,2,2018-12-19,0.0,-15.276935579807025,-3.482142857142857,1.0,primary
embedding,2,2019-01-30,0.0,-5.064026207109714,-3.482142857142857,1.0,primary
embedding,2,2019-03-20,0.0,-4.713600747544362,-3.482142857142857,1.0,primary
embedding,2,2019-05-01,0.0,0.07458770690940408,-3.482142857142857,1.0,primary
embedding,2,2019-06-19,-25.0,-8.81640801701586,-3.482142857142857,1.0,primary
embedding,2,2019-07-31,-25.0,-6.510549552571301,-3.482142857142857,1.0,primary
embedding,2,2019-09-18,-25.0,-6.892905066009069,-3.482142857142857,1.0,primary
embedding,2,2019-10-30,0.0,-4.434992258343138,-3.482142857142857,1.0,primary
embedding,2,2019-12-11,0.0,9.309445092344252,-3.482142857142857,1.0,primary
embedding,2,2020-01-29,-150.0,-19.758810774214332,-3.482142857142857,1.0,primary
embedding,3,2020-03-15,0.0,-103.88869948271905,-3.671875,1.0,primary
embedding,3,2020-04-29,0.0,-24.030802260275735,-3.671875,1.0,primary
embedding,3,2020-06-10,0.0,-9.31494712929505,-3.671875,1.0,primary
embedding,3,2020-07-29,0.0,-16.973184989914902,-3.671875,1.0,primary
embedding,3,2020-09-16,0.0,2.9826938229929434,-3.671875,1.0,primary
embedding,3,2020-11-05,0.0,2.055318227632479,-3.671875,1.0,primary
embedding,3,2020-12-16,0.0,-2.194560639488832,-3.671875,1.0,primary
embedding,3,2021-01-27,0.0,1.2911939388068667,-3.671875,1.0,primary
embedding,3,2021-03-17,0.0,-8.716136739996381,-3.671875,1.0,primary
embedding,3,2021-04-28,0.0,1.4603920622901994,-3.671875,1.0,primary
embedding,3,2021-06-16,0.0,-3.5809517280259526,-3.671875,1.0,primary
embedding,3,2021-07-28,0.0,-4.2529618920517205,-3.671875,1.0,primary
embedding,3,2021-09-22,0.0,4.299170199603149,-3.671875,1.0,primary
embedding,3,2021-11-03,0.0,5.6854121301313425,-3.671875,1.0,primary
embedding,3,2021-12-15,0.0,-3.4883841665552873,-3.671875,1.0,primary
embedding,3,2022-01-26,25.0,-4.723762743710193,-3.671875,1.0,primary
embedding,3,2022-03-16,50.0,-1.8998774909817677,-3.671875,1.0,primary
embedding,3,2022-05-04,75.0,-10.371044046739321,-3.671875,1.0,primary
embedding,3,2022-06-15,75.0,1.6137808650618748,-3.671875,1.0,primary
embedding,3,2022-07-27,75.0,12.89706894029052,-3.671875,1.0,primary
embedding,4,2022-09-21,75.0,20.17235377502184,-1.5972222222222223,10.0,primary
embedding,4,2022-11-02,50.0,19.109429408174115,-1.5972222222222223,10.0,primary
embedding,4,2022-12-14,25.0,12.227655191632302,-1.5972222222222223,10.0,primary
embedding,4,2023-02-01,25.0,-5.017669346458243,-1.5972222222222223,10.0,primary
embedding,4,2023-03-22,25.0,-1.6296329515398946,-1.5972222222222223,10.0,primary
embedding,4,2023-05-03,0.0,3.190730582726381,-1.5972222222222223,10.0,primary
embedding,4,2023-06-14,25.0,-0.3136431623181344,-1.5972222222222223,10.0,primary
embedding,4,2023-07-26,0.0,3.640642965873287,-1.5972222222222223,10.0,primary
embedding,4,2023-09-20,0.0,-5.811357044177708,-1.5972222222222223,10.0,primary
embedding,4,2023-11-01,0.0,-5.348547704269123,-1.5972222222222223,10.0,primary
embedding,4,2023-12-13,0.0,-0.5387338268088087,-1.5972222222222223,10.0,primary
embedding,4,2024-01-31,0.0,0.9590562088081289,-1.5972222222222223,10.0,primary
embedding,4,2024-03-20,0.0,-2.667530657011863,-1.5972222222222223,10.0,primary
embedding,4,2024-05-01,0.0,-1.3740333832729472,-1.5972222222222223,10.0,primary
embedding,4,2024-06-12,0.0,0.4484133489913624,-1.5972222222222223,10.0,primary
embedding,4,2024-07-31,-50.0,-3.103057547080918,-1.5972222222222223,10.0,primary
embedding,4,2024-09-18,-25.0,-12.11643095823404,-1.5972222222222223,10.0,primary
embedding,4,2024-11-07,-25.0,-1.9704515589507703,-1.5972222222222223,10.0,primary
controls_only,0,2012-09-13,0.0,6.106744734241015,-5.875,1.0,S1_forecast
controls_only,0,2012-10-24,0.0,0.8187729185681141,-5.875,1.0,S1_forecast
controls_only,0,2012-12-12,0.0,4.708384475339797,-5.875,1.0,S1_forecast
controls_only,0,2013-01-30,0.0,7.0788687704471505,-5.875,1.0,S1_forecast
controls_only,0,2013-03-20,0.0,5.614849460334498,-5.875,1.0,S1_forecast
controls_only,0,2013-05-01,0.0,5.362748632196982,-5.875,1.0,S1_forecast
controls_only,0,2013-06-19,0.0,5.395377243826133,-5.875,1.0,S1_forecast
controls_only,0,2013-07-31,0.0,6.2760293398864,-5.875,1.0,S1_forecast
controls_only,0,2013-09-18,0.0,3.573711068801237,-5.875,1.0,S1_forecast
controls_only,0,2013-10-30,0.0,5.192397607582259,-5.875,1.0,S1_forecast
controls_only,0,2013-12-18,0.0,5.093476973978464,-5.875,1.0,S1_forecast
controls_only,0,2014-01-29,0.0,2.8928463943217606,-5.875,1.0,S1_forecast
controls_only,0,2014-03-19,0.0,5.643132758043881,-5.875,1.0,S1_forecast
controls_only,0,2014-04-30,0.0,4.263426539496396,-5.875,1.0,S1_forecast
controls_only,0,2014-06-18,0.0,5.48931551534893,-5.875,1.0,S1_forecast
controls_only,0,2014-07-30,0.0,4.8993563976112915,-5.875,1.0,S1_forecast
controls_only,0,2014-09-17,0.0,5.491986632271057,-5.875,1.0,S1_forecast
controls_only,0,2014-10-29,0.0,0.5144962631514645,-5.875,1.0,S1_forecast
controls_only,0,2014-12-17,0.0,4.131139936314926,-5.875,1.0,S1_forecast
controls_only,0,2015-01-28,0.0,5.604185359158749,-5.875,1.0,S1_forecast
controls_only,1,2015-03-18,0.0,4.056540518631354,-4.895833333333333,1.0,S1_forecast
controls_only,1,2015-04-29,0.0,3.301382230105964,-4.895833333333333,1.0,S1_forecast
controls_only,1,2015-06-17,0.0,2.917903513525907,-4.895833333333333,1.0,S1_forecast
controls_only,1,2015-07-29,0.0,-1.0162998374905095,-4.895833333333333,1.0,S1_forecast
controls_only,1,2015-09-17,0.0,-7.117988629606328,-4.895833333333333,1.0,S1_forecast
controls_only,1,2015-10-28,25.0,5.124535101462045,-4.895833333333333,1.0,S1_forecast
controls_only,1,2015-12-16,0.0,9.10083880408525,-4.895833333333333,1.0,S1_forecast
controls_only,1,2016-01-27,0.0,-9.796775276835112,-4.895833333333333,1.0,S1_forecast
controls_only,1,2016-03-16,0.0,4.95509529848385,-4.895833333333333,1.0,S1_forecast
controls_only,1,2016-04-27,0.0,3.523210798100961,-4.895833333333333,1.0,S1_forecast
controls_only,1,2016-06-15,0.0,2.682130063600372,-4.895833333333333,1.0,S1_forecast
controls_only,1,2016-07-27,0.0,4.434043138504474,-4.895833333333333,1.0,S1_forecast
controls_only,1,2016-09-21,0.0,0.6012190098200536,-4.895833333333333,1.0,S1_forecast
controls_only,1,2016-11-02,25.0,-1.0700587944023856,-4.895833333333333,1.0,S1_forecast
controls_only,1,2016-12-14,0.0,16.904571136426867,-4.895833333333333,1.0,S1_forecast
controls_only,1,2017-02-01,25.0,3.323696572208095,-4.895833333333333,1.0,S1_forecast
controls_only,1,2017-03-15,0.0,15.111480370178882,-4.895833333333333,1.0,S1_forecast
controls_only,1,2017-05-03,25.0,1.9460205776634663,-4.895833333333333,1.0,S1_forecast
controls_only,1,2017-06-14,0.0,13.843802051801717,-4.895833333333333,1.0,S1_forecast
controls_only,1,2017-07-26,0.0,1.889420127842012,-4.895833333333333,1.0,S1_forecast
controls_only,2,2017-09-20,0.0,1.5268793790928878,-3.482142857142857,10.0,S1_forecast
controls_only,2,2017-11-01,25.0,1.657918463562078,-3.482142857142857,10.0,S1_forecast
controls_only,2,2017-12-13,0.0,10.153938472731706,-3.482142857142857,10.0,S1_forecast
controls_only,2,2018-01-31,25.0,3.3272100323319007,-3.482142857142857,10.0,S1_forecast
controls_only,2,2018-03-21,0.0,3.363036469099825,-3.482142857142857,10.0,S1_forecast
controls_only,2,2018-05-02,25.0,0.6698231990859354,-3.482142857142857,10.0,S1_forecast
controls_only,2,2018-06-13,0.0,9.780275882033536,-3.482142857142857,10.0,S1_forecast
controls_only,2,2018-08-01,25.0,0.5270000552854537,-3.482142857142857,10.0,S1_forecast
controls_only,2,2018-09-26,0.0,9.20719629945247,-3.482142857142857,10.0,S1_forecast
controls_only,2,2018-11-08,25.0,-8.409092438465077,-3.482142857142857,10.0,S1_forecast
controls_only,2,2018-12-19,0.0,-4.520953187633545,-3.482142857142857,10.0,S1_forecast
controls_only,2,2019-01-30,0.0,2.301171208268406,-3.482142857142857,10.0,S1_forecast
controls_only,2,2019-03-20,0.0,0.44533961391431864,-3.482142857142857,10.0,S1_forecast
controls_only,2,2019-05-01,0.0,0.3176608175726914,-3.482142857142857,10.0,S1_forecast
controls_only,2,2019-06-19,-25.0,-2.1065937149171807,-3.482142857142857,10.0,S1_forecast
controls_only,2,2019-07-31,-25.0,-8.214138238627108,-3.482142857142857,10.0,S1_forecast
controls_only,2,2019-09-18,-25.0,-7.955002064480546,-3.482142857142857,10.0,S1_forecast
controls_only,2,2019-10-30,0.0,-7.396966078730513,-3.482142857142857,10.0,S1_forecast
controls_only,2,2019-12-11,0.0,1.2824875953167965,-3.482142857142857,10.0,S1_forecast
controls_only,2,2020-01-29,-150.0,2.5030758553509846,-3.482142857142857,10.0,S1_forecast
controls_only,3,2020-03-15,0.0,-78.72166822072673,-3.671875,10.0,S1_forecast
controls_only,3,2020-04-29,0.0,5.046519752097245,-3.671875,10.0,S1_forecast
controls_only,3,2020-06-10,0.0,3.4812332356826636,-3.671875,10.0,S1_forecast
controls_only,3,2020-07-29,0.0,3.0129099075400023,-3.671875,10.0,S1_forecast
controls_only,3,2020-09-16,0.0,2.2565020193936722,-3.671875,10.0,S1_forecast
controls_only,3,2020-11-05,0.0,1.698719286307131,-3.671875,10.0,S1_forecast
controls_only,3,2020-12-16,0.0,2.454281069510581,-3.671875,10.0,S1_forecast
controls_only,3,2021-01-27,0.0,1.0391713216378204,-3.671875,10.0,S1_forecast
controls_only,3,2021-03-17,0.0,2.5773212393604275,-3.671875,10.0,S1_forecast
controls_only,3,2021-04-28,0.0,2.902498907055827,-3.671875,10.0,S1_forecast
controls_only,3,2021-06-16,0.0,1.7158302393654856,-3.671875,10.0,S1_forecast
controls_only,3,2021-07-28,0.0,2.365636633571621,-3.671875,10.0,S1_forecast
controls_only,3,2021-09-22,0.0,-0.10098287380426951,-3.671875,10.0,S1_forecast
controls_only,3,2021-11-03,0.0,2.50538064530217,-3.671875,10.0,S1_forecast
controls_only,3,2021-12-15,0.0,1.2898735419042668,-3.671875,10.0,S1_forecast
controls_only,3,2022-01-26,25.0,-7.20771415078939,-3.671875,10.0,S1_forecast
controls_only,3,2022-03-16,50.0,5.6925755630430235,-3.671875,10.0,S1_forecast
controls_only,3,2022-05-04,75.0,10.88747511101772,-3.671875,10.0,S1_forecast
controls_only,3,2022-06-15,75.0,13.47926085991864,-3.671875,10.0,S1_forecast
controls_only,3,2022-07-27,75.0,26.964828544052136,-3.671875,10.0,S1_forecast
controls_only,4,2022-09-21,75.0,23.315408369612438,-1.5972222222222223,10.0,S1_forecast
controls_only,4,2022-11-02,50.0,25.233634892736106,-1.5972222222222223,10.0,S1_forecast
controls_only,4,2022-12-14,25.0,15.174820258533773,-1.5972222222222223,10.0,S1_forecast
controls_only,4,2023-02-01,25.0,3.5528674303392487,-1.5972222222222223,10.0,S1_forecast
controls_only,4,2023-03-22,25.0,-0.31875130476272506,-1.5972222222222223,10.0,S1_forecast
controls_only,4,2023-05-03,0.0,3.7816253345593225,-1.5972222222222223,10.0,S1_forecast
controls_only,4,2023-06-14,25.0,-5.691103653884488,-1.5972222222222223,10.0,S1_forecast
controls_only,4,2023-07-26,0.0,3.025750879591735,-1.5972222222222223,10.0,S1_forecast
controls_only,4,2023-09-20,0.0,-8.672590570672263,-1.5972222222222223,10.0,S1_forecast
controls_only,4,2023-11-01,0.0,-9.801142263187819,-1.5972222222222223,10.0,S1_forecast
controls_only,4,2023-12-13,0.0,-6.0971672107595,-1.5972222222222223,10.0,S1_forecast
controls_only,4,2024-01-31,0.0,-6.320613109559895,-1.5972222222222223,10.0,S1_forecast
controls_only,4,2024-03-20,0.0,-6.457798068718382,-1.5972222222222223,10.0,S1_forecast
controls_only,4,2024-05-01,0.0,-8.905697955583125,-1.5972222222222223,10.0,S1_forecast
controls_only,4,2024-06-12,0.0,-6.273241170984655,-1.5972222222222223,10.0,S1_forecast
controls_only,4,2024-07-31,-50.0,-7.098880694076221,-1.5972222222222223,10.0,S1_forecast
controls_only,4,2024-09-18,-25.0,-25.09030299031369,-1.5972222222222223,10.0,S1_forecast
controls_only,4,2024-11-07,-25.0,-15.26926602425192,-1.5972222222222223,10.0,S1_forecast
mention_frequency,0,2012-09-13,0.0,3.008114511176341,-5.875,1.0,S1_forecast
mention_frequency,0,2012-10-24,0.0,-0.8588611004143356,-5.875,1.0,S1_forecast
mention_frequency,0,2012-12-12,0.0,2.652250957712589,-5.875,1.0,S1_forecast
mention_frequency,0,2013-01-30,0.0,8.30091150441264,-5.875,1.0,S1_forecast
mention_frequency,0,2013-03-20,0.0,3.1841445774274906,-5.875,1.0,S1_forecast
mention_frequency,0,2013-05-01,0.0,2.0046369607761827,-5.875,1.0,S1_forecast
mention_frequency,0,2013-06-19,0.0,-1.5293721154807942,-5.875,1.0,S1_forecast
mention_frequency,0,2013-07-31,0.0,3.3590848423614847,-5.875,1.0,S1_forecast
mention_frequency,0,2013-09-18,0.0,2.445607756952688,-5.875,1.0,S1_forecast
mention_frequency,0,2013-10-30,0.0,4.308436914435314,-5.875,1.0,S1_forecast
mention_frequency,0,2013-12-18,0.0,0.6398270621296867,-5.875,1.0,S1_forecast
mention_frequency,0,2014-01-29,0.0,0.9498578620753637,-5.875,1.0,S1_forecast
mention_frequency,0,2014-03-19,0.0,3.2093818114659722,-5.875,1.0,S1_forecast
mention_frequency,0,2014-04-30,0.0,1.3221469935608674,-5.875,1.0,S1_forecast
mention_frequency,0,2014-06-18,0.0,4.671485822699896,-5.875,1.0,S1_forecast
mention_frequency,0,2014-07-30,0.0,2.9349259854279204,-5.875,1.0,S1_forecast
mention_frequency,0,2014-09-17,0.0,5.520817192319864,-5.875,1.0,S1_forecast
mention_frequency,0,2014-10-29,0.0,-1.1327871310887012,-5.875,1.0,S1_forecast
mention_frequency,0,2014-12-17,0.0,3.8036644295387134,-5.875,1.0,S1_forecast
mention_frequency,0,2015-01-28,0.0,4.203655316896416,-5.875,1.0,S1_forecast
mention_frequency,1,2015-03-18,0.0,3.931559556335488,-4.895833333333333,1.0,S1_forecast
mention_frequency,1,2015-04-29,0.0,-1.3421242436592165,-4.895833333333333,1.0,S1_forecast
mention_frequency,1,2015-06-17,0.0,4.204730046624848,-4.895833333333333,1.0,S1_forecast
mention_frequency,1,2015-07-29,0.0,-3.671588466423521,-4.895833333333333,1.0,S1_forecast
mention_frequency,1,2015-09-17,0.0,-12.641901165038462,-4.895833333333333,1.0,S1_forecast
mention_frequency,1,2015-10-28,25.0,6.136889877100664,-4.895833333333333,1.0,S1_forecast
mention_frequency,1,2015-12-16,0.0,10.968652204020152,-4.895833333333333,1.0,S1_forecast
mention_frequency,1,2016-01-27,0.0,-13.5621620176833,-4.895833333333333,1.0,S1_forecast
mention_frequency,1,2016-03-16,0.0,2.5507651864542495,-4.895833333333333,1.0,S1_forecast
mention_frequency,1,2016-04-27,0.0,-0.21249159618377966,-4.895833333333333,1.0,S1_forecast
mention_frequency,1,2016-06-15,0.0,3.035920939251233,-4.895833333333333,1.0,S1_forecast
mention_frequency,1,2016-07-27,0.0,-2.574986183067108,-4.895833333333333,1.0,S1_forecast
mention_frequency,1,2016-09-21,0.0,3.6834618790453852,-4.895833333333333,1.0,S1_forecast
mention_frequency,1,2016-11-02,25.0,1.3322407637270786,-4.895833333333333,1.0,S1_forecast
mention_frequency,1,2016-12-14,0.0,13.840888645867626,-4.895833333333333,1.0,S1_forecast
mention_frequency,1,2017-02-01,25.0,0.9230301411979642,-4.895833333333333,1.0,S1_forecast
mention_frequency,1,2017-03-15,0.0,10.70865082668346,-4.895833333333333,1.0,S1_forecast
mention_frequency,1,2017-05-03,25.0,2.1608989204559013,-4.895833333333333,1.0,S1_forecast
mention_frequency,1,2017-06-14,0.0,11.701731107032899,-4.895833333333333,1.0,S1_forecast
mention_frequency,1,2017-07-26,0.0,-3.8426313372845273,-4.895833333333333,1.0,S1_forecast
mention_frequency,2,2017-09-20,0.0,2.1724472840534164,-3.482142857142857,1.0,S1_forecast
mention_frequency,2,2017-11-01,25.0,2.447772926145081,-3.482142857142857,1.0,S1_forecast
mention_frequency,2,2017-12-13,0.0,12.70069721814955,-3.482142857142857,1.0,S1_forecast
mention_frequency,2,2018-01-31,25.0,3.7717982112799895,-3.482142857142857,1.0,S1_forecast
mention_frequency,2,2018-03-21,0.0,-0.2446283595917924,-3.482142857142857,1.0,S1_forecast
mention_frequency,2,2018-05-02,25.0,-2.2725073295358635,-3.482142857142857,1.0,S1_forecast
mention_frequency,2,2018-06-13,0.0,11.43994864024207,-3.482142857142857,1.0,S1_forecast
mention_frequency,2,2018-08-01,25.0,-0.1321387768938096,-3.482142857142857,1.0,S1_forecast
mention_frequency,2,2018-09-26,0.0,8.110040066670518,-3.482142857142857,1.0,S1_forecast
mention_frequency,2,2018-11-08,25.0,-19.83247440339301,-3.482142857142857,1.0,S1_forecast
mention_frequency,2,2018-12-19,0.0,-7.166730127107323,-3.482142857142857,1.0,S1_forecast
mention_frequency,2,2019-01-30,0.0,0.5348776494032075,-3.482142857142857,1.0,S1_forecast
mention_frequency,2,2019-03-20,0.0,-4.136847727255949,-3.482142857142857,1.0,S1_forecast
mention_frequency,2,2019-05-01,0.0,-2.0130560639924835,-3.482142857142857,1.0,S1_forecast
mention_frequency,2,2019-06-19,-25.0,-3.1863425642154186,-3.482142857142857,1.0,S1_forecast
mention_frequency,2,2019-07-31,-25.0,-11.554655946309378,-3.482142857142857,1.0,S1_forecast
mention_frequency,2,2019-09-18,-25.0,-13.586397509617463,-3.482142857142857,1.0,S1_forecast
mention_frequency,2,2019-10-30,0.0,-6.509397752287092,-3.482142857142857,1.0,S1_forecast
mention_frequency,2,2019-12-11,0.0,2.614042063018662,-3.482142857142857,1.0,S1_forecast
mention_frequency,2,2020-01-29,-150.0,-0.024028470119224377,-3.482142857142857,1.0,S1_forecast
mention_frequency,3,2020-03-15,0.0,-89.93665497929963,-3.671875,1.0,S1_forecast
mention_frequency,3,2020-04-29,0.0,4.538244324708922,-3.671875,1.0,S1_forecast
mention_frequency,3,2020-06-10,0.0,6.486521335508472,-3.671875,1.0,S1_forecast
mention_frequency,3,2020-07-29,0.0,2.021875314645873,-3.671875,1.0,S1_forecast
mention_frequency,3,2020-09-16,0.0,0.8582203090811755,-3.671875,1.0,S1_forecast
mention_frequency,3,2020-11-05,0.0,2.1341756281444018,-3.671875,1.0,S1_forecast
mention_frequency,3,2020-12-16,0.0,2.560062666262628,-3.671875,1.0,S1_forecast
mention_frequency,3,2021-01-27,0.0,1.5433909193904598,-3.671875,1.0,S1_forecast
mention_frequency,3,2021-03-17,0.0,4.24660732984513,-3.671875,1.0,S1_forecast
mention_frequency,3,2021-04-28,0.0,0.3477406810137835,-3.671875,1.0,S1_forecast
mention_frequency,3,2021-06-16,0.0,2.9414531933267543,-3.671875,1.0,S1_forecast
mention_frequency,3,2021-07-28,0.0,2.505447510621402,-3.671875,1.0,S1_forecast
mention_frequency,3,2021-09-22,0.0,1.1089383338973255,-3.671875,1.0,S1_forecast
mention_frequency,3,2021-11-03,0.0,3.3470501534949446,-3.671875,1.0,S1_forecast
mention_frequency,3,2021-12-15,0.0,0.9500797573385937,-3.671875,1.0,S1_forecast
mention_frequency,3,2022-01-26,25.0,-6.917060252977116,-3.671875,1.0,S1_forecast
mention_frequency,3,2022-03-16,50.0,5.774648742723304,-3.671875,1.0,S1_forecast
mention_frequency,3,2022-05-04,75.0,14.129242421401004,-3.671875,1.0,S1_forecast
mention_frequency,3,2022-06-15,75.0,17.562557404566814,-3.671875,1.0,S1_forecast
mention_frequency,3,2022-07-27,75.0,32.51047630143418,-3.671875,1.0,S1_forecast
mention_frequency,4,2022-09-21,75.0,30.509949907709125,-1.5972222222222223,1.0,S1_forecast
mention_frequency,4,2022-11-02,50.0,30.367381978871823,-1.5972222222222223,1.0,S1_forecast
mention_frequency,4,2022-12-14,25.0,18.479125966192925,-1.5972222222222223,1.0,S1_forecast
mention_frequency,4,2023-02-01,25.0,4.635975060514719,-1.5972222222222223,1.0,S1_forecast
mention_frequency,4,2023-03-22,25.0,-3.4991807752367055,-1.5972222222222223,1.0,S1_forecast
mention_frequency,4,2023-05-03,0.0,1.087182230444272,-1.5972222222222223,1.0,S1_forecast
mention_frequency,4,2023-06-14,25.0,-11.080786536977877,-1.5972222222222223,1.0,S1_forecast
mention_frequency,4,2023-07-26,0.0,1.1448218569996649,-1.5972222222222223,1.0,S1_forecast
mention_frequency,4,2023-09-20,0.0,-12.515827369935577,-1.5972222222222223,1.0,S1_forecast
mention_frequency,4,2023-11-01,0.0,-15.326914915148471,-1.5972222222222223,1.0,S1_forecast
mention_frequency,4,2023-12-13,0.0,-8.732053660537083,-1.5972222222222223,1.0,S1_forecast
mention_frequency,4,2024-01-31,0.0,-7.930260567631285,-1.5972222222222223,1.0,S1_forecast
mention_frequency,4,2024-03-20,0.0,-9.523344602546707,-1.5972222222222223,1.0,S1_forecast
mention_frequency,4,2024-05-01,0.0,-10.504706729485589,-1.5972222222222223,1.0,S1_forecast
mention_frequency,4,2024-06-12,0.0,-6.97172863212011,-1.5972222222222223,1.0,S1_forecast
mention_frequency,4,2024-07-31,-50.0,-9.477213851263247,-1.5972222222222223,1.0,S1_forecast
mention_frequency,4,2024-09-18,-25.0,-31.077031989294035,-1.5972222222222223,1.0,S1_forecast
mention_frequency,4,2024-11-07,-25.0,-19.271176046096627,-1.5972222222222223,1.0,S1_forecast
rules,0,2012-09-13,0.0,5.634472807737427,-5.875,10.0,S1_forecast
rules,0,2012-10-24,0.0,-0.44809211404786886,-5.875,10.0,S1_forecast
rules,0,2012-12-12,0.0,4.196016763440528,-5.875,10.0,S1_forecast
rules,0,2013-01-30,0.0,7.070817054162307,-5.875,10.0,S1_forecast
rules,0,2013-03-20,0.0,7.390602316658831,-5.875,10.0,S1_forecast
rules,0,2013-05-01,0.0,8.250419214414485,-5.875,10.0,S1_forecast
rules,0,2013-06-19,0.0,-0.3919343612397004,-5.875,10.0,S1_forecast
rules,0,2013-07-31,0.0,9.526581144312438,-5.875,10.0,S1_forecast
rules,0,2013-09-18,0.0,3.698646713955905,-5.875,10.0,S1_forecast
rules,0,2013-10-30,0.0,7.240935916363141,-5.875,10.0,S1_forecast
rules,0,2013-12-18,0.0,2.3981082054331155,-5.875,10.0,S1_forecast
rules,0,2014-01-29,0.0,5.374420799960892,-5.875,10.0,S1_forecast
rules,0,2014-03-19,0.0,2.5810283787967174,-5.875,10.0,S1_forecast
rules,0,2014-04-30,0.0,2.0767764777928805,-5.875,10.0,S1_forecast
rules,0,2014-06-18,0.0,6.400883377274485,-5.875,10.0,S1_forecast
rules,0,2014-07-30,0.0,7.159887166083176,-5.875,10.0,S1_forecast
rules,0,2014-09-17,0.0,7.370346712702353,-5.875,10.0,S1_forecast
rules,0,2014-10-29,0.0,-18.927630625672588,-5.875,10.0,S1_forecast
rules,0,2014-12-17,0.0,2.99262288469452,-5.875,10.0,S1_forecast
rules,0,2015-01-28,0.0,-0.12926994099467493,-5.875,10.0,S1_forecast
rules,1,2015-03-18,0.0,3.7354647745022396,-4.895833333333333,1.0,S1_forecast
rules,1,2015-04-29,0.0,2.989679464020223,-4.895833333333333,1.0,S1_forecast
rules,1,2015-06-17,0.0,1.4200262139826227,-4.895833333333333,1.0,S1_forecast
rules,1,2015-07-29,0.0,-1.7239971503893825,-4.895833333333333,1.0,S1_forecast
rules,1,2015-09-17,0.0,-11.59146498329045,-4.895833333333333,1.0,S1_forecast
rules,1,2015-10-28,25.0,3.082658718814339,-4.895833333333333,1.0,S1_forecast
rules,1,2015-12-16,0.0,7.1651419547342785,-4.895833333333333,1.0,S1_forecast
rules,1,2016-01-27,0.0,-13.483231875761728,-4.895833333333333,1.0,S1_forecast
rules,1,2016-03-16,0.0,4.324479872629767,-4.895833333333333,1.0,S1_forecast
rules,1,2016-04-27,0.0,2.368488163714079,-4.895833333333333,1.0,S1_forecast
rules,1,2016-06-15,0.0,3.1462769470771397,-4.895833333333333,1.0,S1_forecast
rules,1,2016-07-27,0.0,-3.482893094619766,-4.895833333333333,1.0,S1_forecast
rules,1,2016-09-21,0.0,3.0484430221895575,-4.895833333333333,1.0,S1_forecast
rules,1,2016-11-02,25.0,1.9551701409321973,-4.895833333333333,1.0,S1_forecast
rules,1,2016-12-14,0.0,12.083805031018631,-4.895833333333333,1.0,S1_forecast
rules,1,2017-02-01,25.0,1.2341709323014056,-4.895833333333333,1.0,S1_forecast
rules,1,2017-03-15,0.0,14.272911354606226,-4.895833333333333,1.0,S1_forecast
rules,1,2017-05-03,25.0,0.2531735273865108,-4.895833333333333,1.0,S1_forecast
rules,1,2017-06-14,0.0,13.408428926367478,-4.895833333333333,1.0,S1_forecast
rules,1,2017-07-26,0.0,0.6948841545331126,-4.895833333333333,1.0,S1_forecast
rules,2,2017-09-20,0.0,3.1613853527702878,-3.482142857142857,1.0,S1_forecast
rules,2,2017-11-01,25.0,0.449588264220937,-3.482142857142857,1.0,S1_forecast
rules,2,2017-12-13,0.0,9.374389871863734,-3.482142857142857,1.0,S1_forecast
rules,2,2018-01-31,25.0,-1.0677035037301836,-3.482142857142857,1.0,S1_forecast
rules,2,2018-03-21,0.0,1.7867783752882582,-3.482142857142857,1.0,S1_forecast
rules,2,2018-05-02,25.0,-5.255300726136603,-3.482142857142857,1.0,S1_forecast
rules,2,2018-06-13,0.0,12.319666601150406,-3.482142857142857,1.0,S1_forecast
rules,2,2018-08-01,25.0,1.0168334429251775,-3.482142857142857,1.0,S1_forecast
rules,2,2018-09-26,0.0,9.93478133076179,-3.482142857142857,1.0,S1_forecast
rules,2,2018-11-08,25.0,-15.883333789816295,-3.482142857142857,1.0,S1_forecast
rules,2,2018-12-19,0.0,-7.239042148205112,-3.482142857142857,1.0,S1_forecast
rules,2,2019-01-30,0.0,-4.908397875701467,-3.482142857142857,1.0,S1_forecast
rules,2,2019-03-20,0.0,1.6046047200991485,-3.482142857142857,1.0,S1_forecast
rules,2,2019-05-01,0.0,-1.1505593195407995,-3.482142857142857,1.0,S1_forecast
rules,2,2019-06-19,-25.0,-5.463587817825999,-3.482142857142857,1.0,S1_forecast
rules,2,2019-07-31,-25.0,-9.651604381935378,-3.482142857142857,1.0,S1_forecast
rules,2,2019-09-18,-25.0,-12.393868907444041,-3.482142857142857,1.0,S1_forecast
rules,2,2019-10-30,0.0,-6.82484054814911,-3.482142857142857,1.0,S1_forecast
rules,2,2019-12-11,0.0,3.3221404836031825,-3.482142857142857,1.0,S1_forecast
rules,2,2020-01-29,-150.0,-2.4793490827185236,-3.482142857142857,1.0,S1_forecast
rules,3,2020-03-15,0.0,-60.03810139634547,-3.671875,10.0,S1_forecast
rules,3,2020-04-29,0.0,6.3678278122042675,-3.671875,10.0,S1_forecast
rules,3,2020-06-10,0.0,4.433800978617733,-3.671875,10.0,S1_forecast
rules,3,2020-07-29,0.0,5.852824632122602,-3.671875,10.0,S1_forecast
rules,3,2020-09-16,0.0,0.909069069127658,-3.671875,10.0,S1_forecast
rules,3,2020-11-05,0.0,-0.9873496233555699,-3.671875,10.0,S1_forecast
rules,3,2020-12-16,0.0,3.028071641027976,-3.671875,10.0,S1_forecast
rules,3,2021-01-27,0.0,-0.6424604062891599,-3.671875,10.0,S1_forecast
rules,3,2021-03-17,0.0,3.2089468990449834,-3.671875,10.0,S1_forecast
rules,3,2021-04-28,0.0,-0.5330302722886922,-3.671875,10.0,S1_forecast
rules,3,2021-06-16,0.0,2.30181906613638,-3.671875,10.0,S1_forecast
rules,3,2021-07-28,0.0,-0.04076446735285266,-3.671875,10.0,S1_forecast
rules,3,2021-09-22,0.0,1.8507980747512711,-3.671875,10.0,S1_forecast
rules,3,2021-11-03,0.0,0.9568951740902998,-3.671875,10.0,S1_forecast
rules,3,2021-12-15,0.0,1.7822526702375683,-3.671875,10.0,S1_forecast
rules,3,2022-01-26,25.0,-14.048635119683926,-3.671875,10.0,S1_forecast
rules,3,2022-03-16,50.0,-1.099637872226018,-3.671875,10.0,S1_forecast
rules,3,2022-05-04,75.0,2.787199817603681,-3.671875,10.0,S1_forecast
rules,3,2022-06-15,75.0,4.771846252695098,-3.671875,10.0,S1_forecast
rules,3,2022-07-27,75.0,21.032321649642274,-3.671875,10.0,S1_forecast
rules,4,2022-09-21,75.0,19.697912563462165,-1.5972222222222223,10.0,S1_forecast
rules,4,2022-11-02,50.0,22.78421706323002,-1.5972222222222223,10.0,S1_forecast
rules,4,2022-12-14,25.0,14.454791083747836,-1.5972222222222223,10.0,S1_forecast
rules,4,2023-02-01,25.0,2.8766642845334203,-1.5972222222222223,10.0,S1_forecast
rules,4,2023-03-22,25.0,-3.276503766826153,-1.5972222222222223,10.0,S1_forecast
rules,4,2023-05-03,0.0,4.901292294606236,-1.5972222222222223,10.0,S1_forecast
rules,4,2023-06-14,25.0,-5.824750176175243,-1.5972222222222223,10.0,S1_forecast
rules,4,2023-07-26,0.0,0.7856347398956949,-1.5972222222222223,10.0,S1_forecast
rules,4,2023-09-20,0.0,-11.660737022117342,-1.5972222222222223,10.0,S1_forecast
rules,4,2023-11-01,0.0,-10.858268962790213,-1.5972222222222223,10.0,S1_forecast
rules,4,2023-12-13,0.0,-3.5169697148275207,-1.5972222222222223,10.0,S1_forecast
rules,4,2024-01-31,0.0,-3.5231720379478952,-1.5972222222222223,10.0,S1_forecast
rules,4,2024-03-20,0.0,-3.7779909691528273,-1.5972222222222223,10.0,S1_forecast
rules,4,2024-05-01,0.0,-6.933479196949657,-1.5972222222222223,10.0,S1_forecast
rules,4,2024-06-12,0.0,-3.6770424773408195,-1.5972222222222223,10.0,S1_forecast
rules,4,2024-07-31,-50.0,-7.752561329035405,-1.5972222222222223,10.0,S1_forecast
rules,4,2024-09-18,-25.0,-16.844002984732928,-1.5972222222222223,10.0,S1_forecast
rules,4,2024-11-07,-25.0,-15.62012817896448,-1.5972222222222223,10.0,S1_forecast
flash,0,2012-09-13,0.0,5.239527517886857,-5.875,10.0,S1_forecast
flash,0,2012-10-24,0.0,-4.369605884405618,-5.875,10.0,S1_forecast
flash,0,2012-12-12,0.0,2.339679268054824,-5.875,10.0,S1_forecast
flash,0,2013-01-30,0.0,4.001740157916092,-5.875,10.0,S1_forecast
flash,0,2013-03-20,0.0,3.1231894997388805,-5.875,10.0,S1_forecast
flash,0,2013-05-01,0.0,6.377910428213897,-5.875,10.0,S1_forecast
flash,0,2013-06-19,0.0,0.7191401353466427,-5.875,10.0,S1_forecast
flash,0,2013-07-31,0.0,5.095708342398342,-5.875,10.0,S1_forecast
flash,0,2013-09-18,0.0,2.8476882930899565,-5.875,10.0,S1_forecast
flash,0,2013-10-30,0.0,4.486111268406259,-5.875,10.0,S1_forecast
flash,0,2013-12-18,0.0,2.2891658903328898,-5.875,10.0,S1_forecast
flash,0,2014-01-29,0.0,2.1724565921292127,-5.875,10.0,S1_forecast
flash,0,2014-03-19,0.0,4.097498717382449,-5.875,10.0,S1_forecast
flash,0,2014-04-30,0.0,1.6293685480403637,-5.875,10.0,S1_forecast
flash,0,2014-06-18,0.0,4.539488154032331,-5.875,10.0,S1_forecast
flash,0,2014-07-30,0.0,0.8395542994594969,-5.875,10.0,S1_forecast
flash,0,2014-09-17,0.0,3.9671354306660254,-5.875,10.0,S1_forecast
flash,0,2014-10-29,0.0,-9.720954337952284,-5.875,10.0,S1_forecast
flash,0,2014-12-17,0.0,3.731151146790947,-5.875,10.0,S1_forecast
flash,0,2015-01-28,0.0,3.68043949290496,-5.875,10.0,S1_forecast
flash,1,2015-03-18,0.0,2.8952734842990377,-4.895833333333333,10.0,S1_forecast
flash,1,2015-04-29,0.0,4.178775839831225,-4.895833333333333,10.0,S1_forecast
flash,1,2015-06-17,0.0,-1.2834409712900081,-4.895833333333333,10.0,S1_forecast
flash,1,2015-07-29,0.0,-1.4067093991676107,-4.895833333333333,10.0,S1_forecast
flash,1,2015-09-17,0.0,-18.83425417269767,-4.895833333333333,10.0,S1_forecast
flash,1,2015-10-28,25.0,3.6269149566793626,-4.895833333333333,10.0,S1_forecast
flash,1,2015-12-16,0.0,1.8424221533487657,-4.895833333333333,10.0,S1_forecast
flash,1,2016-01-27,0.0,-17.240925215658898,-4.895833333333333,10.0,S1_forecast
flash,1,2016-03-16,0.0,-0.24642854244573265,-4.895833333333333,10.0,S1_forecast
flash,1,2016-04-27,0.0,4.05595259531292,-4.895833333333333,10.0,S1_forecast
flash,1,2016-06-15,0.0,-3.865074272090104,-4.895833333333333,10.0,S1_forecast
flash,1,2016-07-27,0.0,2.096870808946612,-4.895833333333333,10.0,S1_forecast
flash,1,2016-09-21,0.0,-0.8731626082282133,-4.895833333333333,10.0,S1_forecast
flash,1,2016-11-02,25.0,0.9139231142041293,-4.895833333333333,10.0,S1_forecast
flash,1,2016-12-14,0.0,10.451487254780737,-4.895833333333333,10.0,S1_forecast
flash,1,2017-02-01,25.0,5.635094525489036,-4.895833333333333,10.0,S1_forecast
flash,1,2017-03-15,0.0,10.455641717976864,-4.895833333333333,10.0,S1_forecast
flash,1,2017-05-03,25.0,2.1561775265419145,-4.895833333333333,10.0,S1_forecast
flash,1,2017-06-14,0.0,9.534043758033555,-4.895833333333333,10.0,S1_forecast
flash,1,2017-07-26,0.0,3.270300729600912,-4.895833333333333,10.0,S1_forecast
flash,2,2017-09-20,0.0,2.7103050125642776,-3.482142857142857,10.0,S1_forecast
flash,2,2017-11-01,25.0,2.997342189660964,-3.482142857142857,10.0,S1_forecast
flash,2,2017-12-13,0.0,7.552502497883107,-3.482142857142857,10.0,S1_forecast
flash,2,2018-01-31,25.0,3.7756110817461064,-3.482142857142857,10.0,S1_forecast
flash,2,2018-03-21,0.0,-8.236162463484423,-3.482142857142857,10.0,S1_forecast
flash,2,2018-05-02,25.0,-6.1180397066083945,-3.482142857142857,10.0,S1_forecast
flash,2,2018-06-13,0.0,5.275316788812311,-3.482142857142857,10.0,S1_forecast
flash,2,2018-08-01,25.0,-1.2748445638533243,-3.482142857142857,10.0,S1_forecast
flash,2,2018-09-26,0.0,5.306189881851561,-3.482142857142857,10.0,S1_forecast
flash,2,2018-11-08,25.0,-22.19337271534563,-3.482142857142857,10.0,S1_forecast
flash,2,2018-12-19,0.0,-12.721177624330586,-3.482142857142857,10.0,S1_forecast
flash,2,2019-01-30,0.0,-1.2855455038189665,-3.482142857142857,10.0,S1_forecast
flash,2,2019-03-20,0.0,0.31938278695029165,-3.482142857142857,10.0,S1_forecast
flash,2,2019-05-01,0.0,1.2754739410083964,-3.482142857142857,10.0,S1_forecast
flash,2,2019-06-19,-25.0,-7.5703820074982,-3.482142857142857,10.0,S1_forecast
flash,2,2019-07-31,-25.0,-5.306748566969681,-3.482142857142857,10.0,S1_forecast
flash,2,2019-09-18,-25.0,-6.675175292267867,-3.482142857142857,10.0,S1_forecast
flash,2,2019-10-30,0.0,-1.0811422865324958,-3.482142857142857,10.0,S1_forecast
flash,2,2019-12-11,0.0,1.6187954655969898,-3.482142857142857,10.0,S1_forecast
flash,2,2020-01-29,-150.0,3.407286541787254,-3.482142857142857,10.0,S1_forecast
flash,3,2020-03-15,0.0,-66.30291625356304,-3.671875,10.0,S1_forecast
flash,3,2020-04-29,0.0,3.2705709705431745,-3.671875,10.0,S1_forecast
flash,3,2020-06-10,0.0,3.0502166018019623,-3.671875,10.0,S1_forecast
flash,3,2020-07-29,0.0,7.8672875133212905,-3.671875,10.0,S1_forecast
flash,3,2020-09-16,0.0,1.4331799282125206,-3.671875,10.0,S1_forecast
flash,3,2020-11-05,0.0,0.011206157530870176,-3.671875,10.0,S1_forecast
flash,3,2020-12-16,0.0,1.4154738500523831,-3.671875,10.0,S1_forecast
flash,3,2021-01-27,0.0,0.20143728173487974,-3.671875,10.0,S1_forecast
flash,3,2021-03-17,0.0,1.9927258908131908,-3.671875,10.0,S1_forecast
flash,3,2021-04-28,0.0,2.4554151354322546,-3.671875,10.0,S1_forecast
flash,3,2021-06-16,0.0,1.0418006902429773,-3.671875,10.0,S1_forecast
flash,3,2021-07-28,0.0,-0.7881338245848566,-3.671875,10.0,S1_forecast
flash,3,2021-09-22,0.0,4.147389725744418,-3.671875,10.0,S1_forecast
flash,3,2021-11-03,0.0,1.772069718124246,-3.671875,10.0,S1_forecast
flash,3,2021-12-15,0.0,2.8410405615670986,-3.671875,10.0,S1_forecast
flash,3,2022-01-26,25.0,-8.281264095972158,-3.671875,10.0,S1_forecast
flash,3,2022-03-16,50.0,0.10706837474051278,-3.671875,10.0,S1_forecast
flash,3,2022-05-04,75.0,6.293639156962323,-3.671875,10.0,S1_forecast
flash,3,2022-06-15,75.0,8.22497461469328,-3.671875,10.0,S1_forecast
flash,3,2022-07-27,75.0,21.456002627552056,-3.671875,10.0,S1_forecast
flash,4,2022-09-21,75.0,18.214974028735863,-1.5972222222222223,10.0,S1_forecast
flash,4,2022-11-02,50.0,25.462326161781817,-1.5972222222222223,10.0,S1_forecast
flash,4,2022-12-14,25.0,12.664165532577838,-1.5972222222222223,10.0,S1_forecast
flash,4,2023-02-01,25.0,3.411442404328371,-1.5972222222222223,10.0,S1_forecast
flash,4,2023-03-22,25.0,-3.7870619169183684,-1.5972222222222223,10.0,S1_forecast
flash,4,2023-05-03,0.0,2.083958249425189,-1.5972222222222223,10.0,S1_forecast
flash,4,2023-06-14,25.0,-5.099243162624645,-1.5972222222222223,10.0,S1_forecast
flash,4,2023-07-26,0.0,1.6008535446182603,-1.5972222222222223,10.0,S1_forecast
flash,4,2023-09-20,0.0,-8.458344416496756,-1.5972222222222223,10.0,S1_forecast
flash,4,2023-11-01,0.0,-11.15270827338987,-1.5972222222222223,10.0,S1_forecast
flash,4,2023-12-13,0.0,-5.638709718217684,-1.5972222222222223,10.0,S1_forecast
flash,4,2024-01-31,0.0,-5.457656340749362,-1.5972222222222223,10.0,S1_forecast
flash,4,2024-03-20,0.0,-6.14442166085517,-1.5972222222222223,10.0,S1_forecast
flash,4,2024-05-01,0.0,-8.232741268029223,-1.5972222222222223,10.0,S1_forecast
flash,4,2024-06-12,0.0,-4.983478897168451,-1.5972222222222223,10.0,S1_forecast
flash,4,2024-07-31,-50.0,-6.3422788838877535,-1.5972222222222223,10.0,S1_forecast
flash,4,2024-09-18,-25.0,-21.143303819016335,-1.5972222222222223,10.0,S1_forecast
flash,4,2024-11-07,-25.0,-12.627021659459198,-1.5972222222222223,10.0,S1_forecast
embedding,0,2012-09-13,0.0,4.153807742711106,-5.875,1.0,S1_forecast
embedding,0,2012-10-24,0.0,-1.635117389998208,-5.875,1.0,S1_forecast
embedding,0,2012-12-12,0.0,6.492249802112371,-5.875,1.0,S1_forecast
embedding,0,2013-01-30,0.0,6.068670649929179,-5.875,1.0,S1_forecast
embedding,0,2013-03-20,0.0,8.73700466395557,-5.875,1.0,S1_forecast
embedding,0,2013-05-01,0.0,4.2386462979921875,-5.875,1.0,S1_forecast
embedding,0,2013-06-19,0.0,2.377308162397367,-5.875,1.0,S1_forecast
embedding,0,2013-07-31,0.0,6.939023562350559,-5.875,1.0,S1_forecast
embedding,0,2013-09-18,0.0,4.012351509261326,-5.875,1.0,S1_forecast
embedding,0,2013-10-30,0.0,6.904380043900791,-5.875,1.0,S1_forecast
embedding,0,2013-12-18,0.0,5.48148240926039,-5.875,1.0,S1_forecast
embedding,0,2014-01-29,0.0,6.796042420538522,-5.875,1.0,S1_forecast
embedding,0,2014-03-19,0.0,8.601964106922733,-5.875,1.0,S1_forecast
embedding,0,2014-04-30,0.0,5.3098874024695,-5.875,1.0,S1_forecast
embedding,0,2014-06-18,0.0,12.27161257609055,-5.875,1.0,S1_forecast
embedding,0,2014-07-30,0.0,4.01002742950399,-5.875,1.0,S1_forecast
embedding,0,2014-09-17,0.0,8.557205230009405,-5.875,1.0,S1_forecast
embedding,0,2014-10-29,0.0,-3.005931774543099,-5.875,1.0,S1_forecast
embedding,0,2014-12-17,0.0,4.62059135576797,-5.875,1.0,S1_forecast
embedding,0,2015-01-28,0.0,0.9301768869961817,-5.875,1.0,S1_forecast
embedding,1,2015-03-18,0.0,5.09010240483246,-4.895833333333333,1.0,S1_forecast
embedding,1,2015-04-29,0.0,5.887242694724651,-4.895833333333333,1.0,S1_forecast
embedding,1,2015-06-17,0.0,-0.10523192271280557,-4.895833333333333,1.0,S1_forecast
embedding,1,2015-07-29,0.0,-3.6942156253171134,-4.895833333333333,1.0,S1_forecast
embedding,1,2015-09-17,0.0,-8.832970332771978,-4.895833333333333,1.0,S1_forecast
embedding,1,2015-10-28,25.0,2.722171802910119,-4.895833333333333,1.0,S1_forecast
embedding,1,2015-12-16,0.0,1.03100526840986,-4.895833333333333,1.0,S1_forecast
embedding,1,2016-01-27,0.0,-4.720485411180122,-4.895833333333333,1.0,S1_forecast
embedding,1,2016-03-16,0.0,8.963185970952484,-4.895833333333333,1.0,S1_forecast
embedding,1,2016-04-27,0.0,5.924416191706215,-4.895833333333333,1.0,S1_forecast
embedding,1,2016-06-15,0.0,-5.868723580052327,-4.895833333333333,1.0,S1_forecast
embedding,1,2016-07-27,0.0,0.39859601162547253,-4.895833333333333,1.0,S1_forecast
embedding,1,2016-09-21,0.0,-0.8819744501221596,-4.895833333333333,1.0,S1_forecast
embedding,1,2016-11-02,25.0,3.73947133100154,-4.895833333333333,1.0,S1_forecast
embedding,1,2016-12-14,0.0,13.351041266828354,-4.895833333333333,1.0,S1_forecast
embedding,1,2017-02-01,25.0,11.543521417625406,-4.895833333333333,1.0,S1_forecast
embedding,1,2017-03-15,0.0,15.120255719986972,-4.895833333333333,1.0,S1_forecast
embedding,1,2017-05-03,25.0,5.839020077673415,-4.895833333333333,1.0,S1_forecast
embedding,1,2017-06-14,0.0,11.951795910647434,-4.895833333333333,1.0,S1_forecast
embedding,1,2017-07-26,0.0,2.816610309916265,-4.895833333333333,1.0,S1_forecast
embedding,2,2017-09-20,0.0,4.891536210833861,-3.482142857142857,1.0,S1_forecast
embedding,2,2017-11-01,25.0,2.6612704348777667,-3.482142857142857,1.0,S1_forecast
embedding,2,2017-12-13,0.0,15.566658057326205,-3.482142857142857,1.0,S1_forecast
embedding,2,2018-01-31,25.0,6.7820511627567885,-3.482142857142857,1.0,S1_forecast
embedding,2,2018-03-21,0.0,-0.7762553330856168,-3.482142857142857,1.0,S1_forecast
embedding,2,2018-05-02,25.0,-2.827891893458812,-3.482142857142857,1.0,S1_forecast
embedding,2,2018-06-13,0.0,6.763381417681604,-3.482142857142857,1.0,S1_forecast
embedding,2,2018-08-01,25.0,-2.7456062447186955,-3.482142857142857,1.0,S1_forecast
embedding,2,2018-09-26,0.0,7.295860959496467,-3.482142857142857,1.0,S1_forecast
embedding,2,2018-11-08,25.0,-9.964294623452052,-3.482142857142857,1.0,S1_forecast
embedding,2,2018-12-19,0.0,-13.795980617254582,-3.482142857142857,1.0,S1_forecast
embedding,2,2019-01-30,0.0,-4.601346554653357,-3.482142857142857,1.0,S1_forecast
embedding,2,2019-03-20,0.0,-6.121963673660781,-3.482142857142857,1.0,S1_forecast
embedding,2,2019-05-01,0.0,-3.8653933551592785,-3.482142857142857,1.0,S1_forecast
embedding,2,2019-06-19,-25.0,-14.204888548320492,-3.482142857142857,1.0,S1_forecast
embedding,2,2019-07-31,-25.0,-9.139932272017543,-3.482142857142857,1.0,S1_forecast
embedding,2,2019-09-18,-25.0,-12.792781094112225,-3.482142857142857,1.0,S1_forecast
embedding,2,2019-10-30,0.0,-5.396946627931929,-3.482142857142857,1.0,S1_forecast
embedding,2,2019-12-11,0.0,8.360111772581034,-3.482142857142857,1.0,S1_forecast
embedding,2,2020-01-29,-150.0,1.8162591116020526,-3.482142857142857,1.0,S1_forecast
embedding,3,2020-03-15,0.0,-99.08573123649653,-3.671875,1.0,S1_forecast
embedding,3,2020-04-29,0.0,-19.313947365876523,-3.671875,1.0,S1_forecast
embedding,3,2020-06-10,0.0,-2.698063307490875,-3.671875,1.0,S1_forecast
embedding,3,2020-07-29,0.0,-19.44851465144765,-3.671875,1.0,S1_forecast
embedding,3,2020-09-16,0.0,-2.8656880965882663,-3.671875,1.0,S1_forecast
embedding,3,2020-11-05,0.0,0.9913787805398968,-3.671875,1.0,S1_forecast
embedding,3,2020-12-16,0.0,-2.145479290040655,-3.671875,1.0,S1_forecast
embedding,3,2021-01-27,0.0,2.6382162632690145,-3.671875,1.0,S1_forecast
embedding,3,2021-03-17,0.0,-4.4300353851389,-3.671875,1.0,S1_forecast
embedding,3,2021-04-28,0.0,-4.072081413426768,-3.671875,1.0,S1_forecast
embedding,3,2021-06-16,0.0,-0.7324949958930569,-3.671875,1.0,S1_forecast
embedding,3,2021-07-28,0.0,-8.170389206317026,-3.671875,1.0,S1_forecast
embedding,3,2021-09-22,0.0,5.251297733488098,-3.671875,1.0,S1_forecast
embedding,3,2021-11-03,0.0,1.508268368248423,-3.671875,1.0,S1_forecast
embedding,3,2021-12-15,0.0,1.9935391009067356,-3.671875,1.0,S1_forecast
embedding,3,2022-01-26,25.0,-5.057220107842703,-3.671875,1.0,S1_forecast
embedding,3,2022-03-16,50.0,3.612413109833616,-3.671875,1.0,S1_forecast
embedding,3,2022-05-04,75.0,4.689550078942689,-3.671875,1.0,S1_forecast
embedding,3,2022-06-15,75.0,5.854749222671089,-3.671875,1.0,S1_forecast
embedding,3,2022-07-27,75.0,20.038992647335245,-3.671875,1.0,S1_forecast
embedding,4,2022-09-21,75.0,20.184849353046182,-1.5972222222222223,10.0,S1_forecast
embedding,4,2022-11-02,50.0,20.143807057118796,-1.5972222222222223,10.0,S1_forecast
embedding,4,2022-12-14,25.0,11.722376830141112,-1.5972222222222223,10.0,S1_forecast
embedding,4,2023-02-01,25.0,-0.3873919947603661,-1.5972222222222223,10.0,S1_forecast
embedding,4,2023-03-22,25.0,-4.5529952130634594,-1.5972222222222223,10.0,S1_forecast
embedding,4,2023-05-03,0.0,1.0441144073569095,-1.5972222222222223,10.0,S1_forecast
embedding,4,2023-06-14,25.0,-3.6316426669111275,-1.5972222222222223,10.0,S1_forecast
embedding,4,2023-07-26,0.0,3.9444441390102973,-1.5972222222222223,10.0,S1_forecast
embedding,4,2023-09-20,0.0,-5.292110568297266,-1.5972222222222223,10.0,S1_forecast
embedding,4,2023-11-01,0.0,-9.173558501014078,-1.5972222222222223,10.0,S1_forecast
embedding,4,2023-12-13,0.0,-3.6234577655636384,-1.5972222222222223,10.0,S1_forecast
embedding,4,2024-01-31,0.0,-1.9699615111485183,-1.5972222222222223,10.0,S1_forecast
embedding,4,2024-03-20,0.0,-3.127755765337503,-1.5972222222222223,10.0,S1_forecast
embedding,4,2024-05-01,0.0,-4.503103921677132,-1.5972222222222223,10.0,S1_forecast
embedding,4,2024-06-12,0.0,-2.8164613618981997,-1.5972222222222223,10.0,S1_forecast
embedding,4,2024-07-31,-50.0,-6.132200912051289,-1.5972222222222223,10.0,S1_forecast
embedding,4,2024-09-18,-25.0,-18.250883981214695,-1.5972222222222223,10.0,S1_forecast
embedding,4,2024-11-07,-25.0,-6.646025501267641,-1.5972222222222223,10.0,S1_forecast
controls_only,0,2012-09-13,0.0,8.657639471551581,-3.125,0.0001,S2_decision_day
controls_only,0,2012-10-24,0.0,8.938433064441025,-3.125,0.0001,S2_decision_day
controls_only,0,2012-12-12,0.0,2.8309080666130044,-3.125,0.0001,S2_decision_day
controls_only,0,2013-01-30,0.0,4.514384347909083,-3.125,0.0001,S2_decision_day
controls_only,0,2013-03-20,0.0,6.346606924222167,-3.125,0.0001,S2_decision_day
controls_only,0,2013-05-01,0.0,7.340294008764353,-3.125,0.0001,S2_decision_day
controls_only,0,2013-06-19,0.0,1.6320624209325971,-3.125,0.0001,S2_decision_day
controls_only,0,2013-07-31,0.0,10.36973159176565,-3.125,0.0001,S2_decision_day
controls_only,0,2013-09-18,0.0,7.789820690008655,-3.125,0.0001,S2_decision_day
controls_only,0,2013-10-30,0.0,8.942568170822604,-3.125,0.0001,S2_decision_day
controls_only,0,2013-12-18,0.0,10.126290730783698,-3.125,0.0001,S2_decision_day
controls_only,0,2014-01-29,0.0,3.7649875142142366,-3.125,0.0001,S2_decision_day
controls_only,0,2014-03-19,0.0,11.301810800167011,-3.125,0.0001,S2_decision_day
controls_only,0,2014-04-30,0.0,7.355196721638018,-3.125,0.0001,S2_decision_day
controls_only,0,2014-06-18,0.0,9.91839507677404,-3.125,0.0001,S2_decision_day
controls_only,0,2014-07-30,0.0,7.40985929604744,-3.125,0.0001,S2_decision_day
controls_only,0,2014-09-17,0.0,8.795208116653253,-3.125,0.0001,S2_decision_day
controls_only,0,2014-10-29,0.0,8.826587704467446,-3.125,0.0001,S2_decision_day
controls_only,0,2014-12-17,0.0,11.72685038506362,-3.125,0.0001,S2_decision_day
controls_only,0,2015-01-28,0.0,6.1858379372669745,-3.125,0.0001,S2_decision_day
controls_only,1,2015-03-18,0.0,6.8570630287333305,-2.6041666666666665,0.0001,S2_decision_day
controls_only,1,2015-04-29,0.0,8.11167206316439,-2.6041666666666665,0.0001,S2_decision_day
controls_only,1,2015-06-17,0.0,5.614554230357145,-2.6041666666666665,0.0001,S2_decision_day
controls_only,1,2015-07-29,0.0,-0.8429830079464786,-2.6041666666666665,0.0001,S2_decision_day
controls_only,1,2015-09-17,0.0,-6.541773736869988,-2.6041666666666665,0.0001,S2_decision_day
controls_only,1,2015-10-28,25.0,4.886202723329985,-2.6041666666666665,0.0001,S2_decision_day
controls_only,1,2015-12-16,0.0,7.0727273728176865,-2.6041666666666665,0.0001,S2_decision_day
controls_only,1,2016-01-27,0.0,-10.682230983500022,-2.6041666666666665,0.0001,S2_decision_day
controls_only,1,2016-03-16,0.0,4.811899627037949,-2.6041666666666665,0.0001,S2_decision_day
controls_only,1,2016-04-27,0.0,7.703237310029396,-2.6041666666666665,0.0001,S2_decision_day
controls_only,1,2016-06-15,0.0,2.1288961238702098,-2.6041666666666665,0.0001,S2_decision_day
controls_only,1,2016-07-27,0.0,6.310720021711498,-2.6041666666666665,0.0001,S2_decision_day
controls_only,1,2016-09-21,0.0,3.7886377957077166,-2.6041666666666665,0.0001,S2_decision_day
controls_only,1,2016-11-02,25.0,-5.306448806764365,-2.6041666666666665,0.0001,S2_decision_day
controls_only,1,2016-12-14,0.0,17.416757480084847,-2.6041666666666665,0.0001,S2_decision_day
controls_only,1,2017-02-01,25.0,1.833744000253827,-2.6041666666666665,0.0001,S2_decision_day
controls_only,1,2017-03-15,0.0,18.031942169839077,-2.6041666666666665,0.0001,S2_decision_day
controls_only,1,2017-05-03,25.0,5.370699034939001,-2.6041666666666665,0.0001,S2_decision_day
controls_only,1,2017-06-14,0.0,16.17306882071578,-2.6041666666666665,0.0001,S2_decision_day
controls_only,1,2017-07-26,0.0,6.004010024150311,-2.6041666666666665,0.0001,S2_decision_day
controls_only,2,2017-09-20,0.0,4.09158074607543,-1.5178571428571428,1.0,S2_decision_day
controls_only,2,2017-11-01,25.0,3.4751940275172704,-1.5178571428571428,1.0,S2_decision_day
controls_only,2,2017-12-13,0.0,9.520794853236893,-1.5178571428571428,1.0,S2_decision_day
controls_only,2,2018-01-31,25.0,1.5189354947491376,-1.5178571428571428,1.0,S2_decision_day
controls_only,2,2018-03-21,0.0,11.19751763531994,-1.5178571428571428,1.0,S2_decision_day
controls_only,2,2018-05-02,25.0,1.6499774141578207,-1.5178571428571428,1.0,S2_decision_day
controls_only,2,2018-06-13,0.0,14.255955057632129,-1.5178571428571428,1.0,S2_decision_day
controls_only,2,2018-08-01,25.0,3.5655299985483087,-1.5178571428571428,1.0,S2_decision_day
controls_only,2,2018-09-26,0.0,10.126674521418803,-1.5178571428571428,1.0,S2_decision_day
controls_only,2,2018-11-08,25.0,-8.776385987551896,-1.5178571428571428,1.0,S2_decision_day
controls_only,2,2018-12-19,0.0,-0.8207196771460152,-1.5178571428571428,1.0,S2_decision_day
controls_only,2,2019-01-30,0.0,0.8648893096853403,-1.5178571428571428,1.0,S2_decision_day
controls_only,2,2019-03-20,0.0,2.385652262124689,-1.5178571428571428,1.0,S2_decision_day
controls_only,2,2019-05-01,0.0,4.10237105129306,-1.5178571428571428,1.0,S2_decision_day
controls_only,2,2019-06-19,-25.0,2.5847243672203977,-1.5178571428571428,1.0,S2_decision_day
controls_only,2,2019-07-31,-25.0,-5.397670872462303,-1.5178571428571428,1.0,S2_decision_day
controls_only,2,2019-09-18,-25.0,-4.728840796036534,-1.5178571428571428,1.0,S2_decision_day
controls_only,2,2019-10-30,0.0,-6.220985688502456,-1.5178571428571428,1.0,S2_decision_day
controls_only,2,2019-12-11,0.0,3.7834883386814475,-1.5178571428571428,1.0,S2_decision_day
controls_only,2,2020-01-29,-100.0,-10.378201687033643,-1.5178571428571428,1.0,S2_decision_day
controls_only,3,2020-03-15,0.0,-87.7832321784936,-1.640625,1.0,S2_decision_day
controls_only,3,2020-04-29,0.0,-5.998722605757082,-1.640625,1.0,S2_decision_day
controls_only,3,2020-06-10,0.0,-1.9427692232983673,-1.640625,1.0,S2_decision_day
controls_only,3,2020-07-29,0.0,1.8949024586709926,-1.640625,1.0,S2_decision_day
controls_only,3,2020-09-16,0.0,5.948129399951755,-1.640625,1.0,S2_decision_day
controls_only,3,2020-11-05,0.0,3.399356368338198,-1.640625,1.0,S2_decision_day
controls_only,3,2020-12-16,0.0,3.2774441272132595,-1.640625,1.0,S2_decision_day
controls_only,3,2021-01-27,0.0,0.633485735442002,-1.640625,1.0,S2_decision_day
controls_only,3,2021-03-17,0.0,0.028497832148526525,-1.640625,1.0,S2_decision_day
controls_only,3,2021-04-28,0.0,5.061480351564192,-1.640625,1.0,S2_decision_day
controls_only,3,2021-06-16,0.0,2.409842296246958,-1.640625,1.0,S2_decision_day
controls_only,3,2021-07-28,0.0,4.307932978198744,-1.640625,1.0,S2_decision_day
controls_only,3,2021-09-22,0.0,2.445084726202208,-1.640625,1.0,S2_decision_day
controls_only,3,2021-11-03,0.0,6.433286161175845,-1.640625,1.0,S2_decision_day
controls_only,3,2021-12-15,0.0,-0.8675659611549815,-1.640625,1.0,S2_decision_day
controls_only,3,2022-01-26,25.0,-4.877809243849787,-1.640625,1.0,S2_decision_day
controls_only,3,2022-03-16,50.0,5.027397208562866,-1.640625,1.0,S2_decision_day
controls_only,3,2022-05-04,75.0,6.45816122855013,-1.640625,1.0,S2_decision_day
controls_only,3,2022-06-15,75.0,18.155383528273312,-1.640625,1.0,S2_decision_day
controls_only,3,2022-07-27,75.0,26.840760195415193,-1.640625,1.0,S2_decision_day
controls_only,4,2022-09-21,75.0,24.8905742410316,0.20833333333333334,10.0,S2_decision_day
controls_only,4,2022-11-02,50.0,25.973321299273778,0.20833333333333334,10.0,S2_decision_day
controls_only,4,2022-12-14,25.0,17.278182146880024,0.20833333333333334,10.0,S2_decision_day
controls_only,4,2023-02-01,25.0,3.709053685807111,0.20833333333333334,10.0,S2_decision_day
controls_only,4,2023-03-22,25.0,6.461917085258877,0.20833333333333334,10.0,S2_decision_day
controls_only,4,2023-05-03,0.0,8.460308255786304,0.20833333333333334,10.0,S2_decision_day
controls_only,4,2023-06-14,25.0,0.31890845254846945,0.20833333333333334,10.0,S2_decision_day
controls_only,4,2023-07-26,0.0,6.5897298315298505,0.20833333333333334,10.0,S2_decision_day
controls_only,4,2023-09-20,0.0,-3.9545435039201338,0.20833333333333334,10.0,S2_decision_day
controls_only,4,2023-11-01,0.0,-1.4259235941929442,0.20833333333333334,10.0,S2_decision_day
controls_only,4,2023-12-13,0.0,0.11025890025667417,0.20833333333333334,10.0,S2_decision_day
controls_only,4,2024-01-31,0.0,0.34536365652829193,0.20833333333333334,10.0,S2_decision_day
controls_only,4,2024-03-20,0.0,-2.036658283869546,0.20833333333333334,10.0,S2_decision_day
controls_only,4,2024-05-01,0.0,-0.8207481500186512,0.20833333333333334,10.0,S2_decision_day
controls_only,4,2024-06-12,0.0,0.17338851392728316,0.20833333333333334,10.0,S2_decision_day
controls_only,4,2024-07-31,-50.0,0.4046502847967378,0.20833333333333334,10.0,S2_decision_day
controls_only,4,2024-09-18,-25.0,-15.700976041924276,0.20833333333333334,10.0,S2_decision_day
controls_only,4,2024-11-07,-25.0,-7.216999948789712,0.20833333333333334,10.0,S2_decision_day
mention_frequency,0,2012-09-13,0.0,7.618259667400567,-3.125,0.0001,S2_decision_day
mention_frequency,0,2012-10-24,0.0,8.30555436852339,-3.125,0.0001,S2_decision_day
mention_frequency,0,2012-12-12,0.0,2.395025798157814,-3.125,0.0001,S2_decision_day
mention_frequency,0,2013-01-30,0.0,5.135472314187105,-3.125,0.0001,S2_decision_day
mention_frequency,0,2013-03-20,0.0,5.684658991822225,-3.125,0.0001,S2_decision_day
mention_frequency,0,2013-05-01,0.0,6.33224264093224,-3.125,0.0001,S2_decision_day
mention_frequency,0,2013-06-19,0.0,-0.3631951741554724,-3.125,0.0001,S2_decision_day
mention_frequency,0,2013-07-31,0.0,9.40083327101614,-3.125,0.0001,S2_decision_day
mention_frequency,0,2013-09-18,0.0,7.4580112695607,-3.125,0.0001,S2_decision_day
mention_frequency,0,2013-10-30,0.0,8.692984827999368,-3.125,0.0001,S2_decision_day
mention_frequency,0,2013-12-18,0.0,8.584309067221774,-3.125,0.0001,S2_decision_day
mention_frequency,0,2014-01-29,0.0,3.2454949861259266,-3.125,0.0001,S2_decision_day
mention_frequency,0,2014-03-19,0.0,10.455855993970044,-3.125,0.0001,S2_decision_day
mention_frequency,0,2014-04-30,0.0,6.45494103030175,-3.125,0.0001,S2_decision_day
mention_frequency,0,2014-06-18,0.0,9.658200406745312,-3.125,0.0001,S2_decision_day
mention_frequency,0,2014-07-30,0.0,6.844923051291683,-3.125,0.0001,S2_decision_day
mention_frequency,0,2014-09-17,0.0,8.762878926975608,-3.125,0.0001,S2_decision_day
mention_frequency,0,2014-10-29,0.0,8.182490324580026,-3.125,0.0001,S2_decision_day
mention_frequency,0,2014-12-17,0.0,11.525336043883065,-3.125,0.0001,S2_decision_day
mention_frequency,0,2015-01-28,0.0,5.817012657760273,-3.125,0.0001,S2_decision_day
mention_frequency,1,2015-03-18,0.0,6.818588082838267,-2.6041666666666665,0.0001,S2_decision_day
mention_frequency,1,2015-04-29,0.0,5.477158372729282,-2.6041666666666665,0.0001,S2_decision_day
mention_frequency,1,2015-06-17,0.0,6.188682766658148,-2.6041666666666665,0.0001,S2_decision_day
mention_frequency,1,2015-07-29,0.0,-2.4700144366424013,-2.6041666666666665,0.0001,S2_decision_day
mention_frequency,1,2015-09-17,0.0,-9.239973875062745,-2.6041666666666665,0.0001,S2_decision_day
mention_frequency,1,2015-10-28,25.0,5.424026430770835,-2.6041666666666665,0.0001,S2_decision_day
mention_frequency,1,2015-12-16,0.0,8.130557689211745,-2.6041666666666665,0.0001,S2_decision_day
mention_frequency,1,2016-01-27,0.0,-12.372457385346785,-2.6041666666666665,0.0001,S2_decision_day
mention_frequency,1,2016-03-16,0.0,3.6973045840722962,-2.6041666666666665,0.0001,S2_decision_day
mention_frequency,1,2016-04-27,0.0,5.5993208698019545,-2.6041666666666665,0.0001,S2_decision_day
mention_frequency,1,2016-06-15,0.0,2.5430408126764874,-2.6041666666666665,0.0001,S2_decision_day
mention_frequency,1,2016-07-27,0.0,2.4258401268835588,-2.6041666666666665,0.0001,S2_decision_day
mention_frequency,1,2016-09-21,0.0,5.340394782995883,-2.6041666666666665,0.0001,S2_decision_day
mention_frequency,1,2016-11-02,25.0,-3.5014678447045586,-2.6041666666666665,0.0001,S2_decision_day
mention_frequency,1,2016-12-14,0.0,16.071381406625225,-2.6041666666666665,0.0001,S2_decision_day
mention_frequency,1,2017-02-01,25.0,0.7077672935563593,-2.6041666666666665,0.0001,S2_decision_day
mention_frequency,1,2017-03-15,0.0,15.81999090307987,-2.6041666666666665,0.0001,S2_decision_day
mention_frequency,1,2017-05-03,25.0,5.492760024459007,-2.6041666666666665,0.0001,S2_decision_day
mention_frequency,1,2017-06-14,0.0,15.241109407675111,-2.6041666666666665,0.0001,S2_decision_day
mention_frequency,1,2017-07-26,0.0,2.8425846994947923,-2.6041666666666665,0.0001,S2_decision_day
mention_frequency,2,2017-09-20,0.0,3.9020012620798736,-1.5178571428571428,1.0,S2_decision_day
mention_frequency,2,2017-11-01,25.0,3.5291046200952323,-1.5178571428571428,1.0,S2_decision_day
mention_frequency,2,2017-12-13,0.0,9.461821623837785,-1.5178571428571428,1.0,S2_decision_day
mention_frequency,2,2018-01-31,25.0,1.005370657999082,-1.5178571428571428,1.0,S2_decision_day
mention_frequency,2,2018-03-21,0.0,5.719218613965319,-1.5178571428571428,1.0,S2_decision_day
mention_frequency,2,2018-05-02,25.0,-1.0728597122026156,-1.5178571428571428,1.0,S2_decision_day
mention_frequency,2,2018-06-13,0.0,12.931524140440057,-1.5178571428571428,1.0,S2_decision_day
mention_frequency,2,2018-08-01,25.0,2.5065076859430375,-1.5178571428571428,1.0,S2_decision_day
mention_frequency,2,2018-09-26,0.0,6.319138845582818,-1.5178571428571428,1.0,S2_decision_day
mention_frequency,2,2018-11-08,25.0,-18.297349496098562,-1.5178571428571428,1.0,S2_decision_day
mention_frequency,2,2018-12-19,0.0,-3.779198886089211,-1.5178571428571428,1.0,S2_decision_day
mention_frequency,2,2019-01-30,0.0,-0.6614640204054942,-1.5178571428571428,1.0,S2_decision_day
mention_frequency,2,2019-03-20,0.0,-1.5924021791072736,-1.5178571428571428,1.0,S2_decision_day
mention_frequency,2,2019-05-01,0.0,1.5387993818449592,-1.5178571428571428,1.0,S2_decision_day
mention_frequency,2,2019-06-19,-25.0,1.3869519726842925,-1.5178571428571428,1.0,S2_decision_day
mention_frequency,2,2019-07-31,-25.0,-6.581702584928315,-1.5178571428571428,1.0,S2_decision_day
mention_frequency,2,2019-09-18,-25.0,-7.965624699905625,-1.5178571428571428,1.0,S2_decision_day
mention_frequency,2,2019-10-30,0.0,-3.9347073850063916,-1.5178571428571428,1.0,S2_decision_day
mention_frequency,2,2019-12-11,0.0,4.3235097617811205,-1.5178571428571428,1.0,S2_decision_day
mention_frequency,2,2020-01-29,-100.0,-13.75873337055792,-1.5178571428571428,1.0,S2_decision_day
mention_frequency,3,2020-03-15,0.0,-88.18503879124273,-1.640625,0.1,S2_decision_day
mention_frequency,3,2020-04-29,0.0,-6.791748186774758,-1.640625,0.1,S2_decision_day
mention_frequency,3,2020-06-10,0.0,-0.2292483318998808,-1.640625,0.1,S2_decision_day
mention_frequency,3,2020-07-29,0.0,0.7217472066271815,-1.640625,0.1,S2_decision_day
mention_frequency,3,2020-09-16,0.0,4.543002490473547,-1.640625,0.1,S2_decision_day
mention_frequency,3,2020-11-05,0.0,3.1566467389340795,-1.640625,0.1,S2_decision_day
mention_frequency,3,2020-12-16,0.0,2.8296382018699555,-1.640625,0.1,S2_decision_day
mention_frequency,3,2021-01-27,0.0,0.769625161168255,-1.640625,0.1,S2_decision_day
mention_frequency,3,2021-03-17,0.0,0.6641581732404147,-1.640625,0.1,S2_decision_day
mention_frequency,3,2021-04-28,0.0,2.79617356452144,-1.640625,0.1,S2_decision_day
mention_frequency,3,2021-06-16,0.0,2.76120663519683,-1.640625,0.1,S2_decision_day
mention_frequency,3,2021-07-28,0.0,3.966242245637445,-1.640625,0.1,S2_decision_day
mention_frequency,3,2021-09-22,0.0,2.879460629827089,-1.640625,0.1,S2_decision_day
mention_frequency,3,2021-11-03,0.0,6.5667281159524,-1.640625,0.1,S2_decision_day
mention_frequency,3,2021-12-15,0.0,-1.8415974036092264,-1.640625,0.1,S2_decision_day
mention_frequency,3,2022-01-26,25.0,-4.4274630830695605,-1.640625,0.1,S2_decision_day
mention_frequency,3,2022-03-16,50.0,3.58551166035435,-1.640625,0.1,S2_decision_day
mention_frequency,3,2022-05-04,75.0,6.344271119665927,-1.640625,0.1,S2_decision_day
mention_frequency,3,2022-06-15,75.0,18.42764920524837,-1.640625,0.1,S2_decision_day
mention_frequency,3,2022-07-27,75.0,27.42958246299473,-1.640625,0.1,S2_decision_day
mention_frequency,4,2022-09-21,75.0,36.627594664100485,0.20833333333333334,0.1,S2_decision_day
mention_frequency,4,2022-11-02,50.0,35.146681421714874,0.20833333333333334,0.1,S2_decision_day
mention_frequency,4,2022-12-14,25.0,23.75073655995307,0.20833333333333334,0.1,S2_decision_day
mention_frequency,4,2023-02-01,25.0,5.340995667920483,0.20833333333333334,0.1,S2_decision_day
mention_frequency,4,2023-03-22,25.0,7.078357878050838,0.20833333333333334,0.1,S2_decision_day
mention_frequency,4,2023-05-03,0.0,8.387288437322745,0.20833333333333334,0.1,S2_decision_day
mention_frequency,4,2023-06-14,25.0,-3.315958919662578,0.20833333333333334,0.1,S2_decision_day
mention_frequency,4,2023-07-26,0.0,6.739375317030839,0.20833333333333334,0.1,S2_decision_day
mention_frequency,4,2023-09-20,0.0,-6.968939617185147,0.20833333333333334,0.1,S2_decision_day
mention_frequency,4,2023-11-01,0.0,-4.733913252790823,0.20833333333333334,0.1,S2_decision_day
mention_frequency,4,2023-12-13,0.0,-1.4292282755103871,0.20833333333333334,0.1,S2_decision_day
mention_frequency,4,2024-01-31,0.0,-0.561190759794948,0.20833333333333334,0.1,S2_decision_day
mention_frequency,4,2024-03-20,0.0,-4.48001231275832,0.20833333333333334,0.1,S2_decision_day
mention_frequency,4,2024-05-01,0.0,-1.3497512452419196,0.20833333333333334,0.1,S2_decision_day
mention_frequency,4,2024-06-12,0.0,0.19772253532517622,0.20833333333333334,0.1,S2_decision_day
mention_frequency,4,2024-07-31,-50.0,-1.2247333081050678,0.20833333333333334,0.1,S2_decision_day
mention_frequency,4,2024-09-18,-25.0,-23.342506548796134,0.20833333333333334,0.1,S2_decision_day
mention_frequency,4,2024-11-07,-25.0,-11.76034403443398,0.20833333333333334,0.1,S2_decision_day
rules,0,2012-09-13,0.0,5.520762777577112,-3.125,0.0001,S2_decision_day
rules,0,2012-10-24,0.0,9.503572628257345,-3.125,0.0001,S2_decision_day
rules,0,2012-12-12,0.0,-0.13593161793080943,-3.125,0.0001,S2_decision_day
rules,0,2013-01-30,0.0,3.496560751222061,-3.125,0.0001,S2_decision_day
rules,0,2013-03-20,0.0,4.031208176401507,-3.125,0.0001,S2_decision_day
rules,0,2013-05-01,0.0,3.8879847644530425,-3.125,0.0001,S2_decision_day
rules,0,2013-06-19,0.0,1.175047764537795,-3.125,0.0001,S2_decision_day
rules,0,2013-07-31,0.0,6.391246518612387,-3.125,0.0001,S2_decision_day
rules,0,2013-09-18,0.0,8.298467702362313,-3.125,0.0001,S2_decision_day
rules,0,2013-10-30,0.0,6.539569647847277,-3.125,0.0001,S2_decision_day
rules,0,2013-12-18,0.0,9.870329647565544,-3.125,0.0001,S2_decision_day
rules,0,2014-01-29,0.0,1.8358720311897443,-3.125,0.0001,S2_decision_day
rules,0,2014-03-19,0.0,11.407498361917483,-3.125,0.0001,S2_decision_day
rules,0,2014-04-30,0.0,6.737571365267034,-3.125,0.0001,S2_decision_day
rules,0,2014-06-18,0.0,8.743132438021057,-3.125,0.0001,S2_decision_day
rules,0,2014-07-30,0.0,4.729925448709987,-3.125,0.0001,S2_decision_day
rules,0,2014-09-17,0.0,6.418749482693911,-3.125,0.0001,S2_decision_day
rules,0,2014-10-29,0.0,10.490105539768578,-3.125,0.0001,S2_decision_day
rules,0,2014-12-17,0.0,13.50025232527053,-3.125,0.0001,S2_decision_day
rules,0,2015-01-28,0.0,5.435918780864603,-3.125,0.0001,S2_decision_day
rules,1,2015-03-18,0.0,6.038977278857218,-2.6041666666666665,0.0001,S2_decision_day
rules,1,2015-04-29,0.0,5.785670952185815,-2.6041666666666665,0.0001,S2_decision_day
rules,1,2015-06-17,0.0,6.5819324685590574,-2.6041666666666665,0.0001,S2_decision_day
rules,1,2015-07-29,0.0,-1.5496916757521653,-2.6041666666666665,0.0001,S2_decision_day
rules,1,2015-09-17,0.0,-6.3338636058741855,-2.6041666666666665,0.0001,S2_decision_day
rules,1,2015-10-28,25.0,6.802460596024669,-2.6041666666666665,0.0001,S2_decision_day
rules,1,2015-12-16,0.0,7.593450355365399,-2.6041666666666665,0.0001,S2_decision_day
rules,1,2016-01-27,0.0,-9.569800857580738,-2.6041666666666665,0.0001,S2_decision_day
rules,1,2016-03-16,0.0,4.488693646083042,-2.6041666666666665,0.0001,S2_decision_day
rules,1,2016-04-27,0.0,0.6666146887520008,-2.6041666666666665,0.0001,S2_decision_day
rules,1,2016-06-15,0.0,4.1943039831063516,-2.6041666666666665,0.0001,S2_decision_day
rules,1,2016-07-27,0.0,4.307286901640954,-2.6041666666666665,0.0001,S2_decision_day
rules,1,2016-09-21,0.0,3.4425027567815274,-2.6041666666666665,0.0001,S2_decision_day
rules,1,2016-11-02,25.0,-4.909411722678056,-2.6041666666666665,0.0001,S2_decision_day
rules,1,2016-12-14,0.0,13.91666289743194,-2.6041666666666665,0.0001,S2_decision_day
rules,1,2017-02-01,25.0,0.2255632090008275,-2.6041666666666665,0.0001,S2_decision_day
rules,1,2017-03-15,0.0,13.932184160249431,-2.6041666666666665,0.0001,S2_decision_day
rules,1,2017-05-03,25.0,5.135810408127575,-2.6041666666666665,0.0001,S2_decision_day
rules,1,2017-06-14,0.0,12.755199974860858,-2.6041666666666665,0.0001,S2_decision_day
rules,1,2017-07-26,0.0,-2.5350466878181597,-2.6041666666666665,0.0001,S2_decision_day
rules,2,2017-09-20,0.0,1.3461862829988767,-1.5178571428571428,0.0001,S2_decision_day
rules,2,2017-11-01,25.0,-2.091876146841432,-1.5178571428571428,0.0001,S2_decision_day
rules,2,2017-12-13,0.0,2.064802827941405,-1.5178571428571428,0.0001,S2_decision_day
rules,2,2018-01-31,25.0,-3.2837124983426818,-1.5178571428571428,0.0001,S2_decision_day
rules,2,2018-03-21,0.0,13.465669621734188,-1.5178571428571428,0.0001,S2_decision_day
rules,2,2018-05-02,25.0,3.4051932414082464,-1.5178571428571428,0.0001,S2_decision_day
rules,2,2018-06-13,0.0,18.13702919039934,-1.5178571428571428,0.0001,S2_decision_day
rules,2,2018-08-01,25.0,6.417619817759741,-1.5178571428571428,0.0001,S2_decision_day
rules,2,2018-09-26,0.0,8.014174995061126,-1.5178571428571428,0.0001,S2_decision_day
rules,2,2018-11-08,25.0,-9.234150584299137,-1.5178571428571428,0.0001,S2_decision_day
rules,2,2018-12-19,0.0,-0.9151653325779058,-1.5178571428571428,0.0001,S2_decision_day
rules,2,2019-01-30,0.0,1.081772343295016,-1.5178571428571428,0.0001,S2_decision_day
rules,2,2019-03-20,0.0,0.09097804075565685,-1.5178571428571428,0.0001,S2_decision_day
rules,2,2019-05-01,0.0,3.3210873068954005,-1.5178571428571428,0.0001,S2_decision_day
rules,2,2019-06-19,-25.0,3.6472771451073593,-1.5178571428571428,0.0001,S2_decision_day
rules,2,2019-07-31,-25.0,-8.59602175040157,-1.5178571428571428,0.0001,S2_decision_day
rules,2,2019-09-18,-25.0,-3.6626136438165204,-1.5178571428571428,0.0001,S2_decision_day
rules,2,2019-10-30,0.0,-5.446597282184283,-1.5178571428571428,0.0001,S2_decision_day
rules,2,2019-12-11,0.0,3.04889979873825,-1.5178571428571428,0.0001,S2_decision_day
rules,2,2020-01-29,-100.0,-20.275179424735484,-1.5178571428571428,0.0001,S2_decision_day
rules,3,2020-03-15,0.0,-87.04814654742486,-1.640625,1.0,S2_decision_day
rules,3,2020-04-29,0.0,-0.46020974528192826,-1.640625,1.0,S2_decision_day
rules,3,2020-06-10,0.0,1.189433413114751,-1.640625,1.0,S2_decision_day
rules,3,2020-07-29,0.0,8.016105709733404,-1.640625,1.0,S2_decision_day
rules,3,2020-09-16,0.0,3.7605071850459537,-1.640625,1.0,S2_decision_day
rules,3,2020-11-05,0.0,1.4322093896748518,-1.640625,1.0,S2_decision_day
rules,3,2020-12-16,0.0,1.0996225304972636,-1.640625,1.0,S2_decision_day
rules,3,2021-01-27,0.0,-3.388636872925792,-1.640625,1.0,S2_decision_day
rules,3,2021-03-17,0.0,-2.0150421061788797,-1.640625,1.0,S2_decision_day
rules,3,2021-04-28,0.0,3.263825750766093,-1.640625,1.0,S2_decision_day
rules,3,2021-06-16,0.0,-0.5902301467624107,-1.640625,1.0,S2_decision_day
rules,3,2021-07-28,0.0,3.861217422975129,-1.640625,1.0,S2_decision_day
rules,3,2021-09-22,0.0,4.23259334172074,-1.640625,1.0,S2_decision_day
rules,3,2021-11-03,0.0,0.5734845157701529,-1.640625,1.0,S2_decision_day
rules,3,2021-12-15,0.0,2.887749500920583,-1.640625,1.0,S2_decision_day
rules,3,2022-01-26,25.0,-6.199051849967846,-1.640625,1.0,S2_decision_day
rules,3,2022-03-16,50.0,3.970279175433118,-1.640625,1.0,S2_decision_day
rules,3,2022-05-04,75.0,5.102939872741459,-1.640625,1.0,S2_decision_day
rules,3,2022-06-15,75.0,19.14728306260927,-1.640625,1.0,S2_decision_day
rules,3,2022-07-27,75.0,29.015328248328583,-1.640625,1.0,S2_decision_day
rules,4,2022-09-21,75.0,36.11416398350146,0.20833333333333334,1.0,S2_decision_day
rules,4,2022-11-02,50.0,36.76120695175932,0.20833333333333334,1.0,S2_decision_day
rules,4,2022-12-14,25.0,23.523831055972952,0.20833333333333334,1.0,S2_decision_day
rules,4,2023-02-01,25.0,6.862869752789682,0.20833333333333334,1.0,S2_decision_day
rules,4,2023-03-22,25.0,9.274806865332469,0.20833333333333334,1.0,S2_decision_day
rules,4,2023-05-03,0.0,12.288187195133936,0.20833333333333334,1.0,S2_decision_day
rules,4,2023-06-14,25.0,-2.804439423819227,0.20833333333333334,1.0,S2_decision_day
rules,4,2023-07-26,0.0,5.014862990686273,0.20833333333333334,1.0,S2_decision_day
rules,4,2023-09-20,0.0,-4.674282981734982,0.20833333333333334,1.0,S2_decision_day
rules,4,2023-11-01,0.0,-1.8642905451266025,0.20833333333333334,1.0,S2_decision_day
rules,4,2023-12-13,0.0,-1.3989770288463754,0.20833333333333334,1.0,S2_decision_day
rules,4,2024-01-31,0.0,1.265041908333031,0.20833333333333334,1.0,S2_decision_day
rules,4,2024-03-20,0.0,-4.03835007895928,0.20833333333333334,1.0,S2_decision_day
rules,4,2024-05-01,0.0,-0.7790375698008702,0.20833333333333334,1.0,S2_decision_day
rules,4,2024-06-12,0.0,-1.0414999857003417,0.20833333333333334,1.0,S2_decision_day
rules,4,2024-07-31,-50.0,-2.771797506339554,0.20833333333333334,1.0,S2_decision_day
rules,4,2024-09-18,-25.0,-17.872789932564807,0.20833333333333334,1.0,S2_decision_day
rules,4,2024-11-07,-25.0,-12.563616609757256,0.20833333333333334,1.0,S2_decision_day
flash,0,2012-09-13,0.0,6.1007965911854605,-3.125,1.0,S2_decision_day
flash,0,2012-10-24,0.0,6.160055412045127,-3.125,1.0,S2_decision_day
flash,0,2012-12-12,0.0,2.3918532998910527,-3.125,1.0,S2_decision_day
flash,0,2013-01-30,0.0,4.9460341577667855,-3.125,1.0,S2_decision_day
flash,0,2013-03-20,0.0,3.938137178069188,-3.125,1.0,S2_decision_day
flash,0,2013-05-01,0.0,5.890068426791714,-3.125,1.0,S2_decision_day
flash,0,2013-06-19,0.0,-1.0683318081260023,-3.125,1.0,S2_decision_day
flash,0,2013-07-31,0.0,8.414159900738428,-3.125,1.0,S2_decision_day
flash,0,2013-09-18,0.0,5.692957343768926,-3.125,1.0,S2_decision_day
flash,0,2013-10-30,0.0,6.76471980897321,-3.125,1.0,S2_decision_day
flash,0,2013-12-18,0.0,6.29812216780091,-3.125,1.0,S2_decision_day
flash,0,2014-01-29,0.0,3.321481615311126,-3.125,1.0,S2_decision_day
flash,0,2014-03-19,0.0,8.568200793024724,-3.125,1.0,S2_decision_day
flash,0,2014-04-30,0.0,5.77172047831599,-3.125,1.0,S2_decision_day
flash,0,2014-06-18,0.0,8.279745110942647,-3.125,1.0,S2_decision_day
flash,0,2014-07-30,0.0,5.704277865384613,-3.125,1.0,S2_decision_day
flash,0,2014-09-17,0.0,7.343576208568495,-3.125,1.0,S2_decision_day
flash,0,2014-10-29,0.0,5.45094099975427,-3.125,1.0,S2_decision_day
flash,0,2014-12-17,0.0,9.685637690665313,-3.125,1.0,S2_decision_day
flash,0,2015-01-28,0.0,5.156230915970811,-3.125,1.0,S2_decision_day
flash,1,2015-03-18,0.0,6.345048720651349,-2.6041666666666665,1.0,S2_decision_day
flash,1,2015-04-29,0.0,5.390641542584186,-2.6041666666666665,1.0,S2_decision_day
flash,1,2015-06-17,0.0,5.641436904849014,-2.6041666666666665,1.0,S2_decision_day
flash,1,2015-07-29,0.0,-1.582827631277771,-2.6041666666666665,1.0,S2_decision_day
flash,1,2015-09-17,0.0,-7.394530716860794,-2.6041666666666665,1.0,S2_decision_day
flash,1,2015-10-28,25.0,4.447544891732839,-2.6041666666666665,1.0,S2_decision_day
flash,1,2015-12-16,0.0,7.18269311276058,-2.6041666666666665,1.0,S2_decision_day
flash,1,2016-01-27,0.0,-12.017546085395239,-2.6041666666666665,1.0,S2_decision_day
flash,1,2016-03-16,0.0,3.116833303541636,-2.6041666666666665,1.0,S2_decision_day
flash,1,2016-04-27,0.0,3.5819141096494427,-2.6041666666666665,1.0,S2_decision_day
flash,1,2016-06-15,0.0,3.2207109644110723,-2.6041666666666665,1.0,S2_decision_day
flash,1,2016-07-27,0.0,0.9820873639748662,-2.6041666666666665,1.0,S2_decision_day
flash,1,2016-09-21,0.0,4.708478550196791,-2.6041666666666665,1.0,S2_decision_day
flash,1,2016-11-02,25.0,-2.410419943721226,-2.6041666666666665,1.0,S2_decision_day
flash,1,2016-12-14,0.0,13.759842603659946,-2.6041666666666665,1.0,S2_decision_day
flash,1,2017-02-01,25.0,1.3857073606154784,-2.6041666666666665,1.0,S2_decision_day
flash,1,2017-03-15,0.0,12.753606841627374,-2.6041666666666665,1.0,S2_decision_day
flash,1,2017-05-03,25.0,4.74864883774971,-2.6041666666666665,1.0,S2_decision_day
flash,1,2017-06-14,0.0,13.163439761851802,-2.6041666666666665,1.0,S2_decision_day
flash,1,2017-07-26,0.0,3.5480922442196245,-2.6041666666666665,1.0,S2_decision_day
flash,2,2017-09-20,0.0,2.826784012033116,-1.5178571428571428,1.0,S2_decision_day
flash,2,2017-11-01,25.0,3.049416212935463,-1.5178571428571428,1.0,S2_decision_day
flash,2,2017-12-13,0.0,8.72118683287708,-1.5178571428571428,1.0,S2_decision_day
flash,2,2018-01-31,25.0,0.21836129445153607,-1.5178571428571428,1.0,S2_decision_day
flash,2,2018-03-21,0.0,6.187903000747703,-1.5178571428571428,1.0,S2_decision_day
flash,2,2018-05-02,25.0,-2.941362783029363,-1.5178571428571428,1.0,S2_decision_day
flash,2,2018-06-13,0.0,12.879852335303854,-1.5178571428571428,1.0,S2_decision_day
flash,2,2018-08-01,25.0,-0.06663070450745878,-1.5178571428571428,1.0,S2_decision_day
flash,2,2018-09-26,0.0,7.0223895786234465,-1.5178571428571428,1.0,S2_decision_day
flash,2,2018-11-08,25.0,-18.016646278621568,-1.5178571428571428,1.0,S2_decision_day
flash,2,2018-12-19,0.0,-2.809983474209854,-1.5178571428571428,1.0,S2_decision_day
flash,2,2019-01-30,0.0,-0.5437806963733163,-1.5178571428571428,1.0,S2_decision_day
flash,2,2019-03-20,0.0,-1.7429663510809101,-1.5178571428571428,1.0,S2_decision_day
flash,2,2019-05-01,0.0,1.146873557003691,-1.5178571428571428,1.0,S2_decision_day
flash,2,2019-06-19,-25.0,0.7205341384922481,-1.5178571428571428,1.0,S2_decision_day
flash,2,2019-07-31,-25.0,-8.908502394536661,-1.5178571428571428,1.0,S2_decision_day
flash,2,2019-09-18,-25.0,-5.511459244670894,-1.5178571428571428,1.0,S2_decision_day
flash,2,2019-10-30,0.0,0.716388797921045,-1.5178571428571428,1.0,S2_decision_day
flash,2,2019-12-11,0.0,2.5796120455851312,-1.5178571428571428,1.0,S2_decision_day
flash,2,2020-01-29,-100.0,-15.022925136526426,-1.5178571428571428,1.0,S2_decision_day
flash,3,2020-03-15,0.0,-87.62359577746761,-1.640625,1.0,S2_decision_day
flash,3,2020-04-29,0.0,-2.2630712771740824,-1.640625,1.0,S2_decision_day
flash,3,2020-06-10,0.0,0.8542912289826687,-1.640625,1.0,S2_decision_day
flash,3,2020-07-29,0.0,11.291179296875598,-1.640625,1.0,S2_decision_day
flash,3,2020-09-16,0.0,3.5193565101687714,-1.640625,1.0,S2_decision_day
flash,3,2020-11-05,0.0,0.14815525877382996,-1.640625,1.0,S2_decision_day
flash,3,2020-12-16,0.0,0.5966180718151013,-1.640625,1.0,S2_decision_day
flash,3,2021-01-27,0.0,-1.9639594616098095,-1.640625,1.0,S2_decision_day
flash,3,2021-03-17,0.0,-0.11448321572951725,-1.640625,1.0,S2_decision_day
flash,3,2021-04-28,0.0,2.9866176973547143,-1.640625,1.0,S2_decision_day
flash,3,2021-06-16,0.0,-0.6711159706684708,-1.640625,1.0,S2_decision_day
flash,3,2021-07-28,0.0,5.767946704639746,-1.640625,1.0,S2_decision_day
flash,3,2021-09-22,0.0,6.473151625263998,-1.640625,1.0,S2_decision_day
flash,3,2021-11-03,0.0,4.822781513557884,-1.640625,1.0,S2_decision_day
flash,3,2021-12-15,0.0,1.325966805454236,-1.640625,1.0,S2_decision_day
flash,3,2022-01-26,25.0,-3.136371151371988,-1.640625,1.0,S2_decision_day
flash,3,2022-03-16,50.0,5.782081473428419,-1.640625,1.0,S2_decision_day
flash,3,2022-05-04,75.0,7.546631240044557,-1.640625,1.0,S2_decision_day
flash,3,2022-06-15,75.0,20.54119927932793,-1.640625,1.0,S2_decision_day
flash,3,2022-07-27,75.0,25.5578268054191,-1.640625,1.0,S2_decision_day
flash,4,2022-09-21,75.0,34.59054384552331,0.20833333333333334,1.0,S2_decision_day
flash,4,2022-11-02,50.0,37.44560824598959,0.20833333333333334,1.0,S2_decision_day
flash,4,2022-12-14,25.0,21.20110007301738,0.20833333333333334,1.0,S2_decision_day
flash,4,2023-02-01,25.0,5.069275301134463,0.20833333333333334,1.0,S2_decision_day
flash,4,2023-03-22,25.0,3.054479121736784,0.20833333333333334,1.0,S2_decision_day
flash,4,2023-05-03,0.0,7.948730714624788,0.20833333333333334,1.0,S2_decision_day
flash,4,2023-06-14,25.0,-3.623629919546838,0.20833333333333334,1.0,S2_decision_day
flash,4,2023-07-26,0.0,3.797745784360351,0.20833333333333334,1.0,S2_decision_day
flash,4,2023-09-20,0.0,-2.5919793439372842,0.20833333333333334,1.0,S2_decision_day
flash,4,2023-11-01,0.0,-2.074410819292355,0.20833333333333334,1.0,S2_decision_day
flash,4,2023-12-13,0.0,-3.4123962857778447,0.20833333333333334,1.0,S2_decision_day
flash,4,2024-01-31,0.0,-2.1421261177189317,0.20833333333333334,1.0,S2_decision_day
flash,4,2024-03-20,0.0,-6.638792367778563,0.20833333333333334,1.0,S2_decision_day
flash,4,2024-05-01,0.0,-1.5763854842760425,0.20833333333333334,1.0,S2_decision_day
flash,4,2024-06-12,0.0,0.10531895969625119,0.20833333333333334,1.0,S2_decision_day
flash,4,2024-07-31,-50.0,-3.518571600757341,0.20833333333333334,1.0,S2_decision_day
flash,4,2024-09-18,-25.0,-22.950035092505612,0.20833333333333334,1.0,S2_decision_day
flash,4,2024-11-07,-25.0,-11.672102673503646,0.20833333333333334,1.0,S2_decision_day
embedding,0,2012-09-13,0.0,3.9429827539806745,-3.125,1.0,S2_decision_day
embedding,0,2012-10-24,0.0,3.5638037591672567,-3.125,1.0,S2_decision_day
embedding,0,2012-12-12,0.0,4.025730009057662,-3.125,1.0,S2_decision_day
embedding,0,2013-01-30,0.0,2.0302813201454897,-3.125,1.0,S2_decision_day
embedding,0,2013-03-20,0.0,5.573825725621344,-3.125,1.0,S2_decision_day
embedding,0,2013-05-01,0.0,3.2797321316530064,-3.125,1.0,S2_decision_day
embedding,0,2013-06-19,0.0,0.4622432700518009,-3.125,1.0,S2_decision_day
embedding,0,2013-07-31,0.0,6.38959858493817,-3.125,1.0,S2_decision_day
embedding,0,2013-09-18,0.0,4.59157491188685,-3.125,1.0,S2_decision_day
embedding,0,2013-10-30,0.0,4.902025425858335,-3.125,1.0,S2_decision_day
embedding,0,2013-12-18,0.0,5.7257553817236175,-3.125,1.0,S2_decision_day
embedding,0,2014-01-29,0.0,4.2503362019596,-3.125,1.0,S2_decision_day
embedding,0,2014-03-19,0.0,8.861258507159235,-3.125,1.0,S2_decision_day
embedding,0,2014-04-30,0.0,6.557366592162754,-3.125,1.0,S2_decision_day
embedding,0,2014-06-18,0.0,10.708747089810883,-3.125,1.0,S2_decision_day
embedding,0,2014-07-30,0.0,2.7111646112904464,-3.125,1.0,S2_decision_day
embedding,0,2014-09-17,0.0,5.518911921143525,-3.125,1.0,S2_decision_day
embedding,0,2014-10-29,0.0,1.6296321126059063,-3.125,1.0,S2_decision_day
embedding,0,2014-12-17,0.0,6.443039687455796,-3.125,1.0,S2_decision_day
embedding,0,2015-01-28,0.0,2.132139682413921,-3.125,1.0,S2_decision_day
embedding,1,2015-03-18,0.0,5.577782043999749,-2.6041666666666665,1.0,S2_decision_day
embedding,1,2015-04-29,0.0,6.45485782710902,-2.6041666666666665,1.0,S2_decision_day
embedding,1,2015-06-17,0.0,2.6863917742218635,-2.6041666666666665,1.0,S2_decision_day
embedding,1,2015-07-29,0.0,-5.7271696436424575,-2.6041666666666665,1.0,S2_decision_day
embedding,1,2015-09-17,0.0,-8.24240313379063,-2.6041666666666665,1.0,S2_decision_day
embedding,1,2015-10-28,25.0,-0.7840744178560641,-2.6041666666666665,1.0,S2_decision_day
embedding,1,2015-12-16,0.0,3.9745619268810626,-2.6041666666666665,1.0,S2_decision_day
embedding,1,2016-01-27,0.0,-6.68140718942862,-2.6041666666666665,1.0,S2_decision_day
embedding,1,2016-03-16,0.0,6.43266985761027,-2.6041666666666665,1.0,S2_decision_day
embedding,1,2016-04-27,0.0,6.548828118380904,-2.6041666666666665,1.0,S2_decision_day
embedding,1,2016-06-15,0.0,-1.040414090558568,-2.6041666666666665,1.0,S2_decision_day
embedding,1,2016-07-27,0.0,2.1232863752579374,-2.6041666666666665,1.0,S2_decision_day
embedding,1,2016-09-21,0.0,-0.40325694519122957,-2.6041666666666665,1.0,S2_decision_day
embedding,1,2016-11-02,25.0,-3.0663995390010435,-2.6041666666666665,1.0,S2_decision_day
embedding,1,2016-12-14,0.0,14.220701489838492,-2.6041666666666665,1.0,S2_decision_day
embedding,1,2017-02-01,25.0,6.717114643178144,-2.6041666666666665,1.0,S2_decision_day
embedding,1,2017-03-15,0.0,15.780883125375334,-2.6041666666666665,1.0,S2_decision_day
embedding,1,2017-05-03,25.0,5.446232072729298,-2.6041666666666665,1.0,S2_decision_day
embedding,1,2017-06-14,0.0,11.187297509535519,-2.6041666666666665,1.0,S2_decision_day
embedding,1,2017-07-26,0.0,3.8381802330839565,-2.6041666666666665,1.0,S2_decision_day
embedding,2,2017-09-20,0.0,3.731325503127347,-1.5178571428571428,1.0,S2_decision_day
embedding,2,2017-11-01,25.0,2.776356530026412,-1.5178571428571428,1.0,S2_decision_day
embedding,2,2017-12-13,0.0,11.491818869726181,-1.5178571428571428,1.0,S2_decision_day
embedding,2,2018-01-31,25.0,2.9559151740805154,-1.5178571428571428,1.0,S2_decision_day
embedding,2,2018-03-21,0.0,6.688794007360005,-1.5178571428571428,1.0,S2_decision_day
embedding,2,2018-05-02,25.0,0.4127287019650314,-1.5178571428571428,1.0,S2_decision_day
embedding,2,2018-06-13,0.0,10.250142636798415,-1.5178571428571428,1.0,S2_decision_day
embedding,2,2018-08-01,25.0,0.08654276250177828,-1.5178571428571428,1.0,S2_decision_day
embedding,2,2018-09-26,0.0,7.977272363975319,-1.5178571428571428,1.0,S2_decision_day
embedding,2,2018-11-08,25.0,-7.279385855235505,-1.5178571428571428,1.0,S2_decision_day
embedding,2,2018-12-19,0.0,-5.854704958915709,-1.5178571428571428,1.0,S2_decision_day
embedding,2,2019-01-30,0.0,-1.513488451962217,-1.5178571428571428,1.0,S2_decision_day
embedding,2,2019-03-20,0.0,-0.16298514130739372,-1.5178571428571428,1.0,S2_decision_day
embedding,2,2019-05-01,0.0,1.5523001464458663,-1.5178571428571428,1.0,S2_decision_day
embedding,2,2019-06-19,-25.0,-3.388892935954392,-1.5178571428571428,1.0,S2_decision_day
embedding,2,2019-07-31,-25.0,-5.4895847144622305,-1.5178571428571428,1.0,S2_decision_day
embedding,2,2019-09-18,-25.0,-6.116219950887687,-1.5178571428571428,1.0,S2_decision_day
embedding,2,2019-10-30,0.0,-5.331645903894364,-1.5178571428571428,1.0,S2_decision_day
embedding,2,2019-12-11,0.0,7.149657681773378,-1.5178571428571428,1.0,S2_decision_day
embedding,2,2020-01-29,-100.0,-7.454685543977648,-1.5178571428571428,1.0,S2_decision_day
embedding,3,2020-03-15,0.0,-85.36476880406231,-1.640625,1.0,S2_decision_day
embedding,3,2020-04-29,0.0,-14.235432990722305,-1.640625,1.0,S2_decision_day
embedding,3,2020-06-10,0.0,-6.302406987000594,-1.640625,1.0,S2_decision_day
embedding,3,2020-07-29,0.0,-11.091453474418639,-1.640625,1.0,S2_decision_day
embedding,3,2020-09-16,0.0,0.27090694446105323,-1.640625,1.0,S2_decision_day
embedding,3,2020-11-05,0.0,2.6668010724522775,-1.640625,1.0,S2_decision_day
embedding,3,2020-12-16,0.0,-1.2883612856704776,-1.640625,1.0,S2_decision_day
embedding,3,2021-01-27,0.0,2.8403691296522373,-1.640625,1.0,S2_decision_day
embedding,3,2021-03-17,0.0,-3.195637709593308,-1.640625,1.0,S2_decision_day
embedding,3,2021-04-28,0.0,0.3933555702034459,-1.640625,1.0,S2_decision_day
embedding,3,2021-06-16,0.0,-0.8789426316616806,-1.640625,1.0,S2_decision_day
embedding,3,2021-07-28,0.0,-3.6395617015820574,-1.640625,1.0,S2_decision_day
embedding,3,2021-09-22,0.0,1.785890988652,-1.640625,1.0,S2_decision_day
embedding,3,2021-11-03,0.0,3.562502119239335,-1.640625,1.0,S2_decision_day
embedding,3,2021-12-15,0.0,0.10204194238617181,-1.640625,1.0,S2_decision_day
embedding,3,2022-01-26,25.0,-3.3291938470280877,-1.640625,1.0,S2_decision_day
embedding,3,2022-03-16,50.0,3.080282229216791,-1.640625,1.0,S2_decision_day
embedding,3,2022-05-04,75.0,0.3145520301824283,-1.640625,1.0,S2_decision_day
embedding,3,2022-06-15,75.0,9.7722382965743,-1.640625,1.0,S2_decision_day
embedding,3,2022-07-27,75.0,17.428583054801138,-1.640625,1.0,S2_decision_day
embedding,4,2022-09-21,75.0,40.952575504148804,0.20833333333333334,1.0,S2_decision_day
embedding,4,2022-11-02,50.0,34.27276593398351,0.20833333333333334,1.0,S2_decision_day
embedding,4,2022-12-14,25.0,20.05773531590223,0.20833333333333334,1.0,S2_decision_day
embedding,4,2023-02-01,25.0,-7.069069045676488,0.20833333333333334,1.0,S2_decision_day
embedding,4,2023-03-22,25.0,1.4554346223725976,0.20833333333333334,1.0,S2_decision_day
embedding,4,2023-05-03,0.0,10.900912912398704,0.20833333333333334,1.0,S2_decision_day
embedding,4,2023-06-14,25.0,-0.28887980392436696,0.20833333333333334,1.0,S2_decision_day
embedding,4,2023-07-26,0.0,7.7600869151025,0.20833333333333334,1.0,S2_decision_day
embedding,4,2023-09-20,0.0,-2.5650719216818274,0.20833333333333334,1.0,S2_decision_day
embedding,4,2023-11-01,0.0,-1.1897978048093045,0.20833333333333334,1.0,S2_decision_day
embedding,4,2023-12-13,0.0,1.595739524626389,0.20833333333333334,1.0,S2_decision_day
embedding,4,2024-01-31,0.0,3.5763541612120058,0.20833333333333334,1.0,S2_decision_day
embedding,4,2024-03-20,0.0,-1.9873260108113049,0.20833333333333334,1.0,S2_decision_day
embedding,4,2024-05-01,0.0,5.577179085242578,0.20833333333333334,1.0,S2_decision_day
embedding,4,2024-06-12,0.0,1.1477100782210516,0.20833333333333334,1.0,S2_decision_day
embedding,4,2024-07-31,-50.0,-2.5997054832165465,0.20833333333333334,1.0,S2_decision_day
embedding,4,2024-09-18,-25.0,-16.12984626118918,0.20833333333333334,1.0,S2_decision_day
embedding,4,2024-11-07,-25.0,-1.7178587958408091,0.20833333333333334,1.0,S2_decision_day
controls_only,0,2007-09-18,-25.0,-18.808177878468733,-2.0833333333333335,1.0,S3_human_overlap
controls_only,0,2007-10-31,-25.0,-2.7759112192443114,-2.0833333333333335,1.0,S3_human_overlap
controls_only,0,2007-12-11,-125.0,-12.29492908754371,-2.0833333333333335,1.0,S3_human_overlap
controls_only,0,2008-01-30,-75.0,-76.57919167378738,-2.0833333333333335,1.0,S3_human_overlap
controls_only,0,2008-03-18,-25.0,-63.05123444945111,-2.0833333333333335,1.0,S3_human_overlap
controls_only,0,2008-04-30,0.0,-2.0552609446424532,-2.0833333333333335,1.0,S3_human_overlap
controls_only,0,2008-06-25,0.0,-10.818675732204953,-2.0833333333333335,1.0,S3_human_overlap
controls_only,0,2008-08-05,0.0,6.931474914560853,-2.0833333333333335,1.0,S3_human_overlap
controls_only,0,2008-09-16,-100.0,-21.900795508458273,-2.0833333333333335,1.0,S3_human_overlap
controls_only,0,2008-10-29,-87.5,-114.78473940821675,-2.0833333333333335,1.0,S3_human_overlap
controls_only,0,2008-12-16,0.0,-48.83566363436067,-2.0833333333333335,1.0,S3_human_overlap
controls_only,0,2009-01-28,0.0,-13.097507853439605,-2.0833333333333335,1.0,S3_human_overlap
controls_only,0,2009-03-18,0.0,-42.12562224940252,-2.0833333333333335,1.0,S3_human_overlap
controls_only,0,2009-04-29,0.0,12.419220273572181,-2.0833333333333335,1.0,S3_human_overlap
controls_only,0,2009-06-24,0.0,-13.088454578239093,-2.0833333333333335,1.0,S3_human_overlap
controls_only,0,2009-08-12,0.0,2.6541179752645636,-2.0833333333333335,1.0,S3_human_overlap
controls_only,0,2009-09-23,0.0,18.890906676655952,-2.0833333333333335,1.0,S3_human_overlap
controls_only,0,2009-11-04,0.0,1.2699050907888223,-2.0833333333333335,1.0,S3_human_overlap
controls_only,0,2009-12-16,0.0,19.0392845404442,-2.0833333333333335,1.0,S3_human_overlap
controls_only,0,2010-01-27,0.0,-3.286644761662,-2.0833333333333335,1.0,S3_human_overlap
controls_only,1,2010-03-16,0.0,8.626873127648075,-7.34375,1.0,S3_human_overlap
controls_only,1,2010-04-28,0.0,1.391742253762792,-7.34375,1.0,S3_human_overlap
controls_only,1,2010-06-23,0.0,-6.411047810890652,-7.34375,1.0,S3_human_overlap
controls_only,1,2010-08-10,0.0,9.934504311280165,-7.34375,1.0,S3_human_overlap
controls_only,1,2010-09-21,0.0,6.00354332666251,-7.34375,1.0,S3_human_overlap
controls_only,1,2010-11-03,0.0,15.468046008822306,-7.34375,1.0,S3_human_overlap
controls_only,1,2010-12-14,0.0,5.023430154081402,-7.34375,1.0,S3_human_overlap
controls_only,1,2011-01-26,0.0,19.397244639810726,-7.34375,1.0,S3_human_overlap
controls_only,1,2011-03-15,0.0,-0.9086685416737774,-7.34375,1.0,S3_human_overlap
controls_only,1,2011-04-27,0.0,6.675728602237064,-7.34375,1.0,S3_human_overlap
controls_only,1,2011-06-22,0.0,-5.525403921276324,-7.34375,1.0,S3_human_overlap
controls_only,1,2011-08-09,0.0,-13.895677862018474,-7.34375,1.0,S3_human_overlap
controls_only,1,2011-09-21,0.0,-12.380188764224332,-7.34375,1.0,S3_human_overlap
controls_only,1,2011-11-02,0.0,22.00019260781634,-7.34375,1.0,S3_human_overlap
controls_only,1,2011-12-13,0.0,-8.952019793384846,-7.34375,1.0,S3_human_overlap
controls_only,1,2012-01-25,0.0,9.371445944463979,-7.34375,1.0,S3_human_overlap
controls_only,1,2012-03-13,0.0,15.752547634227803,-7.34375,1.0,S3_human_overlap
controls_only,1,2012-04-25,0.0,6.640074259386181,-7.34375,1.0,S3_human_overlap
controls_only,1,2012-06-20,0.0,-1.1197127332762724,-7.34375,1.0,S3_human_overlap
controls_only,1,2012-08-01,0.0,4.563438292187944,-7.34375,1.0,S3_human_overlap
controls_only,2,2012-09-13,0.0,12.8695075797576,-5.875,0.1,S3_human_overlap
controls_only,2,2012-10-24,0.0,14.524844416632257,-5.875,0.1,S3_human_overlap
controls_only,2,2012-12-12,0.0,1.279714016746511,-5.875,0.1,S3_human_overlap
controls_only,2,2013-01-30,0.0,6.905608955362082,-5.875,0.1,S3_human_overlap
controls_only,2,2013-03-20,0.0,8.836622785597651,-5.875,0.1,S3_human_overlap
controls_only,2,2013-05-01,0.0,10.41870230460004,-5.875,0.1,S3_human_overlap
controls_only,2,2013-06-19,0.0,-0.1772443317648964,-5.875,0.1,S3_human_overlap
controls_only,2,2013-07-31,0.0,16.866281160307317,-5.875,0.1,S3_human_overlap
controls_only,2,2013-09-18,0.0,10.782830131638873,-5.875,0.1,S3_human_overlap
controls_only,2,2013-10-30,0.0,13.188175180305317,-5.875,0.1,S3_human_overlap
controls_only,2,2013-12-18,0.0,14.6946747045767,-5.875,0.1,S3_human_overlap
controls_only,2,2014-01-29,0.0,5.217560578464276,-5.875,0.1,S3_human_overlap
controls_only,2,2014-03-19,0.0,18.009490834402094,-5.875,0.1,S3_human_overlap
controls_only,2,2014-04-30,0.0,9.597391046728083,-5.875,0.1,S3_human_overlap
controls_only,2,2014-06-18,0.0,15.30666850328671,-5.875,0.1,S3_human_overlap
controls_only,2,2014-07-30,0.0,9.992265470601792,-5.875,0.1,S3_human_overlap
controls_only,2,2014-09-17,0.0,12.319388485079104,-5.875,0.1,S3_human_overlap
controls_only,2,2014-10-29,0.0,14.668795610247097,-5.875,0.1,S3_human_overlap
controls_only,2,2014-12-17,0.0,17.79780283031632,-5.875,0.1,S3_human_overlap
controls_only,2,2015-01-28,0.0,8.811857304746352,-5.875,0.1,S3_human_overlap
controls_only,3,2015-03-18,0.0,10.097652279942853,-4.895833333333333,1.0,S3_human_overlap
controls_only,3,2015-04-29,0.0,11.804244409704674,-4.895833333333333,1.0,S3_human_overlap
controls_only,3,2015-06-17,0.0,6.3682056388488295,-4.895833333333333,1.0,S3_human_overlap
controls_only,3,2015-07-29,0.0,-4.543919507490368,-4.895833333333333,1.0,S3_human_overlap
controls_only,3,2015-09-17,0.0,-9.3048009962779,-4.895833333333333,1.0,S3_human_overlap
controls_only,3,2015-10-28,25.0,6.060537228691565,-4.895833333333333,1.0,S3_human_overlap
controls_only,3,2015-12-16,0.0,0.17317630547230323,-4.895833333333333,1.0,S3_human_overlap
controls_only,3,2016-01-27,0.0,-14.056594031313058,-4.895833333333333,1.0,S3_human_overlap
controls_only,3,2016-03-16,0.0,7.221313004138606,-4.895833333333333,1.0,S3_human_overlap
controls_only,3,2016-04-27,0.0,11.470760525899971,-4.895833333333333,1.0,S3_human_overlap
controls_only,3,2016-06-15,0.0,1.2184748922531448,-4.895833333333333,1.0,S3_human_overlap
controls_only,3,2016-07-27,0.0,9.113900860049258,-4.895833333333333,1.0,S3_human_overlap
controls_only,3,2016-09-21,0.0,4.571370447093392,-4.895833333333333,1.0,S3_human_overlap
controls_only,3,2016-11-02,25.0,-9.945664610007466,-4.895833333333333,1.0,S3_human_overlap
controls_only,3,2016-12-14,0.0,20.87148896656472,-4.895833333333333,1.0,S3_human_overlap
human,0,2007-09-18,-25.0,-12.604762190360686,-2.0833333333333335,1.0,S3_human_overlap
human,0,2007-10-31,-25.0,2.5371038330548257,-2.0833333333333335,1.0,S3_human_overlap
human,0,2007-12-11,-125.0,-8.55520948044304,-2.0833333333333335,1.0,S3_human_overlap
human,0,2008-01-30,-75.0,-68.78455875937884,-2.0833333333333335,1.0,S3_human_overlap
human,0,2008-03-18,-25.0,-48.48773998997503,-2.0833333333333335,1.0,S3_human_overlap
human,0,2008-04-30,0.0,-8.583515405620705,-2.0833333333333335,1.0,S3_human_overlap
human,0,2008-06-25,0.0,-15.68257737206435,-2.0833333333333335,1.0,S3_human_overlap
human,0,2008-08-05,0.0,-3.097604434327595,-2.0833333333333335,1.0,S3_human_overlap
human,0,2008-09-16,-100.0,-20.97511682961042,-2.0833333333333335,1.0,S3_human_overlap
human,0,2008-10-29,-87.5,-75.70699400707974,-2.0833333333333335,1.0,S3_human_overlap
human,0,2008-12-16,0.0,-51.7594666726078,-2.0833333333333335,1.0,S3_human_overlap
human,0,2009-01-28,0.0,-23.693878838147764,-2.0833333333333335,1.0,S3_human_overlap
human,0,2009-03-18,0.0,-46.1706066174109,-2.0833333333333335,1.0,S3_human_overlap
human,0,2009-04-29,0.0,8.92995071565007,-2.0833333333333335,1.0,S3_human_overlap
human,0,2009-06-24,0.0,-1.2525773272979217,-2.0833333333333335,1.0,S3_human_overlap
human,0,2009-08-12,0.0,8.549216742855293,-2.0833333333333335,1.0,S3_human_overlap
human,0,2009-09-23,0.0,18.655324911381868,-2.0833333333333335,1.0,S3_human_overlap
human,0,2009-11-04,0.0,1.5832801339377265,-2.0833333333333335,1.0,S3_human_overlap
human,0,2009-12-16,0.0,21.70709273737301,-2.0833333333333335,1.0,S3_human_overlap
human,0,2010-01-27,0.0,-3.173612538463683,-2.0833333333333335,1.0,S3_human_overlap
human,1,2010-03-16,0.0,8.528029570975,-7.34375,1.0,S3_human_overlap
human,1,2010-04-28,0.0,3.479309227596029,-7.34375,1.0,S3_human_overlap
human,1,2010-06-23,0.0,-16.001610509355455,-7.34375,1.0,S3_human_overlap
human,1,2010-08-10,0.0,10.139033243528282,-7.34375,1.0,S3_human_overlap
human,1,2010-09-21,0.0,2.67478143636312,-7.34375,1.0,S3_human_overlap
human,1,2010-11-03,0.0,14.167422603179325,-7.34375,1.0,S3_human_overlap
human,1,2010-12-14,0.0,8.27512644218017,-7.34375,1.0,S3_human_overlap
human,1,2011-01-26,0.0,19.851357449770358,-7.34375,1.0,S3_human_overlap
human,1,2011-03-15,0.0,-2.4079029097869444,-7.34375,1.0,S3_human_overlap
human,1,2011-04-27,0.0,4.548324013590851,-7.34375,1.0,S3_human_overlap
human,1,2011-06-22,0.0,-7.345965366979573,-7.34375,1.0,S3_human_overlap
human,1,2011-08-09,0.0,-16.065536532969592,-7.34375,1.0,S3_human_overlap
human,1,2011-09-21,0.0,-13.671516002105983,-7.34375,1.0,S3_human_overlap
human,1,2011-11-02,0.0,15.03625465482483,-7.34375,1.0,S3_human_overlap
human,1,2011-12-13,0.0,-6.050996342567142,-7.34375,1.0,S3_human_overlap
human,1,2012-01-25,0.0,10.03017071860172,-7.34375,1.0,S3_human_overlap
human,1,2012-03-13,0.0,14.738947406681913,-7.34375,1.0,S3_human_overlap
human,1,2012-04-25,0.0,4.893903906601058,-7.34375,1.0,S3_human_overlap
human,1,2012-06-20,0.0,-7.64896629240357,-7.34375,1.0,S3_human_overlap
human,1,2012-08-01,0.0,3.6957726193319944,-7.34375,1.0,S3_human_overlap
human,2,2012-09-13,0.0,10.700191862487358,-5.875,1.0,S3_human_overlap
human,2,2012-10-24,0.0,9.329118992359717,-5.875,1.0,S3_human_overlap
human,2,2012-12-12,0.0,1.143752963877522,-5.875,1.0,S3_human_overlap
human,2,2013-01-30,0.0,7.712471315293462,-5.875,1.0,S3_human_overlap
human,2,2013-03-20,0.0,7.3784484531519405,-5.875,1.0,S3_human_overlap
human,2,2013-05-01,0.0,9.547215956472044,-5.875,1.0,S3_human_overlap
human,2,2013-06-19,0.0,-1.5061093987870642,-5.875,1.0,S3_human_overlap
human,2,2013-07-31,0.0,12.707281192685226,-5.875,1.0,S3_human_overlap
human,2,2013-09-18,0.0,7.88728447409891,-5.875,1.0,S3_human_overlap
human,2,2013-10-30,0.0,11.698815775187768,-5.875,1.0,S3_human_overlap
human,2,2013-12-18,0.0,10.088684072175262,-5.875,1.0,S3_human_overlap
human,2,2014-01-29,0.0,5.43657968126364,-5.875,1.0,S3_human_overlap
human,2,2014-03-19,0.0,13.928745700371525,-5.875,1.0,S3_human_overlap
human,2,2014-04-30,0.0,5.929614939220058,-5.875,1.0,S3_human_overlap
human,2,2014-06-18,0.0,13.416409046289335,-5.875,1.0,S3_human_overlap
human,2,2014-07-30,0.0,7.350839934683822,-5.875,1.0,S3_human_overlap
human,2,2014-09-17,0.0,10.647926316560241,-5.875,1.0,S3_human_overlap
human,2,2014-10-29,0.0,7.161584257809657,-5.875,1.0,S3_human_overlap
human,2,2014-12-17,0.0,15.531268500385924,-5.875,1.0,S3_human_overlap
human,2,2015-01-28,0.0,8.504719062751423,-5.875,1.0,S3_human_overlap
human,3,2015-03-18,0.0,10.898693164801387,-4.895833333333333,0.1,S3_human_overlap
human,3,2015-04-29,0.0,7.725502225425148,-4.895833333333333,0.1,S3_human_overlap
human,3,2015-06-17,0.0,8.640592915273913,-4.895833333333333,0.1,S3_human_overlap
human,3,2015-07-29,0.0,-4.117519854214242,-4.895833333333333,0.1,S3_human_overlap
human,3,2015-09-17,0.0,-14.603469405456874,-4.895833333333333,0.1,S3_human_overlap
human,3,2015-10-28,25.0,6.097430955321596,-4.895833333333333,0.1,S3_human_overlap
human,3,2015-12-16,0.0,2.36162915956674,-4.895833333333333,0.1,S3_human_overlap
human,3,2016-01-27,0.0,-17.606356090089452,-4.895833333333333,0.1,S3_human_overlap
human,3,2016-03-16,0.0,5.665086278859982,-4.895833333333333,0.1,S3_human_overlap
human,3,2016-04-27,0.0,8.426006515481834,-4.895833333333333,0.1,S3_human_overlap
human,3,2016-06-15,0.0,2.343532037660035,-4.895833333333333,0.1,S3_human_overlap
human,3,2016-07-27,0.0,3.89427998596745,-4.895833333333333,0.1,S3_human_overlap
human,3,2016-09-21,0.0,6.898967450327986,-4.895833333333333,0.1,S3_human_overlap
human,3,2016-11-02,25.0,-7.351294635336597,-4.895833333333333,0.1,S3_human_overlap
human,3,2016-12-14,0.0,19.60409189055947,-4.895833333333333,0.1,S3_human_overlap
rules,0,2007-09-18,-25.0,-8.373826960356363,-2.0833333333333335,1.0,S3_human_overlap
rules,0,2007-10-31,-25.0,5.745731822846601,-2.0833333333333335,1.0,S3_human_overlap
rules,0,2007-12-11,-125.0,-3.4220444752871058,-2.0833333333333335,1.0,S3_human_overlap
rules,0,2008-01-30,-75.0,-69.2007218893232,-2.0833333333333335,1.0,S3_human_overlap
rules,0,2008-03-18,-25.0,-57.80131538008457,-2.0833333333333335,1.0,S3_human_overlap
rules,0,2008-04-30,0.0,5.610009804730677,-2.0833333333333335,1.0,S3_human_overlap
rules,0,2008-06-25,0.0,-4.603757185449034,-2.0833333333333335,1.0,S3_human_overlap
rules,0,2008-08-05,0.0,-6.41129969192936,-2.0833333333333335,1.0,S3_human_overlap
rules,0,2008-09-16,-100.0,-16.192698676030858,-2.0833333333333335,1.0,S3_human_overlap
rules,0,2008-10-29,-87.5,-81.21720832246018,-2.0833333333333335,1.0,S3_human_overlap
rules,0,2008-12-16,0.0,-66.92629390877073,-2.0833333333333335,1.0,S3_human_overlap
rules,0,2009-01-28,0.0,-15.271349942806555,-2.0833333333333335,1.0,S3_human_overlap
rules,0,2009-03-18,0.0,-44.333800117392435,-2.0833333333333335,1.0,S3_human_overlap
rules,0,2009-04-29,0.0,-9.035543925098851,-2.0833333333333335,1.0,S3_human_overlap
rules,0,2009-06-24,0.0,-22.501407110580622,-2.0833333333333335,1.0,S3_human_overlap
rules,0,2009-08-12,0.0,0.5212782976739274,-2.0833333333333335,1.0,S3_human_overlap
rules,0,2009-09-23,0.0,-7.153166410896699,-2.0833333333333335,1.0,S3_human_overlap
rules,0,2009-11-04,0.0,-4.289844301168797,-2.0833333333333335,1.0,S3_human_overlap
rules,0,2009-12-16,0.0,7.9432357119624495,-2.0833333333333335,1.0,S3_human_overlap
rules,0,2010-01-27,0.0,1.8672206551749309,-2.0833333333333335,1.0,S3_human_overlap
rules,1,2010-03-16,0.0,7.550926906661184,-7.34375,1.0,S3_human_overlap
rules,1,2010-04-28,0.0,4.342268224539167,-7.34375,1.0,S3_human_overlap
rules,1,2010-06-23,0.0,-15.737167836796427,-7.34375,1.0,S3_human_overlap
rules,1,2010-08-10,0.0,7.0586513306756355,-7.34375,1.0,S3_human_overlap
rules,1,2010-09-21,0.0,3.565071081019793,-7.34375,1.0,S3_human_overlap
rules,1,2010-11-03,0.0,16.779420005540885,-7.34375,1.0,S3_human_overlap
rules,1,2010-12-14,0.0,4.372032951659335,-7.34375,1.0,S3_human_overlap
rules,1,2011-01-26,0.0,20.424307872305363,-7.34375,1.0,S3_human_overlap
rules,1,2011-03-15,0.0,2.0571621050253697,-7.34375,1.0,S3_human_overlap
rules,1,2011-04-27,0.0,6.194444647890741,-7.34375,1.0,S3_human_overlap
rules,1,2011-06-22,0.0,-0.9766783506346375,-7.34375,1.0,S3_human_overlap
rules,1,2011-08-09,0.0,-11.692988182437745,-7.34375,1.0,S3_human_overlap
rules,1,2011-09-21,0.0,-11.708448801780769,-7.34375,1.0,S3_human_overlap
rules,1,2011-11-02,0.0,18.42579320659138,-7.34375,1.0,S3_human_overlap
rules,1,2011-12-13,0.0,-4.165965370510646,-7.34375,1.0,S3_human_overlap
rules,1,2012-01-25,0.0,10.847283084845666,-7.34375,1.0,S3_human_overlap
rules,1,2012-03-13,0.0,16.872935144281016,-7.34375,1.0,S3_human_overlap
rules,1,2012-04-25,0.0,5.330433579195079,-7.34375,1.0,S3_human_overlap
rules,1,2012-06-20,0.0,-2.8699051348580777,-7.34375,1.0,S3_human_overlap
rules,1,2012-08-01,0.0,7.152533906379016,-7.34375,1.0,S3_human_overlap
rules,2,2012-09-13,0.0,9.264759799460311,-5.875,1.0,S3_human_overlap
rules,2,2012-10-24,0.0,11.779294779605872,-5.875,1.0,S3_human_overlap
rules,2,2012-12-12,0.0,1.210913408995288,-5.875,1.0,S3_human_overlap
rules,2,2013-01-30,0.0,7.741116029528499,-5.875,1.0,S3_human_overlap
rules,2,2013-03-20,0.0,8.601914850038497,-5.875,1.0,S3_human_overlap
rules,2,2013-05-01,0.0,9.411184764501748,-5.875,1.0,S3_human_overlap
rules,2,2013-06-19,0.0,-0.768892570791424,-5.875,1.0,S3_human_overlap
rules,2,2013-07-31,0.0,13.906641414940905,-5.875,1.0,S3_human_overlap
rules,2,2013-09-18,0.0,10.766467521548032,-5.875,1.0,S3_human_overlap
rules,2,2013-10-30,0.0,11.745892927973516,-5.875,1.0,S3_human_overlap
rules,2,2013-12-18,0.0,11.518464030419247,-5.875,1.0,S3_human_overlap
rules,2,2014-01-29,0.0,6.131093796672269,-5.875,1.0,S3_human_overlap
rules,2,2014-03-19,0.0,14.337898506279666,-5.875,1.0,S3_human_overlap
rules,2,2014-04-30,0.0,7.946995834247494,-5.875,1.0,S3_human_overlap
rules,2,2014-06-18,0.0,13.678774325724527,-5.875,1.0,S3_human_overlap
rules,2,2014-07-30,0.0,9.334829258675809,-5.875,1.0,S3_human_overlap
rules,2,2014-09-17,0.0,10.668205122273681,-5.875,1.0,S3_human_overlap
rules,2,2014-10-29,0.0,2.2452182448670257,-5.875,1.0,S3_human_overlap
rules,2,2014-12-17,0.0,16.257010433423005,-5.875,1.0,S3_human_overlap
rules,2,2015-01-28,0.0,5.955978546585023,-5.875,1.0,S3_human_overlap
rules,3,2015-03-18,0.0,10.042969519655276,-4.895833333333333,0.0001,S3_human_overlap
rules,3,2015-04-29,0.0,10.5645308815375,-4.895833333333333,0.0001,S3_human_overlap
rules,3,2015-06-17,0.0,7.260465928974013,-4.895833333333333,0.0001,S3_human_overlap
rules,3,2015-07-29,0.0,-5.147520877856162,-4.895833333333333,0.0001,S3_human_overlap
rules,3,2015-09-17,0.0,-10.823236335011643,-4.895833333333333,0.0001,S3_human_overlap
rules,3,2015-10-28,25.0,7.61477140920305,-4.895833333333333,0.0001,S3_human_overlap
rules,3,2015-12-16,0.0,0.6454845576553376,-4.895833333333333,0.0001,S3_human_overlap
rules,3,2016-01-27,0.0,-14.73513906969529,-4.895833333333333,0.0001,S3_human_overlap
rules,3,2016-03-16,0.0,7.255295682447589,-4.895833333333333,0.0001,S3_human_overlap
rules,3,2016-04-27,0.0,5.701034669716189,-4.895833333333333,0.0001,S3_human_overlap
rules,3,2016-06-15,0.0,3.2298990662671825,-4.895833333333333,0.0001,S3_human_overlap
rules,3,2016-07-27,0.0,5.016826402758892,-4.895833333333333,0.0001,S3_human_overlap
rules,3,2016-09-21,0.0,5.833600336378255,-4.895833333333333,0.0001,S3_human_overlap
rules,3,2016-11-02,25.0,-9.025378350363326,-4.895833333333333,0.0001,S3_human_overlap
rules,3,2016-12-14,0.0,17.441608073075056,-4.895833333333333,0.0001,S3_human_overlap
flash,0,2007-09-18,-25.0,-5.757651576344875,-2.0833333333333335,10.0,S3_human_overlap
flash,0,2007-10-31,-25.0,2.928174149986323,-2.0833333333333335,10.0,S3_human_overlap
flash,0,2007-12-11,-125.0,-4.702730498057758,-2.0833333333333335,10.0,S3_human_overlap
flash,0,2008-01-30,-75.0,-39.62928168462719,-2.0833333333333335,10.0,S3_human_overlap
flash,0,2008-03-18,-25.0,-24.925847340066678,-2.0833333333333335,10.0,S3_human_overlap
flash,0,2008-04-30,0.0,-1.637724933105122,-2.0833333333333335,10.0,S3_human_overlap
flash,0,2008-06-25,0.0,-9.01873814477701,-2.0833333333333335,10.0,S3_human_overlap
flash,0,2008-08-05,0.0,-8.693259063940761,-2.0833333333333335,10.0,S3_human_overlap
flash,0,2008-09-16,-100.0,-14.279160353940945,-2.0833333333333335,10.0,S3_human_overlap
flash,0,2008-10-29,-87.5,-46.66434356861188,-2.0833333333333335,10.0,S3_human_overlap
flash,0,2008-12-16,0.0,-31.767360421301387,-2.0833333333333335,10.0,S3_human_overlap
flash,0,2009-01-28,0.0,-17.300873000372032,-2.0833333333333335,10.0,S3_human_overlap
flash,0,2009-03-18,0.0,-33.73344856115874,-2.0833333333333335,10.0,S3_human_overlap
flash,0,2009-04-29,0.0,7.207477211379763,-2.0833333333333335,10.0,S3_human_overlap
flash,0,2009-06-24,0.0,3.3068922168412582,-2.0833333333333335,10.0,S3_human_overlap
flash,0,2009-08-12,0.0,8.026289025410918,-2.0833333333333335,10.0,S3_human_overlap
flash,0,2009-09-23,0.0,10.814103149487341,-2.0833333333333335,10.0,S3_human_overlap
flash,0,2009-11-04,0.0,1.7841125518404302,-2.0833333333333335,10.0,S3_human_overlap
flash,0,2009-12-16,0.0,11.812985103766014,-2.0833333333333335,10.0,S3_human_overlap
flash,0,2010-01-27,0.0,0.49473523466915337,-2.0833333333333335,10.0,S3_human_overlap
flash,1,2010-03-16,0.0,12.012010745535534,-7.34375,0.1,S3_human_overlap
flash,1,2010-04-28,0.0,3.245977146023635,-7.34375,0.1,S3_human_overlap
flash,1,2010-06-23,0.0,-15.924947967614507,-7.34375,0.1,S3_human_overlap
flash,1,2010-08-10,0.0,16.208590604953496,-7.34375,0.1,S3_human_overlap
flash,1,2010-09-21,0.0,7.111936816153361,-7.34375,0.1,S3_human_overlap
flash,1,2010-11-03,0.0,20.094526897679888,-7.34375,0.1,S3_human_overlap
flash,1,2010-12-14,0.0,6.764664287137113,-7.34375,0.1,S3_human_overlap
flash,1,2011-01-26,0.0,23.20749470244168,-7.34375,0.1,S3_human_overlap
flash,1,2011-03-15,0.0,-0.6650414360745662,-7.34375,0.1,S3_human_overlap
flash,1,2011-04-27,0.0,6.518385146349806,-7.34375,0.1,S3_human_overlap
flash,1,2011-06-22,0.0,-5.812674416868473,-7.34375,0.1,S3_human_overlap
flash,1,2011-08-09,0.0,-19.156019674513413,-7.34375,0.1,S3_human_overlap
flash,1,2011-09-21,0.0,-16.79406854569077,-7.34375,0.1,S3_human_overlap
flash,1,2011-11-02,0.0,35.26162280059251,-7.34375,0.1,S3_human_overlap
flash,1,2011-12-13,0.0,-7.057231637077016,-7.34375,0.1,S3_human_overlap
flash,1,2012-01-25,0.0,11.614416976661943,-7.34375,0.1,S3_human_overlap
flash,1,2012-03-13,0.0,18.719278088339955,-7.34375,0.1,S3_human_overlap
flash,1,2012-04-25,0.0,13.400826112379626,-7.34375,0.1,S3_human_overlap
flash,1,2012-06-20,0.0,-7.4568290939825905,-7.34375,0.1,S3_human_overlap
flash,1,2012-08-01,0.0,7.460898568742652,-7.34375,0.1,S3_human_overlap
flash,2,2012-09-13,0.0,5.2378297619513265,-5.875,10.0,S3_human_overlap
flash,2,2012-10-24,0.0,-1.5656433862154628,-5.875,10.0,S3_human_overlap
flash,2,2012-12-12,0.0,1.7671382645129539,-5.875,10.0,S3_human_overlap
flash,2,2013-01-30,0.0,4.11963130234879,-5.875,10.0,S3_human_overlap
flash,2,2013-03-20,0.0,3.455594049851804,-5.875,10.0,S3_human_overlap
flash,2,2013-05-01,0.0,7.038919501930744,-5.875,10.0,S3_human_overlap
flash,2,2013-06-19,0.0,-0.4867574074183185,-5.875,10.0,S3_human_overlap
flash,2,2013-07-31,0.0,6.7961848084545,-5.875,10.0,S3_human_overlap
flash,2,2013-09-18,0.0,3.986150853768768,-5.875,10.0,S3_human_overlap
flash,2,2013-10-30,0.0,5.6648382251842975,-5.875,10.0,S3_human_overlap
flash,2,2013-12-18,0.0,3.298884822689333,-5.875,10.0,S3_human_overlap
flash,2,2014-01-29,0.0,2.4386634005219303,-5.875,10.0,S3_human_overlap
flash,2,2014-03-19,0.0,6.3879713096862005,-5.875,10.0,S3_human_overlap
flash,2,2014-04-30,0.0,2.508025438539166,-5.875,10.0,S3_human_overlap
flash,2,2014-06-18,0.0,6.256379822183058,-5.875,10.0,S3_human_overlap
flash,2,2014-07-30,0.0,1.5936305260235386,-5.875,10.0,S3_human_overlap
flash,2,2014-09-17,0.0,4.0478770898498,-5.875,10.0,S3_human_overlap
flash,2,2014-10-29,0.0,-6.918020651953148,-5.875,10.0,S3_human_overlap
flash,2,2014-12-17,0.0,6.212569193714966,-5.875,10.0,S3_human_overlap
flash,2,2015-01-28,0.0,4.289131837286012,-5.875,10.0,S3_human_overlap
flash,3,2015-03-18,0.0,4.742442716362297,-4.895833333333333,10.0,S3_human_overlap
flash,3,2015-04-29,0.0,6.203151150155599,-4.895833333333333,10.0,S3_human_overlap
flash,3,2015-06-17,0.0,-1.0233343955333427,-4.895833333333333,10.0,S3_human_overlap
flash,3,2015-07-29,0.0,-4.559977551957999,-4.895833333333333,10.0,S3_human_overlap
flash,3,2015-09-17,0.0,-18.69955688124022,-4.895833333333333,10.0,S3_human_overlap
flash,3,2015-10-28,25.0,2.5824943086605066,-4.895833333333333,10.0,S3_human_overlap
flash,3,2015-12-16,0.0,-4.311569197566302,-4.895833333333333,10.0,S3_human_overlap
flash,3,2016-01-27,0.0,-17.63487665391025,-4.895833333333333,10.0,S3_human_overlap
flash,3,2016-03-16,0.0,0.526085254828371,-4.895833333333333,10.0,S3_human_overlap
flash,3,2016-04-27,0.0,5.865209921106932,-4.895833333333333,10.0,S3_human_overlap
flash,3,2016-06-15,0.0,-3.8903068914611882,-4.895833333333333,10.0,S3_human_overlap
flash,3,2016-07-27,0.0,2.5421324323679864,-4.895833333333333,10.0,S3_human_overlap
flash,3,2016-09-21,0.0,-0.3695123081635172,-4.895833333333333,10.0,S3_human_overlap
flash,3,2016-11-02,25.0,-1.000367854128033,-4.895833333333333,10.0,S3_human_overlap
flash,3,2016-12-14,0.0,10.793611003909533,-4.895833333333333,10.0,S3_human_overlap
embedding,0,2007-09-18,-25.0,-25.6801258433485,-2.0833333333333335,1.0,S3_human_overlap
embedding,0,2007-10-31,-25.0,-6.73614459205263,-2.0833333333333335,1.0,S3_human_overlap
embedding,0,2007-12-11,-125.0,-19.875402333345978,-2.0833333333333335,1.0,S3_human_overlap
embedding,0,2008-01-30,-75.0,-66.76846012963325,-2.0833333333333335,1.0,S3_human_overlap
embedding,0,2008-03-18,-25.0,-64.55493498264079,-2.0833333333333335,1.0,S3_human_overlap
embedding,0,2008-04-30,0.0,-4.376362701097396,-2.0833333333333335,1.0,S3_human_overlap
embedding,0,2008-06-25,0.0,-11.875812326963239,-2.0833333333333335,1.0,S3_human_overlap
embedding,0,2008-08-05,0.0,-3.7162434894909437,-2.0833333333333335,1.0,S3_human_overlap
embedding,0,2008-09-16,-100.0,-22.894292215156963,-2.0833333333333335,1.0,S3_human_overlap
embedding,0,2008-10-29,-87.5,-95.51962370199668,-2.0833333333333335,1.0,S3_human_overlap
embedding,0,2008-12-16,0.0,-47.712550251197605,-2.0833333333333335,1.0,S3_human_overlap
embedding,0,2009-01-28,0.0,-16.85587625959238,-2.0833333333333335,1.0,S3_human_overlap
embedding,0,2009-03-18,0.0,-45.64711034074102,-2.0833333333333335,1.0,S3_human_overlap
embedding,0,2009-04-29,0.0,5.2484697721735,-2.0833333333333335,1.0,S3_human_overlap
embedding,0,2009-06-24,0.0,-14.247928876485066,-2.0833333333333335,1.0,S3_human_overlap
embedding,0,2009-08-12,0.0,-2.315519831448255,-2.0833333333333335,1.0,S3_human_overlap
embedding,0,2009-09-23,0.0,15.954199134497582,-2.0833333333333335,1.0,S3_human_overlap
embedding,0,2009-11-04,0.0,0.3621243515003747,-2.0833333333333335,1.0,S3_human_overlap
embedding,0,2009-12-16,0.0,15.500141167770089,-2.0833333333333335,1.0,S3_human_overlap
embedding,0,2010-01-27,0.0,-2.891261185816328,-2.0833333333333335,1.0,S3_human_overlap
embedding,1,2010-03-16,0.0,2.768699466874703,-7.34375,1.0,S3_human_overlap
embedding,1,2010-04-28,0.0,3.264496626594302,-7.34375,1.0,S3_human_overlap
embedding,1,2010-06-23,0.0,-8.755955308417992,-7.34375,1.0,S3_human_overlap
embedding,1,2010-08-10,0.0,6.3860540353571205,-7.34375,1.0,S3_human_overlap
embedding,1,2010-09-21,0.0,0.5572914947106957,-7.34375,1.0,S3_human_overlap
embedding,1,2010-11-03,0.0,13.209412981169802,-7.34375,1.0,S3_human_overlap
embedding,1,2010-12-14,0.0,1.878440654677532,-7.34375,1.0,S3_human_overlap
embedding,1,2011-01-26,0.0,22.595298913698123,-7.34375,1.0,S3_human_overlap
embedding,1,2011-03-15,0.0,-5.500239598338321,-7.34375,1.0,S3_human_overlap
embedding,1,2011-04-27,0.0,9.484077058262976,-7.34375,1.0,S3_human_overlap
embedding,1,2011-06-22,0.0,-9.65998472368641,-7.34375,1.0,S3_human_overlap
embedding,1,2011-08-09,0.0,-25.450036096643245,-7.34375,1.0,S3_human_overlap
embedding,1,2011-09-21,0.0,-26.10218124757769,-7.34375,1.0,S3_human_overlap
embedding,1,2011-11-02,0.0,8.371479380013497,-7.34375,1.0,S3_human_overlap
embedding,1,2011-12-13,0.0,-14.456143605451015,-7.34375,1.0,S3_human_overlap
embedding,1,2012-01-25,0.0,6.330284234514296,-7.34375,1.0,S3_human_overlap
embedding,1,2012-03-13,0.0,18.62884347402281,-7.34375,1.0,S3_human_overlap
embedding,1,2012-04-25,0.0,10.34026834381977,-7.34375,1.0,S3_human_overlap
embedding,1,2012-06-20,0.0,-11.802471443983304,-7.34375,1.0,S3_human_overlap
embedding,1,2012-08-01,0.0,-0.5319330906921547,-7.34375,1.0,S3_human_overlap
embedding,2,2012-09-13,0.0,8.258842746512332,-5.875,1.0,S3_human_overlap
embedding,2,2012-10-24,0.0,5.504410230212756,-5.875,1.0,S3_human_overlap
embedding,2,2012-12-12,0.0,5.85195493633056,-5.875,1.0,S3_human_overlap
embedding,2,2013-01-30,0.0,3.614910683306481,-5.875,1.0,S3_human_overlap
embedding,2,2013-03-20,0.0,8.970947064568243,-5.875,1.0,S3_human_overlap
embedding,2,2013-05-01,0.0,5.440516696426456,-5.875,1.0,S3_human_overlap
embedding,2,2013-06-19,0.0,-1.0877708806797566,-5.875,1.0,S3_human_overlap
embedding,2,2013-07-31,0.0,11.617496276255242,-5.875,1.0,S3_human_overlap
embedding,2,2013-09-18,0.0,7.443315255811732,-5.875,1.0,S3_human_overlap
embedding,2,2013-10-30,0.0,8.16596024800804,-5.875,1.0,S3_human_overlap
embedding,2,2013-12-18,0.0,8.230031961901698,-5.875,1.0,S3_human_overlap
embedding,2,2014-01-29,0.0,8.075188781366972,-5.875,1.0,S3_human_overlap
embedding,2,2014-03-19,0.0,14.569249389772175,-5.875,1.0,S3_human_overlap
embedding,2,2014-04-30,0.0,8.264759473686745,-5.875,1.0,S3_human_overlap
embedding,2,2014-06-18,0.0,14.303176863436423,-5.875,1.0,S3_human_overlap
embedding,2,2014-07-30,0.0,5.574911934833728,-5.875,1.0,S3_human_overlap
embedding,2,2014-09-17,0.0,10.368205189877795,-5.875,1.0,S3_human_overlap
embedding,2,2014-10-29,0.0,3.2890412796585684,-5.875,1.0,S3_human_overlap
embedding,2,2014-12-17,0.0,11.681576404950054,-5.875,1.0,S3_human_overlap
embedding,2,2015-01-28,0.0,3.475822689856373,-5.875,1.0,S3_human_overlap
embedding,3,2015-03-18,0.0,8.69293677752028,-4.895833333333333,1.0,S3_human_overlap
embedding,3,2015-04-29,0.0,10.351105997105766,-4.895833333333333,1.0,S3_human_overlap
embedding,3,2015-06-17,0.0,2.9170793566005413,-4.895833333333333,1.0,S3_human_overlap
embedding,3,2015-07-29,0.0,-6.910808576946227,-4.895833333333333,1.0,S3_human_overlap
embedding,3,2015-09-17,0.0,-12.170294655934551,-4.895833333333333,1.0,S3_human_overlap
embedding,3,2015-10-28,25.0,2.241167619373929,-4.895833333333333,1.0,S3_human_overlap
embedding,3,2015-12-16,0.0,-5.207091085267374,-4.895833333333333,1.0,S3_human_overlap
embedding,3,2016-01-27,0.0,-9.094758313291354,-4.895833333333333,1.0,S3_human_overlap
embedding,3,2016-03-16,0.0,10.986592443157146,-4.895833333333333,1.0,S3_human_overlap
embedding,3,2016-04-27,0.0,9.947987181612042,-4.895833333333333,1.0,S3_human_overlap
embedding,3,2016-06-15,0.0,-4.993949517538709,-4.895833333333333,1.0,S3_human_overlap
embedding,3,2016-07-27,0.0,4.637765298975274,-4.895833333333333,1.0,S3_human_overlap
embedding,3,2016-09-21,0.0,2.8326610557352536,-4.895833333333333,1.0,S3_human_overlap
embedding,3,2016-11-02,25.0,-5.937298851772762,-4.895833333333333,1.0,S3_human_overlap
embedding,3,2016-12-14,0.0,15.180117317299398,-4.895833333333333,1.0,S3_human_overlap
