training_window,fold,date,y,model,prediction,alpha,train_n,train_last
25,0,2012-09-13,4.889386111246848,signed_counts,2.322078916027041,10000.0,25,2012-08-01
25,0,2012-10-24,-2.214573547712846,signed_counts,2.321877072122501,10000.0,25,2012-08-01
25,0,2012-12-12,0.3816906455956319,signed_counts,2.3198125129261964,10000.0,25,2012-08-01
25,0,2013-01-30,5.52312983048044,signed_counts,2.3233480420319417,10000.0,25,2012-08-01
25,0,2013-03-20,3.5282324697286342,signed_counts,2.3234449762419622,10000.0,25,2012-08-01
25,0,2013-05-01,3.03919592179801,signed_counts,2.321759957258082,10000.0,25,2012-08-01
25,0,2013-06-19,2.555798472708714,signed_counts,2.322545033641693,10000.0,25,2012-08-01
25,0,2013-07-31,5.932327679094761,signed_counts,2.3233051332838848,10000.0,25,2012-08-01
25,0,2013-09-18,-0.5490488995725852,signed_counts,2.3222286240707724,10000.0,25,2012-08-01
25,0,2013-10-30,2.278539508167516,signed_counts,2.323090920676249,10000.0,25,2012-08-01
25,0,2013-12-18,1.6851950420826414,signed_counts,2.322289398444878,10000.0,25,2012-08-01
25,0,2014-01-29,-1.5674398932992968,signed_counts,2.3246582076228,10000.0,25,2012-08-01
25,0,2014-03-19,3.533096814907931,signed_counts,2.322500628103235,10000.0,25,2012-08-01
25,0,2014-04-30,-0.141881172800043,signed_counts,2.323812147751291,10000.0,25,2012-08-01
25,0,2014-06-18,2.8271363650504746,signed_counts,2.3224978231115245,10000.0,25,2012-08-01
25,0,2014-07-30,0.9838844644308352,signed_counts,2.3223970770827527,10000.0,25,2012-08-01
25,0,2014-09-17,2.727560945652685,signed_counts,2.32249997488197,10000.0,25,2012-08-01
25,0,2014-10-29,-2.505251234306585,signed_counts,2.321442991343212,10000.0,25,2012-08-01
25,0,2014-12-17,-0.2548556929012915,signed_counts,2.321717576005229,10000.0,25,2012-08-01
25,0,2015-01-28,-0.2041768626186403,signed_counts,2.3224641354615354,10000.0,25,2012-08-01
25,0,2012-09-13,4.889386111246848,counts_3anchors,2.5152054780111075,10.0,25,2012-08-01
25,0,2012-10-24,-2.214573547712846,counts_3anchors,1.566070748515834,10.0,25,2012-08-01
25,0,2012-12-12,0.3816906455956319,counts_3anchors,1.6180574344411043,10.0,25,2012-08-01
25,0,2013-01-30,5.52312983048044,counts_3anchors,5.644593861220736,10.0,25,2012-08-01
25,0,2013-03-20,3.5282324697286342,counts_3anchors,4.201286518026566,10.0,25,2012-08-01
25,0,2013-05-01,3.03919592179801,counts_3anchors,2.5520111834531636,10.0,25,2012-08-01
25,0,2013-06-19,2.555798472708714,counts_3anchors,2.2664695709207257,10.0,25,2012-08-01
25,0,2013-07-31,5.932327679094761,counts_3anchors,3.124810013461451,10.0,25,2012-08-01
25,0,2013-09-18,-0.5490488995725852,counts_3anchors,2.446206359493381,10.0,25,2012-08-01
25,0,2013-10-30,2.278539508167516,counts_3anchors,2.0724605814488246,10.0,25,2012-08-01
25,0,2013-12-18,1.6851950420826414,counts_3anchors,2.6716496351294174,10.0,25,2012-08-01
25,0,2014-01-29,-1.5674398932992968,counts_3anchors,3.2178036313369245,10.0,25,2012-08-01
25,0,2014-03-19,3.533096814907931,counts_3anchors,2.8176861512470532,10.0,25,2012-08-01
25,0,2014-04-30,-0.141881172800043,counts_3anchors,3.888075179093785,10.0,25,2012-08-01
25,0,2014-06-18,2.8271363650504746,counts_3anchors,2.9849067588975955,10.0,25,2012-08-01
25,0,2014-07-30,0.9838844644308352,counts_3anchors,3.3623953145816525,10.0,25,2012-08-01
25,0,2014-09-17,2.727560945652685,counts_3anchors,3.3949705366407383,10.0,25,2012-08-01
25,0,2014-10-29,-2.505251234306585,counts_3anchors,2.847351326221996,10.0,25,2012-08-01
25,0,2014-12-17,-0.2548556929012915,counts_3anchors,3.3231320681159,10.0,25,2012-08-01
25,0,2015-01-28,-0.2041768626186403,counts_3anchors,3.254582899085947,10.0,25,2012-08-01
25,0,2012-09-13,4.889386111246848,counts_gemini,4.2283292234776315,1.0,25,2012-08-01
25,0,2012-10-24,-2.214573547712846,counts_gemini,2.5632843264613516,1.0,25,2012-08-01
25,0,2012-12-12,0.3816906455956319,counts_gemini,1.1850219506979458,1.0,25,2012-08-01
25,0,2013-01-30,5.52312983048044,counts_gemini,5.873970008653741,1.0,25,2012-08-01
25,0,2013-03-20,3.5282324697286342,counts_gemini,3.5040013878265377,1.0,25,2012-08-01
25,0,2013-05-01,3.03919592179801,counts_gemini,2.5584781406403927,1.0,25,2012-08-01
25,0,2013-06-19,2.555798472708714,counts_gemini,3.0058514735353343,1.0,25,2012-08-01
25,0,2013-07-31,5.932327679094761,counts_gemini,3.5694782020366547,1.0,25,2012-08-01
25,0,2013-09-18,-0.5490488995725852,counts_gemini,2.8853428929810048,1.0,25,2012-08-01
25,0,2013-10-30,2.278539508167516,counts_gemini,3.571914652625595,1.0,25,2012-08-01
25,0,2013-12-18,1.6851950420826414,counts_gemini,3.0770965103331567,1.0,25,2012-08-01
25,0,2014-01-29,-1.5674398932992968,counts_gemini,5.447586345414061,1.0,25,2012-08-01
25,0,2014-03-19,3.533096814907931,counts_gemini,3.6629208202828183,1.0,25,2012-08-01
25,0,2014-04-30,-0.141881172800043,counts_gemini,3.7818004596741917,1.0,25,2012-08-01
25,0,2014-06-18,2.8271363650504746,counts_gemini,3.592551591521529,1.0,25,2012-08-01
25,0,2014-07-30,0.9838844644308352,counts_gemini,2.8658437215179307,1.0,25,2012-08-01
25,0,2014-09-17,2.727560945652685,counts_gemini,4.454288832809247,1.0,25,2012-08-01
25,0,2014-10-29,-2.505251234306585,counts_gemini,1.415484645807564,1.0,25,2012-08-01
25,0,2014-12-17,-0.2548556929012915,counts_gemini,1.3171686908205773,1.0,25,2012-08-01
25,0,2015-01-28,-0.2041768626186403,counts_gemini,2.062304992476075,1.0,25,2012-08-01
25,0,2012-09-13,4.889386111246848,gemini_vector,4.010793253727815,1.0,25,2012-08-01
25,0,2012-10-24,-2.214573547712846,gemini_vector,2.46650373289655,1.0,25,2012-08-01
25,0,2012-12-12,0.3816906455956319,gemini_vector,1.7022813895778799,1.0,25,2012-08-01
25,0,2013-01-30,5.52312983048044,gemini_vector,6.016514613807704,1.0,25,2012-08-01
25,0,2013-03-20,3.5282324697286342,gemini_vector,2.9815281185188875,1.0,25,2012-08-01
25,0,2013-05-01,3.03919592179801,gemini_vector,2.705641813572169,1.0,25,2012-08-01
25,0,2013-06-19,2.555798472708714,gemini_vector,2.706228072009357,1.0,25,2012-08-01
25,0,2013-07-31,5.932327679094761,gemini_vector,3.0347781690069957,1.0,25,2012-08-01
25,0,2013-09-18,-0.5490488995725852,gemini_vector,2.5161285014552526,1.0,25,2012-08-01
25,0,2013-10-30,2.278539508167516,gemini_vector,2.8288407513138463,1.0,25,2012-08-01
25,0,2013-12-18,1.6851950420826414,gemini_vector,3.3032830132807467,1.0,25,2012-08-01
25,0,2014-01-29,-1.5674398932992968,gemini_vector,5.2249949800188835,1.0,25,2012-08-01
25,0,2014-03-19,3.533096814907931,gemini_vector,3.152503366768324,1.0,25,2012-08-01
25,0,2014-04-30,-0.141881172800043,gemini_vector,2.8270103638341157,1.0,25,2012-08-01
25,0,2014-06-18,2.8271363650504746,gemini_vector,3.2469400244504003,1.0,25,2012-08-01
25,0,2014-07-30,0.9838844644308352,gemini_vector,2.4750424116921415,1.0,25,2012-08-01
25,0,2014-09-17,2.727560945652685,gemini_vector,4.057893926936399,1.0,25,2012-08-01
25,0,2014-10-29,-2.505251234306585,gemini_vector,1.4009782610362325,1.0,25,2012-08-01
25,0,2014-12-17,-0.2548556929012915,gemini_vector,0.8901415816029539,1.0,25,2012-08-01
25,0,2015-01-28,-0.2041768626186403,gemini_vector,3.104720337600928,1.0,25,2012-08-01
25,0,2012-09-13,4.889386111246848,tfidf_bigram_only,2.321497035892711,10000.0,25,2012-08-01
25,0,2012-10-24,-2.214573547712846,tfidf_bigram_only,2.3212859751631827,10000.0,25,2012-08-01
25,0,2012-12-12,0.3816906455956319,tfidf_bigram_only,2.32144575027627,10000.0,25,2012-08-01
25,0,2013-01-30,5.52312983048044,tfidf_bigram_only,2.323416260842621,10000.0,25,2012-08-01
25,0,2013-03-20,3.5282324697286342,tfidf_bigram_only,2.321324701950533,10000.0,25,2012-08-01
25,0,2013-05-01,3.03919592179801,tfidf_bigram_only,2.3211457843724093,10000.0,25,2012-08-01
25,0,2013-06-19,2.555798472708714,tfidf_bigram_only,2.3214344824482294,10000.0,25,2012-08-01
25,0,2013-07-31,5.932327679094761,tfidf_bigram_only,2.321229088011627,10000.0,25,2012-08-01
25,0,2013-09-18,-0.5490488995725852,tfidf_bigram_only,2.3211842457406147,10000.0,25,2012-08-01
25,0,2013-10-30,2.278539508167516,tfidf_bigram_only,2.321212084013531,10000.0,25,2012-08-01
25,0,2013-12-18,1.6851950420826414,tfidf_bigram_only,2.3214016790248007,10000.0,25,2012-08-01
25,0,2014-01-29,-1.5674398932992968,tfidf_bigram_only,2.323633615347652,10000.0,25,2012-08-01
25,0,2014-03-19,3.533096814907931,tfidf_bigram_only,2.3213281186148556,10000.0,25,2012-08-01
25,0,2014-04-30,-0.141881172800043,tfidf_bigram_only,2.3211513896919684,10000.0,25,2012-08-01
25,0,2014-06-18,2.8271363650504746,tfidf_bigram_only,2.321447065315536,10000.0,25,2012-08-01
25,0,2014-07-30,0.9838844644308352,tfidf_bigram_only,2.321392330868441,10000.0,25,2012-08-01
25,0,2014-09-17,2.727560945652685,tfidf_bigram_only,2.3216477000140823,10000.0,25,2012-08-01
25,0,2014-10-29,-2.505251234306585,tfidf_bigram_only,2.321699083487732,10000.0,25,2012-08-01
25,0,2014-12-17,-0.2548556929012915,tfidf_bigram_only,2.3213593065830853,10000.0,25,2012-08-01
25,0,2015-01-28,-0.2041768626186403,tfidf_bigram_only,2.3245936135331373,10000.0,25,2012-08-01
25,0,2012-09-13,4.889386111246848,counts_e5,2.6914612224730186,10.0,25,2012-08-01
25,0,2012-10-24,-2.214573547712846,counts_e5,2.536910442630235,10.0,25,2012-08-01
25,0,2012-12-12,0.3816906455956319,counts_e5,1.8073885972423582,10.0,25,2012-08-01
25,0,2013-01-30,5.52312983048044,counts_e5,3.0165060104689023,10.0,25,2012-08-01
25,0,2013-03-20,3.5282324697286342,counts_e5,2.958077462977316,10.0,25,2012-08-01
25,0,2013-05-01,3.03919592179801,counts_e5,2.602705338186358,10.0,25,2012-08-01
25,0,2013-06-19,2.555798472708714,counts_e5,2.7290312507534233,10.0,25,2012-08-01
25,0,2013-07-31,5.932327679094761,counts_e5,3.073273098564119,10.0,25,2012-08-01
25,0,2013-09-18,-0.5490488995725852,counts_e5,2.684936140719036,10.0,25,2012-08-01
25,0,2013-10-30,2.278539508167516,counts_e5,2.875508609678274,10.0,25,2012-08-01
25,0,2013-12-18,1.6851950420826414,counts_e5,2.842579296442718,10.0,25,2012-08-01
25,0,2014-01-29,-1.5674398932992968,counts_e5,3.529352585220985,10.0,25,2012-08-01
25,0,2014-03-19,3.533096814907931,counts_e5,2.7902704702118655,10.0,25,2012-08-01
25,0,2014-04-30,-0.141881172800043,counts_e5,3.2339293150285298,10.0,25,2012-08-01
25,0,2014-06-18,2.8271363650504746,counts_e5,2.8019458381065445,10.0,25,2012-08-01
25,0,2014-07-30,0.9838844644308352,counts_e5,2.5165008396006283,10.0,25,2012-08-01
25,0,2014-09-17,2.727560945652685,counts_e5,2.8516412941312645,10.0,25,2012-08-01
25,0,2014-10-29,-2.505251234306585,counts_e5,2.1521072405160258,10.0,25,2012-08-01
25,0,2014-12-17,-0.2548556929012915,counts_e5,2.209984659776501,10.0,25,2012-08-01
25,0,2015-01-28,-0.2041768626186403,counts_e5,2.489588284156122,10.0,25,2012-08-01
25,1,2015-03-18,2.9198479959632526,signed_counts,1.718786694593949,10000.0,25,2015-01-28
25,1,2015-04-29,0.9332960299921064,signed_counts,1.7181679568306767,10000.0,25,2015-01-28
25,1,2015-06-17,-0.0539798922692998,signed_counts,1.7176302788848556,10000.0,25,2015-01-28
25,1,2015-07-29,-2.5614380312419707,signed_counts,1.7173145579253606,10000.0,25,2015-01-28
25,1,2015-09-17,-6.398507299645421,signed_counts,1.716326026304806,10000.0,25,2015-01-28
25,1,2015-10-28,5.617495236249391,signed_counts,1.7178566078162893,10000.0,25,2015-01-28
25,1,2015-12-16,-3.302400414906358,signed_counts,1.7178470619404234,10000.0,25,2015-01-28
25,1,2016-01-27,-8.439700515612575,signed_counts,1.7171801379980556,10000.0,25,2015-01-28
25,1,2016-03-16,6.417252408444,signed_counts,1.7178156303367842,10000.0,25,2015-01-28
25,1,2016-04-27,2.260498155543345,signed_counts,1.718941076076712,10000.0,25,2015-01-28
25,1,2016-06-15,0.1222627909513048,signed_counts,1.7177057294566664,10000.0,25,2015-01-28
25,1,2016-07-27,4.23185664561935,signed_counts,1.71698890251175,10000.0,25,2015-01-28
25,1,2016-09-21,-1.4803900600906414,signed_counts,1.7182437901034262,10000.0,25,2015-01-28
25,1,2016-11-02,-2.404315230048286,signed_counts,1.7180336595718677,10000.0,25,2015-01-28
25,1,2016-12-14,7.699389600131472,signed_counts,1.7193215425138764,10000.0,25,2015-01-28
25,1,2017-02-01,0.766619382732642,signed_counts,1.7186428393872948,10000.0,25,2015-01-28
25,1,2017-03-15,3.918162323003221,signed_counts,1.718803002739063,10000.0,25,2015-01-28
25,1,2017-05-03,0.1927092668246962,signed_counts,1.7183003937518155,10000.0,25,2015-01-28
25,1,2017-06-14,1.5564240385273835,signed_counts,1.7172774671212125,10000.0,25,2015-01-28
25,1,2017-07-26,1.417996232649504,signed_counts,1.7196294437033817,10000.0,25,2015-01-28
25,1,2015-03-18,2.9198479959632526,counts_3anchors,1.7187910642923405,10000.0,25,2015-01-28
25,1,2015-04-29,0.9332960299921064,counts_3anchors,1.7184316038107317,10000.0,25,2015-01-28
25,1,2015-06-17,-0.0539798922692998,counts_3anchors,1.71625414403743,10000.0,25,2015-01-28
25,1,2015-07-29,-2.5614380312419707,counts_3anchors,1.7175710730251021,10000.0,25,2015-01-28
25,1,2015-09-17,-6.398507299645421,counts_3anchors,1.7142060348400938,10000.0,25,2015-01-28
25,1,2015-10-28,5.617495236249391,counts_3anchors,1.7185334729328792,10000.0,25,2015-01-28
25,1,2015-12-16,-3.302400414906358,counts_3anchors,1.713992851845029,10000.0,25,2015-01-28
25,1,2016-01-27,-8.439700515612575,counts_3anchors,1.714655712212027,10000.0,25,2015-01-28
25,1,2016-03-16,6.417252408444,counts_3anchors,1.7183860605221954,10000.0,25,2015-01-28
25,1,2016-04-27,2.260498155543345,counts_3anchors,1.7198032343387835,10000.0,25,2015-01-28
25,1,2016-06-15,0.1222627909513048,counts_3anchors,1.7161404292510922,10000.0,25,2015-01-28
25,1,2016-07-27,4.23185664561935,counts_3anchors,1.7176565529832972,10000.0,25,2015-01-28
25,1,2016-09-21,-1.4803900600906414,counts_3anchors,1.7181466658828486,10000.0,25,2015-01-28
25,1,2016-11-02,-2.404315230048286,counts_3anchors,1.7191293414521376,10000.0,25,2015-01-28
25,1,2016-12-14,7.699389600131472,counts_3anchors,1.7193837215816117,10000.0,25,2015-01-28
25,1,2017-02-01,0.766619382732642,counts_3anchors,1.7186897052615597,10000.0,25,2015-01-28
25,1,2017-03-15,3.918162323003221,counts_3anchors,1.7190751954114805,10000.0,25,2015-01-28
25,1,2017-05-03,0.1927092668246962,counts_3anchors,1.7183248931024886,10000.0,25,2015-01-28
25,1,2017-06-14,1.5564240385273835,counts_3anchors,1.718289019986973,10000.0,25,2015-01-28
25,1,2017-07-26,1.417996232649504,counts_3anchors,1.7191571246376323,10000.0,25,2015-01-28
25,1,2015-03-18,2.9198479959632526,counts_gemini,1.7188085797121875,10000.0,25,2015-01-28
25,1,2015-04-29,0.9332960299921064,counts_gemini,1.7183546046860718,10000.0,25,2015-01-28
25,1,2015-06-17,-0.0539798922692998,counts_gemini,1.7174279411342055,10000.0,25,2015-01-28
25,1,2015-07-29,-2.5614380312419707,counts_gemini,1.717516852766565,10000.0,25,2015-01-28
25,1,2015-09-17,-6.398507299645421,counts_gemini,1.7170059402983726,10000.0,25,2015-01-28
25,1,2015-10-28,5.617495236249391,counts_gemini,1.71822066364762,10000.0,25,2015-01-28
25,1,2015-12-16,-3.302400414906358,counts_gemini,1.7173406690370687,10000.0,25,2015-01-28
25,1,2016-01-27,-8.439700515612575,counts_gemini,1.717488258102649,10000.0,25,2015-01-28
25,1,2016-03-16,6.417252408444,counts_gemini,1.718255103273045,10000.0,25,2015-01-28
25,1,2016-04-27,2.260498155543345,counts_gemini,1.7189409637272024,10000.0,25,2015-01-28
25,1,2016-06-15,0.1222627909513048,counts_gemini,1.7174942600079368,10000.0,25,2015-01-28
25,1,2016-07-27,4.23185664561935,counts_gemini,1.7175972452418171,10000.0,25,2015-01-28
25,1,2016-09-21,-1.4803900600906414,counts_gemini,1.7182143225843292,10000.0,25,2015-01-28
25,1,2016-11-02,-2.404315230048286,counts_gemini,1.7178870269270268,10000.0,25,2015-01-28
25,1,2016-12-14,7.699389600131472,counts_gemini,1.718950129792615,10000.0,25,2015-01-28
25,1,2017-02-01,0.766619382732642,counts_gemini,1.7184823897773382,10000.0,25,2015-01-28
25,1,2017-03-15,3.918162323003221,counts_gemini,1.7186810507186507,10000.0,25,2015-01-28
25,1,2017-05-03,0.1927092668246962,counts_gemini,1.7181834480270677,10000.0,25,2015-01-28
25,1,2017-06-14,1.5564240385273835,counts_gemini,1.7177665657096342,10000.0,25,2015-01-28
25,1,2017-07-26,1.417996232649504,counts_gemini,1.719015182425868,10000.0,25,2015-01-28
25,1,2015-03-18,2.9198479959632526,gemini_vector,1.7185815027304723,10000.0,25,2015-01-28
25,1,2015-04-29,0.9332960299921064,gemini_vector,1.7184261332636135,10000.0,25,2015-01-28
25,1,2015-06-17,-0.0539798922692998,gemini_vector,1.7177938792918144,10000.0,25,2015-01-28
25,1,2015-07-29,-2.5614380312419707,gemini_vector,1.718052787596765,10000.0,25,2015-01-28
25,1,2015-09-17,-6.398507299645421,gemini_vector,1.7180106192625644,10000.0,25,2015-01-28
25,1,2015-10-28,5.617495236249391,gemini_vector,1.718496372833154,10000.0,25,2015-01-28
25,1,2015-12-16,-3.302400414906358,gemini_vector,1.7175833994474219,10000.0,25,2015-01-28
25,1,2016-01-27,-8.439700515612575,gemini_vector,1.7185746203793677,10000.0,25,2015-01-28
25,1,2016-03-16,6.417252408444,gemini_vector,1.7185135905362312,10000.0,25,2015-01-28
25,1,2016-04-27,2.260498155543345,gemini_vector,1.7186945709733967,10000.0,25,2015-01-28
25,1,2016-06-15,0.1222627909513048,gemini_vector,1.7178386169637707,10000.0,25,2015-01-28
25,1,2016-07-27,4.23185664561935,gemini_vector,1.7184252255364039,10000.0,25,2015-01-28
25,1,2016-09-21,-1.4803900600906414,gemini_vector,1.718452526021034,10000.0,25,2015-01-28
25,1,2016-11-02,-2.404315230048286,gemini_vector,1.7181145503195348,10000.0,25,2015-01-28
25,1,2016-12-14,7.699389600131472,gemini_vector,1.7185309656371885,10000.0,25,2015-01-28
25,1,2017-02-01,0.766619382732642,gemini_vector,1.7187915899463966,10000.0,25,2015-01-28
25,1,2017-03-15,3.918162323003221,gemini_vector,1.7185225354121756,10000.0,25,2015-01-28
25,1,2017-05-03,0.1927092668246962,gemini_vector,1.718246635808156,10000.0,25,2015-01-28
25,1,2017-06-14,1.5564240385273835,gemini_vector,1.7183722220340845,10000.0,25,2015-01-28
25,1,2017-07-26,1.417996232649504,gemini_vector,1.71835184896787,10000.0,25,2015-01-28
25,1,2015-03-18,2.9198479959632526,tfidf_bigram_only,1.718361124592941,10000.0,25,2015-01-28
25,1,2015-04-29,0.9332960299921064,tfidf_bigram_only,1.7183257225227677,10000.0,25,2015-01-28
25,1,2015-06-17,-0.0539798922692998,tfidf_bigram_only,1.7182764341319112,10000.0,25,2015-01-28
25,1,2015-07-29,-2.5614380312419707,tfidf_bigram_only,1.7183265473237292,10000.0,25,2015-01-28
25,1,2015-09-17,-6.398507299645421,tfidf_bigram_only,1.7183501088696993,10000.0,25,2015-01-28
25,1,2015-10-28,5.617495236249391,tfidf_bigram_only,1.7183808655741155,10000.0,25,2015-01-28
25,1,2015-12-16,-3.302400414906358,tfidf_bigram_only,1.718247512039758,10000.0,25,2015-01-28
25,1,2016-01-27,-8.439700515612575,tfidf_bigram_only,1.7188731316946937,10000.0,25,2015-01-28
25,1,2016-03-16,6.417252408444,tfidf_bigram_only,1.7183422206760812,10000.0,25,2015-01-28
25,1,2016-04-27,2.260498155543345,tfidf_bigram_only,1.7183876889021295,10000.0,25,2015-01-28
25,1,2016-06-15,0.1222627909513048,tfidf_bigram_only,1.7183582146445233,10000.0,25,2015-01-28
25,1,2016-07-27,4.23185664561935,tfidf_bigram_only,1.71850836403516,10000.0,25,2015-01-28
25,1,2016-09-21,-1.4803900600906414,tfidf_bigram_only,1.7185319537470987,10000.0,25,2015-01-28
25,1,2016-11-02,-2.404315230048286,tfidf_bigram_only,1.7183535422467582,10000.0,25,2015-01-28
25,1,2016-12-14,7.699389600131472,tfidf_bigram_only,1.7184172515425924,10000.0,25,2015-01-28
25,1,2017-02-01,0.766619382732642,tfidf_bigram_only,1.7188457179677896,10000.0,25,2015-01-28
25,1,2017-03-15,3.918162323003221,tfidf_bigram_only,1.7184619367563594,10000.0,25,2015-01-28
25,1,2017-05-03,0.1927092668246962,tfidf_bigram_only,1.718376131491576,10000.0,25,2015-01-28
25,1,2017-06-14,1.5564240385273835,tfidf_bigram_only,1.7184465799564725,10000.0,25,2015-01-28
25,1,2017-07-26,1.417996232649504,tfidf_bigram_only,1.7183811032581158,10000.0,25,2015-01-28
25,1,2015-03-18,2.9198479959632526,counts_e5,1.7186598675933753,10000.0,25,2015-01-28
25,1,2015-04-29,0.9332960299921064,counts_e5,1.71817630064743,10000.0,25,2015-01-28
25,1,2015-06-17,-0.0539798922692998,counts_e5,1.7175607779786575,10000.0,25,2015-01-28
25,1,2015-07-29,-2.5614380312419707,counts_e5,1.717594122204902,10000.0,25,2015-01-28
25,1,2015-09-17,-6.398507299645421,counts_e5,1.7171665122507078,10000.0,25,2015-01-28
25,1,2015-10-28,5.617495236249391,counts_e5,1.718040643872857,10000.0,25,2015-01-28
25,1,2015-12-16,-3.302400414906358,counts_e5,1.7175193650313252,10000.0,25,2015-01-28
25,1,2016-01-27,-8.439700515612575,counts_e5,1.7177212148792562,10000.0,25,2015-01-28
25,1,2016-03-16,6.417252408444,counts_e5,1.718092206682513,10000.0,25,2015-01-28
25,1,2016-04-27,2.260498155543345,counts_e5,1.7186954346229044,10000.0,25,2015-01-28
25,1,2016-06-15,0.1222627909513048,counts_e5,1.7177297263163325,10000.0,25,2015-01-28
25,1,2016-07-27,4.23185664561935,counts_e5,1.7174914922307596,10000.0,25,2015-01-28
25,1,2016-09-21,-1.4803900600906414,counts_e5,1.7182922131660177,10000.0,25,2015-01-28
25,1,2016-11-02,-2.404315230048286,counts_e5,1.7180662130660245,10000.0,25,2015-01-28
25,1,2016-12-14,7.699389600131472,counts_e5,1.7189171812412354,10000.0,25,2015-01-28
25,1,2017-02-01,0.766619382732642,counts_e5,1.7184891512022225,10000.0,25,2015-01-28
25,1,2017-03-15,3.918162323003221,counts_e5,1.7186264122155976,10000.0,25,2015-01-28
25,1,2017-05-03,0.1927092668246962,counts_e5,1.7181206036899739,10000.0,25,2015-01-28
25,1,2017-06-14,1.5564240385273835,counts_e5,1.71758877587372,10000.0,25,2015-01-28
25,1,2017-07-26,1.417996232649504,counts_e5,1.7189607202593382,10000.0,25,2015-01-28
25,2,2017-09-20,0.9944146118107968,signed_counts,0.7225089648377697,1.0,25,2017-07-26
25,2,2017-11-01,2.7340856247888965,signed_counts,2.1100059859477995,1.0,25,2017-07-26
25,2,2017-12-13,2.9260790182207024,signed_counts,1.3716636575016024,1.0,25,2017-07-26
25,2,2018-01-31,7.148911655702096,signed_counts,2.3729176473907247,1.0,25,2017-07-26
25,2,2018-03-21,-4.1445720726304085,signed_counts,0.492544810740253,1.0,25,2017-07-26
25,2,2018-05-02,-0.0218536416260347,signed_counts,0.10614923095853279,1.0,25,2017-07-26
25,2,2018-06-13,5.428358892467418,signed_counts,1.1922197470734872,1.0,25,2017-07-26
25,2,2018-08-01,0.4763710453831742,signed_counts,-1.245726145536691,1.0,25,2017-07-26
25,2,2018-09-26,2.9069004200691184,signed_counts,2.744005549715466,1.0,25,2017-07-26
25,2,2018-11-08,-5.840717554989847,signed_counts,2.0859221286776903,1.0,25,2017-07-26
25,2,2018-12-19,-9.076083946390025,signed_counts,-1.7683202481184046,1.0,25,2017-07-26
25,2,2019-01-30,6.65247519930154,signed_counts,-2.3234300563864343,1.0,25,2017-07-26
25,2,2019-03-20,4.353035321394501,signed_counts,0.7280741478389415,1.0,25,2017-07-26
25,2,2019-05-01,2.786040220264391,signed_counts,-1.0601560056014945,1.0,25,2017-07-26
25,2,2019-06-19,-1.250213439072959,signed_counts,-1.538255923005741,1.0,25,2017-07-26
25,2,2019-07-31,2.011188830104515,signed_counts,1.0587422717629593,1.0,25,2017-07-26
25,2,2019-09-18,1.2473197240470009,signed_counts,1.135801806509598,1.0,25,2017-07-26
25,2,2019-10-30,0.8963428400446505,signed_counts,-1.3122845309541282,1.0,25,2017-07-26
25,2,2019-12-11,3.023718257214977,signed_counts,2.0530055455774288,1.0,25,2017-07-26
25,2,2020-01-29,2.1485559840748008,signed_counts,0.47757149759004014,1.0,25,2017-07-26
25,2,2017-09-20,0.9944146118107968,counts_3anchors,-1.7327828855662926,1.0,25,2017-07-26
25,2,2017-11-01,2.7340856247888965,counts_3anchors,4.73827627859407,1.0,25,2017-07-26
25,2,2017-12-13,2.9260790182207024,counts_3anchors,2.0016621677889814,1.0,25,2017-07-26
25,2,2018-01-31,7.148911655702096,counts_3anchors,3.311305188702197,1.0,25,2017-07-26
25,2,2018-03-21,-4.1445720726304085,counts_3anchors,-2.30529617621577,1.0,25,2017-07-26
25,2,2018-05-02,-0.0218536416260347,counts_3anchors,-1.4026232760509654,1.0,25,2017-07-26
25,2,2018-06-13,5.428358892467418,counts_3anchors,1.8880444391604434,1.0,25,2017-07-26
25,2,2018-08-01,0.4763710453831742,counts_3anchors,-2.021100189688264,1.0,25,2017-07-26
25,2,2018-09-26,2.9069004200691184,counts_3anchors,3.607911821306538,1.0,25,2017-07-26
25,2,2018-11-08,-5.840717554989847,counts_3anchors,-2.4814279149794976,1.0,25,2017-07-26
25,2,2018-12-19,-9.076083946390025,counts_3anchors,-3.957305378656108,1.0,25,2017-07-26
25,2,2019-01-30,6.65247519930154,counts_3anchors,-3.311934370467625,1.0,25,2017-07-26
25,2,2019-03-20,4.353035321394501,counts_3anchors,-1.1060501094240696,1.0,25,2017-07-26
25,2,2019-05-01,2.786040220264391,counts_3anchors,-0.9961985588729153,1.0,25,2017-07-26
25,2,2019-06-19,-1.250213439072959,counts_3anchors,-6.396180987143339,1.0,25,2017-07-26
25,2,2019-07-31,2.011188830104515,counts_3anchors,0.5060255209563937,1.0,25,2017-07-26
25,2,2019-09-18,1.2473197240470009,counts_3anchors,-2.4422774262079106,1.0,25,2017-07-26
25,2,2019-10-30,0.8963428400446505,counts_3anchors,-0.3438349150034853,1.0,25,2017-07-26
25,2,2019-12-11,3.023718257214977,counts_3anchors,5.306613779343134,1.0,25,2017-07-26
25,2,2020-01-29,2.1485559840748008,counts_3anchors,-1.6302129736380069,1.0,25,2017-07-26
25,2,2017-09-20,0.9944146118107968,counts_gemini,1.103277426964076,1.0,25,2017-07-26
25,2,2017-11-01,2.7340856247888965,counts_gemini,2.2586330311731078,1.0,25,2017-07-26
25,2,2017-12-13,2.9260790182207024,counts_gemini,1.9986081329407686,1.0,25,2017-07-26
25,2,2018-01-31,7.148911655702096,counts_gemini,2.2929530266348683,1.0,25,2017-07-26
25,2,2018-03-21,-4.1445720726304085,counts_gemini,-0.8133443266004298,1.0,25,2017-07-26
25,2,2018-05-02,-0.0218536416260347,counts_gemini,0.08576671984512074,1.0,25,2017-07-26
25,2,2018-06-13,5.428358892467418,counts_gemini,1.5285074463254062,1.0,25,2017-07-26
25,2,2018-08-01,0.4763710453831742,counts_gemini,-0.9322000695337452,1.0,25,2017-07-26
25,2,2018-09-26,2.9069004200691184,counts_gemini,2.1230512982193566,1.0,25,2017-07-26
25,2,2018-11-08,-5.840717554989847,counts_gemini,-0.9580656690753725,1.0,25,2017-07-26
25,2,2018-12-19,-9.076083946390025,counts_gemini,-2.4380747442224124,1.0,25,2017-07-26
25,2,2019-01-30,6.65247519930154,counts_gemini,-1.4300823932101174,1.0,25,2017-07-26
25,2,2019-03-20,4.353035321394501,counts_gemini,1.303844888822074,1.0,25,2017-07-26
25,2,2019-05-01,2.786040220264391,counts_gemini,1.2029576880567188,1.0,25,2017-07-26
25,2,2019-06-19,-1.250213439072959,counts_gemini,-1.1391540959087614,1.0,25,2017-07-26
25,2,2019-07-31,2.011188830104515,counts_gemini,1.3936908212249346,1.0,25,2017-07-26
25,2,2019-09-18,1.2473197240470009,counts_gemini,0.7976723337728038,1.0,25,2017-07-26
25,2,2019-10-30,0.8963428400446505,counts_gemini,0.14501231113216673,1.0,25,2017-07-26
25,2,2019-12-11,3.023718257214977,counts_gemini,1.5093191841239355,1.0,25,2017-07-26
25,2,2020-01-29,2.1485559840748008,counts_gemini,0.5679216251365261,1.0,25,2017-07-26
25,2,2017-09-20,0.9944146118107968,gemini_vector,1.4257170588462065,0.1,25,2017-07-26
25,2,2017-11-01,2.7340856247888965,gemini_vector,3.054559999017745,0.1,25,2017-07-26
25,2,2017-12-13,2.9260790182207024,gemini_vector,3.160644881305885,0.1,25,2017-07-26
25,2,2018-01-31,7.148911655702096,gemini_vector,1.2213084579332858,0.1,25,2017-07-26
25,2,2018-03-21,-4.1445720726304085,gemini_vector,-0.5396750534319962,0.1,25,2017-07-26
25,2,2018-05-02,-0.0218536416260347,gemini_vector,0.9310864366043694,0.1,25,2017-07-26
25,2,2018-06-13,5.428358892467418,gemini_vector,2.439547387331805,0.1,25,2017-07-26
25,2,2018-08-01,0.4763710453831742,gemini_vector,-0.39325394403419067,0.1,25,2017-07-26
25,2,2018-09-26,2.9069004200691184,gemini_vector,1.9003637120444994,0.1,25,2017-07-26
25,2,2018-11-08,-5.840717554989847,gemini_vector,-3.035014482452758,0.1,25,2017-07-26
25,2,2018-12-19,-9.076083946390025,gemini_vector,-2.438111987268811,0.1,25,2017-07-26
25,2,2019-01-30,6.65247519930154,gemini_vector,-1.6602955035764806,0.1,25,2017-07-26
25,2,2019-03-20,4.353035321394501,gemini_vector,2.1926626184305484,0.1,25,2017-07-26
25,2,2019-05-01,2.786040220264391,gemini_vector,3.62977644533627,0.1,25,2017-07-26
25,2,2019-06-19,-1.250213439072959,gemini_vector,-0.33948364228018857,0.1,25,2017-07-26
25,2,2019-07-31,2.011188830104515,gemini_vector,1.3691650726325444,0.1,25,2017-07-26
25,2,2019-09-18,1.2473197240470009,gemini_vector,0.7273579748627281,0.1,25,2017-07-26
25,2,2019-10-30,0.8963428400446505,gemini_vector,0.6828654408827044,0.1,25,2017-07-26
25,2,2019-12-11,3.023718257214977,gemini_vector,0.5748452795896714,0.1,25,2017-07-26
25,2,2020-01-29,2.1485559840748008,gemini_vector,-0.07885332494466657,0.1,25,2017-07-26
25,2,2017-09-20,0.9944146118107968,tfidf_bigram_only,0.7854845710197387,10.0,25,2017-07-26
25,2,2017-11-01,2.7340856247888965,tfidf_bigram_only,0.902604606861823,10.0,25,2017-07-26
25,2,2017-12-13,2.9260790182207024,tfidf_bigram_only,0.9456191178107669,10.0,25,2017-07-26
25,2,2018-01-31,7.148911655702096,tfidf_bigram_only,-0.534434986093279,10.0,25,2017-07-26
25,2,2018-03-21,-4.1445720726304085,tfidf_bigram_only,0.9808273796338607,10.0,25,2017-07-26
25,2,2018-05-02,-0.0218536416260347,tfidf_bigram_only,0.7678623071375854,10.0,25,2017-07-26
25,2,2018-06-13,5.428358892467418,tfidf_bigram_only,1.0198064363510442,10.0,25,2017-07-26
25,2,2018-08-01,0.4763710453831742,tfidf_bigram_only,0.6679731597029238,10.0,25,2017-07-26
25,2,2018-09-26,2.9069004200691184,tfidf_bigram_only,0.8739015664528852,10.0,25,2017-07-26
25,2,2018-11-08,-5.840717554989847,tfidf_bigram_only,0.6866806179527095,10.0,25,2017-07-26
25,2,2018-12-19,-9.076083946390025,tfidf_bigram_only,0.6677538326880705,10.0,25,2017-07-26
25,2,2019-01-30,6.65247519930154,tfidf_bigram_only,-0.9399445813228496,10.0,25,2017-07-26
25,2,2019-03-20,4.353035321394501,tfidf_bigram_only,0.6513919011550522,10.0,25,2017-07-26
25,2,2019-05-01,2.786040220264391,tfidf_bigram_only,0.5344167580819514,10.0,25,2017-07-26
25,2,2019-06-19,-1.250213439072959,tfidf_bigram_only,0.7403359995340307,10.0,25,2017-07-26
25,2,2019-07-31,2.011188830104515,tfidf_bigram_only,0.4137351288315735,10.0,25,2017-07-26
25,2,2019-09-18,1.2473197240470009,tfidf_bigram_only,0.3962362574155463,10.0,25,2017-07-26
25,2,2019-10-30,0.8963428400446505,tfidf_bigram_only,0.04122683910495273,10.0,25,2017-07-26
25,2,2019-12-11,3.023718257214977,tfidf_bigram_only,0.565557006300189,10.0,25,2017-07-26
25,2,2020-01-29,2.1485559840748008,tfidf_bigram_only,-0.7872770228184768,10.0,25,2017-07-26
25,2,2017-09-20,0.9944146118107968,counts_e5,0.822833169536151,1.0,25,2017-07-26
25,2,2017-11-01,2.7340856247888965,counts_e5,2.026457506771677,1.0,25,2017-07-26
25,2,2017-12-13,2.9260790182207024,counts_e5,2.1366810668927037,1.0,25,2017-07-26
25,2,2018-01-31,7.148911655702096,counts_e5,1.7416490255154162,1.0,25,2017-07-26
25,2,2018-03-21,-4.1445720726304085,counts_e5,-0.37989502807688,1.0,25,2017-07-26
25,2,2018-05-02,-0.0218536416260347,counts_e5,0.27278861804916826,1.0,25,2017-07-26
25,2,2018-06-13,5.428358892467418,counts_e5,1.3054391633387432,1.0,25,2017-07-26
25,2,2018-08-01,0.4763710453831742,counts_e5,-0.8112316179314015,1.0,25,2017-07-26
25,2,2018-09-26,2.9069004200691184,counts_e5,2.455132266412647,1.0,25,2017-07-26
25,2,2018-11-08,-5.840717554989847,counts_e5,0.196396000926377,1.0,25,2017-07-26
25,2,2018-12-19,-9.076083946390025,counts_e5,-1.2089138761167861,1.0,25,2017-07-26
25,2,2019-01-30,6.65247519930154,counts_e5,-1.3767834886773502,1.0,25,2017-07-26
25,2,2019-03-20,4.353035321394501,counts_e5,1.391653117696857,1.0,25,2017-07-26
25,2,2019-05-01,2.786040220264391,counts_e5,0.6156578836411688,1.0,25,2017-07-26
25,2,2019-06-19,-1.250213439072959,counts_e5,-1.4724499882286257,1.0,25,2017-07-26
25,2,2019-07-31,2.011188830104515,counts_e5,1.2064624331381166,1.0,25,2017-07-26
25,2,2019-09-18,1.2473197240470009,counts_e5,0.9115061154434767,1.0,25,2017-07-26
25,2,2019-10-30,0.8963428400446505,counts_e5,-0.4541508140018903,1.0,25,2017-07-26
25,2,2019-12-11,3.023718257214977,counts_e5,2.7205145947151,1.0,25,2017-07-26
25,2,2020-01-29,2.1485559840748008,counts_e5,1.267553151734571,1.0,25,2017-07-26
25,3,2020-03-15,-19.30679872098346,signed_counts,-0.8702598731693221,0.0001,25,2020-01-29
25,3,2020-04-29,18.74563559498336,signed_counts,-1.6549355570814832,0.0001,25,2020-01-29
25,3,2020-06-10,10.409357713788122,signed_counts,3.4271486433779184,0.0001,25,2020-01-29
25,3,2020-07-29,7.589732604042245,signed_counts,-1.573641800147981,0.0001,25,2020-01-29
25,3,2020-09-16,4.129646562312915,signed_counts,2.0287201914980963,0.0001,25,2020-01-29
25,3,2020-11-05,0.3483962171310573,signed_counts,4.15466809219461,0.0001,25,2020-01-29
25,3,2020-12-16,3.849102256140097,signed_counts,1.2285479933196872,0.0001,25,2020-01-29
25,3,2021-01-27,3.4979670186014724,signed_counts,5.632155730135257,0.0001,25,2020-01-29
25,3,2021-03-17,4.676882796618454,signed_counts,3.9814285399417404,0.0001,25,2020-01-29
25,3,2021-04-28,6.717611257885417,signed_counts,0.5817468855070828,0.0001,25,2020-01-29
25,3,2021-06-16,1.0294124912812683,signed_counts,2.6162077780569617,0.0001,25,2020-01-29
25,3,2021-07-28,4.633031545878721,signed_counts,0.533257261433278,0.0001,25,2020-01-29
25,3,2021-09-22,-1.4071350286967688,signed_counts,4.697131377803641,0.0001,25,2020-01-29
25,3,2021-11-03,3.629686853369575,signed_counts,3.2128247862400974,0.0001,25,2020-01-29
25,3,2021-12-15,-0.2430410169318006,signed_counts,0.08693986055379366,0.0001,25,2020-01-29
25,3,2022-01-26,-5.707921584406794,signed_counts,4.242582866002964,0.0001,25,2020-01-29
25,3,2022-03-16,-3.651437450153861,signed_counts,0.3468219453627228,0.0001,25,2020-01-29
25,3,2022-05-04,-6.071100198893482,signed_counts,3.752656112291575,0.0001,25,2020-01-29
25,3,2022-06-15,-10.185909178114285,signed_counts,-1.0899877359478518,0.0001,25,2020-01-29
25,3,2022-07-27,7.656593909553768,signed_counts,1.2365839583464706,0.0001,25,2020-01-29
25,3,2020-03-15,-19.30679872098346,counts_3anchors,-3.982866626014766,1.0,25,2020-01-29
25,3,2020-04-29,18.74563559498336,counts_3anchors,0.32018897676339253,1.0,25,2020-01-29
25,3,2020-06-10,10.409357713788122,counts_3anchors,4.143566375572567,1.0,25,2020-01-29
25,3,2020-07-29,7.589732604042245,counts_3anchors,-0.6788078823533819,1.0,25,2020-01-29
25,3,2020-09-16,4.129646562312915,counts_3anchors,3.2702016591392846,1.0,25,2020-01-29
25,3,2020-11-05,0.3483962171310573,counts_3anchors,2.6407448653034082,1.0,25,2020-01-29
25,3,2020-12-16,3.849102256140097,counts_3anchors,1.2172053284428095,1.0,25,2020-01-29
25,3,2021-01-27,3.4979670186014724,counts_3anchors,5.892377757326795,1.0,25,2020-01-29
25,3,2021-03-17,4.676882796618454,counts_3anchors,4.034051878835286,1.0,25,2020-01-29
25,3,2021-04-28,6.717611257885417,counts_3anchors,1.0662094902916273,1.0,25,2020-01-29
25,3,2021-06-16,1.0294124912812683,counts_3anchors,2.712516750850572,1.0,25,2020-01-29
25,3,2021-07-28,4.633031545878721,counts_3anchors,-1.1011659124471977,1.0,25,2020-01-29
25,3,2021-09-22,-1.4071350286967688,counts_3anchors,2.493029646105648,1.0,25,2020-01-29
25,3,2021-11-03,3.629686853369575,counts_3anchors,2.0332116418273976,1.0,25,2020-01-29
25,3,2021-12-15,-0.2430410169318006,counts_3anchors,-0.029033476106150147,1.0,25,2020-01-29
25,3,2022-01-26,-5.707921584406794,counts_3anchors,0.7052078889366592,1.0,25,2020-01-29
25,3,2022-03-16,-3.651437450153861,counts_3anchors,-1.8683909023446006,1.0,25,2020-01-29
25,3,2022-05-04,-6.071100198893482,counts_3anchors,-0.8260587771832668,1.0,25,2020-01-29
25,3,2022-06-15,-10.185909178114285,counts_3anchors,-3.5881008167510764,1.0,25,2020-01-29
25,3,2022-07-27,7.656593909553768,counts_3anchors,0.3657432225477878,1.0,25,2020-01-29
25,3,2020-03-15,-19.30679872098346,counts_gemini,-2.7857030361494717,1.0,25,2020-01-29
25,3,2020-04-29,18.74563559498336,counts_gemini,0.27411534488278977,1.0,25,2020-01-29
25,3,2020-06-10,10.409357713788122,counts_gemini,4.0310079472733165,1.0,25,2020-01-29
25,3,2020-07-29,7.589732604042245,counts_gemini,-1.7285739259653314,1.0,25,2020-01-29
25,3,2020-09-16,4.129646562312915,counts_gemini,2.902564764196703,1.0,25,2020-01-29
25,3,2020-11-05,0.3483962171310573,counts_gemini,2.283527851804755,1.0,25,2020-01-29
25,3,2020-12-16,3.849102256140097,counts_gemini,1.8277071025178446,1.0,25,2020-01-29
25,3,2021-01-27,3.4979670186014724,counts_gemini,5.535578106926383,1.0,25,2020-01-29
25,3,2021-03-17,4.676882796618454,counts_gemini,3.947033671648343,1.0,25,2020-01-29
25,3,2021-04-28,6.717611257885417,counts_gemini,0.9419427868029486,1.0,25,2020-01-29
25,3,2021-06-16,1.0294124912812683,counts_gemini,2.9822438276725025,1.0,25,2020-01-29
25,3,2021-07-28,4.633031545878721,counts_gemini,-0.35882430959370626,1.0,25,2020-01-29
25,3,2021-09-22,-1.4071350286967688,counts_gemini,2.122845889868221,1.0,25,2020-01-29
25,3,2021-11-03,3.629686853369575,counts_gemini,3.3755390674446275,1.0,25,2020-01-29
25,3,2021-12-15,-0.2430410169318006,counts_gemini,0.23602713430844746,1.0,25,2020-01-29
25,3,2022-01-26,-5.707921584406794,counts_gemini,2.012476985400524,1.0,25,2020-01-29
25,3,2022-03-16,-3.651437450153861,counts_gemini,-0.36434153498541666,1.0,25,2020-01-29
25,3,2022-05-04,-6.071100198893482,counts_gemini,1.7699088488816705,1.0,25,2020-01-29
25,3,2022-06-15,-10.185909178114285,counts_gemini,-1.892357408496836,1.0,25,2020-01-29
25,3,2022-07-27,7.656593909553768,counts_gemini,1.408085197642892,1.0,25,2020-01-29
25,3,2020-03-15,-19.30679872098346,gemini_vector,-5.285542845034099,0.1,25,2020-01-29
25,3,2020-04-29,18.74563559498336,gemini_vector,2.993762108721212,0.1,25,2020-01-29
25,3,2020-06-10,10.409357713788122,gemini_vector,4.502231718590925,0.1,25,2020-01-29
25,3,2020-07-29,7.589732604042245,gemini_vector,-1.346456074934979,0.1,25,2020-01-29
25,3,2020-09-16,4.129646562312915,gemini_vector,4.895420059322529,0.1,25,2020-01-29
25,3,2020-11-05,0.3483962171310573,gemini_vector,-0.062800146342876,0.1,25,2020-01-29
25,3,2020-12-16,3.849102256140097,gemini_vector,2.0518216936054543,0.1,25,2020-01-29
25,3,2021-01-27,3.4979670186014724,gemini_vector,6.4742578255660925,0.1,25,2020-01-29
25,3,2021-03-17,4.676882796618454,gemini_vector,4.271061405794555,0.1,25,2020-01-29
25,3,2021-04-28,6.717611257885417,gemini_vector,1.5263168617927132,0.1,25,2020-01-29
25,3,2021-06-16,1.0294124912812683,gemini_vector,3.462399377688601,0.1,25,2020-01-29
25,3,2021-07-28,4.633031545878721,gemini_vector,-0.9290798516043632,0.1,25,2020-01-29
25,3,2021-09-22,-1.4071350286967688,gemini_vector,-0.4696165147765563,0.1,25,2020-01-29
25,3,2021-11-03,3.629686853369575,gemini_vector,2.4080102921824142,0.1,25,2020-01-29
25,3,2021-12-15,-0.2430410169318006,gemini_vector,-0.033350114744002735,0.1,25,2020-01-29
25,3,2022-01-26,-5.707921584406794,gemini_vector,0.6266812907561448,0.1,25,2020-01-29
25,3,2022-03-16,-3.651437450153861,gemini_vector,-1.0528003750231605,0.1,25,2020-01-29
25,3,2022-05-04,-6.071100198893482,gemini_vector,-1.5597480809654187,0.1,25,2020-01-29
25,3,2022-06-15,-10.185909178114285,gemini_vector,-3.6191494682782483,0.1,25,2020-01-29
25,3,2022-07-27,7.656593909553768,gemini_vector,1.9049332652455422,0.1,25,2020-01-29
25,3,2020-03-15,-19.30679872098346,tfidf_bigram_only,0.7857875460575797,0.0001,25,2020-01-29
25,3,2020-04-29,18.74563559498336,tfidf_bigram_only,0.4098470368209345,0.0001,25,2020-01-29
25,3,2020-06-10,10.409357713788122,tfidf_bigram_only,1.8542490334405883,0.0001,25,2020-01-29
25,3,2020-07-29,7.589732604042245,tfidf_bigram_only,0.6972587354681844,0.0001,25,2020-01-29
25,3,2020-09-16,4.129646562312915,tfidf_bigram_only,1.6305300719662394,0.0001,25,2020-01-29
25,3,2020-11-05,0.3483962171310573,tfidf_bigram_only,1.0435172584404586,0.0001,25,2020-01-29
25,3,2020-12-16,3.849102256140097,tfidf_bigram_only,1.1200938737919157,0.0001,25,2020-01-29
25,3,2021-01-27,3.4979670186014724,tfidf_bigram_only,3.978539493813596,0.0001,25,2020-01-29
25,3,2021-03-17,4.676882796618454,tfidf_bigram_only,1.475703157566896,0.0001,25,2020-01-29
25,3,2021-04-28,6.717611257885417,tfidf_bigram_only,0.7720516015300287,0.0001,25,2020-01-29
25,3,2021-06-16,1.0294124912812683,tfidf_bigram_only,1.9334891825760543,0.0001,25,2020-01-29
25,3,2021-07-28,4.633031545878721,tfidf_bigram_only,1.3032524045351555,0.0001,25,2020-01-29
25,3,2021-09-22,-1.4071350286967688,tfidf_bigram_only,0.938884832023091,0.0001,25,2020-01-29
25,3,2021-11-03,3.629686853369575,tfidf_bigram_only,0.9806748234477983,0.0001,25,2020-01-29
25,3,2021-12-15,-0.2430410169318006,tfidf_bigram_only,1.1893575178422788,0.0001,25,2020-01-29
25,3,2022-01-26,-5.707921584406794,tfidf_bigram_only,3.723402641923403,0.0001,25,2020-01-29
25,3,2022-03-16,-3.651437450153861,tfidf_bigram_only,0.49207775081301497,0.0001,25,2020-01-29
25,3,2022-05-04,-6.071100198893482,tfidf_bigram_only,-0.1643085165000402,0.0001,25,2020-01-29
25,3,2022-06-15,-10.185909178114285,tfidf_bigram_only,0.27415622688496777,0.0001,25,2020-01-29
25,3,2022-07-27,7.656593909553768,tfidf_bigram_only,0.7675286945866313,0.0001,25,2020-01-29
25,3,2020-03-15,-19.30679872098346,counts_e5,-2.1104930148420937,1.0,25,2020-01-29
25,3,2020-04-29,18.74563559498336,counts_e5,-0.5332115816323713,1.0,25,2020-01-29
25,3,2020-06-10,10.409357713788122,counts_e5,3.726836356217842,1.0,25,2020-01-29
25,3,2020-07-29,7.589732604042245,counts_e5,-1.3513151673959554,1.0,25,2020-01-29
25,3,2020-09-16,4.129646562312915,counts_e5,2.552300197255664,1.0,25,2020-01-29
25,3,2020-11-05,0.3483962171310573,counts_e5,2.3574128698873222,1.0,25,2020-01-29
25,3,2020-12-16,3.849102256140097,counts_e5,1.389618486810498,1.0,25,2020-01-29
25,3,2021-01-27,3.4979670186014724,counts_e5,4.970668749089738,1.0,25,2020-01-29
25,3,2021-03-17,4.676882796618454,counts_e5,3.078391923377663,1.0,25,2020-01-29
25,3,2021-04-28,6.717611257885417,counts_e5,0.529366207283124,1.0,25,2020-01-29
25,3,2021-06-16,1.0294124912812683,counts_e5,2.4839925049886116,1.0,25,2020-01-29
25,3,2021-07-28,4.633031545878721,counts_e5,0.4367135536620945,1.0,25,2020-01-29
25,3,2021-09-22,-1.4071350286967688,counts_e5,2.9199530268731846,1.0,25,2020-01-29
25,3,2021-11-03,3.629686853369575,counts_e5,2.9508025680841454,1.0,25,2020-01-29
25,3,2021-12-15,-0.2430410169318006,counts_e5,0.7216474612079588,1.0,25,2020-01-29
25,3,2022-01-26,-5.707921584406794,counts_e5,3.2330343936868307,1.0,25,2020-01-29
25,3,2022-03-16,-3.651437450153861,counts_e5,-0.13976750392269865,1.0,25,2020-01-29
25,3,2022-05-04,-6.071100198893482,counts_e5,1.9546110355988477,1.0,25,2020-01-29
25,3,2022-06-15,-10.185909178114285,counts_e5,-1.1398025954321813,1.0,25,2020-01-29
25,3,2022-07-27,7.656593909553768,counts_e5,1.0587663656675192,1.0,25,2020-01-29
25,4,2022-09-21,-4.728850791825261,signed_counts,1.5839318413498298,100.0,25,2022-07-27
25,4,2022-11-02,2.605464816532983,signed_counts,1.6276793152023656,100.0,25,2022-07-27
25,4,2022-12-14,6.577045295685347,signed_counts,1.5357430327229837,100.0,25,2022-07-27
25,4,2023-02-01,2.5257798164174163,signed_counts,1.218648858891501,100.0,25,2022-07-27
25,4,2023-03-22,-6.204536146166191,signed_counts,1.6562767444174031,100.0,25,2022-07-27
25,4,2023-05-03,4.881469132982449,signed_counts,1.5388735040772497,100.0,25,2022-07-27
25,4,2023-06-14,6.063975282786163,signed_counts,1.8067169347653302,100.0,25,2022-07-27
25,4,2023-07-26,2.3126105893465296,signed_counts,1.653571928304652,100.0,25,2022-07-27
25,4,2023-09-20,-2.635491551002436,signed_counts,1.7151692214326337,100.0,25,2022-07-27
25,4,2023-11-01,-4.411522180090532,signed_counts,1.77231166691064,100.0,25,2022-07-27
25,4,2023-12-13,6.255803319654673,signed_counts,1.506667496220461,100.0,25,2022-07-27
25,4,2024-01-31,3.6615937297733945,signed_counts,1.6654252509730763,100.0,25,2022-07-27
25,4,2024-03-20,4.178257495449124,signed_counts,1.6863515127062347,100.0,25,2022-07-27
25,4,2024-05-01,-2.980468016904972,signed_counts,1.5884826204270495,100.0,25,2022-07-27
25,4,2024-06-12,5.130250058983746,signed_counts,1.4767713420432929,100.0,25,2022-07-27
25,4,2024-07-31,-0.1107106366835336,signed_counts,1.4933902152598215,100.0,25,2022-07-27
25,4,2024-09-18,2.7356950767003108,signed_counts,1.4995213453333993,100.0,25,2022-07-27
25,4,2024-11-07,0.6219968059305512,signed_counts,1.5834473407759002,100.0,25,2022-07-27
25,4,2024-12-18,0.8467408795732383,signed_counts,1.6606809930968855,100.0,25,2022-07-27
25,4,2022-09-21,-4.728850791825261,counts_3anchors,-6.947479786023546,1.0,25,2022-07-27
25,4,2022-11-02,2.605464816532983,counts_3anchors,-2.218548837926007,1.0,25,2022-07-27
25,4,2022-12-14,6.577045295685347,counts_3anchors,1.1810378296339397,1.0,25,2022-07-27
25,4,2023-02-01,2.5257798164174163,counts_3anchors,2.9835613354822206,1.0,25,2022-07-27
25,4,2023-03-22,-6.204536146166191,counts_3anchors,-0.28143883560818805,1.0,25,2022-07-27
25,4,2023-05-03,4.881469132982449,counts_3anchors,4.20293037644992,1.0,25,2022-07-27
25,4,2023-06-14,6.063975282786163,counts_3anchors,4.798986664013329,1.0,25,2022-07-27
25,4,2023-07-26,2.3126105893465296,counts_3anchors,4.35636298965929,1.0,25,2022-07-27
25,4,2023-09-20,-2.635491551002436,counts_3anchors,-2.967908061031939,1.0,25,2022-07-27
25,4,2023-11-01,-4.411522180090532,counts_3anchors,-3.969975767919614,1.0,25,2022-07-27
25,4,2023-12-13,6.255803319654673,counts_3anchors,1.9748193992170067,1.0,25,2022-07-27
25,4,2024-01-31,3.6615937297733945,counts_3anchors,4.447430571737608,1.0,25,2022-07-27
25,4,2024-03-20,4.178257495449124,counts_3anchors,2.6183540216438947,1.0,25,2022-07-27
25,4,2024-05-01,-2.980468016904972,counts_3anchors,-3.057665305746567,1.0,25,2022-07-27
25,4,2024-06-12,5.130250058983746,counts_3anchors,1.8980667366008024,1.0,25,2022-07-27
25,4,2024-07-31,-0.1107106366835336,counts_3anchors,-3.1091550676410433,1.0,25,2022-07-27
25,4,2024-09-18,2.7356950767003108,counts_3anchors,0.4127409579807795,1.0,25,2022-07-27
25,4,2024-11-07,0.6219968059305512,counts_3anchors,1.7382837827608406,1.0,25,2022-07-27
25,4,2024-12-18,0.8467408795732383,counts_3anchors,1.0259175198310704,1.0,25,2022-07-27
25,4,2022-09-21,-4.728850791825261,counts_gemini,-4.932692443111049,0.1,25,2022-07-27
25,4,2022-11-02,2.605464816532983,counts_gemini,0.3058856604563043,0.1,25,2022-07-27
25,4,2022-12-14,6.577045295685347,counts_gemini,2.7459026635665365,0.1,25,2022-07-27
25,4,2023-02-01,2.5257798164174163,counts_gemini,3.0073147616728964,0.1,25,2022-07-27
25,4,2023-03-22,-6.204536146166191,counts_gemini,1.266929232888738,0.1,25,2022-07-27
25,4,2023-05-03,4.881469132982449,counts_gemini,9.287636364092199,0.1,25,2022-07-27
25,4,2023-06-14,6.063975282786163,counts_gemini,4.916299214300208,0.1,25,2022-07-27
25,4,2023-07-26,2.3126105893465296,counts_gemini,4.7903925428559315,0.1,25,2022-07-27
25,4,2023-09-20,-2.635491551002436,counts_gemini,-0.9496841047831523,0.1,25,2022-07-27
25,4,2023-11-01,-4.411522180090532,counts_gemini,-2.128879362344386,0.1,25,2022-07-27
25,4,2023-12-13,6.255803319654673,counts_gemini,3.969783559832105,0.1,25,2022-07-27
25,4,2024-01-31,3.6615937297733945,counts_gemini,2.06058982970405,0.1,25,2022-07-27
25,4,2024-03-20,4.178257495449124,counts_gemini,0.12854178375392267,0.1,25,2022-07-27
25,4,2024-05-01,-2.980468016904972,counts_gemini,-3.846884099529251,0.1,25,2022-07-27
25,4,2024-06-12,5.130250058983746,counts_gemini,2.308211115599278,0.1,25,2022-07-27
25,4,2024-07-31,-0.1107106366835336,counts_gemini,-2.798371988939432,0.1,25,2022-07-27
25,4,2024-09-18,2.7356950767003108,counts_gemini,-0.966123376477737,0.1,25,2022-07-27
25,4,2024-11-07,0.6219968059305512,counts_gemini,1.9994632439754714,0.1,25,2022-07-27
25,4,2024-12-18,0.8467408795732383,counts_gemini,-0.4383252883732691,0.1,25,2022-07-27
25,4,2022-09-21,-4.728850791825261,gemini_vector,-2.163071033634885,0.1,25,2022-07-27
25,4,2022-11-02,2.605464816532983,gemini_vector,0.8385946598188584,0.1,25,2022-07-27
25,4,2022-12-14,6.577045295685347,gemini_vector,2.7260130552375395,0.1,25,2022-07-27
25,4,2023-02-01,2.5257798164174163,gemini_vector,2.602509668688236,0.1,25,2022-07-27
25,4,2023-03-22,-6.204536146166191,gemini_vector,0.4318512928326712,0.1,25,2022-07-27
25,4,2023-05-03,4.881469132982449,gemini_vector,4.520134127539242,0.1,25,2022-07-27
25,4,2023-06-14,6.063975282786163,gemini_vector,5.7500008399353595,0.1,25,2022-07-27
25,4,2023-07-26,2.3126105893465296,gemini_vector,6.9069765493432795,0.1,25,2022-07-27
25,4,2023-09-20,-2.635491551002436,gemini_vector,-0.1749034157427427,0.1,25,2022-07-27
25,4,2023-11-01,-4.411522180090532,gemini_vector,-2.4325100542439477,0.1,25,2022-07-27
25,4,2023-12-13,6.255803319654673,gemini_vector,3.207527781034786,0.1,25,2022-07-27
25,4,2024-01-31,3.6615937297733945,gemini_vector,3.894964019064726,0.1,25,2022-07-27
25,4,2024-03-20,4.178257495449124,gemini_vector,2.265711753875913,0.1,25,2022-07-27
25,4,2024-05-01,-2.980468016904972,gemini_vector,-0.7033776434818848,0.1,25,2022-07-27
25,4,2024-06-12,5.130250058983746,gemini_vector,3.412452760514851,0.1,25,2022-07-27
25,4,2024-07-31,-0.1107106366835336,gemini_vector,-0.15863265685585293,0.1,25,2022-07-27
25,4,2024-09-18,2.7356950767003108,gemini_vector,-0.849266660112618,0.1,25,2022-07-27
25,4,2024-11-07,0.6219968059305512,gemini_vector,1.398411136731292,0.1,25,2022-07-27
25,4,2024-12-18,0.8467408795732383,gemini_vector,2.024221384995259,0.1,25,2022-07-27
25,4,2022-09-21,-4.728850791825261,tfidf_bigram_only,0.9361669444536367,0.01,25,2022-07-27
25,4,2022-11-02,2.605464816532983,tfidf_bigram_only,1.5988880666111949,0.01,25,2022-07-27
25,4,2022-12-14,6.577045295685347,tfidf_bigram_only,1.3275694813887713,0.01,25,2022-07-27
25,4,2023-02-01,2.5257798164174163,tfidf_bigram_only,-0.5213174285945805,0.01,25,2022-07-27
25,4,2023-03-22,-6.204536146166191,tfidf_bigram_only,2.0941346737537767,0.01,25,2022-07-27
25,4,2023-05-03,4.881469132982449,tfidf_bigram_only,2.2943362064383184,0.01,25,2022-07-27
25,4,2023-06-14,6.063975282786163,tfidf_bigram_only,3.6988982846044114,0.01,25,2022-07-27
25,4,2023-07-26,2.3126105893465296,tfidf_bigram_only,1.8870211124929153,0.01,25,2022-07-27
25,4,2023-09-20,-2.635491551002436,tfidf_bigram_only,1.7547487502033272,0.01,25,2022-07-27
25,4,2023-11-01,-4.411522180090532,tfidf_bigram_only,2.539575826419682,0.01,25,2022-07-27
25,4,2023-12-13,6.255803319654673,tfidf_bigram_only,2.3951344390653304,0.01,25,2022-07-27
25,4,2024-01-31,3.6615937297733945,tfidf_bigram_only,3.8114181550008417,0.01,25,2022-07-27
25,4,2024-03-20,4.178257495449124,tfidf_bigram_only,1.8659231800891325,0.01,25,2022-07-27
25,4,2024-05-01,-2.980468016904972,tfidf_bigram_only,1.1061761661662068,0.01,25,2022-07-27
25,4,2024-06-12,5.130250058983746,tfidf_bigram_only,1.4996842627483817,0.01,25,2022-07-27
25,4,2024-07-31,-0.1107106366835336,tfidf_bigram_only,3.461778893545965,0.01,25,2022-07-27
25,4,2024-09-18,2.7356950767003108,tfidf_bigram_only,2.288338275070749,0.01,25,2022-07-27
25,4,2024-11-07,0.6219968059305512,tfidf_bigram_only,0.6797678909675338,0.01,25,2022-07-27
25,4,2024-12-18,0.8467408795732383,tfidf_bigram_only,3.3894723828339495,0.01,25,2022-07-27
25,4,2022-09-21,-4.728850791825261,counts_e5,-0.18920906832982176,0.1,25,2022-07-27
25,4,2022-11-02,2.605464816532983,counts_e5,0.3238165057477522,0.1,25,2022-07-27
25,4,2022-12-14,6.577045295685347,counts_e5,-1.019739280996217,0.1,25,2022-07-27
25,4,2023-02-01,2.5257798164174163,counts_e5,-9.137648155754595,0.1,25,2022-07-27
25,4,2023-03-22,-6.204536146166191,counts_e5,-3.289744288289574,0.1,25,2022-07-27
25,4,2023-05-03,4.881469132982449,counts_e5,1.8784533210522665,0.1,25,2022-07-27
25,4,2023-06-14,6.063975282786163,counts_e5,3.5706244084268812,0.1,25,2022-07-27
25,4,2023-07-26,2.3126105893465296,counts_e5,1.6911346075543694,0.1,25,2022-07-27
25,4,2023-09-20,-2.635491551002436,counts_e5,2.205091367413103,0.1,25,2022-07-27
25,4,2023-11-01,-4.411522180090532,counts_e5,-0.613224485812264,0.1,25,2022-07-27
25,4,2023-12-13,6.255803319654673,counts_e5,-1.4018970371629482,0.1,25,2022-07-27
25,4,2024-01-31,3.6615937297733945,counts_e5,0.5551461937777689,0.1,25,2022-07-27
25,4,2024-03-20,4.178257495449124,counts_e5,1.6664046539269508,0.1,25,2022-07-27
25,4,2024-05-01,-2.980468016904972,counts_e5,-2.5691152069107366,0.1,25,2022-07-27
25,4,2024-06-12,5.130250058983746,counts_e5,-0.6471611200660847,0.1,25,2022-07-27
25,4,2024-07-31,-0.1107106366835336,counts_e5,-2.4122326543334216,0.1,25,2022-07-27
25,4,2024-09-18,2.7356950767003108,counts_e5,-4.2279271710855,0.1,25,2022-07-27
25,4,2024-11-07,0.6219968059305512,counts_e5,6.453789232460904,0.1,25,2022-07-27
25,4,2024-12-18,0.8467408795732383,counts_e5,-0.18721270634236742,0.1,25,2022-07-27
50,0,2012-09-13,4.889386111246848,signed_counts,2.348348212810376,1.0,50,2012-08-01
50,0,2012-10-24,-2.214573547712846,signed_counts,1.4521643928941164,1.0,50,2012-08-01
50,0,2012-12-12,0.3816906455956319,signed_counts,-4.01613903636495,1.0,50,2012-08-01
50,0,2013-01-30,5.52312983048044,signed_counts,1.1653574872132089,1.0,50,2012-08-01
50,0,2013-03-20,3.5282324697286342,signed_counts,6.043226694334245,1.0,50,2012-08-01
50,0,2013-05-01,3.03919592179801,signed_counts,1.769171988515797,1.0,50,2012-08-01
50,0,2013-06-19,2.555798472708714,signed_counts,5.018992072288956,1.0,50,2012-08-01
50,0,2013-07-31,5.932327679094761,signed_counts,5.840812854935158,1.0,50,2012-08-01
50,0,2013-09-18,-0.5490488995725852,signed_counts,2.39667990409242,1.0,50,2012-08-01
50,0,2013-10-30,2.278539508167516,signed_counts,5.220801760075794,1.0,50,2012-08-01
50,0,2013-12-18,1.6851950420826414,signed_counts,2.7615882507812617,1.0,50,2012-08-01
50,0,2014-01-29,-1.5674398932992968,signed_counts,5.266480689691589,1.0,50,2012-08-01
50,0,2014-03-19,3.533096814907931,signed_counts,4.098997528048023,1.0,50,2012-08-01
50,0,2014-04-30,-0.141881172800043,signed_counts,7.513648142831739,1.0,50,2012-08-01
50,0,2014-06-18,2.8271363650504746,signed_counts,3.0212476443359333,1.0,50,2012-08-01
50,0,2014-07-30,0.9838844644308352,signed_counts,2.783169042405533,1.0,50,2012-08-01
50,0,2014-09-17,2.727560945652685,signed_counts,2.479130451340681,1.0,50,2012-08-01
50,0,2014-10-29,-2.505251234306585,signed_counts,-0.022312197286645963,1.0,50,2012-08-01
50,0,2014-12-17,-0.2548556929012915,signed_counts,1.322394472802602,1.0,50,2012-08-01
50,0,2015-01-28,-0.2041768626186403,signed_counts,-3.299328783071705,1.0,50,2012-08-01
50,0,2012-09-13,4.889386111246848,counts_3anchors,3.8944404444832865,1.0,50,2012-08-01
50,0,2012-10-24,-2.214573547712846,counts_3anchors,3.0011478997221896,1.0,50,2012-08-01
50,0,2012-12-12,0.3816906455956319,counts_3anchors,0.12480485152370707,1.0,50,2012-08-01
50,0,2013-01-30,5.52312983048044,counts_3anchors,5.345331948219572,1.0,50,2012-08-01
50,0,2013-03-20,3.5282324697286342,counts_3anchors,6.609139711746042,1.0,50,2012-08-01
50,0,2013-05-01,3.03919592179801,counts_3anchors,2.9693649726705855,1.0,50,2012-08-01
50,0,2013-06-19,2.555798472708714,counts_3anchors,2.7197649761964335,1.0,50,2012-08-01
50,0,2013-07-31,5.932327679094761,counts_3anchors,4.667408321833002,1.0,50,2012-08-01
50,0,2013-09-18,-0.5490488995725852,counts_3anchors,4.3749783962906506,1.0,50,2012-08-01
50,0,2013-10-30,2.278539508167516,counts_3anchors,5.436657988438998,1.0,50,2012-08-01
50,0,2013-12-18,1.6851950420826414,counts_3anchors,2.800084896280923,1.0,50,2012-08-01
50,0,2014-01-29,-1.5674398932992968,counts_3anchors,4.750219090230421,1.0,50,2012-08-01
50,0,2014-03-19,3.533096814907931,counts_3anchors,3.717848749947328,1.0,50,2012-08-01
50,0,2014-04-30,-0.141881172800043,counts_3anchors,6.150391668122568,1.0,50,2012-08-01
50,0,2014-06-18,2.8271363650504746,counts_3anchors,4.662613303343869,1.0,50,2012-08-01
50,0,2014-07-30,0.9838844644308352,counts_3anchors,4.970928595343298,1.0,50,2012-08-01
50,0,2014-09-17,2.727560945652685,counts_3anchors,4.486994461466727,1.0,50,2012-08-01
50,0,2014-10-29,-2.505251234306585,counts_3anchors,2.6345768707982486,1.0,50,2012-08-01
50,0,2014-12-17,-0.2548556929012915,counts_3anchors,3.1718855578563874,1.0,50,2012-08-01
50,0,2015-01-28,-0.2041768626186403,counts_3anchors,0.884063269748885,1.0,50,2012-08-01
50,0,2012-09-13,4.889386111246848,counts_gemini,4.405450631028221,1.0,50,2012-08-01
50,0,2012-10-24,-2.214573547712846,counts_gemini,1.7609434421407266,1.0,50,2012-08-01
50,0,2012-12-12,0.3816906455956319,counts_gemini,-0.5124530864385237,1.0,50,2012-08-01
50,0,2013-01-30,5.52312983048044,counts_gemini,5.0410494851556145,1.0,50,2012-08-01
50,0,2013-03-20,3.5282324697286342,counts_gemini,4.197483811955696,1.0,50,2012-08-01
50,0,2013-05-01,3.03919592179801,counts_gemini,1.7479770310482883,1.0,50,2012-08-01
50,0,2013-06-19,2.555798472708714,counts_gemini,2.1039592191697727,1.0,50,2012-08-01
50,0,2013-07-31,5.932327679094761,counts_gemini,3.35920161322396,1.0,50,2012-08-01
50,0,2013-09-18,-0.5490488995725852,counts_gemini,1.7653537170167188,1.0,50,2012-08-01
50,0,2013-10-30,2.278539508167516,counts_gemini,2.8067092013659893,1.0,50,2012-08-01
50,0,2013-12-18,1.6851950420826414,counts_gemini,1.245468631152319,1.0,50,2012-08-01
50,0,2014-01-29,-1.5674398932992968,counts_gemini,4.940051352666327,1.0,50,2012-08-01
50,0,2014-03-19,3.533096814907931,counts_gemini,2.9380538092489927,1.0,50,2012-08-01
50,0,2014-04-30,-0.141881172800043,counts_gemini,5.128522642324952,1.0,50,2012-08-01
50,0,2014-06-18,2.8271363650504746,counts_gemini,4.3996122204036725,1.0,50,2012-08-01
50,0,2014-07-30,0.9838844644308352,counts_gemini,3.360508395429889,1.0,50,2012-08-01
50,0,2014-09-17,2.727560945652685,counts_gemini,3.556782702773128,1.0,50,2012-08-01
50,0,2014-10-29,-2.505251234306585,counts_gemini,0.10053479096277768,1.0,50,2012-08-01
50,0,2014-12-17,-0.2548556929012915,counts_gemini,-0.7449969288977711,1.0,50,2012-08-01
50,0,2015-01-28,-0.2041768626186403,counts_gemini,0.030440307626044105,1.0,50,2012-08-01
50,0,2012-09-13,4.889386111246848,gemini_vector,3.6479481374898395,1.0,50,2012-08-01
50,0,2012-10-24,-2.214573547712846,gemini_vector,1.164160648109481,1.0,50,2012-08-01
50,0,2012-12-12,0.3816906455956319,gemini_vector,1.071163015988198,1.0,50,2012-08-01
50,0,2013-01-30,5.52312983048044,gemini_vector,4.609407014446693,1.0,50,2012-08-01
50,0,2013-03-20,3.5282324697286342,gemini_vector,2.498817303952409,1.0,50,2012-08-01
50,0,2013-05-01,3.03919592179801,gemini_vector,1.9204448868736674,1.0,50,2012-08-01
50,0,2013-06-19,2.555798472708714,gemini_vector,1.0514059131636941,1.0,50,2012-08-01
50,0,2013-07-31,5.932327679094761,gemini_vector,1.6311680747548691,1.0,50,2012-08-01
50,0,2013-09-18,-0.5490488995725852,gemini_vector,0.9023093863568588,1.0,50,2012-08-01
50,0,2013-10-30,2.278539508167516,gemini_vector,0.590781489387165,1.0,50,2012-08-01
50,0,2013-12-18,1.6851950420826414,gemini_vector,1.266938424183662,1.0,50,2012-08-01
50,0,2014-01-29,-1.5674398932992968,gemini_vector,2.693445061014791,1.0,50,2012-08-01
50,0,2014-03-19,3.533096814907931,gemini_vector,1.923266196056524,1.0,50,2012-08-01
50,0,2014-04-30,-0.141881172800043,gemini_vector,2.5613116569963394,1.0,50,2012-08-01
50,0,2014-06-18,2.8271363650504746,gemini_vector,3.86962049726938,1.0,50,2012-08-01
50,0,2014-07-30,0.9838844644308352,gemini_vector,2.336702997934678,1.0,50,2012-08-01
50,0,2014-09-17,2.727560945652685,gemini_vector,2.5894829053578454,1.0,50,2012-08-01
50,0,2014-10-29,-2.505251234306585,gemini_vector,0.016781059062314696,1.0,50,2012-08-01
50,0,2014-12-17,-0.2548556929012915,gemini_vector,-1.5016263942251007,1.0,50,2012-08-01
50,0,2015-01-28,-0.2041768626186403,gemini_vector,0.9582411342951138,1.0,50,2012-08-01
50,0,2012-09-13,4.889386111246848,tfidf_bigram_only,0.15704690056841863,1.0,50,2012-08-01
50,0,2012-10-24,-2.214573547712846,tfidf_bigram_only,0.3942401409826963,1.0,50,2012-08-01
50,0,2012-12-12,0.3816906455956319,tfidf_bigram_only,0.9069368733132357,1.0,50,2012-08-01
50,0,2013-01-30,5.52312983048044,tfidf_bigram_only,-0.8849519269011219,1.0,50,2012-08-01
50,0,2013-03-20,3.5282324697286342,tfidf_bigram_only,0.2499897966473787,1.0,50,2012-08-01
50,0,2013-05-01,3.03919592179801,tfidf_bigram_only,0.803268036848092,1.0,50,2012-08-01
50,0,2013-06-19,2.555798472708714,tfidf_bigram_only,-0.5554762430242393,1.0,50,2012-08-01
50,0,2013-07-31,5.932327679094761,tfidf_bigram_only,-0.2069417530853164,1.0,50,2012-08-01
50,0,2013-09-18,-0.5490488995725852,tfidf_bigram_only,-0.4647073631338479,1.0,50,2012-08-01
50,0,2013-10-30,2.278539508167516,tfidf_bigram_only,-0.7976392348176728,1.0,50,2012-08-01
50,0,2013-12-18,1.6851950420826414,tfidf_bigram_only,-0.4273379803293762,1.0,50,2012-08-01
50,0,2014-01-29,-1.5674398932992968,tfidf_bigram_only,-1.96212061213937,1.0,50,2012-08-01
50,0,2014-03-19,3.533096814907931,tfidf_bigram_only,-0.5935300183529307,1.0,50,2012-08-01
50,0,2014-04-30,-0.141881172800043,tfidf_bigram_only,0.3973960170004272,1.0,50,2012-08-01
50,0,2014-06-18,2.8271363650504746,tfidf_bigram_only,-0.44873732910284647,1.0,50,2012-08-01
50,0,2014-07-30,0.9838844644308352,tfidf_bigram_only,0.3914417156438697,1.0,50,2012-08-01
50,0,2014-09-17,2.727560945652685,tfidf_bigram_only,-0.13969504192180512,1.0,50,2012-08-01
50,0,2014-10-29,-2.505251234306585,tfidf_bigram_only,0.14169250730616662,1.0,50,2012-08-01
50,0,2014-12-17,-0.2548556929012915,tfidf_bigram_only,0.21327947693159438,1.0,50,2012-08-01
50,0,2015-01-28,-0.2041768626186403,tfidf_bigram_only,-2.0266504349371837,1.0,50,2012-08-01
50,0,2012-09-13,4.889386111246848,counts_e5,3.3151638295724726,1.0,50,2012-08-01
50,0,2012-10-24,-2.214573547712846,counts_e5,2.1799809442169233,1.0,50,2012-08-01
50,0,2012-12-12,0.3816906455956319,counts_e5,-0.4771327125427349,1.0,50,2012-08-01
50,0,2013-01-30,5.52312983048044,counts_e5,3.728827438019277,1.0,50,2012-08-01
50,0,2013-03-20,3.5282324697286342,counts_e5,3.9907407904627834,1.0,50,2012-08-01
50,0,2013-05-01,3.03919592179801,counts_e5,1.8906044344024557,1.0,50,2012-08-01
50,0,2013-06-19,2.555798472708714,counts_e5,2.1985257130138094,1.0,50,2012-08-01
50,0,2013-07-31,5.932327679094761,counts_e5,3.3381638333724584,1.0,50,2012-08-01
50,0,2013-09-18,-0.5490488995725852,counts_e5,1.792812732001669,1.0,50,2012-08-01
50,0,2013-10-30,2.278539508167516,counts_e5,3.3714711574657286,1.0,50,2012-08-01
50,0,2013-12-18,1.6851950420826414,counts_e5,2.165932431109,1.0,50,2012-08-01
50,0,2014-01-29,-1.5674398932992968,counts_e5,3.3664604328007495,1.0,50,2012-08-01
50,0,2014-03-19,3.533096814907931,counts_e5,3.0823638571709546,1.0,50,2012-08-01
50,0,2014-04-30,-0.141881172800043,counts_e5,5.939020652575568,1.0,50,2012-08-01
50,0,2014-06-18,2.8271363650504746,counts_e5,3.7139323169869205,1.0,50,2012-08-01
50,0,2014-07-30,0.9838844644308352,counts_e5,2.3660745042205575,1.0,50,2012-08-01
50,0,2014-09-17,2.727560945652685,counts_e5,3.1544826061722633,1.0,50,2012-08-01
50,0,2014-10-29,-2.505251234306585,counts_e5,-0.4893268783272625,1.0,50,2012-08-01
50,0,2014-12-17,-0.2548556929012915,counts_e5,0.37539906946606855,1.0,50,2012-08-01
50,0,2015-01-28,-0.2041768626186403,counts_e5,-0.3212549071409745,1.0,50,2012-08-01
50,1,2015-03-18,2.9198479959632526,signed_counts,1.8816174624333024,100.0,50,2015-01-28
50,1,2015-04-29,0.9332960299921064,signed_counts,1.4125238009003709,100.0,50,2015-01-28
50,1,2015-06-17,-0.0539798922692998,signed_counts,1.39864265215994,100.0,50,2015-01-28
50,1,2015-07-29,-2.5614380312419707,signed_counts,0.9528079761531799,100.0,50,2015-01-28
50,1,2015-09-17,-6.398507299645421,signed_counts,0.31778327643670345,100.0,50,2015-01-28
50,1,2015-10-28,5.617495236249391,signed_counts,1.4536931335341334,100.0,50,2015-01-28
50,1,2015-12-16,-3.302400414906358,signed_counts,1.479660484890673,100.0,50,2015-01-28
50,1,2016-01-27,-8.439700515612575,signed_counts,0.6213984828619791,100.0,50,2015-01-28
50,1,2016-03-16,6.417252408444,signed_counts,1.2468465447170343,100.0,50,2015-01-28
50,1,2016-04-27,2.260498155543345,signed_counts,1.7559483451767466,100.0,50,2015-01-28
50,1,2016-06-15,0.1222627909513048,signed_counts,1.347055874617469,100.0,50,2015-01-28
50,1,2016-07-27,4.23185664561935,signed_counts,0.7001025337607618,100.0,50,2015-01-28
50,1,2016-09-21,-1.4803900600906414,signed_counts,1.6488270340279394,100.0,50,2015-01-28
50,1,2016-11-02,-2.404315230048286,signed_counts,1.565852763051665,100.0,50,2015-01-28
50,1,2016-12-14,7.699389600131472,signed_counts,1.9362741041004126,100.0,50,2015-01-28
50,1,2017-02-01,0.766619382732642,signed_counts,1.5556085300964304,100.0,50,2015-01-28
50,1,2017-03-15,3.918162323003221,signed_counts,1.6419817535363501,100.0,50,2015-01-28
50,1,2017-05-03,0.1927092668246962,signed_counts,1.58937569328518,100.0,50,2015-01-28
50,1,2017-06-14,1.5564240385273835,signed_counts,0.992690150725561,100.0,50,2015-01-28
50,1,2017-07-26,1.417996232649504,signed_counts,2.1171277524387655,100.0,50,2015-01-28
50,1,2015-03-18,2.9198479959632526,counts_3anchors,2.5433899803805073,10.0,50,2015-01-28
50,1,2015-04-29,0.9332960299921064,counts_3anchors,2.0885575601475015,10.0,50,2015-01-28
50,1,2015-06-17,-0.0539798922692998,counts_3anchors,0.023017785036451244,10.0,50,2015-01-28
50,1,2015-07-29,-2.5614380312419707,counts_3anchors,0.9209943549655341,10.0,50,2015-01-28
50,1,2015-09-17,-6.398507299645421,counts_3anchors,-3.2105534698809644,10.0,50,2015-01-28
50,1,2015-10-28,5.617495236249391,counts_3anchors,2.2638752121020476,10.0,50,2015-01-28
50,1,2015-12-16,-3.302400414906358,counts_3anchors,-2.667935737623967,10.0,50,2015-01-28
50,1,2016-01-27,-8.439700515612575,counts_3anchors,-3.214388329832021,10.0,50,2015-01-28
50,1,2016-03-16,6.417252408444,counts_3anchors,1.7919759901457843,10.0,50,2015-01-28
50,1,2016-04-27,2.260498155543345,counts_3anchors,3.4220246850672895,10.0,50,2015-01-28
50,1,2016-06-15,0.1222627909513048,counts_3anchors,-0.3642164976420339,10.0,50,2015-01-28
50,1,2016-07-27,4.23185664561935,counts_3anchors,0.8802767373456811,10.0,50,2015-01-28
50,1,2016-09-21,-1.4803900600906414,counts_3anchors,1.9680797776972028,10.0,50,2015-01-28
50,1,2016-11-02,-2.404315230048286,counts_3anchors,3.0564504301092996,10.0,50,2015-01-28
50,1,2016-12-14,7.699389600131472,counts_3anchors,3.0163744802977357,10.0,50,2015-01-28
50,1,2017-02-01,0.766619382732642,counts_3anchors,2.010894886621917,10.0,50,2015-01-28
50,1,2017-03-15,3.918162323003221,counts_3anchors,2.704052057811386,10.0,50,2015-01-28
50,1,2017-05-03,0.1927092668246962,counts_3anchors,2.125280852787889,10.0,50,2015-01-28
50,1,2017-06-14,1.5564240385273835,counts_3anchors,1.734314112518495,10.0,50,2015-01-28
50,1,2017-07-26,1.417996232649504,counts_3anchors,3.2407781985157205,10.0,50,2015-01-28
50,1,2015-03-18,2.9198479959632526,counts_gemini,3.040711903438642,10.0,50,2015-01-28
50,1,2015-04-29,0.9332960299921064,counts_gemini,1.7567525126300343,10.0,50,2015-01-28
50,1,2015-06-17,-0.0539798922692998,counts_gemini,0.8038935913356857,10.0,50,2015-01-28
50,1,2015-07-29,-2.5614380312419707,counts_gemini,-0.08965395711168789,10.0,50,2015-01-28
50,1,2015-09-17,-6.398507299645421,counts_gemini,-2.3645975346583894,10.0,50,2015-01-28
50,1,2015-10-28,5.617495236249391,counts_gemini,1.7270443677417515,10.0,50,2015-01-28
50,1,2015-12-16,-3.302400414906358,counts_gemini,-0.35786666566775893,10.0,50,2015-01-28
50,1,2016-01-27,-8.439700515612575,counts_gemini,-2.1041780014711016,10.0,50,2015-01-28
50,1,2016-03-16,6.417252408444,counts_gemini,0.8727291651119162,10.0,50,2015-01-28
50,1,2016-04-27,2.260498155543345,counts_gemini,2.7404807815884356,10.0,50,2015-01-28
50,1,2016-06-15,0.1222627909513048,counts_gemini,0.5071958777131926,10.0,50,2015-01-28
50,1,2016-07-27,4.23185664561935,counts_gemini,-0.45350048622352657,10.0,50,2015-01-28
50,1,2016-09-21,-1.4803900600906414,counts_gemini,2.317033085647891,10.0,50,2015-01-28
50,1,2016-11-02,-2.404315230048286,counts_gemini,2.2158746979404658,10.0,50,2015-01-28
50,1,2016-12-14,7.699389600131472,counts_gemini,2.874301805434639,10.0,50,2015-01-28
50,1,2017-02-01,0.766619382732642,counts_gemini,2.077432977835972,10.0,50,2015-01-28
50,1,2017-03-15,3.918162323003221,counts_gemini,2.2625956633159725,10.0,50,2015-01-28
50,1,2017-05-03,0.1927092668246962,counts_gemini,1.9469475381138266,10.0,50,2015-01-28
50,1,2017-06-14,1.5564240385273835,counts_gemini,0.8311597867468774,10.0,50,2015-01-28
50,1,2017-07-26,1.417996232649504,counts_gemini,3.6257548718557224,10.0,50,2015-01-28
50,1,2015-03-18,2.9198479959632526,gemini_vector,3.5455861853201593,1.0,50,2015-01-28
50,1,2015-04-29,0.9332960299921064,gemini_vector,3.1250948257137177,1.0,50,2015-01-28
50,1,2015-06-17,-0.0539798922692998,gemini_vector,-0.5181847086645448,1.0,50,2015-01-28
50,1,2015-07-29,-2.5614380312419707,gemini_vector,0.8944419889338733,1.0,50,2015-01-28
50,1,2015-09-17,-6.398507299645421,gemini_vector,-1.5136110956885085,1.0,50,2015-01-28
50,1,2015-10-28,5.617495236249391,gemini_vector,2.4410830640587546,1.0,50,2015-01-28
50,1,2015-12-16,-3.302400414906358,gemini_vector,-4.867869799094041,1.0,50,2015-01-28
50,1,2016-01-27,-8.439700515612575,gemini_vector,-5.070070216509821,1.0,50,2015-01-28
50,1,2016-03-16,6.417252408444,gemini_vector,1.3151612845049458,1.0,50,2015-01-28
50,1,2016-04-27,2.260498155543345,gemini_vector,3.131847089705489,1.0,50,2015-01-28
50,1,2016-06-15,0.1222627909513048,gemini_vector,-0.8705831381003344,1.0,50,2015-01-28
50,1,2016-07-27,4.23185664561935,gemini_vector,1.3409973102408173,1.0,50,2015-01-28
50,1,2016-09-21,-1.4803900600906414,gemini_vector,2.8930351014758013,1.0,50,2015-01-28
50,1,2016-11-02,-2.404315230048286,gemini_vector,3.033037088025835,1.0,50,2015-01-28
50,1,2016-12-14,7.699389600131472,gemini_vector,2.4709681889783663,1.0,50,2015-01-28
50,1,2017-02-01,0.766619382732642,gemini_vector,1.8245801943275155,1.0,50,2015-01-28
50,1,2017-03-15,3.918162323003221,gemini_vector,3.171431181065323,1.0,50,2015-01-28
50,1,2017-05-03,0.1927092668246962,gemini_vector,1.9504858717401925,1.0,50,2015-01-28
50,1,2017-06-14,1.5564240385273835,gemini_vector,3.385475734593027,1.0,50,2015-01-28
50,1,2017-07-26,1.417996232649504,gemini_vector,3.8863747699549913,1.0,50,2015-01-28
50,1,2015-03-18,2.9198479959632526,tfidf_bigram_only,1.4860090339686003,10000.0,50,2015-01-28
50,1,2015-04-29,0.9332960299921064,tfidf_bigram_only,1.4861374990724046,10000.0,50,2015-01-28
50,1,2015-06-17,-0.0539798922692998,tfidf_bigram_only,1.4859033837856461,10000.0,50,2015-01-28
50,1,2015-07-29,-2.5614380312419707,tfidf_bigram_only,1.4858795366306723,10000.0,50,2015-01-28
50,1,2015-09-17,-6.398507299645421,tfidf_bigram_only,1.4860144872863768,10000.0,50,2015-01-28
50,1,2015-10-28,5.617495236249391,tfidf_bigram_only,1.4856976756078388,10000.0,50,2015-01-28
50,1,2015-12-16,-3.302400414906358,tfidf_bigram_only,1.485943899003525,10000.0,50,2015-01-28
50,1,2016-01-27,-8.439700515612575,tfidf_bigram_only,1.4825952629989703,10000.0,50,2015-01-28
50,1,2016-03-16,6.417252408444,tfidf_bigram_only,1.48592297637365,10000.0,50,2015-01-28
50,1,2016-04-27,2.260498155543345,tfidf_bigram_only,1.4856098596171106,10000.0,50,2015-01-28
50,1,2016-06-15,0.1222627909513048,tfidf_bigram_only,1.4858251545508567,10000.0,50,2015-01-28
50,1,2016-07-27,4.23185664561935,tfidf_bigram_only,1.484996034206243,10000.0,50,2015-01-28
50,1,2016-09-21,-1.4803900600906414,tfidf_bigram_only,1.4848289181001029,10000.0,50,2015-01-28
50,1,2016-11-02,-2.404315230048286,tfidf_bigram_only,1.4855191408097432,10000.0,50,2015-01-28
50,1,2016-12-14,7.699389600131472,tfidf_bigram_only,1.485503825600946,10000.0,50,2015-01-28
50,1,2017-02-01,0.766619382732642,tfidf_bigram_only,1.4830710884561977,10000.0,50,2015-01-28
50,1,2017-03-15,3.918162323003221,tfidf_bigram_only,1.4855572375109445,10000.0,50,2015-01-28
50,1,2017-05-03,0.1927092668246962,tfidf_bigram_only,1.485667747086588,10000.0,50,2015-01-28
50,1,2017-06-14,1.5564240385273835,tfidf_bigram_only,1.4855449278528445,10000.0,50,2015-01-28
50,1,2017-07-26,1.417996232649504,tfidf_bigram_only,1.4861384985701427,10000.0,50,2015-01-28
50,1,2015-03-18,2.9198479959632526,counts_e5,2.7693684934174083,10.0,50,2015-01-28
50,1,2015-04-29,0.9332960299921064,counts_e5,1.5652465281530623,10.0,50,2015-01-28
50,1,2015-06-17,-0.0539798922692998,counts_e5,1.1041564459629325,10.0,50,2015-01-28
50,1,2015-07-29,-2.5614380312419707,counts_e5,0.1289058898669586,10.0,50,2015-01-28
50,1,2015-09-17,-6.398507299645421,counts_e5,-2.3196974287901444,10.0,50,2015-01-28
50,1,2015-10-28,5.617495236249391,counts_e5,1.6206377017674345,10.0,50,2015-01-28
50,1,2015-12-16,-3.302400414906358,counts_e5,0.5815767290696974,10.0,50,2015-01-28
50,1,2016-01-27,-8.439700515612575,counts_e5,-1.877190095704919,10.0,50,2015-01-28
50,1,2016-03-16,6.417252408444,counts_e5,0.47768138411549055,10.0,50,2015-01-28
50,1,2016-04-27,2.260498155543345,counts_e5,2.5228000252451808,10.0,50,2015-01-28
50,1,2016-06-15,0.1222627909513048,counts_e5,0.9834576531319793,10.0,50,2015-01-28
50,1,2016-07-27,4.23185664561935,counts_e5,-0.7490659467410163,10.0,50,2015-01-28
50,1,2016-09-21,-1.4803900600906414,counts_e5,2.178385211335935,10.0,50,2015-01-28
50,1,2016-11-02,-2.404315230048286,counts_e5,2.4906835059446557,10.0,50,2015-01-28
50,1,2016-12-14,7.699389600131472,counts_e5,3.2824341465431908,10.0,50,2015-01-28
50,1,2017-02-01,0.766619382732642,counts_e5,2.1044408667860917,10.0,50,2015-01-28
50,1,2017-03-15,3.918162323003221,counts_e5,2.363378319599806,10.0,50,2015-01-28
50,1,2017-05-03,0.1927092668246962,counts_e5,2.2321381062888017,10.0,50,2015-01-28
50,1,2017-06-14,1.5564240385273835,counts_e5,0.5376891489963717,10.0,50,2015-01-28
50,1,2017-07-26,1.417996232649504,counts_e5,3.8375137806405863,10.0,50,2015-01-28
50,2,2017-09-20,0.9944146118107968,signed_counts,1.1750830949091273,100.0,50,2017-07-26
50,2,2017-11-01,2.7340856247888965,signed_counts,1.374743039373025,100.0,50,2017-07-26
50,2,2017-12-13,2.9260790182207024,signed_counts,1.2566342001718844,100.0,50,2017-07-26
50,2,2018-01-31,7.148911655702096,signed_counts,1.528499931692715,100.0,50,2017-07-26
50,2,2018-03-21,-4.1445720726304085,signed_counts,1.0410378235521396,100.0,50,2017-07-26
50,2,2018-05-02,-0.0218536416260347,signed_counts,1.034565482178377,100.0,50,2017-07-26
50,2,2018-06-13,5.428358892467418,signed_counts,1.2133548331327124,100.0,50,2017-07-26
50,2,2018-08-01,0.4763710453831742,signed_counts,0.8732030533884392,100.0,50,2017-07-26
50,2,2018-09-26,2.9069004200691184,signed_counts,1.4240504182834786,100.0,50,2017-07-26
50,2,2018-11-08,-5.840717554989847,signed_counts,1.2235593180013724,100.0,50,2017-07-26
50,2,2018-12-19,-9.076083946390025,signed_counts,0.7490796052883473,100.0,50,2017-07-26
50,2,2019-01-30,6.65247519930154,signed_counts,0.8304133209661362,100.0,50,2017-07-26
50,2,2019-03-20,4.353035321394501,signed_counts,1.118500970400079,100.0,50,2017-07-26
50,2,2019-05-01,2.786040220264391,signed_counts,0.8908485700377706,100.0,50,2017-07-26
50,2,2019-06-19,-1.250213439072959,signed_counts,0.8220624583681304,100.0,50,2017-07-26
50,2,2019-07-31,2.011188830104515,signed_counts,1.233695117451843,100.0,50,2017-07-26
50,2,2019-09-18,1.2473197240470009,signed_counts,1.2131483116254649,100.0,50,2017-07-26
50,2,2019-10-30,0.8963428400446505,signed_counts,0.9599097508848133,100.0,50,2017-07-26
50,2,2019-12-11,3.023718257214977,signed_counts,1.4010655912006558,100.0,50,2017-07-26
50,2,2020-01-29,2.1485559840748008,signed_counts,1.2265146969737777,100.0,50,2017-07-26
50,2,2017-09-20,0.9944146118107968,counts_3anchors,0.24539717853907916,10.0,50,2017-07-26
50,2,2017-11-01,2.7340856247888965,counts_3anchors,3.5727832060320788,10.0,50,2017-07-26
50,2,2017-12-13,2.9260790182207024,counts_3anchors,1.9915273949448333,10.0,50,2017-07-26
50,2,2018-01-31,7.148911655702096,counts_3anchors,2.9489253931458506,10.0,50,2017-07-26
50,2,2018-03-21,-4.1445720726304085,counts_3anchors,-0.8093485452557714,10.0,50,2017-07-26
50,2,2018-05-02,-0.0218536416260347,counts_3anchors,-0.02324174048623484,10.0,50,2017-07-26
50,2,2018-06-13,5.428358892467418,counts_3anchors,2.043699422890565,10.0,50,2017-07-26
50,2,2018-08-01,0.4763710453831742,counts_3anchors,0.0664792016121607,10.0,50,2017-07-26
50,2,2018-09-26,2.9069004200691184,counts_3anchors,2.890901997555246,10.0,50,2017-07-26
50,2,2018-11-08,-5.840717554989847,counts_3anchors,-0.9875360418433219,10.0,50,2017-07-26
50,2,2018-12-19,-9.076083946390025,counts_3anchors,-2.031418177915058,10.0,50,2017-07-26
50,2,2019-01-30,6.65247519930154,counts_3anchors,-0.5635036192847496,10.0,50,2017-07-26
50,2,2019-03-20,4.353035321394501,counts_3anchors,0.49639603041421143,10.0,50,2017-07-26
50,2,2019-05-01,2.786040220264391,counts_3anchors,0.5984062927834352,10.0,50,2017-07-26
50,2,2019-06-19,-1.250213439072959,counts_3anchors,-2.923926068644284,10.0,50,2017-07-26
50,2,2019-07-31,2.011188830104515,counts_3anchors,1.6246072311623914,10.0,50,2017-07-26
50,2,2019-09-18,1.2473197240470009,counts_3anchors,-0.39217326402034636,10.0,50,2017-07-26
50,2,2019-10-30,0.8963428400446505,counts_3anchors,1.1063077222455826,10.0,50,2017-07-26
50,2,2019-12-11,3.023718257214977,counts_3anchors,4.175524324901108,10.0,50,2017-07-26
50,2,2020-01-29,2.1485559840748008,counts_3anchors,0.21366897363761028,10.0,50,2017-07-26
50,2,2017-09-20,0.9944146118107968,counts_gemini,1.135434499202449,10.0,50,2017-07-26
50,2,2017-11-01,2.7340856247888965,counts_gemini,1.8325029162223934,10.0,50,2017-07-26
50,2,2017-12-13,2.9260790182207024,counts_gemini,1.5792043453450422,10.0,50,2017-07-26
50,2,2018-01-31,7.148911655702096,counts_gemini,2.2621487507225044,10.0,50,2017-07-26
50,2,2018-03-21,-4.1445720726304085,counts_gemini,0.0939345293731626,10.0,50,2017-07-26
50,2,2018-05-02,-0.0218536416260347,counts_gemini,0.35984204201725944,10.0,50,2017-07-26
50,2,2018-06-13,5.428358892467418,counts_gemini,1.2447549775810771,10.0,50,2017-07-26
50,2,2018-08-01,0.4763710453831742,counts_gemini,0.11886287488684322,10.0,50,2017-07-26
50,2,2018-09-26,2.9069004200691184,counts_gemini,1.8287762978844593,10.0,50,2017-07-26
50,2,2018-11-08,-5.840717554989847,counts_gemini,0.3532683810206172,10.0,50,2017-07-26
50,2,2018-12-19,-9.076083946390025,counts_gemini,-0.7662325880491385,10.0,50,2017-07-26
50,2,2019-01-30,6.65247519930154,counts_gemini,0.15990582940354292,10.0,50,2017-07-26
50,2,2019-03-20,4.353035321394501,counts_gemini,1.1354832882047403,10.0,50,2017-07-26
50,2,2019-05-01,2.786040220264391,counts_gemini,0.7693452501562397,10.0,50,2017-07-26
50,2,2019-06-19,-1.250213439072959,counts_gemini,-0.42823365979992944,10.0,50,2017-07-26
50,2,2019-07-31,2.011188830104515,counts_gemini,1.4565709237549167,10.0,50,2017-07-26
50,2,2019-09-18,1.2473197240470009,counts_gemini,1.0270714898653435,10.0,50,2017-07-26
50,2,2019-10-30,0.8963428400446505,counts_gemini,0.46598286889130547,10.0,50,2017-07-26
50,2,2019-12-11,3.023718257214977,counts_gemini,1.6740058617868745,10.0,50,2017-07-26
50,2,2020-01-29,2.1485559840748008,counts_gemini,1.1673134487112218,10.0,50,2017-07-26
50,2,2017-09-20,0.9944146118107968,gemini_vector,2.149560994592331,0.1,50,2017-07-26
50,2,2017-11-01,2.7340856247888965,gemini_vector,4.475707169300343,0.1,50,2017-07-26
50,2,2017-12-13,2.9260790182207024,gemini_vector,3.17087559472593,0.1,50,2017-07-26
50,2,2018-01-31,7.148911655702096,gemini_vector,2.222324003916939,0.1,50,2017-07-26
50,2,2018-03-21,-4.1445720726304085,gemini_vector,-1.0674821402067354,0.1,50,2017-07-26
50,2,2018-05-02,-0.0218536416260347,gemini_vector,0.6377767636315848,0.1,50,2017-07-26
50,2,2018-06-13,5.428358892467418,gemini_vector,2.3603318382265828,0.1,50,2017-07-26
50,2,2018-08-01,0.4763710453831742,gemini_vector,1.0461999204599401,0.1,50,2017-07-26
50,2,2018-09-26,2.9069004200691184,gemini_vector,2.9122891464142597,0.1,50,2017-07-26
50,2,2018-11-08,-5.840717554989847,gemini_vector,-3.710802812265187,0.1,50,2017-07-26
50,2,2018-12-19,-9.076083946390025,gemini_vector,-3.383465746476758,0.1,50,2017-07-26
50,2,2019-01-30,6.65247519930154,gemini_vector,-1.6125858096818357,0.1,50,2017-07-26
50,2,2019-03-20,4.353035321394501,gemini_vector,1.544423770853197,0.1,50,2017-07-26
50,2,2019-05-01,2.786040220264391,gemini_vector,2.6478911951826967,0.1,50,2017-07-26
50,2,2019-06-19,-1.250213439072959,gemini_vector,-3.0937844806074857,0.1,50,2017-07-26
50,2,2019-07-31,2.011188830104515,gemini_vector,0.7233740311484447,0.1,50,2017-07-26
50,2,2019-09-18,1.2473197240470009,gemini_vector,0.7705190692097161,0.1,50,2017-07-26
50,2,2019-10-30,0.8963428400446505,gemini_vector,-1.1790460178130753,0.1,50,2017-07-26
50,2,2019-12-11,3.023718257214977,gemini_vector,0.2829301162153941,0.1,50,2017-07-26
50,2,2020-01-29,2.1485559840748008,gemini_vector,-0.17827763761743065,0.1,50,2017-07-26
50,2,2017-09-20,0.9944146118107968,tfidf_bigram_only,1.2089882399907088,10000.0,50,2017-07-26
50,2,2017-11-01,2.7340856247888965,tfidf_bigram_only,1.2091990293671726,10000.0,50,2017-07-26
50,2,2017-12-13,2.9260790182207024,tfidf_bigram_only,1.2093603998189233,10000.0,50,2017-07-26
50,2,2018-01-31,7.148911655702096,tfidf_bigram_only,1.2065113241158747,10000.0,50,2017-07-26
50,2,2018-03-21,-4.1445720726304085,tfidf_bigram_only,1.20939513634538,10000.0,50,2017-07-26
50,2,2018-05-02,-0.0218536416260347,tfidf_bigram_only,1.2089519339510908,10000.0,50,2017-07-26
50,2,2018-06-13,5.428358892467418,tfidf_bigram_only,1.2094590740631392,10000.0,50,2017-07-26
50,2,2018-08-01,0.4763710453831742,tfidf_bigram_only,1.208819347183006,10000.0,50,2017-07-26
50,2,2018-09-26,2.9069004200691184,tfidf_bigram_only,1.209239633569395,10000.0,50,2017-07-26
50,2,2018-11-08,-5.840717554989847,tfidf_bigram_only,1.208878038747523,10000.0,50,2017-07-26
50,2,2018-12-19,-9.076083946390025,tfidf_bigram_only,1.2087871979067555,10000.0,50,2017-07-26
50,2,2019-01-30,6.65247519930154,tfidf_bigram_only,1.2056298170567574,10000.0,50,2017-07-26
50,2,2019-03-20,4.353035321394501,tfidf_bigram_only,1.2087738415003961,10000.0,50,2017-07-26
50,2,2019-05-01,2.786040220264391,tfidf_bigram_only,1.2085555096409595,10000.0,50,2017-07-26
50,2,2019-06-19,-1.250213439072959,tfidf_bigram_only,1.2088998446823198,10000.0,50,2017-07-26
50,2,2019-07-31,2.011188830104515,tfidf_bigram_only,1.208320514217034,10000.0,50,2017-07-26
50,2,2019-09-18,1.2473197240470009,tfidf_bigram_only,1.2082298634478936,10000.0,50,2017-07-26
50,2,2019-10-30,0.8963428400446505,tfidf_bigram_only,1.2075831326668118,10000.0,50,2017-07-26
50,2,2019-12-11,3.023718257214977,tfidf_bigram_only,1.2086497459072918,10000.0,50,2017-07-26
50,2,2020-01-29,2.1485559840748008,tfidf_bigram_only,1.2059514062936316,10000.0,50,2017-07-26
50,2,2017-09-20,0.9944146118107968,counts_e5,1.168780648034314,100.0,50,2017-07-26
50,2,2017-11-01,2.7340856247888965,counts_e5,1.3149599502640805,100.0,50,2017-07-26
50,2,2017-12-13,2.9260790182207024,counts_e5,1.2592530539882494,100.0,50,2017-07-26
50,2,2018-01-31,7.148911655702096,counts_e5,1.4077888319336318,100.0,50,2017-07-26
50,2,2018-03-21,-4.1445720726304085,counts_e5,1.0720229824119818,100.0,50,2017-07-26
50,2,2018-05-02,-0.0218536416260347,counts_e5,1.0698535434674767,100.0,50,2017-07-26
50,2,2018-06-13,5.428358892467418,counts_e5,1.2188905196468567,100.0,50,2017-07-26
50,2,2018-08-01,0.4763710453831742,counts_e5,1.005522783314285,100.0,50,2017-07-26
50,2,2018-09-26,2.9069004200691184,counts_e5,1.3416015829662717,100.0,50,2017-07-26
50,2,2018-11-08,-5.840717554989847,counts_e5,1.1448569117021294,100.0,50,2017-07-26
50,2,2018-12-19,-9.076083946390025,counts_e5,0.9205141020725017,100.0,50,2017-07-26
50,2,2019-01-30,6.65247519930154,counts_e5,0.9987854087429475,100.0,50,2017-07-26
50,2,2019-03-20,4.353035321394501,counts_e5,1.1839950058605966,100.0,50,2017-07-26
50,2,2019-05-01,2.786040220264391,counts_e5,1.0425654959376192,100.0,50,2017-07-26
50,2,2019-06-19,-1.250213439072959,counts_e5,0.9204956018293882,100.0,50,2017-07-26
50,2,2019-07-31,2.011188830104515,counts_e5,1.2344259279588337,100.0,50,2017-07-26
50,2,2019-09-18,1.2473197240470009,counts_e5,1.197569828711123,100.0,50,2017-07-26
50,2,2019-10-30,0.8963428400446505,counts_e5,1.0342436163127775,100.0,50,2017-07-26
50,2,2019-12-11,3.023718257214977,counts_e5,1.3110233820989905,100.0,50,2017-07-26
50,2,2020-01-29,2.1485559840748008,counts_e5,1.2070850959809114,100.0,50,2017-07-26
50,3,2020-03-15,-19.30679872098346,signed_counts,-2.1699041809850024,1.0,50,2020-01-29
50,3,2020-04-29,18.74563559498336,signed_counts,-1.5958001184724222,1.0,50,2020-01-29
50,3,2020-06-10,10.409357713788122,signed_counts,1.6985794003187653,1.0,50,2020-01-29
50,3,2020-07-29,7.589732604042245,signed_counts,-1.964780767067297,1.0,50,2020-01-29
50,3,2020-09-16,4.129646562312915,signed_counts,1.7121220394603642,1.0,50,2020-01-29
50,3,2020-11-05,0.3483962171310573,signed_counts,3.110598709465976,1.0,50,2020-01-29
50,3,2020-12-16,3.849102256140097,signed_counts,0.6059911250537786,1.0,50,2020-01-29
50,3,2021-01-27,3.4979670186014724,signed_counts,3.0619853954162513,1.0,50,2020-01-29
50,3,2021-03-17,4.676882796618454,signed_counts,2.781594855408352,1.0,50,2020-01-29
50,3,2021-04-28,6.717611257885417,signed_counts,1.1157569158755578,1.0,50,2020-01-29
50,3,2021-06-16,1.0294124912812683,signed_counts,1.2678975474292122,1.0,50,2020-01-29
50,3,2021-07-28,4.633031545878721,signed_counts,-0.5778833220885308,1.0,50,2020-01-29
50,3,2021-09-22,-1.4071350286967688,signed_counts,3.5794313208746806,1.0,50,2020-01-29
50,3,2021-11-03,3.629686853369575,signed_counts,2.745168146276208,1.0,50,2020-01-29
50,3,2021-12-15,-0.2430410169318006,signed_counts,-0.4897125709326605,1.0,50,2020-01-29
50,3,2022-01-26,-5.707921584406794,signed_counts,1.4717905725379379,1.0,50,2020-01-29
50,3,2022-03-16,-3.651437450153861,signed_counts,0.47235749590510834,1.0,50,2020-01-29
50,3,2022-05-04,-6.071100198893482,signed_counts,3.437580529644547,1.0,50,2020-01-29
50,3,2022-06-15,-10.185909178114285,signed_counts,-1.0416298211648174,1.0,50,2020-01-29
50,3,2022-07-27,7.656593909553768,signed_counts,0.3007257392314424,1.0,50,2020-01-29
50,3,2020-03-15,-19.30679872098346,counts_3anchors,-2.8700877775556344,10.0,50,2020-01-29
50,3,2020-04-29,18.74563559498336,counts_3anchors,0.22329864627151808,10.0,50,2020-01-29
50,3,2020-06-10,10.409357713788122,counts_3anchors,2.908061980557153,10.0,50,2020-01-29
50,3,2020-07-29,7.589732604042245,counts_3anchors,-0.4751106767445613,10.0,50,2020-01-29
50,3,2020-09-16,4.129646562312915,counts_3anchors,2.667854713808846,10.0,50,2020-01-29
50,3,2020-11-05,0.3483962171310573,counts_3anchors,1.9667624981810143,10.0,50,2020-01-29
50,3,2020-12-16,3.849102256140097,counts_3anchors,1.613530543499702,10.0,50,2020-01-29
50,3,2021-01-27,3.4979670186014724,counts_3anchors,3.59489344077428,10.0,50,2020-01-29
50,3,2021-03-17,4.676882796618454,counts_3anchors,3.5434461053153092,10.0,50,2020-01-29
50,3,2021-04-28,6.717611257885417,counts_3anchors,1.3594513075595414,10.0,50,2020-01-29
50,3,2021-06-16,1.0294124912812683,counts_3anchors,1.516759429531282,10.0,50,2020-01-29
50,3,2021-07-28,4.633031545878721,counts_3anchors,-0.6391751791933954,10.0,50,2020-01-29
50,3,2021-09-22,-1.4071350286967688,counts_3anchors,2.1299013736324555,10.0,50,2020-01-29
50,3,2021-11-03,3.629686853369575,counts_3anchors,2.3509470782167448,10.0,50,2020-01-29
50,3,2021-12-15,-0.2430410169318006,counts_3anchors,0.0422335413485867,10.0,50,2020-01-29
50,3,2022-01-26,-5.707921584406794,counts_3anchors,-0.5868128887402378,10.0,50,2020-01-29
50,3,2022-03-16,-3.651437450153861,counts_3anchors,-0.8783936711724191,10.0,50,2020-01-29
50,3,2022-05-04,-6.071100198893482,counts_3anchors,-0.3184520714629532,10.0,50,2020-01-29
50,3,2022-06-15,-10.185909178114285,counts_3anchors,-2.370531046184298,10.0,50,2020-01-29
50,3,2022-07-27,7.656593909553768,counts_3anchors,0.32349643649600945,10.0,50,2020-01-29
50,3,2020-03-15,-19.30679872098346,counts_gemini,-4.805791866648027,0.1,50,2020-01-29
50,3,2020-04-29,18.74563559498336,counts_gemini,3.894958856086544,0.1,50,2020-01-29
50,3,2020-06-10,10.409357713788122,counts_gemini,6.223386525327825,0.1,50,2020-01-29
50,3,2020-07-29,7.589732604042245,counts_gemini,-1.7454807504781393,0.1,50,2020-01-29
50,3,2020-09-16,4.129646562312915,counts_gemini,4.867407202919957,0.1,50,2020-01-29
50,3,2020-11-05,0.3483962171310573,counts_gemini,1.6589367297039772,0.1,50,2020-01-29
50,3,2020-12-16,3.849102256140097,counts_gemini,4.822371277139886,0.1,50,2020-01-29
50,3,2021-01-27,3.4979670186014724,counts_gemini,4.757982493321564,0.1,50,2020-01-29
50,3,2021-03-17,4.676882796618454,counts_gemini,4.999423969380442,0.1,50,2020-01-29
50,3,2021-04-28,6.717611257885417,counts_gemini,1.7397130307607527,0.1,50,2020-01-29
50,3,2021-06-16,1.0294124912812683,counts_gemini,2.824992785854128,0.1,50,2020-01-29
50,3,2021-07-28,4.633031545878721,counts_gemini,-1.5862614846446341,0.1,50,2020-01-29
50,3,2021-09-22,-1.4071350286967688,counts_gemini,1.141089772306743,0.1,50,2020-01-29
50,3,2021-11-03,3.629686853369575,counts_gemini,4.313827320212341,0.1,50,2020-01-29
50,3,2021-12-15,-0.2430410169318006,counts_gemini,-0.6166751402529284,0.1,50,2020-01-29
50,3,2022-01-26,-5.707921584406794,counts_gemini,-1.2753851381307495,0.1,50,2020-01-29
50,3,2022-03-16,-3.651437450153861,counts_gemini,-0.7205917360847484,0.1,50,2020-01-29
50,3,2022-05-04,-6.071100198893482,counts_gemini,-0.03992923385360492,0.1,50,2020-01-29
50,3,2022-06-15,-10.185909178114285,counts_gemini,-3.9863525040793117,0.1,50,2020-01-29
50,3,2022-07-27,7.656593909553768,counts_gemini,2.607356794182233,0.1,50,2020-01-29
50,3,2020-03-15,-19.30679872098346,gemini_vector,-5.041783958526033,0.01,50,2020-01-29
50,3,2020-04-29,18.74563559498336,gemini_vector,5.100225366957397,0.01,50,2020-01-29
50,3,2020-06-10,10.409357713788122,gemini_vector,6.550433855474703,0.01,50,2020-01-29
50,3,2020-07-29,7.589732604042245,gemini_vector,-1.3074006863068943,0.01,50,2020-01-29
50,3,2020-09-16,4.129646562312915,gemini_vector,6.131972960402616,0.01,50,2020-01-29
50,3,2020-11-05,0.3483962171310573,gemini_vector,0.9423237812710568,0.01,50,2020-01-29
50,3,2020-12-16,3.849102256140097,gemini_vector,5.486648623799981,0.01,50,2020-01-29
50,3,2021-01-27,3.4979670186014724,gemini_vector,5.482947617233784,0.01,50,2020-01-29
50,3,2021-03-17,4.676882796618454,gemini_vector,5.599450772786458,0.01,50,2020-01-29
50,3,2021-04-28,6.717611257885417,gemini_vector,2.90946910497768,0.01,50,2020-01-29
50,3,2021-06-16,1.0294124912812683,gemini_vector,3.33899519127709,0.01,50,2020-01-29
50,3,2021-07-28,4.633031545878721,gemini_vector,-1.6645056188321092,0.01,50,2020-01-29
50,3,2021-09-22,-1.4071350286967688,gemini_vector,1.0900311105819687,0.01,50,2020-01-29
50,3,2021-11-03,3.629686853369575,gemini_vector,4.460735673668591,0.01,50,2020-01-29
50,3,2021-12-15,-0.2430410169318006,gemini_vector,0.2239436858766929,0.01,50,2020-01-29
50,3,2022-01-26,-5.707921584406794,gemini_vector,-1.1343499874472838,0.01,50,2020-01-29
50,3,2022-03-16,-3.651437450153861,gemini_vector,-0.11373724489372516,0.01,50,2020-01-29
50,3,2022-05-04,-6.071100198893482,gemini_vector,-1.1530798898564316,0.01,50,2020-01-29
50,3,2022-06-15,-10.185909178114285,gemini_vector,-4.230113744326969,0.01,50,2020-01-29
50,3,2022-07-27,7.656593909553768,gemini_vector,3.2912979417230193,0.01,50,2020-01-29
50,3,2020-03-15,-19.30679872098346,tfidf_bigram_only,-1.0854525730000826,0.0001,50,2020-01-29
50,3,2020-04-29,18.74563559498336,tfidf_bigram_only,0.46684399326993836,0.0001,50,2020-01-29
50,3,2020-06-10,10.409357713788122,tfidf_bigram_only,1.584155879767465,0.0001,50,2020-01-29
50,3,2020-07-29,7.589732604042245,tfidf_bigram_only,0.8337137318611518,0.0001,50,2020-01-29
50,3,2020-09-16,4.129646562312915,tfidf_bigram_only,1.4530947226070836,0.0001,50,2020-01-29
50,3,2020-11-05,0.3483962171310573,tfidf_bigram_only,1.2088741584563705,0.0001,50,2020-01-29
50,3,2020-12-16,3.849102256140097,tfidf_bigram_only,1.9849139149444057,0.0001,50,2020-01-29
50,3,2021-01-27,3.4979670186014724,tfidf_bigram_only,0.7482829869911187,0.0001,50,2020-01-29
50,3,2021-03-17,4.676882796618454,tfidf_bigram_only,1.9307159910764344,0.0001,50,2020-01-29
50,3,2021-04-28,6.717611257885417,tfidf_bigram_only,1.1829871795709503,0.0001,50,2020-01-29
50,3,2021-06-16,1.0294124912812683,tfidf_bigram_only,1.5109470739864628,0.0001,50,2020-01-29
50,3,2021-07-28,4.633031545878721,tfidf_bigram_only,0.5407956543607679,0.0001,50,2020-01-29
50,3,2021-09-22,-1.4071350286967688,tfidf_bigram_only,0.36286392616665153,0.0001,50,2020-01-29
50,3,2021-11-03,3.629686853369575,tfidf_bigram_only,0.41996342235139406,0.0001,50,2020-01-29
50,3,2021-12-15,-0.2430410169318006,tfidf_bigram_only,0.34220567748618,0.0001,50,2020-01-29
50,3,2022-01-26,-5.707921584406794,tfidf_bigram_only,0.021430120275599873,0.0001,50,2020-01-29
50,3,2022-03-16,-3.651437450153861,tfidf_bigram_only,0.11257689042600671,0.0001,50,2020-01-29
50,3,2022-05-04,-6.071100198893482,tfidf_bigram_only,0.41226821999455765,0.0001,50,2020-01-29
50,3,2022-06-15,-10.185909178114285,tfidf_bigram_only,0.14828223740406055,0.0001,50,2020-01-29
50,3,2022-07-27,7.656593909553768,tfidf_bigram_only,0.3423615073255867,0.0001,50,2020-01-29
50,3,2020-03-15,-19.30679872098346,counts_e5,-5.436435033509243,0.1,50,2020-01-29
50,3,2020-04-29,18.74563559498336,counts_e5,-0.42060199520217123,0.1,50,2020-01-29
50,3,2020-06-10,10.409357713788122,counts_e5,4.882793168565708,0.1,50,2020-01-29
50,3,2020-07-29,7.589732604042245,counts_e5,-1.726750298246607,0.1,50,2020-01-29
50,3,2020-09-16,4.129646562312915,counts_e5,5.014182090881197,0.1,50,2020-01-29
50,3,2020-11-05,0.3483962171310573,counts_e5,3.750225506099519,0.1,50,2020-01-29
50,3,2020-12-16,3.849102256140097,counts_e5,4.080794052912456,0.1,50,2020-01-29
50,3,2021-01-27,3.4979670186014724,counts_e5,4.815356228907587,0.1,50,2020-01-29
50,3,2021-03-17,4.676882796618454,counts_e5,3.4420793672722554,0.1,50,2020-01-29
50,3,2021-04-28,6.717611257885417,counts_e5,1.3245624709344763,0.1,50,2020-01-29
50,3,2021-06-16,1.0294124912812683,counts_e5,1.831897250479567,0.1,50,2020-01-29
50,3,2021-07-28,4.633031545878721,counts_e5,-0.363364677566662,0.1,50,2020-01-29
50,3,2021-09-22,-1.4071350286967688,counts_e5,0.6896917829904415,0.1,50,2020-01-29
50,3,2021-11-03,3.629686853369575,counts_e5,4.344868368242504,0.1,50,2020-01-29
50,3,2021-12-15,-0.2430410169318006,counts_e5,-1.3225798093263852,0.1,50,2020-01-29
50,3,2022-01-26,-5.707921584406794,counts_e5,-0.766984426070047,0.1,50,2020-01-29
50,3,2022-03-16,-3.651437450153861,counts_e5,-1.8347337562920485,0.1,50,2020-01-29
50,3,2022-05-04,-6.071100198893482,counts_e5,0.6522227870026898,0.1,50,2020-01-29
50,3,2022-06-15,-10.185909178114285,counts_e5,-2.5835692332489106,0.1,50,2020-01-29
50,3,2022-07-27,7.656593909553768,counts_e5,1.1112416933983191,0.1,50,2020-01-29
50,4,2022-09-21,-4.728850791825261,signed_counts,1.4374156204348794,10000.0,50,2022-07-27
50,4,2022-11-02,2.605464816532983,signed_counts,1.4377343393225803,10000.0,50,2022-07-27
50,4,2022-12-14,6.577045295685347,signed_counts,1.434662803792218,10000.0,50,2022-07-27
50,4,2023-02-01,2.5257798164174163,signed_counts,1.4361733529793956,10000.0,50,2022-07-27
50,4,2023-03-22,-6.204536146166191,signed_counts,1.4329202976353352,10000.0,50,2022-07-27
50,4,2023-05-03,4.881469132982449,signed_counts,1.4300585718945713,10000.0,50,2022-07-27
50,4,2023-06-14,6.063975282786163,signed_counts,1.4385879792046292,10000.0,50,2022-07-27
50,4,2023-07-26,2.3126105893465296,signed_counts,1.4370716396044458,10000.0,50,2022-07-27
50,4,2023-09-20,-2.635491551002436,signed_counts,1.4376265927123215,10000.0,50,2022-07-27
50,4,2023-11-01,-4.411522180090532,signed_counts,1.4365795822178777,10000.0,50,2022-07-27
50,4,2023-12-13,6.255803319654673,signed_counts,1.4316196857367631,10000.0,50,2022-07-27
50,4,2024-01-31,3.6615937297733945,signed_counts,1.437369545837104,10000.0,50,2022-07-27
50,4,2024-03-20,4.178257495449124,signed_counts,1.438719224202826,10000.0,50,2022-07-27
50,4,2024-05-01,-2.980468016904972,signed_counts,1.4373465010508808,10000.0,50,2022-07-27
50,4,2024-06-12,5.130250058983746,signed_counts,1.434337402262753,10000.0,50,2022-07-27
50,4,2024-07-31,-0.1107106366835336,signed_counts,1.434769327079454,10000.0,50,2022-07-27
50,4,2024-09-18,2.7356950767003108,signed_counts,1.4333369299509133,10000.0,50,2022-07-27
50,4,2024-11-07,0.6219968059305512,signed_counts,1.4369765543831428,10000.0,50,2022-07-27
50,4,2024-12-18,0.8467408795732383,signed_counts,1.4379174343568868,10000.0,50,2022-07-27
50,4,2022-09-21,-4.728850791825261,counts_3anchors,-4.861510613072916,1.0,50,2022-07-27
50,4,2022-11-02,2.605464816532983,counts_3anchors,-1.073456363649715,1.0,50,2022-07-27
50,4,2022-12-14,6.577045295685347,counts_3anchors,0.698317712364449,1.0,50,2022-07-27
50,4,2023-02-01,2.5257798164174163,counts_3anchors,6.644737419316078,1.0,50,2022-07-27
50,4,2023-03-22,-6.204536146166191,counts_3anchors,-2.4717166108932003,1.0,50,2022-07-27
50,4,2023-05-03,4.881469132982449,counts_3anchors,1.3704138327019562,1.0,50,2022-07-27
50,4,2023-06-14,6.063975282786163,counts_3anchors,3.539907401457284,1.0,50,2022-07-27
50,4,2023-07-26,2.3126105893465296,counts_3anchors,3.1302098389773185,1.0,50,2022-07-27
50,4,2023-09-20,-2.635491551002436,counts_3anchors,-2.319623067454608,1.0,50,2022-07-27
50,4,2023-11-01,-4.411522180090532,counts_3anchors,-3.941257769483656,1.0,50,2022-07-27
50,4,2023-12-13,6.255803319654673,counts_3anchors,0.27581216646912377,1.0,50,2022-07-27
50,4,2024-01-31,3.6615937297733945,counts_3anchors,4.24633888046602,1.0,50,2022-07-27
50,4,2024-03-20,4.178257495449124,counts_3anchors,2.9179259638397443,1.0,50,2022-07-27
50,4,2024-05-01,-2.980468016904972,counts_3anchors,-1.6062632324228474,1.0,50,2022-07-27
50,4,2024-06-12,5.130250058983746,counts_3anchors,1.7213846108755768,1.0,50,2022-07-27
50,4,2024-07-31,-0.1107106366835336,counts_3anchors,-2.753253192936483,1.0,50,2022-07-27
50,4,2024-09-18,2.7356950767003108,counts_3anchors,0.4973770882194427,1.0,50,2022-07-27
50,4,2024-11-07,0.6219968059305512,counts_3anchors,2.728192669558788,1.0,50,2022-07-27
50,4,2024-12-18,0.8467408795732383,counts_3anchors,1.7879326013206729,1.0,50,2022-07-27
50,4,2022-09-21,-4.728850791825261,counts_gemini,-2.962786357758181,0.0001,50,2022-07-27
50,4,2022-11-02,2.605464816532983,counts_gemini,1.363008976971864,0.0001,50,2022-07-27
50,4,2022-12-14,6.577045295685347,counts_gemini,2.0451041931189975,0.0001,50,2022-07-27
50,4,2023-02-01,2.5257798164174163,counts_gemini,4.521597396403002,0.0001,50,2022-07-27
50,4,2023-03-22,-6.204536146166191,counts_gemini,-0.8386825677262233,0.0001,50,2022-07-27
50,4,2023-05-03,4.881469132982449,counts_gemini,2.568314196254316,0.0001,50,2022-07-27
50,4,2023-06-14,6.063975282786163,counts_gemini,6.25220409881182,0.0001,50,2022-07-27
50,4,2023-07-26,2.3126105893465296,counts_gemini,7.456655879126286,0.0001,50,2022-07-27
50,4,2023-09-20,-2.635491551002436,counts_gemini,-0.001583130445716563,0.0001,50,2022-07-27
50,4,2023-11-01,-4.411522180090532,counts_gemini,-1.021097371107604,0.0001,50,2022-07-27
50,4,2023-12-13,6.255803319654673,counts_gemini,2.9921589854053074,0.0001,50,2022-07-27
50,4,2024-01-31,3.6615937297733945,counts_gemini,3.7578798652781926,0.0001,50,2022-07-27
50,4,2024-03-20,4.178257495449124,counts_gemini,2.153433339812464,0.0001,50,2022-07-27
50,4,2024-05-01,-2.980468016904972,counts_gemini,-0.686771726306707,0.0001,50,2022-07-27
50,4,2024-06-12,5.130250058983746,counts_gemini,2.442184090692159,0.0001,50,2022-07-27
50,4,2024-07-31,-0.1107106366835336,counts_gemini,-0.30807738266842066,0.0001,50,2022-07-27
50,4,2024-09-18,2.7356950767003108,counts_gemini,-0.026396602133045732,0.0001,50,2022-07-27
50,4,2024-11-07,0.6219968059305512,counts_gemini,3.179995788545238,0.0001,50,2022-07-27
50,4,2024-12-18,0.8467408795732383,counts_gemini,2.1886044470072337,0.0001,50,2022-07-27
50,4,2022-09-21,-4.728850791825261,gemini_vector,-2.3181105661683916,0.0001,50,2022-07-27
50,4,2022-11-02,2.605464816532983,gemini_vector,0.5875565193838082,0.0001,50,2022-07-27
50,4,2022-12-14,6.577045295685347,gemini_vector,2.7132833082696215,0.0001,50,2022-07-27
50,4,2023-02-01,2.5257798164174163,gemini_vector,3.3928263547960524,0.0001,50,2022-07-27
50,4,2023-03-22,-6.204536146166191,gemini_vector,0.494481409858497,0.0001,50,2022-07-27
50,4,2023-05-03,4.881469132982449,gemini_vector,1.301645962863744,0.0001,50,2022-07-27
50,4,2023-06-14,6.063975282786163,gemini_vector,6.588581478751051,0.0001,50,2022-07-27
50,4,2023-07-26,2.3126105893465296,gemini_vector,8.640709428107728,0.0001,50,2022-07-27
50,4,2023-09-20,-2.635491551002436,gemini_vector,-0.4548069688501586,0.0001,50,2022-07-27
50,4,2023-11-01,-4.411522180090532,gemini_vector,-1.5441226346692152,0.0001,50,2022-07-27
50,4,2023-12-13,6.255803319654673,gemini_vector,3.780859435104409,0.0001,50,2022-07-27
50,4,2024-01-31,3.6615937297733945,gemini_vector,3.619581328239124,0.0001,50,2022-07-27
50,4,2024-03-20,4.178257495449124,gemini_vector,2.3687519031261677,0.0001,50,2022-07-27
50,4,2024-05-01,-2.980468016904972,gemini_vector,0.36775023024537523,0.0001,50,2022-07-27
50,4,2024-06-12,5.130250058983746,gemini_vector,3.7933307167950074,0.0001,50,2022-07-27
50,4,2024-07-31,-0.1107106366835336,gemini_vector,2.2228414966153363,0.0001,50,2022-07-27
50,4,2024-09-18,2.7356950767003108,gemini_vector,-0.41511404325611134,0.0001,50,2022-07-27
50,4,2024-11-07,0.6219968059305512,gemini_vector,2.9155813591991206,0.0001,50,2022-07-27
50,4,2024-12-18,0.8467408795732383,gemini_vector,3.7281907607809517,0.0001,50,2022-07-27
50,4,2022-09-21,-4.728850791825261,tfidf_bigram_only,0.2689275120051948,0.0001,50,2022-07-27
50,4,2022-11-02,2.605464816532983,tfidf_bigram_only,1.2285559756213915,0.0001,50,2022-07-27
50,4,2022-12-14,6.577045295685347,tfidf_bigram_only,1.2294149972396975,0.0001,50,2022-07-27
50,4,2023-02-01,2.5257798164174163,tfidf_bigram_only,2.8864854351855485,0.0001,50,2022-07-27
50,4,2023-03-22,-6.204536146166191,tfidf_bigram_only,1.2886690571695127,0.0001,50,2022-07-27
50,4,2023-05-03,4.881469132982449,tfidf_bigram_only,1.2491873776109104,0.0001,50,2022-07-27
50,4,2023-06-14,6.063975282786163,tfidf_bigram_only,2.9845153016199335,0.0001,50,2022-07-27
50,4,2023-07-26,2.3126105893465296,tfidf_bigram_only,1.6895258554649737,0.0001,50,2022-07-27
50,4,2023-09-20,-2.635491551002436,tfidf_bigram_only,0.9733854352851938,0.0001,50,2022-07-27
50,4,2023-11-01,-4.411522180090532,tfidf_bigram_only,1.4191270862716538,0.0001,50,2022-07-27
50,4,2023-12-13,6.255803319654673,tfidf_bigram_only,1.9258290548680976,0.0001,50,2022-07-27
50,4,2024-01-31,3.6615937297733945,tfidf_bigram_only,2.193782903336945,0.0001,50,2022-07-27
50,4,2024-03-20,4.178257495449124,tfidf_bigram_only,2.021050981202818,0.0001,50,2022-07-27
50,4,2024-05-01,-2.980468016904972,tfidf_bigram_only,1.1098317081003783,0.0001,50,2022-07-27
50,4,2024-06-12,5.130250058983746,tfidf_bigram_only,0.18123905851346445,0.0001,50,2022-07-27
50,4,2024-07-31,-0.1107106366835336,tfidf_bigram_only,2.7498922980744176,0.0001,50,2022-07-27
50,4,2024-09-18,2.7356950767003108,tfidf_bigram_only,0.6949107781889352,0.0001,50,2022-07-27
50,4,2024-11-07,0.6219968059305512,tfidf_bigram_only,0.0477593860934169,0.0001,50,2022-07-27
50,4,2024-12-18,0.8467408795732383,tfidf_bigram_only,1.724892952062517,0.0001,50,2022-07-27
50,4,2022-09-21,-4.728850791825261,counts_e5,0.5795189459833038,0.0001,50,2022-07-27
50,4,2022-11-02,2.605464816532983,counts_e5,-0.3041464760307966,0.0001,50,2022-07-27
50,4,2022-12-14,6.577045295685347,counts_e5,-1.0878980257716586,0.0001,50,2022-07-27
50,4,2023-02-01,2.5257798164174163,counts_e5,-5.3915604294612205,0.0001,50,2022-07-27
50,4,2023-03-22,-6.204536146166191,counts_e5,-3.6305277861346013,0.0001,50,2022-07-27
50,4,2023-05-03,4.881469132982449,counts_e5,0.04566342576512605,0.0001,50,2022-07-27
50,4,2023-06-14,6.063975282786163,counts_e5,2.1569588346540303,0.0001,50,2022-07-27
50,4,2023-07-26,2.3126105893465296,counts_e5,4.428653996067316,0.0001,50,2022-07-27
50,4,2023-09-20,-2.635491551002436,counts_e5,4.451406009107252,0.0001,50,2022-07-27
50,4,2023-11-01,-4.411522180090532,counts_e5,0.29969604179132747,0.0001,50,2022-07-27
50,4,2023-12-13,6.255803319654673,counts_e5,-0.7220097900521809,0.0001,50,2022-07-27
50,4,2024-01-31,3.6615937297733945,counts_e5,1.1009359578354796,0.0001,50,2022-07-27
50,4,2024-03-20,4.178257495449124,counts_e5,2.8816722572605746,0.0001,50,2022-07-27
50,4,2024-05-01,-2.980468016904972,counts_e5,-1.2839040248408287,0.0001,50,2022-07-27
50,4,2024-06-12,5.130250058983746,counts_e5,-1.1232620617350948,0.0001,50,2022-07-27
50,4,2024-07-31,-0.1107106366835336,counts_e5,-3.142433752490462,0.0001,50,2022-07-27
50,4,2024-09-18,2.7356950767003108,counts_e5,-5.39216638648521,0.0001,50,2022-07-27
50,4,2024-11-07,0.6219968059305512,counts_e5,7.392089399001636,0.0001,50,2022-07-27
50,4,2024-12-18,0.8467408795732383,counts_e5,-0.6628395713558008,0.0001,50,2022-07-27
100,0,2012-09-13,4.889386111246848,signed_counts,1.522175246055865,0.0001,100,2012-08-01
100,0,2012-10-24,-2.214573547712846,signed_counts,0.040679593850143636,0.0001,100,2012-08-01
100,0,2012-12-12,0.3816906455956319,signed_counts,-4.1239836560526415,0.0001,100,2012-08-01
100,0,2013-01-30,5.52312983048044,signed_counts,1.4043952267678914,0.0001,100,2012-08-01
100,0,2013-03-20,3.5282324697286342,signed_counts,4.673302842032885,0.0001,100,2012-08-01
100,0,2013-05-01,3.03919592179801,signed_counts,-0.1666856253378013,0.0001,100,2012-08-01
100,0,2013-06-19,2.555798472708714,signed_counts,4.601273460134747,0.0001,100,2012-08-01
100,0,2013-07-31,5.932327679094761,signed_counts,3.7319012869330788,0.0001,100,2012-08-01
100,0,2013-09-18,-0.5490488995725852,signed_counts,1.1110009031923012,0.0001,100,2012-08-01
100,0,2013-10-30,2.278539508167516,signed_counts,4.729478361592448,0.0001,100,2012-08-01
100,0,2013-12-18,1.6851950420826414,signed_counts,0.7215910876870328,0.0001,100,2012-08-01
100,0,2014-01-29,-1.5674398932992968,signed_counts,5.706834856345752,0.0001,100,2012-08-01
100,0,2014-03-19,3.533096814907931,signed_counts,4.260002685348734,0.0001,100,2012-08-01
100,0,2014-04-30,-0.141881172800043,signed_counts,6.477050351610497,0.0001,100,2012-08-01
100,0,2014-06-18,2.8271363650504746,signed_counts,2.7955908267300744,0.0001,100,2012-08-01
100,0,2014-07-30,0.9838844644308352,signed_counts,1.8575450165691156,0.0001,100,2012-08-01
100,0,2014-09-17,2.727560945652685,signed_counts,2.0636899651408713,0.0001,100,2012-08-01
100,0,2014-10-29,-2.505251234306585,signed_counts,-0.2180751180161572,0.0001,100,2012-08-01
100,0,2014-12-17,-0.2548556929012915,signed_counts,1.775038614119812,0.0001,100,2012-08-01
100,0,2015-01-28,-0.2041768626186403,signed_counts,-2.634747068524173,0.0001,100,2012-08-01
100,0,2012-09-13,4.889386111246848,counts_3anchors,1.0706001694050735,10.0,100,2012-08-01
100,0,2012-10-24,-2.214573547712846,counts_3anchors,0.1787001351100339,10.0,100,2012-08-01
100,0,2012-12-12,0.3816906455956319,counts_3anchors,-1.9145356921913623,10.0,100,2012-08-01
100,0,2013-01-30,5.52312983048044,counts_3anchors,4.24873888553024,10.0,100,2012-08-01
100,0,2013-03-20,3.5282324697286342,counts_3anchors,3.993401000974864,10.0,100,2012-08-01
100,0,2013-05-01,3.03919592179801,counts_3anchors,0.9985331114256308,10.0,100,2012-08-01
100,0,2013-06-19,2.555798472708714,counts_3anchors,0.7322548972499203,10.0,100,2012-08-01
100,0,2013-07-31,5.932327679094761,counts_3anchors,2.7708767858101693,10.0,100,2012-08-01
100,0,2013-09-18,-0.5490488995725852,counts_3anchors,1.4290448994171543,10.0,100,2012-08-01
100,0,2013-10-30,2.278539508167516,counts_3anchors,1.6572188043100022,10.0,100,2012-08-01
100,0,2013-12-18,1.6851950420826414,counts_3anchors,1.3041265512477973,10.0,100,2012-08-01
100,0,2014-01-29,-1.5674398932992968,counts_3anchors,2.7831425127497917,10.0,100,2012-08-01
100,0,2014-03-19,3.533096814907931,counts_3anchors,1.3667949521886669,10.0,100,2012-08-01
100,0,2014-04-30,-0.141881172800043,counts_3anchors,3.8335333682232164,10.0,100,2012-08-01
100,0,2014-06-18,2.8271363650504746,counts_3anchors,1.7855316327147823,10.0,100,2012-08-01
100,0,2014-07-30,0.9838844644308352,counts_3anchors,2.24737397011641,10.0,100,2012-08-01
100,0,2014-09-17,2.727560945652685,counts_3anchors,2.1266104910251027,10.0,100,2012-08-01
100,0,2014-10-29,-2.505251234306585,counts_3anchors,0.5630703483852417,10.0,100,2012-08-01
100,0,2014-12-17,-0.2548556929012915,counts_3anchors,1.2148485525365078,10.0,100,2012-08-01
100,0,2015-01-28,-0.2041768626186403,counts_3anchors,0.44536672604236405,10.0,100,2012-08-01
100,0,2012-09-13,4.889386111246848,counts_gemini,3.984152515378395,1.0,100,2012-08-01
100,0,2012-10-24,-2.214573547712846,counts_gemini,1.4934273631936603,1.0,100,2012-08-01
100,0,2012-12-12,0.3816906455956319,counts_gemini,-1.998994388069992,1.0,100,2012-08-01
100,0,2013-01-30,5.52312983048044,counts_gemini,5.646720772572822,1.0,100,2012-08-01
100,0,2013-03-20,3.5282324697286342,counts_gemini,4.574368710614798,1.0,100,2012-08-01
100,0,2013-05-01,3.03919592179801,counts_gemini,1.4699804849239022,1.0,100,2012-08-01
100,0,2013-06-19,2.555798472708714,counts_gemini,2.2595118240905565,1.0,100,2012-08-01
100,0,2013-07-31,5.932327679094761,counts_gemini,3.8145957018845733,1.0,100,2012-08-01
100,0,2013-09-18,-0.5490488995725852,counts_gemini,1.9993573684481112,1.0,100,2012-08-01
100,0,2013-10-30,2.278539508167516,counts_gemini,3.9652635386594444,1.0,100,2012-08-01
100,0,2013-12-18,1.6851950420826414,counts_gemini,1.6122061412490425,1.0,100,2012-08-01
100,0,2014-01-29,-1.5674398932992968,counts_gemini,5.872384297746958,1.0,100,2012-08-01
100,0,2014-03-19,3.533096814907931,counts_gemini,3.2984177404787935,1.0,100,2012-08-01
100,0,2014-04-30,-0.141881172800043,counts_gemini,4.994353819130042,1.0,100,2012-08-01
100,0,2014-06-18,2.8271363650504746,counts_gemini,4.697280274176538,1.0,100,2012-08-01
100,0,2014-07-30,0.9838844644308352,counts_gemini,3.0167944346481574,1.0,100,2012-08-01
100,0,2014-09-17,2.727560945652685,counts_gemini,3.191879184987461,1.0,100,2012-08-01
100,0,2014-10-29,-2.505251234306585,counts_gemini,-0.3581018223708816,1.0,100,2012-08-01
100,0,2014-12-17,-0.2548556929012915,counts_gemini,-0.587113762385377,1.0,100,2012-08-01
100,0,2015-01-28,-0.2041768626186403,counts_gemini,0.712078054050985,1.0,100,2012-08-01
100,0,2012-09-13,4.889386111246848,gemini_vector,3.2481276855985985,1.0,100,2012-08-01
100,0,2012-10-24,-2.214573547712846,gemini_vector,0.5043085392698246,1.0,100,2012-08-01
100,0,2012-12-12,0.3816906455956319,gemini_vector,0.3853230228638935,1.0,100,2012-08-01
100,0,2013-01-30,5.52312983048044,gemini_vector,5.461528139827592,1.0,100,2012-08-01
100,0,2013-03-20,3.5282324697286342,gemini_vector,2.509556797336111,1.0,100,2012-08-01
100,0,2013-05-01,3.03919592179801,gemini_vector,1.5020600980124164,1.0,100,2012-08-01
100,0,2013-06-19,2.555798472708714,gemini_vector,1.2841938482075357,1.0,100,2012-08-01
100,0,2013-07-31,5.932327679094761,gemini_vector,1.6142850306959937,1.0,100,2012-08-01
100,0,2013-09-18,-0.5490488995725852,gemini_vector,0.7733414109278232,1.0,100,2012-08-01
100,0,2013-10-30,2.278539508167516,gemini_vector,1.0685735970677246,1.0,100,2012-08-01
100,0,2013-12-18,1.6851950420826414,gemini_vector,1.8896417606885352,1.0,100,2012-08-01
100,0,2014-01-29,-1.5674398932992968,gemini_vector,3.1682912974906854,1.0,100,2012-08-01
100,0,2014-03-19,3.533096814907931,gemini_vector,2.2708009219822953,1.0,100,2012-08-01
100,0,2014-04-30,-0.141881172800043,gemini_vector,1.5322408004919958,1.0,100,2012-08-01
100,0,2014-06-18,2.8271363650504746,gemini_vector,3.988441770525527,1.0,100,2012-08-01
100,0,2014-07-30,0.9838844644308352,gemini_vector,1.6591970056260774,1.0,100,2012-08-01
100,0,2014-09-17,2.727560945652685,gemini_vector,2.288879761348202,1.0,100,2012-08-01
100,0,2014-10-29,-2.505251234306585,gemini_vector,-0.3325682692904993,1.0,100,2012-08-01
100,0,2014-12-17,-0.2548556929012915,gemini_vector,-1.2047177935798226,1.0,100,2012-08-01
100,0,2015-01-28,-0.2041768626186403,gemini_vector,2.2834951250520925,1.0,100,2012-08-01
100,0,2012-09-13,4.889386111246848,tfidf_bigram_only,-0.3280498755674362,0.0001,100,2012-08-01
100,0,2012-10-24,-2.214573547712846,tfidf_bigram_only,0.724952028309765,0.0001,100,2012-08-01
100,0,2012-12-12,0.3816906455956319,tfidf_bigram_only,0.910532424238915,0.0001,100,2012-08-01
100,0,2013-01-30,5.52312983048044,tfidf_bigram_only,1.1522785523484487,0.0001,100,2012-08-01
100,0,2013-03-20,3.5282324697286342,tfidf_bigram_only,1.2574825592498626,0.0001,100,2012-08-01
100,0,2013-05-01,3.03919592179801,tfidf_bigram_only,2.1788424450995736,0.0001,100,2012-08-01
100,0,2013-06-19,2.555798472708714,tfidf_bigram_only,0.6217931093264424,0.0001,100,2012-08-01
100,0,2013-07-31,5.932327679094761,tfidf_bigram_only,0.08058806439412713,0.0001,100,2012-08-01
100,0,2013-09-18,-0.5490488995725852,tfidf_bigram_only,-0.4985939339896388,0.0001,100,2012-08-01
100,0,2013-10-30,2.278539508167516,tfidf_bigram_only,-0.6984294527938014,0.0001,100,2012-08-01
100,0,2013-12-18,1.6851950420826414,tfidf_bigram_only,0.28304180990919725,0.0001,100,2012-08-01
100,0,2014-01-29,-1.5674398932992968,tfidf_bigram_only,0.6996755488616899,0.0001,100,2012-08-01
100,0,2014-03-19,3.533096814907931,tfidf_bigram_only,-0.2499994860889428,0.0001,100,2012-08-01
100,0,2014-04-30,-0.141881172800043,tfidf_bigram_only,0.8089092242467497,0.0001,100,2012-08-01
100,0,2014-06-18,2.8271363650504746,tfidf_bigram_only,0.00969738520483665,0.0001,100,2012-08-01
100,0,2014-07-30,0.9838844644308352,tfidf_bigram_only,0.9523342761993798,0.0001,100,2012-08-01
100,0,2014-09-17,2.727560945652685,tfidf_bigram_only,1.2193866469732533,0.0001,100,2012-08-01
100,0,2014-10-29,-2.505251234306585,tfidf_bigram_only,1.2409579910312463,0.0001,100,2012-08-01
100,0,2014-12-17,-0.2548556929012915,tfidf_bigram_only,0.12612730058972477,0.0001,100,2012-08-01
100,0,2015-01-28,-0.2041768626186403,tfidf_bigram_only,0.9439701239148723,0.0001,100,2012-08-01
100,0,2012-09-13,4.889386111246848,counts_e5,2.327225867443114,1.0,100,2012-08-01
100,0,2012-10-24,-2.214573547712846,counts_e5,1.4590439156400967,1.0,100,2012-08-01
100,0,2012-12-12,0.3816906455956319,counts_e5,-1.764004268712442,1.0,100,2012-08-01
100,0,2013-01-30,5.52312983048044,counts_e5,4.561664696672767,1.0,100,2012-08-01
100,0,2013-03-20,3.5282324697286342,counts_e5,3.8467716761147006,1.0,100,2012-08-01
100,0,2013-05-01,3.03919592179801,counts_e5,1.017943359001081,1.0,100,2012-08-01
100,0,2013-06-19,2.555798472708714,counts_e5,2.367272230217244,1.0,100,2012-08-01
100,0,2013-07-31,5.932327679094761,counts_e5,3.3544270505151212,1.0,100,2012-08-01
100,0,2013-09-18,-0.5490488995725852,counts_e5,1.6666030603408302,1.0,100,2012-08-01
100,0,2013-10-30,2.278539508167516,counts_e5,3.9782114172181524,1.0,100,2012-08-01
100,0,2013-12-18,1.6851950420826414,counts_e5,1.6696219687351002,1.0,100,2012-08-01
100,0,2014-01-29,-1.5674398932992968,counts_e5,4.316118916297242,1.0,100,2012-08-01
100,0,2014-03-19,3.533096814907931,counts_e5,3.4023245546643457,1.0,100,2012-08-01
100,0,2014-04-30,-0.141881172800043,counts_e5,5.4945591484005085,1.0,100,2012-08-01
100,0,2014-06-18,2.8271363650504746,counts_e5,3.605567565112196,1.0,100,2012-08-01
100,0,2014-07-30,0.9838844644308352,counts_e5,2.048433967226919,1.0,100,2012-08-01
100,0,2014-09-17,2.727560945652685,counts_e5,2.795445003518094,1.0,100,2012-08-01
100,0,2014-10-29,-2.505251234306585,counts_e5,-0.829113774077815,1.0,100,2012-08-01
100,0,2014-12-17,-0.2548556929012915,counts_e5,1.0071055440706118,1.0,100,2012-08-01
100,0,2015-01-28,-0.2041768626186403,counts_e5,0.3211493258141568,1.0,100,2012-08-01
100,1,2015-03-18,2.9198479959632526,signed_counts,1.1450291867136544,100.0,100,2015-01-28
100,1,2015-04-29,0.9332960299921064,signed_counts,0.44785114914688867,100.0,100,2015-01-28
100,1,2015-06-17,-0.0539798922692998,signed_counts,-0.01829939477659842,100.0,100,2015-01-28
100,1,2015-07-29,-2.5614380312419707,signed_counts,-0.5555901980887833,100.0,100,2015-01-28
100,1,2015-09-17,-6.398507299645421,signed_counts,-1.6441234295928713,100.0,100,2015-01-28
100,1,2015-10-28,5.617495236249391,signed_counts,0.1733214558963121,100.0,100,2015-01-28
100,1,2015-12-16,-3.302400414906358,signed_counts,0.15208731117137184,100.0,100,2015-01-28
100,1,2016-01-27,-8.439700515612575,signed_counts,-1.0716144040225764,100.0,100,2015-01-28
100,1,2016-03-16,6.417252408444,signed_counts,0.030131420774633433,100.0,100,2015-01-28
100,1,2016-04-27,2.260498155543345,signed_counts,1.1648294166873043,100.0,100,2015-01-28
100,1,2016-06-15,0.1222627909513048,signed_counts,-0.021163733343943614,100.0,100,2015-01-28
100,1,2016-07-27,4.23185664561935,signed_counts,-0.8942184617199698,100.0,100,2015-01-28
100,1,2016-09-21,-1.4803900600906414,signed_counts,0.4598156358735149,100.0,100,2015-01-28
100,1,2016-11-02,-2.404315230048286,signed_counts,0.32128112193160985,100.0,100,2015-01-28
100,1,2016-12-14,7.699389600131472,signed_counts,1.5206345912883537,100.0,100,2015-01-28
100,1,2017-02-01,0.766619382732642,signed_counts,0.6356857222651487,100.0,100,2015-01-28
100,1,2017-03-15,3.918162323003221,signed_counts,0.9612775068598719,100.0,100,2015-01-28
100,1,2017-05-03,0.1927092668246962,signed_counts,0.5348518166968155,100.0,100,2015-01-28
100,1,2017-06-14,1.5564240385273835,signed_counts,-0.5938834643880802,100.0,100,2015-01-28
100,1,2017-07-26,1.417996232649504,signed_counts,1.983806686910651,100.0,100,2015-01-28
100,1,2015-03-18,2.9198479959632526,counts_3anchors,2.2668618436108514,10.0,100,2015-01-28
100,1,2015-04-29,0.9332960299921064,counts_3anchors,1.6264573847828032,10.0,100,2015-01-28
100,1,2015-06-17,-0.0539798922692998,counts_3anchors,-1.2733071546724886,10.0,100,2015-01-28
100,1,2015-07-29,-2.5614380312419707,counts_3anchors,-0.2329249666281118,10.0,100,2015-01-28
100,1,2015-09-17,-6.398507299645421,counts_3anchors,-3.936229441082191,10.0,100,2015-01-28
100,1,2015-10-28,5.617495236249391,counts_3anchors,1.3274683816737007,10.0,100,2015-01-28
100,1,2015-12-16,-3.302400414906358,counts_3anchors,-3.852027774704612,10.0,100,2015-01-28
100,1,2016-01-27,-8.439700515612575,counts_3anchors,-3.5857247266870296,10.0,100,2015-01-28
100,1,2016-03-16,6.417252408444,counts_3anchors,1.0988693891335828,10.0,100,2015-01-28
100,1,2016-04-27,2.260498155543345,counts_3anchors,3.408477019981416,10.0,100,2015-01-28
100,1,2016-06-15,0.1222627909513048,counts_3anchors,-1.2209255796308502,10.0,100,2015-01-28
100,1,2016-07-27,4.23185664561935,counts_3anchors,-0.20351206194722893,10.0,100,2015-01-28
100,1,2016-09-21,-1.4803900600906414,counts_3anchors,1.1270873531419707,10.0,100,2015-01-28
100,1,2016-11-02,-2.404315230048286,counts_3anchors,1.747431306524119,10.0,100,2015-01-28
100,1,2016-12-14,7.699389600131472,counts_3anchors,3.004587245365016,10.0,100,2015-01-28
100,1,2017-02-01,0.766619382732642,counts_3anchors,1.9218914159623235,10.0,100,2015-01-28
100,1,2017-03-15,3.918162323003221,counts_3anchors,2.9532161977434166,10.0,100,2015-01-28
100,1,2017-05-03,0.1927092668246962,counts_3anchors,1.826640104819801,10.0,100,2015-01-28
100,1,2017-06-14,1.5564240385273835,counts_3anchors,0.6865391038161102,10.0,100,2015-01-28
100,1,2017-07-26,1.417996232649504,counts_3anchors,4.329714494896135,10.0,100,2015-01-28
100,1,2015-03-18,2.9198479959632526,counts_gemini,2.807155911512246,10.0,100,2015-01-28
100,1,2015-04-29,0.9332960299921064,counts_gemini,1.3085286810970367,10.0,100,2015-01-28
100,1,2015-06-17,-0.0539798922692998,counts_gemini,-0.8260088901995084,10.0,100,2015-01-28
100,1,2015-07-29,-2.5614380312419707,counts_gemini,-1.5662961380329883,10.0,100,2015-01-28
100,1,2015-09-17,-6.398507299645421,counts_gemini,-4.5808664732406745,10.0,100,2015-01-28
100,1,2015-10-28,5.617495236249391,counts_gemini,0.406768481709322,10.0,100,2015-01-28
100,1,2015-12-16,-3.302400414906358,counts_gemini,-2.234066127248237,10.0,100,2015-01-28
100,1,2016-01-27,-8.439700515612575,counts_gemini,-3.776075709481562,10.0,100,2015-01-28
100,1,2016-03-16,6.417252408444,counts_gemini,0.08250072669061059,10.0,100,2015-01-28
100,1,2016-04-27,2.260498155543345,counts_gemini,3.0829769831072324,10.0,100,2015-01-28
100,1,2016-06-15,0.1222627909513048,counts_gemini,-0.9697652298493122,10.0,100,2015-01-28
100,1,2016-07-27,4.23185664561935,counts_gemini,-1.750324454567789,10.0,100,2015-01-28
100,1,2016-09-21,-1.4803900600906414,counts_gemini,1.1556323775417106,10.0,100,2015-01-28
100,1,2016-11-02,-2.404315230048286,counts_gemini,0.9410079600032084,10.0,100,2015-01-28
100,1,2016-12-14,7.699389600131472,counts_gemini,3.3042122653564254,10.0,100,2015-01-28
100,1,2017-02-01,0.766619382732642,counts_gemini,1.8660323981667324,10.0,100,2015-01-28
100,1,2017-03-15,3.918162323003221,counts_gemini,2.3105442652185957,10.0,100,2015-01-28
100,1,2017-05-03,0.1927092668246962,counts_gemini,1.2381011649469433,10.0,100,2015-01-28
100,1,2017-06-14,1.5564240385273835,counts_gemini,-0.7793647243048618,10.0,100,2015-01-28
100,1,2017-07-26,1.417996232649504,counts_gemini,4.638784280175247,10.0,100,2015-01-28
100,1,2015-03-18,2.9198479959632526,gemini_vector,3.4363121478672767,1.0,100,2015-01-28
100,1,2015-04-29,0.9332960299921064,gemini_vector,3.1374843064898092,1.0,100,2015-01-28
100,1,2015-06-17,-0.0539798922692998,gemini_vector,-1.1857519306126696,1.0,100,2015-01-28
100,1,2015-07-29,-2.5614380312419707,gemini_vector,0.45763655692513366,1.0,100,2015-01-28
100,1,2015-09-17,-6.398507299645421,gemini_vector,-1.912661810081805,1.0,100,2015-01-28
100,1,2015-10-28,5.617495236249391,gemini_vector,1.7493055492244225,1.0,100,2015-01-28
100,1,2015-12-16,-3.302400414906358,gemini_vector,-7.253218012472472,1.0,100,2015-01-28
100,1,2016-01-27,-8.439700515612575,gemini_vector,-4.992908054603524,1.0,100,2015-01-28
100,1,2016-03-16,6.417252408444,gemini_vector,1.5382619146383412,1.0,100,2015-01-28
100,1,2016-04-27,2.260498155543345,gemini_vector,3.9264474163054945,1.0,100,2015-01-28
100,1,2016-06-15,0.1222627909513048,gemini_vector,-1.13211314130169,1.0,100,2015-01-28
100,1,2016-07-27,4.23185664561935,gemini_vector,1.1493206740457715,1.0,100,2015-01-28
100,1,2016-09-21,-1.4803900600906414,gemini_vector,2.230646410047581,1.0,100,2015-01-28
100,1,2016-11-02,-2.404315230048286,gemini_vector,2.2515368108140335,1.0,100,2015-01-28
100,1,2016-12-14,7.699389600131472,gemini_vector,1.9481815132676061,1.0,100,2015-01-28
100,1,2017-02-01,0.766619382732642,gemini_vector,2.600970652438016,1.0,100,2015-01-28
100,1,2017-03-15,3.918162323003221,gemini_vector,2.9381776282239755,1.0,100,2015-01-28
100,1,2017-05-03,0.1927092668246962,gemini_vector,1.7454113959317306,1.0,100,2015-01-28
100,1,2017-06-14,1.5564240385273835,gemini_vector,2.8497841972010285,1.0,100,2015-01-28
100,1,2017-07-26,1.417996232649504,gemini_vector,3.156602349328325,1.0,100,2015-01-28
100,1,2015-03-18,2.9198479959632526,tfidf_bigram_only,0.40077485667405505,10000.0,100,2015-01-28
100,1,2015-04-29,0.9332960299921064,tfidf_bigram_only,0.4010237814670103,10000.0,100,2015-01-28
100,1,2015-06-17,-0.0539798922692998,tfidf_bigram_only,0.40067684499431955,10000.0,100,2015-01-28
100,1,2015-07-29,-2.5614380312419707,tfidf_bigram_only,0.4005641664489581,10000.0,100,2015-01-28
100,1,2015-09-17,-6.398507299645421,tfidf_bigram_only,0.40074226260462015,10000.0,100,2015-01-28
100,1,2015-10-28,5.617495236249391,tfidf_bigram_only,0.40031324684136244,10000.0,100,2015-01-28
100,1,2015-12-16,-3.302400414906358,tfidf_bigram_only,0.4005780716642386,10000.0,100,2015-01-28
100,1,2016-01-27,-8.439700515612575,tfidf_bigram_only,0.3954597640892684,10000.0,100,2015-01-28
100,1,2016-03-16,6.417252408444,tfidf_bigram_only,0.4007391137645265,10000.0,100,2015-01-28
100,1,2016-04-27,2.260498155543345,tfidf_bigram_only,0.400197289415504,10000.0,100,2015-01-28
100,1,2016-06-15,0.1222627909513048,tfidf_bigram_only,0.40042414721423686,10000.0,100,2015-01-28
100,1,2016-07-27,4.23185664561935,tfidf_bigram_only,0.3992595683840129,10000.0,100,2015-01-28
100,1,2016-09-21,-1.4803900600906414,tfidf_bigram_only,0.3988710556067212,10000.0,100,2015-01-28
100,1,2016-11-02,-2.404315230048286,tfidf_bigram_only,0.39996571987647006,10000.0,100,2015-01-28
100,1,2016-12-14,7.699389600131472,tfidf_bigram_only,0.39999128568986947,10000.0,100,2015-01-28
100,1,2017-02-01,0.766619382732642,tfidf_bigram_only,0.39611447417335766,10000.0,100,2015-01-28
100,1,2017-03-15,3.918162323003221,tfidf_bigram_only,0.4000728043879936,10000.0,100,2015-01-28
100,1,2017-05-03,0.1927092668246962,tfidf_bigram_only,0.4003247510234782,10000.0,100,2015-01-28
100,1,2017-06-14,1.5564240385273835,tfidf_bigram_only,0.3999850174429909,10000.0,100,2015-01-28
100,1,2017-07-26,1.417996232649504,tfidf_bigram_only,0.4008893192193959,10000.0,100,2015-01-28
100,1,2015-03-18,2.9198479959632526,counts_e5,2.3631172021605273,10.0,100,2015-01-28
100,1,2015-04-29,0.9332960299921064,counts_e5,1.0514563612354282,10.0,100,2015-01-28
100,1,2015-06-17,-0.0539798922692998,counts_e5,-0.552520459200242,10.0,100,2015-01-28
100,1,2015-07-29,-2.5614380312419707,counts_e5,-1.417544567825526,10.0,100,2015-01-28
100,1,2015-09-17,-6.398507299645421,counts_e5,-4.772490432244647,10.0,100,2015-01-28
100,1,2015-10-28,5.617495236249391,counts_e5,0.3942041113803779,10.0,100,2015-01-28
100,1,2015-12-16,-3.302400414906358,counts_e5,-0.935066054391954,10.0,100,2015-01-28
100,1,2016-01-27,-8.439700515612575,counts_e5,-3.7672420437143854,10.0,100,2015-01-28
100,1,2016-03-16,6.417252408444,counts_e5,-0.3996685364092504,10.0,100,2015-01-28
100,1,2016-04-27,2.260498155543345,counts_e5,2.902997970518914,10.0,100,2015-01-28
100,1,2016-06-15,0.1222627909513048,counts_e5,-0.45580026691309816,10.0,100,2015-01-28
100,1,2016-07-27,4.23185664561935,counts_e5,-2.1659150670666616,10.0,100,2015-01-28
100,1,2016-09-21,-1.4803900600906414,counts_e5,0.9735998863448232,10.0,100,2015-01-28
100,1,2016-11-02,-2.404315230048286,counts_e5,1.243471671278412,10.0,100,2015-01-28
100,1,2016-12-14,7.699389600131472,counts_e5,3.739904109970298,10.0,100,2015-01-28
100,1,2017-02-01,0.766619382732642,counts_e5,1.702806477044693,10.0,100,2015-01-28
100,1,2017-03-15,3.918162323003221,counts_e5,2.3528567211268028,10.0,100,2015-01-28
100,1,2017-05-03,0.1927092668246962,counts_e5,1.5473557676208194,10.0,100,2015-01-28
100,1,2017-06-14,1.5564240385273835,counts_e5,-1.1719649744615945,10.0,100,2015-01-28
100,1,2017-07-26,1.417996232649504,counts_e5,4.926672843217976,10.0,100,2015-01-28
100,2,2017-09-20,0.9944146118107968,signed_counts,0.3902620479761046,10.0,100,2017-07-26
100,2,2017-11-01,2.7340856247888965,signed_counts,2.0657151813994736,10.0,100,2017-07-26
100,2,2017-12-13,2.9260790182207024,signed_counts,1.0323406503852943,10.0,100,2017-07-26
100,2,2018-01-31,7.148911655702096,signed_counts,3.45983899149566,10.0,100,2017-07-26
100,2,2018-03-21,-4.1445720726304085,signed_counts,-0.7709974832896538,10.0,100,2017-07-26
100,2,2018-05-02,-0.0218536416260347,signed_counts,-0.6936043021242175,10.0,100,2017-07-26
100,2,2018-06-13,5.428358892467418,signed_counts,0.6472543683658099,10.0,100,2017-07-26
100,2,2018-08-01,0.4763710453831742,signed_counts,-2.233918126895457,10.0,100,2017-07-26
100,2,2018-09-26,2.9069004200691184,signed_counts,2.581574690572702,10.0,100,2017-07-26
100,2,2018-11-08,-5.840717554989847,signed_counts,1.0684391694674116,10.0,100,2017-07-26
100,2,2018-12-19,-9.076083946390025,signed_counts,-3.382868042853246,10.0,100,2017-07-26
100,2,2019-01-30,6.65247519930154,signed_counts,-2.4333105294873154,10.0,100,2017-07-26
100,2,2019-03-20,4.353035321394501,signed_counts,-0.012894269873753583,10.0,100,2017-07-26
100,2,2019-05-01,2.786040220264391,signed_counts,-2.077778857856188,10.0,100,2017-07-26
100,2,2019-06-19,-1.250213439072959,signed_counts,-2.7374993240674157,10.0,100,2017-07-26
100,2,2019-07-31,2.011188830104515,signed_counts,0.9716439547220055,10.0,100,2017-07-26
100,2,2019-09-18,1.2473197240470009,signed_counts,0.7818662214744503,10.0,100,2017-07-26
100,2,2019-10-30,0.8963428400446505,signed_counts,-1.4687278688026129,10.0,100,2017-07-26
100,2,2019-12-11,3.023718257214977,signed_counts,2.320237197643412,10.0,100,2017-07-26
100,2,2020-01-29,2.1485559840748008,signed_counts,1.0464365102587898,10.0,100,2017-07-26
100,2,2017-09-20,0.9944146118107968,counts_3anchors,0.7934394363031407,10.0,100,2017-07-26
100,2,2017-11-01,2.7340856247888965,counts_3anchors,3.546872558176543,10.0,100,2017-07-26
100,2,2017-12-13,2.9260790182207024,counts_3anchors,1.8074216649922215,10.0,100,2017-07-26
100,2,2018-01-31,7.148911655702096,counts_3anchors,3.3770298186692003,10.0,100,2017-07-26
100,2,2018-03-21,-4.1445720726304085,counts_3anchors,-1.4231701027582577,10.0,100,2017-07-26
100,2,2018-05-02,-0.0218536416260347,counts_3anchors,-0.5596861848926922,10.0,100,2017-07-26
100,2,2018-06-13,5.428358892467418,counts_3anchors,1.6012533832626976,10.0,100,2017-07-26
100,2,2018-08-01,0.4763710453831742,counts_3anchors,-0.19940398471266602,10.0,100,2017-07-26
100,2,2018-09-26,2.9069004200691184,counts_3anchors,2.9782114799539245,10.0,100,2017-07-26
100,2,2018-11-08,-5.840717554989847,counts_3anchors,-1.0379793339895518,10.0,100,2017-07-26
100,2,2018-12-19,-9.076083946390025,counts_3anchors,-3.7346965839239754,10.0,100,2017-07-26
100,2,2019-01-30,6.65247519930154,counts_3anchors,-1.082920475297201,10.0,100,2017-07-26
100,2,2019-03-20,4.353035321394501,counts_3anchors,1.1815377148789463,10.0,100,2017-07-26
100,2,2019-05-01,2.786040220264391,counts_3anchors,0.5823225704009146,10.0,100,2017-07-26
100,2,2019-06-19,-1.250213439072959,counts_3anchors,-3.7352413270214395,10.0,100,2017-07-26
100,2,2019-07-31,2.011188830104515,counts_3anchors,2.1901803487455194,10.0,100,2017-07-26
100,2,2019-09-18,1.2473197240470009,counts_3anchors,-0.026919512625883102,10.0,100,2017-07-26
100,2,2019-10-30,0.8963428400446505,counts_3anchors,0.28610243919344575,10.0,100,2017-07-26
100,2,2019-12-11,3.023718257214977,counts_3anchors,4.286961437453203,10.0,100,2017-07-26
100,2,2020-01-29,2.1485559840748008,counts_3anchors,0.13802643256382666,10.0,100,2017-07-26
100,2,2017-09-20,0.9944146118107968,counts_gemini,0.8234011297075222,10.0,100,2017-07-26
100,2,2017-11-01,2.7340856247888965,counts_gemini,2.1695908906977612,10.0,100,2017-07-26
100,2,2017-12-13,2.9260790182207024,counts_gemini,1.7063721214377428,10.0,100,2017-07-26
100,2,2018-01-31,7.148911655702096,counts_gemini,2.9189641024399897,10.0,100,2017-07-26
100,2,2018-03-21,-4.1445720726304085,counts_gemini,-1.4818104322691776,10.0,100,2017-07-26
100,2,2018-05-02,-0.0218536416260347,counts_gemini,-0.5608866243975041,10.0,100,2017-07-26
100,2,2018-06-13,5.428358892467418,counts_gemini,1.109214614502156,10.0,100,2017-07-26
100,2,2018-08-01,0.4763710453831742,counts_gemini,-1.3039292446552897,10.0,100,2017-07-26
100,2,2018-09-26,2.9069004200691184,counts_gemini,2.1607592516794436,10.0,100,2017-07-26
100,2,2018-11-08,-5.840717554989847,counts_gemini,-0.5130462917961431,10.0,100,2017-07-26
100,2,2018-12-19,-9.076083946390025,counts_gemini,-3.3313487277436944,10.0,100,2017-07-26
100,2,2019-01-30,6.65247519930154,counts_gemini,-1.4079294272906238,10.0,100,2017-07-26
100,2,2019-03-20,4.353035321394501,counts_gemini,0.7374034520063566,10.0,100,2017-07-26
100,2,2019-05-01,2.786040220264391,counts_gemini,-0.05592626336282569,10.0,100,2017-07-26
100,2,2019-06-19,-1.250213439072959,counts_gemini,-2.6258443348264335,10.0,100,2017-07-26
100,2,2019-07-31,2.011188830104515,counts_gemini,1.436120237687748,10.0,100,2017-07-26
100,2,2019-09-18,1.2473197240470009,counts_gemini,0.5550501866399694,10.0,100,2017-07-26
100,2,2019-10-30,0.8963428400446505,counts_gemini,-0.06609621791784415,10.0,100,2017-07-26
100,2,2019-12-11,3.023718257214977,counts_gemini,2.3668397085478623,10.0,100,2017-07-26
100,2,2020-01-29,2.1485559840748008,counts_gemini,0.9622815119724826,10.0,100,2017-07-26
100,2,2017-09-20,0.9944146118107968,gemini_vector,1.3244321699913013,1.0,100,2017-07-26
100,2,2017-11-01,2.7340856247888965,gemini_vector,2.2120942017524468,1.0,100,2017-07-26
100,2,2017-12-13,2.9260790182207024,gemini_vector,2.6931923295297766,1.0,100,2017-07-26
100,2,2018-01-31,7.148911655702096,gemini_vector,1.1702133923692137,1.0,100,2017-07-26
100,2,2018-03-21,-4.1445720726304085,gemini_vector,-3.1532515693458536,1.0,100,2017-07-26
100,2,2018-05-02,-0.0218536416260347,gemini_vector,0.12805174037780148,1.0,100,2017-07-26
100,2,2018-06-13,5.428358892467418,gemini_vector,2.0352167626987847,1.0,100,2017-07-26
100,2,2018-08-01,0.4763710453831742,gemini_vector,-0.7256740933358747,1.0,100,2017-07-26
100,2,2018-09-26,2.9069004200691184,gemini_vector,1.8851273412615055,1.0,100,2017-07-26
100,2,2018-11-08,-5.840717554989847,gemini_vector,-3.7073238610068975,1.0,100,2017-07-26
100,2,2018-12-19,-9.076083946390025,gemini_vector,-3.966178375515695,1.0,100,2017-07-26
100,2,2019-01-30,6.65247519930154,gemini_vector,-1.1521189185980796,1.0,100,2017-07-26
100,2,2019-03-20,4.353035321394501,gemini_vector,2.013436161039631,1.0,100,2017-07-26
100,2,2019-05-01,2.786040220264391,gemini_vector,3.341577817715207,1.0,100,2017-07-26
100,2,2019-06-19,-1.250213439072959,gemini_vector,-2.9336269649537794,1.0,100,2017-07-26
100,2,2019-07-31,2.011188830104515,gemini_vector,1.888642909869073,1.0,100,2017-07-26
100,2,2019-09-18,1.2473197240470009,gemini_vector,0.30568555767332717,1.0,100,2017-07-26
100,2,2019-10-30,0.8963428400446505,gemini_vector,1.3155708461972824,1.0,100,2017-07-26
100,2,2019-12-11,3.023718257214977,gemini_vector,2.056112432019343,1.0,100,2017-07-26
100,2,2020-01-29,2.1485559840748008,gemini_vector,0.3190925866495826,1.0,100,2017-07-26
100,2,2017-09-20,0.9944146118107968,tfidf_bigram_only,0.4494301829523587,10.0,100,2017-07-26
100,2,2017-11-01,2.7340856247888965,tfidf_bigram_only,0.49662614117052317,10.0,100,2017-07-26
100,2,2017-12-13,2.9260790182207024,tfidf_bigram_only,0.5795037183044858,10.0,100,2017-07-26
100,2,2018-01-31,7.148911655702096,tfidf_bigram_only,-0.7298501741909116,10.0,100,2017-07-26
100,2,2018-03-21,-4.1445720726304085,tfidf_bigram_only,0.5739402194000396,10.0,100,2017-07-26
100,2,2018-05-02,-0.0218536416260347,tfidf_bigram_only,0.3609299047212288,10.0,100,2017-07-26
100,2,2018-06-13,5.428358892467418,tfidf_bigram_only,0.6138348425133604,10.0,100,2017-07-26
100,2,2018-08-01,0.4763710453831742,tfidf_bigram_only,0.296615142178112,10.0,100,2017-07-26
100,2,2018-09-26,2.9069004200691184,tfidf_bigram_only,0.47450186756733476,10.0,100,2017-07-26
100,2,2018-11-08,-5.840717554989847,tfidf_bigram_only,0.3311675168838363,10.0,100,2017-07-26
100,2,2018-12-19,-9.076083946390025,tfidf_bigram_only,0.08920975707932882,10.0,100,2017-07-26
100,2,2019-01-30,6.65247519930154,tfidf_bigram_only,-1.2794489970397445,10.0,100,2017-07-26
100,2,2019-03-20,4.353035321394501,tfidf_bigram_only,0.34260509514766563,10.0,100,2017-07-26
100,2,2019-05-01,2.786040220264391,tfidf_bigram_only,0.18918520822034124,10.0,100,2017-07-26
100,2,2019-06-19,-1.250213439072959,tfidf_bigram_only,0.23510337301275505,10.0,100,2017-07-26
100,2,2019-07-31,2.011188830104515,tfidf_bigram_only,0.08180624961412175,10.0,100,2017-07-26
100,2,2019-09-18,1.2473197240470009,tfidf_bigram_only,0.02129822988894864,10.0,100,2017-07-26
100,2,2019-10-30,0.8963428400446505,tfidf_bigram_only,-0.2562683071988114,10.0,100,2017-07-26
100,2,2019-12-11,3.023718257214977,tfidf_bigram_only,0.3322882721461832,10.0,100,2017-07-26
100,2,2020-01-29,2.1485559840748008,tfidf_bigram_only,-1.1802736970961945,10.0,100,2017-07-26
100,2,2017-09-20,0.9944146118107968,counts_e5,0.8407876524491611,10.0,100,2017-07-26
100,2,2017-11-01,2.7340856247888965,counts_e5,2.328004246234308,10.0,100,2017-07-26
100,2,2017-12-13,2.9260790182207024,counts_e5,1.7941432852870964,10.0,100,2017-07-26
100,2,2018-01-31,7.148911655702096,counts_e5,2.7890509945183175,10.0,100,2017-07-26
100,2,2018-03-21,-4.1445720726304085,counts_e5,-0.7091814884246588,10.0,100,2017-07-26
100,2,2018-05-02,-0.0218536416260347,counts_e5,-0.06377529890052841,10.0,100,2017-07-26
100,2,2018-06-13,5.428358892467418,counts_e5,1.1974727334655346,10.0,100,2017-07-26
100,2,2018-08-01,0.4763710453831742,counts_e5,-1.082897231864284,10.0,100,2017-07-26
100,2,2018-09-26,2.9069004200691184,counts_e5,2.586857550843566,10.0,100,2017-07-26
100,2,2018-11-08,-5.840717554989847,counts_e5,0.2982301741651675,10.0,100,2017-07-26
100,2,2018-12-19,-9.076083946390025,counts_e5,-2.9008763699207822,10.0,100,2017-07-26
100,2,2019-01-30,6.65247519930154,counts_e5,-1.6298818593041606,10.0,100,2017-07-26
100,2,2019-03-20,4.353035321394501,counts_e5,0.8058206765087063,10.0,100,2017-07-26
100,2,2019-05-01,2.786040220264391,counts_e5,-0.823381810069949,10.0,100,2017-07-26
100,2,2019-06-19,-1.250213439072959,counts_e5,-2.595895800022291,10.0,100,2017-07-26
100,2,2019-07-31,2.011188830104515,counts_e5,0.9820887732453611,10.0,100,2017-07-26
100,2,2019-09-18,1.2473197240470009,counts_e5,0.8195319049028509,10.0,100,2017-07-26
100,2,2019-10-30,0.8963428400446505,counts_e5,-0.7311045477327383,10.0,100,2017-07-26
100,2,2019-12-11,3.023718257214977,counts_e5,2.820399098295184,10.0,100,2017-07-26
100,2,2020-01-29,2.1485559840748008,counts_e5,1.2980564775508343,10.0,100,2017-07-26
100,3,2020-03-15,-19.30679872098346,signed_counts,-3.8325853316824325,10.0,100,2020-01-29
100,3,2020-04-29,18.74563559498336,signed_counts,-2.4376004235724653,10.0,100,2020-01-29
100,3,2020-06-10,10.409357713788122,signed_counts,1.2071958686208086,10.0,100,2020-01-29
100,3,2020-07-29,7.589732604042245,signed_counts,-3.1069038166753997,10.0,100,2020-01-29
100,3,2020-09-16,4.129646562312915,signed_counts,1.9032040117290312,10.0,100,2020-01-29
100,3,2020-11-05,0.3483962171310573,signed_counts,3.493384854880362,10.0,100,2020-01-29
100,3,2020-12-16,3.849102256140097,signed_counts,0.2707276141272168,10.0,100,2020-01-29
100,3,2021-01-27,3.4979670186014724,signed_counts,2.5081759053185504,10.0,100,2020-01-29
100,3,2021-03-17,4.676882796618454,signed_counts,2.96269585082613,10.0,100,2020-01-29
100,3,2021-04-28,6.717611257885417,signed_counts,1.506787821683905,10.0,100,2020-01-29
100,3,2021-06-16,1.0294124912812683,signed_counts,0.7504510461677831,10.0,100,2020-01-29
100,3,2021-07-28,4.633031545878721,signed_counts,-1.564686858555282,10.0,100,2020-01-29
100,3,2021-09-22,-1.4071350286967688,signed_counts,4.092694576885903,10.0,100,2020-01-29
100,3,2021-11-03,3.629686853369575,signed_counts,3.1935894777287026,10.0,100,2020-01-29
100,3,2021-12-15,-0.2430410169318006,signed_counts,-1.305235377724994,10.0,100,2020-01-29
100,3,2022-01-26,-5.707921584406794,signed_counts,0.23632692168759523,10.0,100,2020-01-29
100,3,2022-03-16,-3.651437450153861,signed_counts,0.4138057295450057,10.0,100,2020-01-29
100,3,2022-05-04,-6.071100198893482,signed_counts,4.253549989570809,10.0,100,2020-01-29
100,3,2022-06-15,-10.185909178114285,signed_counts,-1.7247968718074067,10.0,100,2020-01-29
100,3,2022-07-27,7.656593909553768,signed_counts,-0.31131802647647955,10.0,100,2020-01-29
100,3,2020-03-15,-19.30679872098346,counts_3anchors,-4.546523409098173,10.0,100,2020-01-29
100,3,2020-04-29,18.74563559498336,counts_3anchors,-0.06981525307986369,10.0,100,2020-01-29
100,3,2020-06-10,10.409357713788122,counts_3anchors,3.9545228963281494,10.0,100,2020-01-29
100,3,2020-07-29,7.589732604042245,counts_3anchors,-1.1373041080902073,10.0,100,2020-01-29
100,3,2020-09-16,4.129646562312915,counts_3anchors,3.6106382160677533,10.0,100,2020-01-29
100,3,2020-11-05,0.3483962171310573,counts_3anchors,2.715536137493153,10.0,100,2020-01-29
100,3,2020-12-16,3.849102256140097,counts_3anchors,2.284172837058505,10.0,100,2020-01-29
100,3,2021-01-27,3.4979670186014724,counts_3anchors,4.5429183612846025,10.0,100,2020-01-29
100,3,2021-03-17,4.676882796618454,counts_3anchors,5.122459376692891,10.0,100,2020-01-29
100,3,2021-04-28,6.717611257885417,counts_3anchors,1.8504661895765024,10.0,100,2020-01-29
100,3,2021-06-16,1.0294124912812683,counts_3anchors,1.9403432546818369,10.0,100,2020-01-29
100,3,2021-07-28,4.633031545878721,counts_3anchors,-1.2446828580604192,10.0,100,2020-01-29
100,3,2021-09-22,-1.4071350286967688,counts_3anchors,3.130526474526237,10.0,100,2020-01-29
100,3,2021-11-03,3.629686853369575,counts_3anchors,3.6905919663311395,10.0,100,2020-01-29
100,3,2021-12-15,-0.2430410169318006,counts_3anchors,-0.04927547620667261,10.0,100,2020-01-29
100,3,2022-01-26,-5.707921584406794,counts_3anchors,-1.5702822169275108,10.0,100,2020-01-29
100,3,2022-03-16,-3.651437450153861,counts_3anchors,-1.243901069625505,10.0,100,2020-01-29
100,3,2022-05-04,-6.071100198893482,counts_3anchors,-0.2704678728617881,10.0,100,2020-01-29
100,3,2022-06-15,-10.185909178114285,counts_3anchors,-3.3697754426422972,10.0,100,2020-01-29
100,3,2022-07-27,7.656593909553768,counts_3anchors,0.30740869298435847,10.0,100,2020-01-29
100,3,2020-03-15,-19.30679872098346,counts_gemini,-5.551837122841071,10.0,100,2020-01-29
100,3,2020-04-29,18.74563559498336,counts_gemini,-0.3365195691194436,10.0,100,2020-01-29
100,3,2020-06-10,10.409357713788122,counts_gemini,2.8950310024761228,10.0,100,2020-01-29
100,3,2020-07-29,7.589732604042245,counts_gemini,-2.0564988837555584,10.0,100,2020-01-29
100,3,2020-09-16,4.129646562312915,counts_gemini,2.883877283464118,10.0,100,2020-01-29
100,3,2020-11-05,0.3483962171310573,counts_gemini,2.5216714758409937,10.0,100,2020-01-29
100,3,2020-12-16,3.849102256140097,counts_gemini,1.4569757875064355,10.0,100,2020-01-29
100,3,2021-01-27,3.4979670186014724,counts_gemini,3.209843928080711,10.0,100,2020-01-29
100,3,2021-03-17,4.676882796618454,counts_gemini,3.579330736491742,10.0,100,2020-01-29
100,3,2021-04-28,6.717611257885417,counts_gemini,1.542353487457304,10.0,100,2020-01-29
100,3,2021-06-16,1.0294124912812683,counts_gemini,1.9971894547915583,10.0,100,2020-01-29
100,3,2021-07-28,4.633031545878721,counts_gemini,-1.406061375378385,10.0,100,2020-01-29
100,3,2021-09-22,-1.4071350286967688,counts_gemini,2.445286379097487,10.0,100,2020-01-29
100,3,2021-11-03,3.629686853369575,counts_gemini,3.195939739611461,10.0,100,2020-01-29
100,3,2021-12-15,-0.2430410169318006,counts_gemini,-0.9781326622729732,10.0,100,2020-01-29
100,3,2022-01-26,-5.707921584406794,counts_gemini,-1.3352261208563991,10.0,100,2020-01-29
100,3,2022-03-16,-3.651437450153861,counts_gemini,-0.7602916486050765,10.0,100,2020-01-29
100,3,2022-05-04,-6.071100198893482,counts_gemini,2.167407192687553,10.0,100,2020-01-29
100,3,2022-06-15,-10.185909178114285,counts_gemini,-2.371714517942057,10.0,100,2020-01-29
100,3,2022-07-27,7.656593909553768,counts_gemini,0.6422733368573486,10.0,100,2020-01-29
100,3,2020-03-15,-19.30679872098346,gemini_vector,-9.749885014927067,1.0,100,2020-01-29
100,3,2020-04-29,18.74563559498336,gemini_vector,3.7019372562848765,1.0,100,2020-01-29
100,3,2020-06-10,10.409357713788122,gemini_vector,5.378539840736393,1.0,100,2020-01-29
100,3,2020-07-29,7.589732604042245,gemini_vector,-0.9024685934106506,1.0,100,2020-01-29
100,3,2020-09-16,4.129646562312915,gemini_vector,5.138007777904127,1.0,100,2020-01-29
100,3,2020-11-05,0.3483962171310573,gemini_vector,1.0483004347245257,1.0,100,2020-01-29
100,3,2020-12-16,3.849102256140097,gemini_vector,3.639009233183842,1.0,100,2020-01-29
100,3,2021-01-27,3.4979670186014724,gemini_vector,4.049440869660287,1.0,100,2020-01-29
100,3,2021-03-17,4.676882796618454,gemini_vector,5.282261515300661,1.0,100,2020-01-29
100,3,2021-04-28,6.717611257885417,gemini_vector,1.9091767773257482,1.0,100,2020-01-29
100,3,2021-06-16,1.0294124912812683,gemini_vector,3.1822819169764602,1.0,100,2020-01-29
100,3,2021-07-28,4.633031545878721,gemini_vector,-1.7054741207771085,1.0,100,2020-01-29
100,3,2021-09-22,-1.4071350286967688,gemini_vector,-0.35806447743878544,1.0,100,2020-01-29
100,3,2021-11-03,3.629686853369575,gemini_vector,3.561540226948621,1.0,100,2020-01-29
100,3,2021-12-15,-0.2430410169318006,gemini_vector,-1.7179775502143189,1.0,100,2020-01-29
100,3,2022-01-26,-5.707921584406794,gemini_vector,-4.946917723046845,1.0,100,2020-01-29
100,3,2022-03-16,-3.651437450153861,gemini_vector,-2.115709048081778,1.0,100,2020-01-29
100,3,2022-05-04,-6.071100198893482,gemini_vector,-0.08657854992100511,1.0,100,2020-01-29
100,3,2022-06-15,-10.185909178114285,gemini_vector,-4.120850269169692,1.0,100,2020-01-29
100,3,2022-07-27,7.656593909553768,gemini_vector,1.9960979007929769,1.0,100,2020-01-29
100,3,2020-03-15,-19.30679872098346,tfidf_bigram_only,-1.2714572940490005,1.0,100,2020-01-29
100,3,2020-04-29,18.74563559498336,tfidf_bigram_only,-0.07640631458933944,1.0,100,2020-01-29
100,3,2020-06-10,10.409357713788122,tfidf_bigram_only,1.3660046483845976,1.0,100,2020-01-29
100,3,2020-07-29,7.589732604042245,tfidf_bigram_only,0.5508021734957159,1.0,100,2020-01-29
100,3,2020-09-16,4.129646562312915,tfidf_bigram_only,1.2772151278814476,1.0,100,2020-01-29
100,3,2020-11-05,0.3483962171310573,tfidf_bigram_only,0.7115705365471565,1.0,100,2020-01-29
100,3,2020-12-16,3.849102256140097,tfidf_bigram_only,0.6108671722218971,1.0,100,2020-01-29
100,3,2021-01-27,3.4979670186014724,tfidf_bigram_only,-0.1326638455574939,1.0,100,2020-01-29
100,3,2021-03-17,4.676882796618454,tfidf_bigram_only,1.3352810767854493,1.0,100,2020-01-29
100,3,2021-04-28,6.717611257885417,tfidf_bigram_only,0.6062899247600402,1.0,100,2020-01-29
100,3,2021-06-16,1.0294124912812683,tfidf_bigram_only,1.3907356578706263,1.0,100,2020-01-29
100,3,2021-07-28,4.633031545878721,tfidf_bigram_only,0.4337242734393202,1.0,100,2020-01-29
100,3,2021-09-22,-1.4071350286967688,tfidf_bigram_only,0.6911604912267123,1.0,100,2020-01-29
100,3,2021-11-03,3.629686853369575,tfidf_bigram_only,0.9441064240706594,1.0,100,2020-01-29
100,3,2021-12-15,-0.2430410169318006,tfidf_bigram_only,0.3779395207452697,1.0,100,2020-01-29
100,3,2022-01-26,-5.707921584406794,tfidf_bigram_only,-0.8173214452432335,1.0,100,2020-01-29
100,3,2022-03-16,-3.651437450153861,tfidf_bigram_only,0.09848295795614331,1.0,100,2020-01-29
100,3,2022-05-04,-6.071100198893482,tfidf_bigram_only,0.08920123273231317,1.0,100,2020-01-29
100,3,2022-06-15,-10.185909178114285,tfidf_bigram_only,-0.12086250720698066,1.0,100,2020-01-29
100,3,2022-07-27,7.656593909553768,tfidf_bigram_only,-0.14018751524036177,1.0,100,2020-01-29
100,3,2020-03-15,-19.30679872098346,counts_e5,-4.452947143906441,10.0,100,2020-01-29
100,3,2020-04-29,18.74563559498336,counts_e5,-1.3826793098532555,10.0,100,2020-01-29
100,3,2020-06-10,10.409357713788122,counts_e5,1.9648363300788327,10.0,100,2020-01-29
100,3,2020-07-29,7.589732604042245,counts_e5,-1.9957709659772092,10.0,100,2020-01-29
100,3,2020-09-16,4.129646562312915,counts_e5,2.581823887755109,10.0,100,2020-01-29
100,3,2020-11-05,0.3483962171310573,counts_e5,3.5144523163379424,10.0,100,2020-01-29
100,3,2020-12-16,3.849102256140097,counts_e5,1.2611228817177125,10.0,100,2020-01-29
100,3,2021-01-27,3.4979670186014724,counts_e5,3.016437719838244,10.0,100,2020-01-29
100,3,2021-03-17,4.676882796618454,counts_e5,3.3688150053999224,10.0,100,2020-01-29
100,3,2021-04-28,6.717611257885417,counts_e5,1.5169455295529213,10.0,100,2020-01-29
100,3,2021-06-16,1.0294124912812683,counts_e5,1.2437083473470931,10.0,100,2020-01-29
100,3,2021-07-28,4.633031545878721,counts_e5,-1.0852521086095384,10.0,100,2020-01-29
100,3,2021-09-22,-1.4071350286967688,counts_e5,3.0777531386295096,10.0,100,2020-01-29
100,3,2021-11-03,3.629686853369575,counts_e5,3.164708406773558,10.0,100,2020-01-29
100,3,2021-12-15,-0.2430410169318006,counts_e5,-1.0233720178329602,10.0,100,2020-01-29
100,3,2022-01-26,-5.707921584406794,counts_e5,-0.4228392780711282,10.0,100,2020-01-29
100,3,2022-03-16,-3.651437450153861,counts_e5,-0.4468319308628851,10.0,100,2020-01-29
100,3,2022-05-04,-6.071100198893482,counts_e5,2.9414724961015857,10.0,100,2020-01-29
100,3,2022-06-15,-10.185909178114285,counts_e5,-1.5268427732553693,10.0,100,2020-01-29
100,3,2022-07-27,7.656593909553768,counts_e5,-0.04054764938953204,10.0,100,2020-01-29
100,4,2022-09-21,-4.728850791825261,signed_counts,2.7281762429400054,10.0,100,2022-07-27
100,4,2022-11-02,2.605464816532983,signed_counts,2.6689261224140246,10.0,100,2022-07-27
100,4,2022-12-14,6.577045295685347,signed_counts,1.2708250579311586,10.0,100,2022-07-27
100,4,2023-02-01,2.5257798164174163,signed_counts,0.4179463675866655,10.0,100,2022-07-27
100,4,2023-03-22,-6.204536146166191,signed_counts,0.1464889746033604,10.0,100,2022-07-27
100,4,2023-05-03,4.881469132982449,signed_counts,-1.4698357407374028,10.0,100,2022-07-27
100,4,2023-06-14,6.063975282786163,signed_counts,3.0069374918106906,10.0,100,2022-07-27
100,4,2023-07-26,2.3126105893465296,signed_counts,2.6006328719396565,10.0,100,2022-07-27
100,4,2023-09-20,-2.635491551002436,signed_counts,2.5771050973023506,10.0,100,2022-07-27
100,4,2023-11-01,-4.411522180090532,signed_counts,1.8700621654172669,10.0,100,2022-07-27
100,4,2023-12-13,6.255803319654673,signed_counts,-0.17726833689873867,10.0,100,2022-07-27
100,4,2024-01-31,3.6615937297733945,signed_counts,3.0276901719560385,10.0,100,2022-07-27
100,4,2024-03-20,4.178257495449124,signed_counts,3.190351155176458,10.0,100,2022-07-27
100,4,2024-05-01,-2.980468016904972,signed_counts,2.7303804786968975,10.0,100,2022-07-27
100,4,2024-06-12,5.130250058983746,signed_counts,1.3764592937860287,10.0,100,2022-07-27
100,4,2024-07-31,-0.1107106366835336,signed_counts,1.617473774092166,10.0,100,2022-07-27
100,4,2024-09-18,2.7356950767003108,signed_counts,0.7602742549027351,10.0,100,2022-07-27
100,4,2024-11-07,0.6219968059305512,signed_counts,2.4412184944563653,10.0,100,2022-07-27
100,4,2024-12-18,0.8467408795732383,signed_counts,2.9178758514449674,10.0,100,2022-07-27
100,4,2022-09-21,-4.728850791825261,counts_3anchors,-2.091873838874634,1.0,100,2022-07-27
100,4,2022-11-02,2.605464816532983,counts_3anchors,-0.09633630673888582,1.0,100,2022-07-27
100,4,2022-12-14,6.577045295685347,counts_3anchors,0.9732719452363392,1.0,100,2022-07-27
100,4,2023-02-01,2.5257798164174163,counts_3anchors,3.2029728619873614,1.0,100,2022-07-27
100,4,2023-03-22,-6.204536146166191,counts_3anchors,-1.8281814424754623,1.0,100,2022-07-27
100,4,2023-05-03,4.881469132982449,counts_3anchors,-0.43211694756829644,1.0,100,2022-07-27
100,4,2023-06-14,6.063975282786163,counts_3anchors,3.674847694984526,1.0,100,2022-07-27
100,4,2023-07-26,2.3126105893465296,counts_3anchors,4.560664146909043,1.0,100,2022-07-27
100,4,2023-09-20,-2.635491551002436,counts_3anchors,-1.3567939826283313,1.0,100,2022-07-27
100,4,2023-11-01,-4.411522180090532,counts_3anchors,-3.192031603199471,1.0,100,2022-07-27
100,4,2023-12-13,6.255803319654673,counts_3anchors,0.37142527069440945,1.0,100,2022-07-27
100,4,2024-01-31,3.6615937297733945,counts_3anchors,5.4451629917456605,1.0,100,2022-07-27
100,4,2024-03-20,4.178257495449124,counts_3anchors,3.4182632459464375,1.0,100,2022-07-27
100,4,2024-05-01,-2.980468016904972,counts_3anchors,0.43615873436729824,1.0,100,2022-07-27
100,4,2024-06-12,5.130250058983746,counts_3anchors,2.914806172170956,1.0,100,2022-07-27
100,4,2024-07-31,-0.1107106366835336,counts_3anchors,-0.39668950446924733,1.0,100,2022-07-27
100,4,2024-09-18,2.7356950767003108,counts_3anchors,1.4288456680157258,1.0,100,2022-07-27
100,4,2024-11-07,0.6219968059305512,counts_3anchors,3.4752863409813797,1.0,100,2022-07-27
100,4,2024-12-18,0.8467408795732383,counts_3anchors,2.9145278499618565,1.0,100,2022-07-27
100,4,2022-09-21,-4.728850791825261,counts_gemini,-0.8465437953423645,0.1,100,2022-07-27
100,4,2022-11-02,2.605464816532983,counts_gemini,-0.22318584208834946,0.1,100,2022-07-27
100,4,2022-12-14,6.577045295685347,counts_gemini,2.157738311750655,0.1,100,2022-07-27
100,4,2023-02-01,2.5257798164174163,counts_gemini,1.5352465688714827,0.1,100,2022-07-27
100,4,2023-03-22,-6.204536146166191,counts_gemini,0.8621183968193875,0.1,100,2022-07-27
100,4,2023-05-03,4.881469132982449,counts_gemini,3.4654171217592493,0.1,100,2022-07-27
100,4,2023-06-14,6.063975282786163,counts_gemini,5.068615992568258,0.1,100,2022-07-27
100,4,2023-07-26,2.3126105893465296,counts_gemini,7.0551771211340695,0.1,100,2022-07-27
100,4,2023-09-20,-2.635491551002436,counts_gemini,-0.0027730681567175175,0.1,100,2022-07-27
100,4,2023-11-01,-4.411522180090532,counts_gemini,-3.899877605688312,0.1,100,2022-07-27
100,4,2023-12-13,6.255803319654673,counts_gemini,4.532549625727491,0.1,100,2022-07-27
100,4,2024-01-31,3.6615937297733945,counts_gemini,2.4154719644282645,0.1,100,2022-07-27
100,4,2024-03-20,4.178257495449124,counts_gemini,1.4233020301508255,0.1,100,2022-07-27
100,4,2024-05-01,-2.980468016904972,counts_gemini,-1.5611961390404718,0.1,100,2022-07-27
100,4,2024-06-12,5.130250058983746,counts_gemini,3.466936274175022,0.1,100,2022-07-27
100,4,2024-07-31,-0.1107106366835336,counts_gemini,0.35472909747096404,0.1,100,2022-07-27
100,4,2024-09-18,2.7356950767003108,counts_gemini,-0.9577213716901527,0.1,100,2022-07-27
100,4,2024-11-07,0.6219968059305512,counts_gemini,4.58415586302498,0.1,100,2022-07-27
100,4,2024-12-18,0.8467408795732383,counts_gemini,6.036427431783384,0.1,100,2022-07-27
100,4,2022-09-21,-4.728850791825261,gemini_vector,-0.5347583079236418,0.1,100,2022-07-27
100,4,2022-11-02,2.605464816532983,gemini_vector,0.5735778110966179,0.1,100,2022-07-27
100,4,2022-12-14,6.577045295685347,gemini_vector,2.063035264621865,0.1,100,2022-07-27
100,4,2023-02-01,2.5257798164174163,gemini_vector,1.8855660653817752,0.1,100,2022-07-27
100,4,2023-03-22,-6.204536146166191,gemini_vector,0.3758617522472314,0.1,100,2022-07-27
100,4,2023-05-03,4.881469132982449,gemini_vector,3.62421581807363,0.1,100,2022-07-27
100,4,2023-06-14,6.063975282786163,gemini_vector,5.43623943298327,0.1,100,2022-07-27
100,4,2023-07-26,2.3126105893465296,gemini_vector,6.670616878363935,0.1,100,2022-07-27
100,4,2023-09-20,-2.635491551002436,gemini_vector,0.6774872870926487,0.1,100,2022-07-27
100,4,2023-11-01,-4.411522180090532,gemini_vector,-3.298755446022157,0.1,100,2022-07-27
100,4,2023-12-13,6.255803319654673,gemini_vector,4.414272480875731,0.1,100,2022-07-27
100,4,2024-01-31,3.6615937297733945,gemini_vector,2.738099352621976,0.1,100,2022-07-27
100,4,2024-03-20,4.178257495449124,gemini_vector,1.7693016990341555,0.1,100,2022-07-27
100,4,2024-05-01,-2.980468016904972,gemini_vector,-1.42620169559381,0.1,100,2022-07-27
100,4,2024-06-12,5.130250058983746,gemini_vector,3.4039532802229804,0.1,100,2022-07-27
100,4,2024-07-31,-0.1107106366835336,gemini_vector,-0.5065495532088797,0.1,100,2022-07-27
100,4,2024-09-18,2.7356950767003108,gemini_vector,-0.7155360696495827,0.1,100,2022-07-27
100,4,2024-11-07,0.6219968059305512,gemini_vector,4.240333154070433,0.1,100,2022-07-27
100,4,2024-12-18,0.8467408795732383,gemini_vector,5.937570104943404,0.1,100,2022-07-27
100,4,2022-09-21,-4.728850791825261,tfidf_bigram_only,1.4201051040046815,10000.0,100,2022-07-27
100,4,2022-11-02,2.605464816532983,tfidf_bigram_only,1.4200744749348768,10000.0,100,2022-07-27
100,4,2022-12-14,6.577045295685347,tfidf_bigram_only,1.4200791292906458,10000.0,100,2022-07-27
100,4,2023-02-01,2.5257798164174163,tfidf_bigram_only,1.41930088782278,10000.0,100,2022-07-27
100,4,2023-03-22,-6.204536146166191,tfidf_bigram_only,1.420098743478292,10000.0,100,2022-07-27
100,4,2023-05-03,4.881469132982449,tfidf_bigram_only,1.4200979161731373,10000.0,100,2022-07-27
100,4,2023-06-14,6.063975282786163,tfidf_bigram_only,1.420304023374237,10000.0,100,2022-07-27
100,4,2023-07-26,2.3126105893465296,tfidf_bigram_only,1.420247105691983,10000.0,100,2022-07-27
100,4,2023-09-20,-2.635491551002436,tfidf_bigram_only,1.4201753774044201,10000.0,100,2022-07-27
100,4,2023-11-01,-4.411522180090532,tfidf_bigram_only,1.4201317083415905,10000.0,100,2022-07-27
100,4,2023-12-13,6.255803319654673,tfidf_bigram_only,1.4202733128694305,10000.0,100,2022-07-27
100,4,2024-01-31,3.6615937297733945,tfidf_bigram_only,1.420475025162391,10000.0,100,2022-07-27
100,4,2024-03-20,4.178257495449124,tfidf_bigram_only,1.4202540927895526,10000.0,100,2022-07-27
100,4,2024-05-01,-2.980468016904972,tfidf_bigram_only,1.4201945224095809,10000.0,100,2022-07-27
100,4,2024-06-12,5.130250058983746,tfidf_bigram_only,1.4202019878903995,10000.0,100,2022-07-27
100,4,2024-07-31,-0.1107106366835336,tfidf_bigram_only,1.4202635575758806,10000.0,100,2022-07-27
100,4,2024-09-18,2.7356950767003108,tfidf_bigram_only,1.4202154630909705,10000.0,100,2022-07-27
100,4,2024-11-07,0.6219968059305512,tfidf_bigram_only,1.4201257795290063,10000.0,100,2022-07-27
100,4,2024-12-18,0.8467408795732383,tfidf_bigram_only,1.4203085637153454,10000.0,100,2022-07-27
100,4,2022-09-21,-4.728850791825261,counts_e5,2.525799142001264,0.1,100,2022-07-27
100,4,2022-11-02,2.605464816532983,counts_e5,-1.7062884752428324,0.1,100,2022-07-27
100,4,2022-12-14,6.577045295685347,counts_e5,2.072115316577148,0.1,100,2022-07-27
100,4,2023-02-01,2.5257798164174163,counts_e5,-3.647596623068411,0.1,100,2022-07-27
100,4,2023-03-22,-6.204536146166191,counts_e5,-0.16208815722765357,0.1,100,2022-07-27
100,4,2023-05-03,4.881469132982449,counts_e5,0.7028642819928271,0.1,100,2022-07-27
100,4,2023-06-14,6.063975282786163,counts_e5,3.6658880276781383,0.1,100,2022-07-27
100,4,2023-07-26,2.3126105893465296,counts_e5,7.1629904385155285,0.1,100,2022-07-27
100,4,2023-09-20,-2.635491551002436,counts_e5,1.995034096045237,0.1,100,2022-07-27
100,4,2023-11-01,-4.411522180090532,counts_e5,-2.32775972797988,0.1,100,2022-07-27
100,4,2023-12-13,6.255803319654673,counts_e5,1.4691212158648295,0.1,100,2022-07-27
100,4,2024-01-31,3.6615937297733945,counts_e5,5.5280789119593505,0.1,100,2022-07-27
100,4,2024-03-20,4.178257495449124,counts_e5,2.886939332832516,0.1,100,2022-07-27
100,4,2024-05-01,-2.980468016904972,counts_e5,-1.3299624928745684,0.1,100,2022-07-27
100,4,2024-06-12,5.130250058983746,counts_e5,0.835807376986788,0.1,100,2022-07-27
100,4,2024-07-31,-0.1107106366835336,counts_e5,-1.584731345389879,0.1,100,2022-07-27
100,4,2024-09-18,2.7356950767003108,counts_e5,-2.0179703409694247,0.1,100,2022-07-27
100,4,2024-11-07,0.6219968059305512,counts_e5,5.952348397172273,0.1,100,2022-07-27
100,4,2024-12-18,0.8467408795732383,counts_e5,3.6146020300238857,0.1,100,2022-07-27
