mention_id,meeting_date,source_path,phrase,matched_text,direction,sign,sentence_text,start,section,section_group,section_assignment_method
minutes_2000-02-02_author_method_0001,2000-02-02,/mnt/data/FOMC_CVJ_Benchmark_Update_20260919/data/minutes/Minutes/2000/fomcminutes20000202.txt,stock market index*,stock market indexes,fell,negative,"The effects of higher interest rates apparently offset those of unexpectedly high corporate earnings, and most broad stock market indexes fell slightly on balance over the intermeeting period.",32393,Unavailable: pre-2009 manual assignment not supplied,unavailable,unavailable_original_manual_assignment
minutes_2000-02-02_author_method_0002,2000-02-02,/mnt/data/FOMC_CVJ_Benchmark_Update_20260919/data/minutes/Minutes/2000/fomcminutes20000202.txt,equity price*,equity prices,gain*,positive,The expansion of domestic final demand increasingly would be held back by the anticipated waning of positive wealth effects associated with earlier large gains in equity prices and by higher interest rates.,33966,Unavailable: pre-2009 manual assignment not supplied,unavailable,unavailable_original_manual_assignment
minutes_2000-02-02_author_method_0003,2000-02-02,/mnt/data/FOMC_CVJ_Benchmark_Update_20260919/data/minutes/Minutes/2000/fomcminutes20000202.txt,stock market wealth,stock market wealth,increas*,positive,"Accelerating productivity, although adding to the growth of the economy's potential output, also had induced expectations of rapidly accelerating business earnings that in turn had generated sharp increases in stock market wealth and lifted the growth of purchasing power and spending above that in incomes.",35599,Unavailable: pre-2009 manual assignment not supplied,unavailable,unavailable_original_manual_assignment
minutes_2000-02-02_author_method_0004,2000-02-02,/mnt/data/FOMC_CVJ_Benchmark_Update_20260919/data/minutes/Minutes/2000/fomcminutes20000202.txt,asset valu*,asset values,rise*,positive,Relatively high real interest rates that reflected the increased productivity and damped the rise in asset values would be needed to help restore balance.,35798,Unavailable: pre-2009 manual assignment not supplied,unavailable,unavailable_original_manual_assignment
minutes_2000-02-02_author_method_0005,2000-02-02,/mnt/data/FOMC_CVJ_Benchmark_Update_20260919/data/minutes/Minutes/2000/fomcminutes20000202.txt,stock market price*,stock market prices,advanc*,positive,"Consumption was being supported by robust growth in jobs and incomes, very high levels of consumer confidence, and the lagged wealth effects from earlier advances in stock market prices.",38137,Unavailable: pre-2009 manual assignment not supplied,unavailable,unavailable_original_manual_assignment
minutes_2000-02-02_author_method_0006,2000-02-02,/mnt/data/FOMC_CVJ_Benchmark_Update_20260919/data/minutes/Minutes/2000/fomcminutes20000202.txt,stock market price*,stock market prices,high*,positive,"As the experience of recent years had amply demonstrated, however, the future course of stock market prices was highly uncertain, and equity markets had shown a remarkable resilience to higher interest rates as earning prospects continued to be marked up in association with the acceleration in productivity.",38463,Unavailable: pre-2009 manual assignment not supplied,unavailable,unavailable_original_manual_assignment
minutes_2000-03-21_author_method_0001,2000-03-21,/mnt/data/FOMC_CVJ_Benchmark_Update_20260919/data/minutes/Minutes/2000/fomcminutes20000321.txt,equity price*,equity prices,mov* up,positive,Most major indexes of equity prices moved up appreciably on net over the intermeeting period.,16727,Unavailable: pre-2009 manual assignment not supplied,unavailable,unavailable_original_manual_assignment
minutes_2000-03-21_author_method_0002,2000-03-21,/mnt/data/FOMC_CVJ_Benchmark_Update_20260919/data/minutes/Minutes/2000/fomcminutes20000321.txt,equity price*,equity prices,gain*,positive,The expansion of domestic final demand increasingly would be held back by the anticipated waning of positive wealth effects associated with large earlier gains in equity prices and by higher interest rates.,18207,Unavailable: pre-2009 manual assignment not supplied,unavailable,unavailable_original_manual_assignment
minutes_2000-03-21_author_method_0003,2000-03-21,/mnt/data/FOMC_CVJ_Benchmark_Update_20260919/data/minutes/Minutes/2000/fomcminutes20000321.txt,stock market price*,stock market prices,advanc*,positive,"Even so, further increases in household incomes along with the lagged wealth effects of the sharp earlier advances in stock market prices seemed likely to sustain relatively strong consumer spending for some period of time.",22051,Unavailable: pre-2009 manual assignment not supplied,unavailable,unavailable_original_manual_assignment
minutes_2000-05-16_author_method_0001,2000-05-16,/mnt/data/FOMC_CVJ_Benchmark_Update_20260919/data/minutes/Minutes/2000/fomcminutes20000516.txt,household wealth,household wealth,gain*,positive,"However, the underlying trend in spending remained strong as a result of robust expansion of disposable incomes, the large accumulated gains in household wealth, and very positive consumer sentiment.",6644,Unavailable: pre-2009 manual assignment not supplied,unavailable,unavailable_original_manual_assignment
minutes_2000-05-16_author_method_0002,2000-05-16,/mnt/data/FOMC_CVJ_Benchmark_Update_20260919/data/minutes/Minutes/2000/fomcminutes20000516.txt,stock market wealth,stock market wealth,gain*,positive,The persisting strong demand for housing during a period of rising mortgage rates apparently was being underpinned by the rapid growth of jobs and the accumulated gains in stock market wealth.,7137,Unavailable: pre-2009 manual assignment not supplied,unavailable,unavailable_original_manual_assignment
minutes_2000-05-16_author_method_0003,2000-05-16,/mnt/data/FOMC_CVJ_Benchmark_Update_20260919/data/minutes/Minutes/2000/fomcminutes20000516.txt,stock price*,stock prices,fell,negative,"Subsequently, interest rates fell as stock prices tumbled over the first half of April, when investors seemed to revise downward their assessments of equity valuations, especially those of more speculative technology shares that previously had risen considerably.",12368,Unavailable: pre-2009 manual assignment not supplied,unavailable,unavailable_original_manual_assignment
minutes_2000-05-16_author_method_0004,2000-05-16,/mnt/data/FOMC_CVJ_Benchmark_Update_20260919/data/minutes/Minutes/2000/fomcminutes20000516.txt,equity price*,equity prices,declin*,negative,Most major indexes of equity prices declined significantly over the intermeeting period.,13011,Unavailable: pre-2009 manual assignment not supplied,unavailable,unavailable_original_manual_assignment
minutes_2000-05-16_author_method_0005,2000-05-16,/mnt/data/FOMC_CVJ_Benchmark_Update_20260919/data/minutes/Minutes/2000/fomcminutes20000516.txt,equity price*,equity prices,gain*,positive,The expansion of domestic final demand increasingly would be held back by the anticipated waning of positive wealth effects associated with earlier large gains in equity prices and by higher interest rates.,14588,Unavailable: pre-2009 manual assignment not supplied,unavailable,unavailable_original_manual_assignment
minutes_2000-05-16_author_method_0006,2000-05-16,/mnt/data/FOMC_CVJ_Benchmark_Update_20260919/data/minutes/Minutes/2000/fomcminutes20000516.txt,stock market price*,stock market prices,rise*,positive,Consumer sentiment had remained upbeat in the context of an extended period of sizable expansion in employment and incomes and the sharp rise in stock market prices over the course of recent years.,17880,Unavailable: pre-2009 manual assignment not supplied,unavailable,unavailable_original_manual_assignment
minutes_2000-05-16_author_method_0007,2000-05-16,/mnt/data/FOMC_CVJ_Benchmark_Update_20260919/data/minutes/Minutes/2000/fomcminutes20000516.txt,stock market*,stock market,downward movement,negative,Some members observed that the slightly less ebullient consumer behavior recently might have been influenced to some extent by the volatility and downward movement in the stock market over the course of the past several weeks.,18104,Unavailable: pre-2009 manual assignment not supplied,unavailable,unavailable_original_manual_assignment
minutes_2000-05-16_author_method_0008,2000-05-16,/mnt/data/FOMC_CVJ_Benchmark_Update_20260919/data/minutes/Minutes/2000/fomcminutes20000516.txt,equity price*,equity prices,high*,positive,"The strength in demand might itself be, at least in part, the result of the ongoing acceleration of productivity, with the latter feeding back on demand through higher equity prices and profitable investment opportunities.",23175,Unavailable: pre-2009 manual assignment not supplied,unavailable,unavailable_original_manual_assignment
minutes_2000-06-28_author_method_0001,2000-06-28,/mnt/data/FOMC_CVJ_Benchmark_Update_20260919/data/minutes/Minutes/2000/fomcminutes20000628.txt,household wealth,household wealth,gain*,positive,"Despite the recent weakness, however, continued solid expansion of disposable incomes, the large accumulated gains in household wealth, and very positive consumer sentiment suggested that underlying fundamentals behind household spending remained favorable.",6058,Unavailable: pre-2009 manual assignment not supplied,unavailable,unavailable_original_manual_assignment
minutes_2000-06-28_author_method_0002,2000-06-28,/mnt/data/FOMC_CVJ_Benchmark_Update_20260919/data/minutes/Minutes/2000/fomcminutes20000628.txt,equity price*,equity prices,declin*,negative,These concerns apparently contributed to sharp further declines in equity prices and to widening risk spreads on corporate bonds.,10718,Unavailable: pre-2009 manual assignment not supplied,unavailable,unavailable_original_manual_assignment
minutes_2000-06-28_author_method_0003,2000-06-28,/mnt/data/FOMC_CVJ_Benchmark_Update_20260919/data/minutes/Minutes/2000/fomcminutes20000628.txt,equity market*,equity markets,rebound*,positive,"Subsequently, debt and equity markets rebounded in response to a series of US economic data releases that were viewed as signaling a moderation in aggregate demand and a continuation of limited cost and price pressures, and thus a reduced probability of additional monetary tightening.",10804,Unavailable: pre-2009 manual assignment not supplied,unavailable,unavailable_original_manual_assignment
minutes_2000-06-28_author_method_0004,2000-06-28,/mnt/data/FOMC_CVJ_Benchmark_Update_20260919/data/minutes/Minutes/2000/fomcminutes20000628.txt,equity price*,equity prices,gain*,positive,"The expansion of domestic final demand increasingly would be held back by the anticipated waning of positive wealth effects associated with earlier large gains in equity prices and by higher interest rates; as a result, growth of spending on consumer durables and houses was expected to slow further.",13176,Unavailable: pre-2009 manual assignment not supplied,unavailable,unavailable_original_manual_assignment
minutes_2000-06-28_author_method_0005,2000-06-28,/mnt/data/FOMC_CVJ_Benchmark_Update_20260919/data/minutes/Minutes/2000/fomcminutes20000628.txt,stock market price*,stock market prices,gain*,positive,Those factors included gradually waning wealth effects associated with the absence of further large gains in stock market prices; rising levels of consumer debt; the loss of consumer purchasing power stemming from higher energy prices; and the large cumulative buildup of consumer stocks of motor vehicles and other durables.,17889,Unavailable: pre-2009 manual assignment not supplied,unavailable,unavailable_original_manual_assignment
minutes_2000-06-28_author_method_0006,2000-06-28,/mnt/data/FOMC_CVJ_Benchmark_Update_20260919/data/minutes/Minutes/2000/fomcminutes20000628.txt,stock price*,stock prices,run up,positive,The slowdown evidently reflected the effects of higher mortgage interest rates on a growing number of homebuyers and probably also the diminishing wealth effects of the earlier run-up in stock prices and the cumulatively large additions to the stock of housing in the economy.,18960,Unavailable: pre-2009 manual assignment not supplied,unavailable,unavailable_original_manual_assignment
minutes_2000-08-22_author_method_0001,2000-08-22,/mnt/data/FOMC_CVJ_Benchmark_Update_20260919/data/minutes/Minutes/2000/fomcminutes20000822.txt,stock market price*,stock market prices,rose,positive,Most broad indexes of stock market prices rose somewhat over the period since the June meeting.,10510,Unavailable: pre-2009 manual assignment not supplied,unavailable,unavailable_original_manual_assignment
minutes_2000-08-22_author_method_0002,2000-08-22,/mnt/data/FOMC_CVJ_Benchmark_Update_20260919/data/minutes/Minutes/2000/fomcminutes20000822.txt,equity price*,equity prices,gain*,positive,The forecast anticipated that the expansion of domestic final demand would be held back to some extent by the waning and eventual disappearance of positive wealth effects associated with outsized earlier gains in equity prices and by higher interest rates.,12730,Unavailable: pre-2009 manual assignment not supplied,unavailable,unavailable_original_manual_assignment
minutes_2000-08-22_author_method_0003,2000-08-22,/mnt/data/FOMC_CVJ_Benchmark_Update_20260919/data/minutes/Minutes/2000/fomcminutes20000822.txt,stock market*,stock market,rising,positive,"Over the course of recent years, accelerating productivity gains had tended to boost aggregate demand by even more than potential aggregate supply owing to the effects of stronger profits on investment spending and, through the rising stock market, on consumption as well.",16794,Unavailable: pre-2009 manual assignment not supplied,unavailable,unavailable_original_manual_assignment
minutes_2000-08-22_author_method_0004,2000-08-22,/mnt/data/FOMC_CVJ_Benchmark_Update_20260919/data/minutes/Minutes/2000/fomcminutes20000822.txt,equity price*,equity prices,rise*,positive,"While the recent rally in domestic financial markets could be viewed as having partially eroded the degree of monetary restraint implemented earlier, real interest rates for private borrowers were still at relatively elevated levels, banking institutions were continuing to report further tightening of their standards and terms for business loans, equity prices had risen only modestly, and the dollar had firmed over recent months.",24592,Unavailable: pre-2009 manual assignment not supplied,unavailable,unavailable_original_manual_assignment
minutes_2000-10-03_author_method_0001,2000-10-03,/mnt/data/FOMC_CVJ_Benchmark_Update_20260919/data/minutes/Minutes/2000/fomcminutes20001003.txt,stock market price*,stock market prices,declin*,negative,"Against a background of some upward pressure on long-term Treasury yields and of growing concerns about corporate earnings, most broad indexes of stock market prices declined somewhat over the intermeeting period.",11607,Unavailable: pre-2009 manual assignment not supplied,unavailable,unavailable_original_manual_assignment
minutes_2000-10-03_author_method_0002,2000-10-03,/mnt/data/FOMC_CVJ_Benchmark_Update_20260919/data/minutes/Minutes/2000/fomcminutes20001003.txt,equity price*,equity prices,gain*,positive,The forecast anticipated that the expansion of domestic final demand would be held back to some extent by the eventual disappearance of positive wealth effects associated with outsized earlier gains in equity prices and by higher interest rates.,13868,Unavailable: pre-2009 manual assignment not supplied,unavailable,unavailable_original_manual_assignment
minutes_2000-10-03_author_method_0003,2000-10-03,/mnt/data/FOMC_CVJ_Benchmark_Update_20260919/data/minutes/Minutes/2000/fomcminutes20001003.txt,equity price*,equity prices,soft*,negative,"Looking ahead, they generally anticipated that the softening in equity prices and the rise in interest rates that had occurred earlier in the year would contribute to keeping growth in demand at a more subdued but still relatively robust pace.",15127,Unavailable: pre-2009 manual assignment not supplied,unavailable,unavailable_original_manual_assignment
minutes_2000-10-03_author_method_0004,2000-10-03,/mnt/data/FOMC_CVJ_Benchmark_Update_20260919/data/minutes/Minutes/2000/fomcminutes20001003.txt,equity price*,equity prices,weak*,negative,"Retarding influences bearing on the outlook for investment expenditures included forecasts of slower growth in final demand and less favorable financial conditions, notably weakness in the equity prices of numerous ""new economy"" firms and tightening credit availability for business firms that did not enjoy investment-grade credit ratings or favorable earnings prospects.",19162,Unavailable: pre-2009 manual assignment not supplied,unavailable,unavailable_original_manual_assignment
minutes_2000-11-15_author_method_0001,2000-11-15,/mnt/data/FOMC_CVJ_Benchmark_Update_20260919/data/minutes/Minutes/2000/fomcminutes20001115.txt,equity price*,equity prices,gain*,positive,The forecast anticipated that the expansion of domestic final demand would be held back to some extent by the waning influence of the positive wealth effects associated with past outsized gains in equity prices but also by some firming of conditions in credit markets.,14278,Unavailable: pre-2009 manual assignment not supplied,unavailable,unavailable_original_manual_assignment
minutes_2000-11-15_author_method_0002,2000-11-15,/mnt/data/FOMC_CVJ_Benchmark_Update_20260919/data/minutes/Minutes/2000/fomcminutes20001115.txt,equity price*,equity prices,low*,negative,"Actual and expected shortfalls in business profitability had led to tighter credit conditions for many borrowers and lower equity prices, which would continue to restrain spending; moreover, further pressure on profit margins, with adverse effects on financial markets, business investment, and consumer spending, was a distinct possibility.",15694,Unavailable: pre-2009 manual assignment not supplied,unavailable,unavailable_original_manual_assignment
minutes_2000-11-15_author_method_0003,2000-11-15,/mnt/data/FOMC_CVJ_Benchmark_Update_20260919/data/minutes/Minutes/2000/fomcminutes20001115.txt,wealth effect*,wealth effects,strong*,positive,"Factors cited in support of a somewhat weaker trajectory in consumer spending included the impact of elevated energy costs, the high debt burdens of many households, and the ebbing of the wealth effects from strong earlier gains in stock market prices.",19979,Unavailable: pre-2009 manual assignment not supplied,unavailable,unavailable_original_manual_assignment
minutes_2000-11-15_author_method_0004,2000-11-15,/mnt/data/FOMC_CVJ_Benchmark_Update_20260919/data/minutes/Minutes/2000/fomcminutes20001115.txt,stock market price*,stock market prices,gain*,positive,"Factors cited in support of a somewhat weaker trajectory in consumer spending included the impact of elevated energy costs, the high debt burdens of many households, and the ebbing of the wealth effects from strong earlier gains in stock market prices.",20023,Unavailable: pre-2009 manual assignment not supplied,unavailable,unavailable_original_manual_assignment
minutes_2000-12-19_author_method_0001,2000-12-19,/mnt/data/FOMC_CVJ_Benchmark_Update_20260919/data/minutes/Minutes/2000/fomcminutes20001219.txt,stock price*,stock prices,low*,negative,"Consumer spending appeared to be decelerating noticeably further in the fourth quarter in an environment of diminished consumer confidence, smaller job gains, and lower stock prices.",5620,Unavailable: pre-2009 manual assignment not supplied,unavailable,unavailable_original_manual_assignment
minutes_2000-12-19_author_method_0002,2000-12-19,/mnt/data/FOMC_CVJ_Benchmark_Update_20260919/data/minutes/Minutes/2000/fomcminutes20001219.txt,equity price*,equity prices,down,negative,"The weaker outlook for economic growth, coupled with growing market concerns about corporate earnings, weighed down equity prices and boosted risk spreads on lower-rated investment-grade and high-yield bonds.",12832,Unavailable: pre-2009 manual assignment not supplied,unavailable,unavailable_original_manual_assignment
minutes_2000-12-19_author_method_0003,2000-12-19,/mnt/data/FOMC_CVJ_Benchmark_Update_20260919/data/minutes/Minutes/2000/fomcminutes20001219.txt,stock market price*,stock market prices,drop*,negative,"Equity prices were quite volatile during the intermeeting period and, reflecting numerous dour reports on corporate earnings and incoming information indicating slower growth in economic activity in the United States, broad indexes of stock market prices dropped considerably on balance over the intermeeting period.",13160,Unavailable: pre-2009 manual assignment not supplied,unavailable,unavailable_original_manual_assignment
minutes_2000-12-19_author_method_0004,2000-12-19,/mnt/data/FOMC_CVJ_Benchmark_Update_20260919/data/minutes/Minutes/2000/fomcminutes20001219.txt,equity price*,equity prices,gain*,positive,The forecast anticipated that the expansion of domestic final demand would be held back to some extent by the diminishing influence of the wealth effects associated with past outsized gains in equity prices but also by the relatively high interest rates and the somewhat stringent credit terms and conditions on some types of loans by financial institutions.,15243,Unavailable: pre-2009 manual assignment not supplied,unavailable,unavailable_original_manual_assignment
minutes_2000-12-19_author_method_0005,2000-12-19,/mnt/data/FOMC_CVJ_Benchmark_Update_20260919/data/minutes/Minutes/2000/fomcminutes20001219.txt,stock market price*,stock market prices,declin*,negative,"Factors cited to account for the relatively sudden emergence of this weakness, and also as possible harbingers of developments in coming quarters, were the negative wealth effects of further declines in stock market prices, the impact of very high energy costs on disposable incomes, and some increase in caution about the outlook for employment opportunities and incomes.",18842,Unavailable: pre-2009 manual assignment not supplied,unavailable,unavailable_original_manual_assignment
minutes_2000-12-19_author_method_0006,2000-12-19,/mnt/data/FOMC_CVJ_Benchmark_Update_20260919/data/minutes/Minutes/2000/fomcminutes20001219.txt,equity price*,equity prices,declin*,negative,The slowdown reflected a mix of interrelated developments including flagging growth in demand and tightening financial conditions in the form of declining equity prices and stricter credit terms for many business borrowers.,19694,Unavailable: pre-2009 manual assignment not supplied,unavailable,unavailable_original_manual_assignment
minutes_2000-12-19_author_method_0007,2000-12-19,/mnt/data/FOMC_CVJ_Benchmark_Update_20260919/data/minutes/Minutes/2000/fomcminutes20001219.txt,equity price*,equity prices,deteriorat*,negative,"The profitability of using and producing such software and equipment had been overestimated to a degree, and disappointing sales and a better appreciation of risks had resulted in much slower growth in production of such equipment and sharp deterioration in the equity prices of high-tech companies.",20105,Unavailable: pre-2009 manual assignment not supplied,unavailable,unavailable_original_manual_assignment
minutes_2000-12-19_author_method_0008,2000-12-19,/mnt/data/FOMC_CVJ_Benchmark_Update_20260919/data/minutes/Minutes/2000/fomcminutes20001219.txt,stock market price*,stock market prices,declin*,negative,"Housing demand was, of course, responding to many of the same factors that were affecting consumer spending, including the negative wealth effects of declining stock market prices.",21204,Unavailable: pre-2009 manual assignment not supplied,unavailable,unavailable_original_manual_assignment
minutes_2001-01-31_author_method_0001,2001-01-31,/mnt/data/FOMC_CVJ_Benchmark_Update_20260919/data/minutes/Minutes/2001/fomcminutes20010131.txt,us stock market price*,US stock market prices,rose,positive,"The Committee's action seemed to help ease some concerns about the longer-term outlook, and risk spreads on lower-grade bonds fell substantially while broad indexes of US stock market prices rose on balance over the intermeeting period.",39789,Unavailable: pre-2009 manual assignment not supplied,unavailable,unavailable_original_manual_assignment
minutes_2001-01-31_author_method_0002,2001-01-31,/mnt/data/FOMC_CVJ_Benchmark_Update_20260919/data/minutes/Minutes/2001/fomcminutes20010131.txt,household* net worth,household net worth,declin*,negative,"The forecast anticipated that the expansion of domestic final demand would be held back to some extent by the decline in household net worth associated with the downturn that had occurred in equity prices, the remaining effects of prior monetary restraint, and the continuation of somewhat stringent credit terms and conditions on some types of loans by financial institutions.",41882,Unavailable: pre-2009 manual assignment not supplied,unavailable,unavailable_original_manual_assignment
minutes_2001-01-31_author_method_0003,2001-01-31,/mnt/data/FOMC_CVJ_Benchmark_Update_20260919/data/minutes/Minutes/2001/fomcminutes20010131.txt,equity price*,equity prices,low*,negative,"Energy prices remained elevated and were continuing to depress business and household purchasing power; the overhang of excess capital stocks in some sectors could turn out to be sizable, depressing investment spending for some time; consumer confidence could worsen appreciably more in the face of weaker expansion of incomes and higher job layoffs; and investor concerns about earnings could increase further, sparking lower equity prices and tighter standards and terms on credit.",45651,Unavailable: pre-2009 manual assignment not supplied,unavailable,unavailable_original_manual_assignment
minutes_2001-01-31_author_method_0004,2001-01-31,/mnt/data/FOMC_CVJ_Benchmark_Update_20260919/data/minutes/Minutes/2001/fomcminutes20010131.txt,wealth effect*,wealth effects,adverse,negative,"Other negative factors cited by the members included the adverse wealth effects of the decrease in stock market valuations, relatively high consumer debt service burdens, and possible retrenchment by consumers after an extended period of large increases in purchases and related buildups of consumer durables.",47968,Unavailable: pre-2009 manual assignment not supplied,unavailable,unavailable_original_manual_assignment
minutes_2001-01-31_author_method_0005,2001-01-31,/mnt/data/FOMC_CVJ_Benchmark_Update_20260919/data/minutes/Minutes/2001/fomcminutes20010131.txt,stock market*,stock market,decreas*,negative,"Other negative factors cited by the members included the adverse wealth effects of the decrease in stock market valuations, relatively high consumer debt service burdens, and possible retrenchment by consumers after an extended period of large increases in purchases and related buildups of consumer durables.",48002,Unavailable: pre-2009 manual assignment not supplied,unavailable,unavailable_original_manual_assignment
minutes_2001-03-20_author_method_0001,2001-03-20,/mnt/data/FOMC_CVJ_Benchmark_Update_20260919/data/minutes/Minutes/2001/fomcminutes20010320.txt,stock price*,stock prices,declin*,negative,"However, incoming economic data, a steady flow of disappointing corporate earnings reports, related sharp declines in stock prices, and a notable drop in consumer confidence led market participants to conclude that more monetary easing would be required.",11774,Unavailable: pre-2009 manual assignment not supplied,unavailable,unavailable_original_manual_assignment
minutes_2001-03-20_author_method_0002,2001-03-20,/mnt/data/FOMC_CVJ_Benchmark_Update_20260919/data/minutes/Minutes/2001/fomcminutes20010320.txt,household* net worth,household net worth,declin*,negative,"The forecast anticipated that the expansion of domestic final demand would be held back to an extent by the decline in household net worth associated with the downturn that had occurred in equity prices, the lingering effects of last year's relatively high interest rates, and the continuation of relatively stringent terms and conditions on some types of loans by financial institutions.",14090,Unavailable: pre-2009 manual assignment not supplied,unavailable,unavailable_original_manual_assignment
minutes_2001-03-20_author_method_0003,2001-03-20,/mnt/data/FOMC_CVJ_Benchmark_Update_20260919/data/minutes/Minutes/2001/fomcminutes20010320.txt,stock market*,stock market,declin*,negative,"Downside risks cited by the members included the substantial declines that had already occurred in measures of consumer confidence and equity wealth, and the possibility that consumer sentiment might be undermined even further by continued volatility and additional declines in the stock market and by rising concerns about job losses amid persistent announcements of layoffs.",17740,Unavailable: pre-2009 manual assignment not supplied,unavailable,unavailable_original_manual_assignment
minutes_2001-03-20_author_method_0004,2001-03-20,/mnt/data/FOMC_CVJ_Benchmark_Update_20260919/data/minutes/Minutes/2001/fomcminutes20010320.txt,equity market*,equity markets,weak*,negative,Many businesses also were inhibited in their investment activities by less accommodative financial conditions associated with weaker equity markets and tighter credit terms and conditions imposed by banking institutions.,19470,Unavailable: pre-2009 manual assignment not supplied,unavailable,unavailable_original_manual_assignment
minutes_2001-03-20_author_method_0005,2001-03-20,/mnt/data/FOMC_CVJ_Benchmark_Update_20260919/data/minutes/Minutes/2001/fomcminutes20010320.txt,financial wealth,financial wealth,declin*,negative,Housing activity was generally holding up well across the country as the effects of appreciably reduced mortgage interest rates apparently compensated for the negative effects of declining financial wealth on the demand for housing.,20865,Unavailable: pre-2009 manual assignment not supplied,unavailable,unavailable_original_manual_assignment
minutes_2001-03-20_author_method_0006,2001-03-20,/mnt/data/FOMC_CVJ_Benchmark_Update_20260919/data/minutes/Minutes/2001/fomcminutes20010320.txt,stock market price*,stock market prices,declin*,negative,"However, some commented that the amount of financial stimulus was much smaller than might otherwise be expected from policy easing of this cumulative amount because it had been accompanied by further declines in stock market prices, more stringent financing terms for many business borrowers, and a stronger dollar, all of which would be holding down domestic spending and production.",25193,Unavailable: pre-2009 manual assignment not supplied,unavailable,unavailable_original_manual_assignment
minutes_2001-03-20_author_method_0007,2001-03-20,/mnt/data/FOMC_CVJ_Benchmark_Update_20260919/data/minutes/Minutes/2001/fomcminutes20010320.txt,equity price*,equity prices,declin*,negative,"Indeed, financial markets had come to place some odds on a larger move of 75 basis points in recent days, importantly reflecting the possibility of a presumed policy response to the sizable declines in equity prices that had occurred as earnings prospects proved disappointing.",25568,Unavailable: pre-2009 manual assignment not supplied,unavailable,unavailable_original_manual_assignment
minutes_2001-05-15_author_method_0001,2001-05-15,/mnt/data/FOMC_CVJ_Benchmark_Update_20260919/data/minutes/Minutes/2001/fomcminutes20010515.txt,household* net worth,household net worth,reduc*,negative,"Consumer spending had held up relatively well thus far this year despite the deceleration in personal incomes, reduced household net worth, and deterioration in consumer sentiment since last autumn.",5964,Unavailable: pre-2009 manual assignment not supplied,unavailable,unavailable_original_manual_assignment
minutes_2001-05-15_author_method_0002,2001-05-15,/mnt/data/FOMC_CVJ_Benchmark_Update_20260919/data/minutes/Minutes/2001/fomcminutes20010515.txt,equity price*,equity prices,rise*,positive,The more optimistic assessment of the economic outlook and the unexpected intermeeting easing action apparently contributed to a narrowing of risk premiums on lower-grade private debt obligations and to a rise in equity prices.,12367,Unavailable: pre-2009 manual assignment not supplied,unavailable,unavailable_original_manual_assignment
minutes_2001-05-15_author_method_0003,2001-05-15,/mnt/data/FOMC_CVJ_Benchmark_Update_20260919/data/minutes/Minutes/2001/fomcminutes20010515.txt,stock price*,stock prices,boost*,positive,"Better-than-expected first-quarter earnings also boosted stock prices, and broad indexes of US stock market prices moved substantially higher.",12439,Unavailable: pre-2009 manual assignment not supplied,unavailable,unavailable_original_manual_assignment
minutes_2001-05-15_author_method_0004,2001-05-15,/mnt/data/FOMC_CVJ_Benchmark_Update_20260919/data/minutes/Minutes/2001/fomcminutes20010515.txt,household* net worth,household net worth,declin*,negative,"Despite the substantial easing in the stance of monetary policy, the forecast anticipated that the expansion of domestic final demand would be held back to an extent by some of the developments in financial markets-in particular, the decline in household net worth associated with the earlier downturn in equity prices, the continuation of relatively stringent terms and conditions on some types of loans by financial institutions, and the appreciation of the dollar.",14739,Unavailable: pre-2009 manual assignment not supplied,unavailable,unavailable_original_manual_assignment
minutes_2001-05-15_author_method_0005,2001-05-15,/mnt/data/FOMC_CVJ_Benchmark_Update_20260919/data/minutes/Minutes/2001/fomcminutes20010515.txt,equity price*,equity prices,downturn,negative,"Despite the substantial easing in the stance of monetary policy, the forecast anticipated that the expansion of domestic final demand would be held back to an extent by some of the developments in financial markets-in particular, the decline in household net worth associated with the earlier downturn in equity prices, the continuation of relatively stringent terms and conditions on some types of loans by financial institutions, and the appreciation of the dollar.",14799,Unavailable: pre-2009 manual assignment not supplied,unavailable,unavailable_original_manual_assignment
minutes_2001-05-15_author_method_0006,2001-05-15,/mnt/data/FOMC_CVJ_Benchmark_Update_20260919/data/minutes/Minutes/2001/fomcminutes20010515.txt,household wealth,household wealth,declin*,negative,"Partly as a result of the decline in household wealth, growth of consumer spending was expected to remain relatively low for some time, and housing demand would increase only a little from its recent level.",14999,Unavailable: pre-2009 manual assignment not supplied,unavailable,unavailable_original_manual_assignment
minutes_2001-05-15_author_method_0007,2001-05-15,/mnt/data/FOMC_CVJ_Benchmark_Update_20260919/data/minutes/Minutes/2001/fomcminutes20010515.txt,stock market*,stock market,declin*,negative,"With regard to the outlook for key sectors of the economy, a number of members commented that consumer spending had held up reasonably well in recent months despite a variety of adverse developments including the negative wealth effects of stock market declines, widely publicized job cutbacks, heavy consumer debt loads, and previous overspending by many consumers.",18448,Unavailable: pre-2009 manual assignment not supplied,unavailable,unavailable_original_manual_assignment
minutes_2001-05-15_author_method_0008,2001-05-15,/mnt/data/FOMC_CVJ_Benchmark_Update_20260919/data/minutes/Minutes/2001/fomcminutes20010515.txt,stock market price*,stock market price,declin*,negative,"As in the past, consumer spending attitudes likely would depend importantly on trends in employment and income, and further increases in unemployment in the period just ahead along with the negative wealth effects of earlier stock market price declines and the persistence of high energy costs were likely to constrain the growth in consumer expenditures over coming quarters.",19017,Unavailable: pre-2009 manual assignment not supplied,unavailable,unavailable_original_manual_assignment
minutes_2001-05-15_author_method_0009,2001-05-15,/mnt/data/FOMC_CVJ_Benchmark_Update_20260919/data/minutes/Minutes/2001/fomcminutes20010515.txt,equity price*,equity prices,adjust*,negative,"To some extent, economic difficulties in foreign nations had occurred in concert with softening activity in the United States, and notable weakness in world high-tech markets along with the downward adjustment in equity prices globally represented a downside risk factor worldwide.",22741,Unavailable: pre-2009 manual assignment not supplied,unavailable,unavailable_original_manual_assignment
minutes_2001-06-27_author_method_0001,2001-06-27,/mnt/data/FOMC_CVJ_Benchmark_Update_20260919/data/minutes/Minutes/2001/fomcminutes20010627.txt,household* net worth,household net worth,declin*,negative,"Growth of consumer spending seemed to have slowed in the second quarter, reflecting the deceleration in personal income, the rise in unemployment, and the earlier decline in household net worth.",5893,Unavailable: pre-2009 manual assignment not supplied,unavailable,unavailable_original_manual_assignment
minutes_2001-06-27_author_method_0002,2001-06-27,/mnt/data/FOMC_CVJ_Benchmark_Update_20260919/data/minutes/Minutes/2001/fomcminutes20010627.txt,equity price*,equity prices,weigh* on,negative,"The pessimistic earnings reports also weighed on equity prices, which edged lower on balance.",11760,Unavailable: pre-2009 manual assignment not supplied,unavailable,unavailable_original_manual_assignment
minutes_2001-06-27_author_method_0003,2001-06-27,/mnt/data/FOMC_CVJ_Benchmark_Update_20260919/data/minutes/Minutes/2001/fomcminutes20010627.txt,household wealth,household wealth,declin*,negative,"Despite the substantial monetary easing that had been implemented already and the fiscal stimulus, including federal tax rebates, that was in train, the forecast anticipated that sluggish hiring and the decline in household wealth would restrain the growth of both consumer spending and housing demand.",13863,Unavailable: pre-2009 manual assignment not supplied,unavailable,unavailable_original_manual_assignment
minutes_2001-06-27_author_method_0004,2001-06-27,/mnt/data/FOMC_CVJ_Benchmark_Update_20260919/data/minutes/Minutes/2001/fomcminutes20010627.txt,equity price*,equity prices,low*,negative,"Weakness in business spending for equipment and software, efforts to reduce excess inventories, and the ongoing adaptation to lower equity prices in the United States and around the world were likely to hold back economic activity in the short run.",14862,Unavailable: pre-2009 manual assignment not supplied,unavailable,unavailable_original_manual_assignment
minutes_2001-06-27_author_method_0005,2001-06-27,/mnt/data/FOMC_CVJ_Benchmark_Update_20260919/data/minutes/Minutes/2001/fomcminutes20010627.txt,equity price*,equity prices,low*,negative,"Potential sources of shortfalls included the effects of possible further increases in unemployment on consumer and business confidence; the risks of disappointing business earnings that could damp investment and, through lower equity prices, consumption; and the growing indications of weakness in foreign economies that could limit demand for exports.",16146,Unavailable: pre-2009 manual assignment not supplied,unavailable,unavailable_original_manual_assignment
minutes_2001-06-27_author_method_0006,2001-06-27,/mnt/data/FOMC_CVJ_Benchmark_Update_20260919/data/minutes/Minutes/2001/fomcminutes20010627.txt,wealth effect*,wealth effects,adverse,negative,"Growth in consumer spending for goods and services, while moderating appreciably since earlier in the year, had nonetheless held up unexpectedly well given the adverse wealth effects associated with the declines in stock market prices, relatively high levels of consumer indebtedness, and job losses in a growing number of industries.",18991,Unavailable: pre-2009 manual assignment not supplied,unavailable,unavailable_original_manual_assignment
minutes_2001-06-27_author_method_0007,2001-06-27,/mnt/data/FOMC_CVJ_Benchmark_Update_20260919/data/minutes/Minutes/2001/fomcminutes20010627.txt,stock market price*,stock market prices,declin*,negative,"Growth in consumer spending for goods and services, while moderating appreciably since earlier in the year, had nonetheless held up unexpectedly well given the adverse wealth effects associated with the declines in stock market prices, relatively high levels of consumer indebtedness, and job losses in a growing number of industries.",19038,Unavailable: pre-2009 manual assignment not supplied,unavailable,unavailable_original_manual_assignment
minutes_2001-06-27_author_method_0008,2001-06-27,/mnt/data/FOMC_CVJ_Benchmark_Update_20260919/data/minutes/Minutes/2001/fomcminutes20010627.txt,stock market*,stock market,weak*,negative,"Looking ahead, the outlook for consumer spending was subject to a number of downside risks that included the possibility of rising unemployment and further weakness in the stock market, which could damp consumer confidence as well as income and wealth.",19515,Unavailable: pre-2009 manual assignment not supplied,unavailable,unavailable_original_manual_assignment
minutes_2001-06-27_author_method_0009,2001-06-27,/mnt/data/FOMC_CVJ_Benchmark_Update_20260919/data/minutes/Minutes/2001/fomcminutes20010627.txt,stock market wealth,stock market wealth,reduc*,negative,Housing activity remained at a high level as attractive mortgage interest rates evidently continued to counterbalance the negative effects on consumer attitudes of somewhat weaker labor markets and reduced stock market wealth.,20074,Unavailable: pre-2009 manual assignment not supplied,unavailable,unavailable_original_manual_assignment
minutes_2001-08-21_author_method_0001,2001-08-21,/mnt/data/FOMC_CVJ_Benchmark_Update_20260919/data/minutes/Minutes/2001/fomcminutes20010821.txt,equity market*,equity markets,took toll on,negative,"A spate of weak second-quarter earnings reports and sizable reductions in analysts' earnings projections for the remainder of the year took a toll on equity markets, however, and broad stock market indexes moved down appreciably over the intermeeting interval.",11095,Unavailable: pre-2009 manual assignment not supplied,unavailable,unavailable_original_manual_assignment
minutes_2001-08-21_author_method_0002,2001-08-21,/mnt/data/FOMC_CVJ_Benchmark_Update_20260919/data/minutes/Minutes/2001/fomcminutes20010821.txt,stock market index*,stock market indexes,mov* down,negative,"A spate of weak second-quarter earnings reports and sizable reductions in analysts' earnings projections for the remainder of the year took a toll on equity markets, however, and broad stock market indexes moved down appreciably over the intermeeting interval.",11130,Unavailable: pre-2009 manual assignment not supplied,unavailable,unavailable_original_manual_assignment
minutes_2001-08-21_author_method_0003,2001-08-21,/mnt/data/FOMC_CVJ_Benchmark_Update_20260919/data/minutes/Minutes/2001/fomcminutes20010821.txt,stock market price*,stock market prices,declin*,negative,"Although substantial monetary easing had already been implemented and fiscal stimulus was in train, the forecast anticipated that the expansion of domestic final demand would continue to be held back by the effects on household net worth of recent and possible future declines in stock market prices and by damped consumer and business sentiment in a weaker job market.",12807,Unavailable: pre-2009 manual assignment not supplied,unavailable,unavailable_original_manual_assignment
minutes_2001-08-21_author_method_0004,2001-08-21,/mnt/data/FOMC_CVJ_Benchmark_Update_20260919/data/minutes/Minutes/2001/fomcminutes20010821.txt,wealth effect*,wealth effects,fall*,negative,"While accommodative financial conditions and reduced income tax rates should continue to undergird consumer spending and the data on retail sales for July displayed relatively impressive gains, negative wealth effects from falling stock market prices, declining payrolls, and sluggish income gains--should they persist--might well depress consumer expenditures over coming months.",16931,Unavailable: pre-2009 manual assignment not supplied,unavailable,unavailable_original_manual_assignment
minutes_2001-08-21_author_method_0005,2001-08-21,/mnt/data/FOMC_CVJ_Benchmark_Update_20260919/data/minutes/Minutes/2001/fomcminutes20010821.txt,stock market price*,stock market prices,declin*,negative,"While accommodative financial conditions and reduced income tax rates should continue to undergird consumer spending and the data on retail sales for July displayed relatively impressive gains, negative wealth effects from falling stock market prices, declining payrolls, and sluggish income gains--should they persist--might well depress consumer expenditures over coming months.",16959,Unavailable: pre-2009 manual assignment not supplied,unavailable,unavailable_original_manual_assignment
minutes_2001-08-21_author_method_0006,2001-08-21,/mnt/data/FOMC_CVJ_Benchmark_Update_20260919/data/minutes/Minutes/2001/fomcminutes20010821.txt,stock market wealth,stock market wealth,declin*,negative,"Homebuilding generally had remained robust in recent months, as relatively low mortgage interest rates continued to offset weakness in employment and incomes and the negative effects of declining stock market wealth.",17599,Unavailable: pre-2009 manual assignment not supplied,unavailable,unavailable_original_manual_assignment
minutes_2001-08-21_author_method_0007,2001-08-21,/mnt/data/FOMC_CVJ_Benchmark_Update_20260919/data/minutes/Minutes/2001/fomcminutes20010821.txt,equity market*,equity markets,fall*,negative,"Since the start of the year, long-term interest rates generally had not extended earlier declines, prices in equity markets had fallen substantially further, and the dollar had appreciated in foreign exchange markets.",24462,Unavailable: pre-2009 manual assignment not supplied,unavailable,unavailable_original_manual_assignment
minutes_2001-10-02_author_method_0001,2001-10-02,/mnt/data/FOMC_CVJ_Benchmark_Update_20260919/data/minutes/Minutes/2001/fomcminutes20011002.txt,stock market price*,stock market prices,declin*,negative,"The added weakness evidently stemmed from increased concerns about future sales and earnings, which also was reflected in the sharp declines in stock market prices after the equity markets reopened on September 17.",6396,Unavailable: pre-2009 manual assignment not supplied,unavailable,unavailable_original_manual_assignment
minutes_2001-10-02_author_method_0002,2001-10-02,/mnt/data/FOMC_CVJ_Benchmark_Update_20260919/data/minutes/Minutes/2001/fomcminutes20011002.txt,stock market index*,stock market indexes,fell,negative,"Most market interest rates edged lower over that period in response to generally downbeat news on the economy, and broad stock market indexes fell appreciably.",11893,Unavailable: pre-2009 manual assignment not supplied,unavailable,unavailable_original_manual_assignment
minutes_2001-10-02_author_method_0003,2001-10-02,/mnt/data/FOMC_CVJ_Benchmark_Update_20260919/data/minutes/Minutes/2001/fomcminutes20011002.txt,equity price measure*,equity price measures,fell,negative,"In the stock market, broad equity price measures fell considerably further in volatile trading after the markets reopened on September 17, but part of those losses had been recovered by the time of this meeting.",13063,Unavailable: pre-2009 manual assignment not supplied,unavailable,unavailable_original_manual_assignment
minutes_2001-10-02_author_method_0004,2001-10-02,/mnt/data/FOMC_CVJ_Benchmark_Update_20260919/data/minutes/Minutes/2001/fomcminutes20011002.txt,wealth effect*,wealth effects,adverse,negative,"The adverse wealth effects stemming from the cumulative declines in stock market prices were a further negative, though one that had been cushioned by continued increases in the value of real estate.",19898,Unavailable: pre-2009 manual assignment not supplied,unavailable,unavailable_original_manual_assignment
minutes_2001-10-02_author_method_0005,2001-10-02,/mnt/data/FOMC_CVJ_Benchmark_Update_20260919/data/minutes/Minutes/2001/fomcminutes20011002.txt,stock market price*,stock market prices,declin*,negative,"The adverse wealth effects stemming from the cumulative declines in stock market prices were a further negative, though one that had been cushioned by continued increases in the value of real estate.",19954,Unavailable: pre-2009 manual assignment not supplied,unavailable,unavailable_original_manual_assignment
minutes_2001-10-02_author_method_0006,2001-10-02,/mnt/data/FOMC_CVJ_Benchmark_Update_20260919/data/minutes/Minutes/2001/fomcminutes20011002.txt,stock market price*,stock market prices,declin*,negative,"Moreover, the decline in stock market prices and the widening of risk spreads had damped the stimulative financial effects of the Committee's earlier easing actions.",26837,Unavailable: pre-2009 manual assignment not supplied,unavailable,unavailable_original_manual_assignment
minutes_2001-11-06_author_method_0001,2001-11-06,/mnt/data/FOMC_CVJ_Benchmark_Update_20260919/data/minutes/Minutes/2001/fomcminutes20011106.txt,equity price*,equity prices,declin*,negative,"Moreover, the recent declines in equity prices and widening of risk spreads tended to offset some of the stimulative effects of earlier easings, and the relatively low level of inflation and inflationary expectations provided room to counter downside forces without incurring significant risks of higher inflation.",10514,Unavailable: pre-2009 manual assignment not supplied,unavailable,unavailable_original_manual_assignment
minutes_2001-11-06_author_method_0002,2001-11-06,/mnt/data/FOMC_CVJ_Benchmark_Update_20260919/data/minutes/Minutes/2001/fomcminutes20011106.txt,equity price*,equity prices,mov* high*,positive,"With yields on private debt securities down sharply and investors perhaps becoming more confident about long-tem business prospects, major indexes of equity prices moved higher over the intermeeting period.",11514,Unavailable: pre-2009 manual assignment not supplied,unavailable,unavailable_original_manual_assignment
minutes_2001-11-06_author_method_0003,2001-11-06,/mnt/data/FOMC_CVJ_Benchmark_Update_20260919/data/minutes/Minutes/2001/fomcminutes20011106.txt,stock market wealth,stock market wealth,declin*,negative,"Beyond the months immediately ahead, members anticipated that, in addition to a drop in motor vehicle sales to more sustainable levels, consumer spending was likely to be held back by the persistence of widespread caution among households and by the decline in stock market wealth over the last year or so.",17519,Unavailable: pre-2009 manual assignment not supplied,unavailable,unavailable_original_manual_assignment
minutes_2001-12-11_author_method_0001,2001-12-11,/mnt/data/FOMC_CVJ_Benchmark_Update_20260919/data/minutes/Minutes/2001/fomcminutes20011211.txt,equity market*,equity markets,rallied,positive,"Liquid deposits continued to increase rapidly, reflecting the sharp drop in market interest rates this year, but inflows to retail money funds slowed as the economic outlook improved and the equity markets rallied.",14275,Unavailable: pre-2009 manual assignment not supplied,unavailable,unavailable_original_manual_assignment
minutes_2001-12-11_author_method_0002,2001-12-11,/mnt/data/FOMC_CVJ_Benchmark_Update_20260919/data/minutes/Minutes/2001/fomcminutes20011211.txt,stock market*,stock market,downturn,negative,"Other potentially adverse economic factors cited by members included rising consumer debt burdens, the risk of a downturn in the stock market, and the recent rise in mortgage interest rates.",18206,Unavailable: pre-2009 manual assignment not supplied,unavailable,unavailable_original_manual_assignment
minutes_2002-01-30_author_method_0001,2002-01-30,/mnt/data/FOMC_CVJ_Benchmark_Update_20260919/data/minutes/Minutes/2002/fomcminutes20020130.txt,equity price*,equity prices,low*,negative,"An apparent consequence of reduced income growth and of lower equity prices was a change in the mix of single-family homebuilding, with less emphasis on construction of high-priced homes.",28164,Unavailable: pre-2009 manual assignment not supplied,unavailable,unavailable_original_manual_assignment
minutes_2002-01-30_author_method_0002,2002-01-30,/mnt/data/FOMC_CVJ_Benchmark_Update_20260919/data/minutes/Minutes/2002/fomcminutes20020130.txt,equity price*,equity prices,reduc*,negative,"The monetary ease and fiscal stimulus already in place would provide impetus for the recovery, though the wealth effects of earlier reductions in equity prices, sluggish growth abroad, and the dollar's strength would tend to offset some of that support for a time.",36021,Unavailable: pre-2009 manual assignment not supplied,unavailable,unavailable_original_manual_assignment
minutes_2002-01-30_author_method_0003,2002-01-30,/mnt/data/FOMC_CVJ_Benchmark_Update_20260919/data/minutes/Minutes/2002/fomcminutes20020130.txt,stock market wealth,stock market wealth,declin*,negative,"Such spending had held up remarkably well in the face of major adverse developments, including sharp declines in stock market wealth and rising unemployment, that were exacerbated by the events of September 11.",41573,Unavailable: pre-2009 manual assignment not supplied,unavailable,unavailable_original_manual_assignment
minutes_2002-01-30_author_method_0004,2002-01-30,/mnt/data/FOMC_CVJ_Benchmark_Update_20260919/data/minutes/Minutes/2002/fomcminutes20020130.txt,equity price*,equity prices,rebound*,positive,"But with households remaining confident about the future and equity prices having rebounded from their post-attack declines, sustained growth in household expenditures was seen as a likely prospect.",41732,Unavailable: pre-2009 manual assignment not supplied,unavailable,unavailable_original_manual_assignment
minutes_2002-01-30_author_method_0005,2002-01-30,/mnt/data/FOMC_CVJ_Benchmark_Update_20260919/data/minutes/Minutes/2002/fomcminutes20020130.txt,stock market price*,stock market prices,declin*,negative,"Some members nonetheless cited a number of potential negatives relating to the prospects for consumer spending, including the possibility of adverse effects on consumer confidence of further anticipated increases in unemployment and the risk that generally disappointing business profits or more widespread downward restatements of reported profits might generate sizable declines in stock market prices and consumer wealth.",42382,Unavailable: pre-2009 manual assignment not supplied,unavailable,unavailable_original_manual_assignment
minutes_2002-03-19_author_method_0001,2002-03-19,/mnt/data/FOMC_CVJ_Benchmark_Update_20260919/data/minutes/Minutes/2002/fomcminutes20020319.txt,equity price*,equity prices,mov* up,positive,Most major indexes of equity prices moved up sharply on the bullish economic reports.,13508,Unavailable: pre-2009 manual assignment not supplied,unavailable,unavailable_original_manual_assignment
minutes_2002-03-19_author_method_0002,2002-03-19,/mnt/data/FOMC_CVJ_Benchmark_Update_20260919/data/minutes/Minutes/2002/fomcminutes20020319.txt,equity price*,equity prices,limit*,negative,"At the same time, still-depressed equity prices, limited growth abroad, and the dollar's strength would tend to hold down the pace of recovery.",15568,Unavailable: pre-2009 manual assignment not supplied,unavailable,unavailable_original_manual_assignment
minutes_2002-05-07_author_method_0001,2002-05-07,/mnt/data/FOMC_CVJ_Benchmark_Update_20260919/data/minutes/Minutes/2002/fomcminutes20020507.txt,equity price*,equity prices,mov* down,negative,Most major indexes of equity prices moved down sharply in response to the outlook for a weaker economic recovery and the adverse implications for corporate profits of economic and other developments.,11941,Unavailable: pre-2009 manual assignment not supplied,unavailable,unavailable_original_manual_assignment
minutes_2002-06-26_author_method_0001,2002-06-26,/mnt/data/FOMC_CVJ_Benchmark_Update_20260919/data/minutes/Minutes/2002/fomcminutes20020626.txt,equity price*,equity prices,fell,negative,"Yields on Treasury securities dropped somewhat on net over the period, rates on lower-quality bonds rose, and equity prices fell sharply further.",10756,Unavailable: pre-2009 manual assignment not supplied,unavailable,unavailable_original_manual_assignment
minutes_2002-06-26_author_method_0002,2002-06-26,/mnt/data/FOMC_CVJ_Benchmark_Update_20260919/data/minutes/Minutes/2002/fomcminutes20020626.txt,equity price*,equity prices,fall*,negative,"Growth of the broad monetary aggregates picked up in May owing to the unwinding of distortions from final tax payments and, apparently, to falling equity prices.",11853,Unavailable: pre-2009 manual assignment not supplied,unavailable,unavailable_original_manual_assignment
minutes_2002-06-26_author_method_0003,2002-06-26,/mnt/data/FOMC_CVJ_Benchmark_Update_20260919/data/minutes/Minutes/2002/fomcminutes20020626.txt,equity price*,equity prices,weak*,negative,"The considerable monetary ease and fiscal stimulus already in place and the continuing sizable gains in productivity would provide significant impetus for spending, though weakness in equity prices would tend to offset some of that support.",12448,Unavailable: pre-2009 manual assignment not supplied,unavailable,unavailable_original_manual_assignment
minutes_2002-06-26_author_method_0004,2002-06-26,/mnt/data/FOMC_CVJ_Benchmark_Update_20260919/data/minutes/Minutes/2002/fomcminutes20020626.txt,stock price*,stock prices,weak*,negative,"Moreover, forecasts of even moderate growth in spending were subject to downside risks emanating, for example, from possible further shocks to confidence and household wealth should weakness in stock prices persist, and from political turmoil overseas and threats of terrorism at home.",17372,Unavailable: pre-2009 manual assignment not supplied,unavailable,unavailable_original_manual_assignment
minutes_2002-08-13_author_method_0001,2002-08-13,/mnt/data/FOMC_CVJ_Benchmark_Update_20260919/data/minutes/Minutes/2002/fomcminutes20020813.txt,equity index*,equity indexes,down,negative,"In this environment, equity prices plunged before recovering somewhat later in the intermeeting period; on net, the major broad equity indexes were down substantially.",10472,Unavailable: pre-2009 manual assignment not supplied,unavailable,unavailable_original_manual_assignment
minutes_2002-08-13_author_method_0002,2002-08-13,/mnt/data/FOMC_CVJ_Benchmark_Update_20260919/data/minutes/Minutes/2002/fomcminutes20020813.txt,stock price*,stock prices,drop*,negative,"Against the background of a similar combination of disappointing concerns, European stock prices dropped more than those in the United States, while Japanese equity prices declined less as incoming data seemed to point to a mild pickup of economic activity in Japan.",11365,Unavailable: pre-2009 manual assignment not supplied,unavailable,unavailable_original_manual_assignment
minutes_2002-08-13_author_method_0003,2002-08-13,/mnt/data/FOMC_CVJ_Benchmark_Update_20260919/data/minutes/Minutes/2002/fomcminutes20020813.txt,equity price*,equity prices,declin*,negative,"Against the background of a similar combination of disappointing concerns, European stock prices dropped more than those in the United States, while Japanese equity prices declined less as incoming data seemed to point to a mild pickup of economic activity in Japan.",11439,Unavailable: pre-2009 manual assignment not supplied,unavailable,unavailable_original_manual_assignment
minutes_2002-08-13_author_method_0004,2002-08-13,/mnt/data/FOMC_CVJ_Benchmark_Update_20260919/data/minutes/Minutes/2002/fomcminutes20020813.txt,equity price*,equity prices,weak*,negative,"The considerable monetary ease and fiscal stimulus already in place and the continuing sizable gains in structural productivity would provide significant impetus for spending, though the persisting volatility and weakness in equity prices would tend to offset some of that support.",12724,Unavailable: pre-2009 manual assignment not supplied,unavailable,unavailable_original_manual_assignment
minutes_2002-08-13_author_method_0005,2002-08-13,/mnt/data/FOMC_CVJ_Benchmark_Update_20260919/data/minutes/Minutes/2002/fomcminutes20020813.txt,equity price*,equity prices,declin*,negative,The declines in equity prices had been accompanied by a heightened degree of risk aversion that had led to widened credit spreads in financial markets and the curtailment of credit availability to potential borrowers whose repayment prospects were viewed as questionable.,15158,Unavailable: pre-2009 manual assignment not supplied,unavailable,unavailable_original_manual_assignment
minutes_2002-09-24_author_method_0001,2002-09-24,/mnt/data/FOMC_CVJ_Benchmark_Update_20260919/data/minutes/Minutes/2002/fomcminutes20020924.txt,equity price*,equity prices,mov* lower,negative,broad indexes of equity prices moved lower.,9774,Unavailable: pre-2009 manual assignment not supplied,unavailable,unavailable_original_manual_assignment
minutes_2002-09-24_author_method_0002,2002-09-24,/mnt/data/FOMC_CVJ_Benchmark_Update_20260919/data/minutes/Minutes/2002/fomcminutes20020924.txt,equity market*,equity markets,rallied,positive,uneventfully and equity markets rallied.,9912,Unavailable: pre-2009 manual assignment not supplied,unavailable,unavailable_original_manual_assignment
minutes_2002-09-24_author_method_0003,2002-09-24,/mnt/data/FOMC_CVJ_Benchmark_Update_20260919/data/minutes/Minutes/2002/fomcminutes20020924.txt,equity index*,equity indexes,fell,negative,equity indexes fell considerably on balance.,10262,Unavailable: pre-2009 manual assignment not supplied,unavailable,unavailable_original_manual_assignment
minutes_2002-09-24_author_method_0004,2002-09-24,/mnt/data/FOMC_CVJ_Benchmark_Update_20260919/data/minutes/Minutes/2002/fomcminutes20020924.txt,stock market*,stock market,declin*,negative,of the negative wealth effects associated with the declines in stock market,14767,Unavailable: pre-2009 manual assignment not supplied,unavailable,unavailable_original_manual_assignment
minutes_2002-11-06_author_method_0001,2002-11-06,/mnt/data/FOMC_CVJ_Benchmark_Update_20260919/data/minutes/Minutes/2002/fomcminutes20021106.txt,household wealth,household wealth,declin*,negative,"Residential housing activity, supported by mortgage rates near historical lows, remained very strong in September despite an environment of sluggish employment and declining household wealth.",6442,Unavailable: pre-2009 manual assignment not supplied,unavailable,unavailable_original_manual_assignment
minutes_2002-11-06_author_method_0002,2002-11-06,/mnt/data/FOMC_CVJ_Benchmark_Update_20260919/data/minutes/Minutes/2002/fomcminutes20021106.txt,stock market*,stock market,declin*,negative,"These included the prospect of strengthening consumer confidence if geopolitical uncertainties began to dissipate, the gradual diminution of the negative wealth effects from earlier stock market declines, and importantly the outlook for continued robust growth in structural labor productivity and its favorable effects over time on wages and salaries.",16022,Unavailable: pre-2009 manual assignment not supplied,unavailable,unavailable_original_manual_assignment
minutes_2002-11-06_author_method_0003,2002-11-06,/mnt/data/FOMC_CVJ_Benchmark_Update_20260919/data/minutes/Minutes/2002/fomcminutes20021106.txt,stock market*,stock market,improv*,positive,"Indeed, the rise in bond yields since the September meeting associated with the improvement in the stock market had induced a small increase in mortgage rates from their very low levels.",18881,Unavailable: pre-2009 manual assignment not supplied,unavailable,unavailable_original_manual_assignment
minutes_2002-12-10_author_method_0001,2002-12-10,/mnt/data/FOMC_CVJ_Benchmark_Update_20260919/data/minutes/Minutes/2002/fomcminutes20021210.txt,household wealth,household wealth,declin*,negative,"However, residential housing activity had been very strong on balance this year despite an environment of sluggish employment and declining household wealth.",5837,Unavailable: pre-2009 manual assignment not supplied,unavailable,unavailable_original_manual_assignment
minutes_2003-01-29_author_method_0001,2003-01-29,/mnt/data/FOMC_CVJ_Benchmark_Update_20260919/data/minutes/Minutes/2003/fomcminutes20030129.txt,household wealth,household wealth,declin*,negative,"Residential housing activity remained strong through the end of the year, despite continued sluggish employment and additional declines in household wealth.",28266,Unavailable: pre-2009 manual assignment not supplied,unavailable,unavailable_original_manual_assignment
minutes_2003-01-29_author_method_0002,2003-01-29,/mnt/data/FOMC_CVJ_Benchmark_Update_20260919/data/minutes/Minutes/2003/fomcminutes20030129.txt,equity market*,equity markets,weak*,negative,"At the same time, some members expressed concern about the potential for adverse effects on consumer incomes and confidence should stagnant conditions persist in labor markets and equity markets weaken further.",42123,Unavailable: pre-2009 manual assignment not supplied,unavailable,unavailable_original_manual_assignment
minutes_2003-03-18_author_method_0001,2003-03-18,/mnt/data/FOMC_CVJ_Benchmark_Update_20260919/data/minutes/Minutes/2003/fomcminutes20030318.txt,equity price*,equity prices,declin*,negative,"Uncertainty about the effects of the war had contributed to higher energy prices, lower equity prices, declines in measures of household confidence, and a tendency for households and especially businesses to postpone making commitments.",14032,Unavailable: pre-2009 manual assignment not supplied,unavailable,unavailable_original_manual_assignment
minutes_2003-03-18_author_method_0002,2003-03-18,/mnt/data/FOMC_CVJ_Benchmark_Update_20260919/data/minutes/Minutes/2003/fomcminutes20030318.txt,stock market*,stock market,rally*,positive,"Some members nonetheless referred to indications of increasing expenditures for various categories of high-tech equipment and software, and they noted that impetus to demand from a positive outcome in the war against Iraq should have a favorable effect on business capital spending, especially if it were accompanied by a rally in the stock market.",19011,Unavailable: pre-2009 manual assignment not supplied,unavailable,unavailable_original_manual_assignment
minutes_2003-05-06_author_method_0001,2003-05-06,/mnt/data/FOMC_CVJ_Benchmark_Update_20260919/data/minutes/Minutes/2003/fomcminutes20030506.txt,stock market*,stock market,gain*,positive,"More positively, they cited recent survey and anecdotal evidence of improving consumer confidence and referred to the gains in the stock market as a source of potential impetus going forward.",19105,Unavailable: pre-2009 manual assignment not supplied,unavailable,unavailable_original_manual_assignment
minutes_2003-06-25_author_method_0001,2003-06-25,/mnt/data/FOMC_CVJ_Benchmark_Update_20260919/data/minutes/Minutes/2003/fomcminutes20030625.txt,equity price*,equity prices,rose,positive,"Long-term interest rates fell in all major industrial economies, while equity prices rose substantially.",12559,Unavailable: pre-2009 manual assignment not supplied,unavailable,unavailable_original_manual_assignment
minutes_2003-06-25_author_method_0002,2003-06-25,/mnt/data/FOMC_CVJ_Benchmark_Update_20260919/data/minutes/Minutes/2003/fomcminutes20030625.txt,equity price*,equity prices,gain*,positive,"The gains in equity prices and a narrowing of risk spreads also appeared to reflect more upbeat assessments of underlying business conditions and, partly in concert with reduced geopolitical risks since the end of major military activity in Iraq, growing convictions that the downside vulnerability of the domestic economy had diminished.",17435,Unavailable: pre-2009 manual assignment not supplied,unavailable,unavailable_original_manual_assignment
minutes_2003-06-25_author_method_0003,2003-06-25,/mnt/data/FOMC_CVJ_Benchmark_Update_20260919/data/minutes/Minutes/2003/fomcminutes20030625.txt,stock market wealth,stock market wealth,rising,positive,"Other favorable factors referenced by the members included indications of growing consumer confidence, the effects of rising stock market wealth on consumer balance sheets, continued opportunities for many consumers to extract equity from the appreciated value of their homes and to reduce interest service burdens by refinancing mortgages, and more fundamentally a continuing uptrend in disposable personal incomes associated in part with robust gains in labor productivity.",22022,Unavailable: pre-2009 manual assignment not supplied,unavailable,unavailable_original_manual_assignment
minutes_2003-08-12_author_method_0001,2003-08-12,/mnt/data/FOMC_CVJ_Benchmark_Update_20260919/data/minutes/Minutes/2003/fomcminutes20030812.txt,equity index*,equity indexes,advanc*,positive,"Despite the sharp step-up in Treasury yields, broad equity indexes advanced over the intermeeting period, supported by positive earning reports, strong profit forecasts, and increased confidence regarding economic prospects.",10587,Unavailable: pre-2009 manual assignment not supplied,unavailable,unavailable_original_manual_assignment
minutes_2003-09-16_author_method_0001,2003-09-16,/mnt/data/FOMC_CVJ_Benchmark_Update_20260919/data/minutes/Minutes/2003/fomcminutes20030916.txt,equity market*,equity markets,gain*,positive,Optimism about global recovery reportedly prompted gains in the equity markets of major industrial countries.,9454,Unavailable: pre-2009 manual assignment not supplied,unavailable,unavailable_original_manual_assignment
minutes_2003-10-28_author_method_0001,2003-10-28,/mnt/data/FOMC_CVJ_Benchmark_Update_20260919/data/minutes/Minutes/2003/fomcminutes20031028.txt,equity index*,equity indexes,rose,positive,Major equity indexes rose roughly 2 percent over the intermeeting period.,10150,Unavailable: pre-2009 manual assignment not supplied,unavailable,unavailable_original_manual_assignment
minutes_2003-12-09_author_method_0001,2003-12-09,/mnt/data/FOMC_CVJ_Benchmark_Update_20260919/data/minutes/Minutes/2003/fomcminutes20031209.txt,equity index*,equity indexes,up,positive,Major equity indexes were up moderately,12394,Unavailable: pre-2009 manual assignment not supplied,unavailable,unavailable_original_manual_assignment
minutes_2003-12-09_author_method_0002,2003-12-09,/mnt/data/FOMC_CVJ_Benchmark_Update_20260919/data/minutes/Minutes/2003/fomcminutes20031209.txt,equity market*,equity markets,rising,positive,"In addition, rising equity markets may",13362,Unavailable: pre-2009 manual assignment not supplied,unavailable,unavailable_original_manual_assignment
minutes_2003-12-09_author_method_0003,2003-12-09,/mnt/data/FOMC_CVJ_Benchmark_Update_20260919/data/minutes/Minutes/2003/fomcminutes20031209.txt,stock price*,stock prices,high*,positive,"As a consequence, with sales, profits, and stock prices higher,",13994,Unavailable: pre-2009 manual assignment not supplied,unavailable,unavailable_original_manual_assignment
minutes_2004-01-28_author_method_0001,2004-01-28,/mnt/data/FOMC_CVJ_Benchmark_Update_20260919/data/minutes/Minutes/2004/fomcminutes20040128.txt,stock market*,stock market,gain*,positive,"recent stock market gains, and by greater consumer confidence as reflected",31850,Unavailable: pre-2009 manual assignment not supplied,unavailable,unavailable_original_manual_assignment
minutes_2004-01-28_author_method_0002,2004-01-28,/mnt/data/FOMC_CVJ_Benchmark_Update_20260919/data/minutes/Minutes/2004/fomcminutes20040128.txt,equity index*,equity indexes,rose,positive,Major equity indexes rose strongly,38568,Unavailable: pre-2009 manual assignment not supplied,unavailable,unavailable_original_manual_assignment
minutes_2004-03-16_author_method_0001,2004-03-16,/mnt/data/FOMC_CVJ_Benchmark_Update_20260919/data/minutes/Minutes/2004/fomcminutes20040316.txt,household wealth,household wealth,increas*,positive,"Overall, expenditures were supported by sizable gains in real disposable personal income and increases in household wealth owing to rising home and equity prices.",5394,Unavailable: pre-2009 manual assignment not supplied,unavailable,unavailable_original_manual_assignment
minutes_2004-03-16_author_method_0002,2004-03-16,/mnt/data/FOMC_CVJ_Benchmark_Update_20260919/data/minutes/Minutes/2004/fomcminutes20040316.txt,home and equity price*,home and equity prices,rising,positive,"Overall, expenditures were supported by sizable gains in real disposable personal income and increases in household wealth owing to rising home and equity prices.",5427,Unavailable: pre-2009 manual assignment not supplied,unavailable,unavailable_original_manual_assignment
minutes_2004-03-16_author_method_0003,2004-03-16,/mnt/data/FOMC_CVJ_Benchmark_Update_20260919/data/minutes/Minutes/2004/fomcminutes20040316.txt,household wealth,household wealth,increas*,positive,"Residential construction activity was down somewhat from the very high levels posted late last year, but increases in household wealth and the effects of last year's tax cuts continued to buoy consumer spending.",13421,Unavailable: pre-2009 manual assignment not supplied,unavailable,unavailable_original_manual_assignment
minutes_2004-03-16_author_method_0004,2004-03-16,/mnt/data/FOMC_CVJ_Benchmark_Update_20260919/data/minutes/Minutes/2004/fomcminutes20040316.txt,stock price*,stock prices,low*,negative,"Financial markets also seemed a little less positive about the outlook, with stock prices lower and some risk spreads wider than at the time of the last meeting.",15078,Unavailable: pre-2009 manual assignment not supplied,unavailable,unavailable_original_manual_assignment
minutes_2004-03-16_author_method_0005,2004-03-16,/mnt/data/FOMC_CVJ_Benchmark_Update_20260919/data/minutes/Minutes/2004/fomcminutes20040316.txt,asset price*,asset prices,rising,positive,Committee members noted that sales had been bolstered by rising asset prices and the effects of last year's tax cuts on refunds and final payments.,17780,Unavailable: pre-2009 manual assignment not supplied,unavailable,unavailable_original_manual_assignment
minutes_2004-03-16_author_method_0006,2004-03-16,/mnt/data/FOMC_CVJ_Benchmark_Update_20260919/data/minutes/Minutes/2004/fomcminutes20040316.txt,home and equity price*,home and equity prices,increas*,positive,"Looking forward, gains in employment and the pass-through of higher productivity to wages and salaries were also expected to boost consumer spending, even as the stimulus to growth from tax cuts faded and increases in home and equity prices likely slowed from their rapid pace in recent quarters.",18313,Unavailable: pre-2009 manual assignment not supplied,unavailable,unavailable_original_manual_assignment
minutes_2004-06-30_author_method_0001,2004-06-30,/mnt/data/FOMC_CVJ_Benchmark_Update_20260919/data/minutes/Minutes/2004/fomcminutes20040630.txt,household wealth,household wealth,increas*,positive,"Home prices also continued to rise at a rapid pace, contributing importantly to increases in household wealth.",7757,Unavailable: pre-2009 manual assignment not supplied,unavailable,unavailable_original_manual_assignment
minutes_2004-08-10_author_method_0001,2004-08-10,/mnt/data/FOMC_CVJ_Benchmark_Update_20260919/data/minutes/Minutes/2004/fomcminutes20040810.txt,stock price*,stock prices,down,negative,"The Committee discussed a number of other factors that may have contributed to the slowdown, including a waning of the stimulus from last year's tax cuts, which had previously provided considerable impetus to spending, and the possibility that, with stock prices down, saving rates near historic lows, and the outlook more uncertain, households may have felt the need to boost saving.",16777,Unavailable: pre-2009 manual assignment not supplied,unavailable,unavailable_original_manual_assignment
minutes_2004-12-14_author_method_0001,2004-12-14,/mnt/data/FOMC_CVJ_Benchmark_Update_20260919/data/minutes/Minutes/2004/fomcminutes20041214.txt,equity price*,equity prices,increas*,positive,"The steep run-up in housing prices, recent increases in equity prices, and anticipated gains in payrolls were viewed as likely to boost the growth of consumption spending next year to a pace somewhat above that recorded this year.",9876,Unavailable: pre-2009 manual assignment not supplied,unavailable,unavailable_original_manual_assignment
minutes_2004-12-14_author_method_0002,2004-12-14,/mnt/data/FOMC_CVJ_Benchmark_Update_20260919/data/minutes/Minutes/2004/fomcminutes20041214.txt,equity and home price*,equity and home prices,increas*,positive,"In their discussion of important sectors of the economy, participants noted that increasing equity and home prices had boosted household net worth, leaving consumers well positioned to maintain a brisk pace of spending.",12621,Unavailable: pre-2009 manual assignment not supplied,unavailable,unavailable_original_manual_assignment
minutes_2004-12-14_author_method_0003,2004-12-14,/mnt/data/FOMC_CVJ_Benchmark_Update_20260919/data/minutes/Minutes/2004/fomcminutes20041214.txt,household* net worth,household net worth,boost*,positive,"In their discussion of important sectors of the economy, participants noted that increasing equity and home prices had boosted household net worth, leaving consumers well positioned to maintain a brisk pace of spending.",12656,Unavailable: pre-2009 manual assignment not supplied,unavailable,unavailable_original_manual_assignment
minutes_2005-02-02_author_method_0001,2005-02-02,/mnt/data/FOMC_CVJ_Benchmark_Update_20260919/data/minutes/Minutes/2005/fomcminutes20050202.txt,equity price*,equity prices,declin*,negative,"slight declines in equity prices so far this year, might reflect lingering caution on the part of",37477,Unavailable: pre-2009 manual assignment not supplied,unavailable,unavailable_original_manual_assignment
minutes_2005-02-02_author_method_0002,2005-02-02,/mnt/data/FOMC_CVJ_Benchmark_Update_20260919/data/minutes/Minutes/2005/fomcminutes20050202.txt,equity and housing price*,equity and housing prices,rise*,positive,household wealth resulting from the rise in equity and housing prices.,38282,Unavailable: pre-2009 manual assignment not supplied,unavailable,unavailable_original_manual_assignment
minutes_2005-03-22_author_method_0001,2005-03-22,/mnt/data/FOMC_CVJ_Benchmark_Update_20260919/data/minutes/Minutes/2005/fomcminutes20050322.txt,equity price*,equity prices,increas*,positive,"Increases in equity prices and in house values pushed up the wealth-to-income ratio in the fourth quarter, and the saving rate remained low by historical standards.",5390,Unavailable: pre-2009 manual assignment not supplied,unavailable,unavailable_original_manual_assignment
minutes_2005-03-22_author_method_0002,2005-03-22,/mnt/data/FOMC_CVJ_Benchmark_Update_20260919/data/minutes/Minutes/2005/fomcminutes20050322.txt,wealth to income ratio,wealth-to-income ratio,up,positive,"Increases in equity prices and in house values pushed up the wealth-to-income ratio in the fourth quarter, and the saving rate remained low by historical standards.",5438,Unavailable: pre-2009 manual assignment not supplied,unavailable,unavailable_original_manual_assignment
minutes_2005-03-22_author_method_0003,2005-03-22,/mnt/data/FOMC_CVJ_Benchmark_Update_20260919/data/minutes/Minutes/2005/fomcminutes20050322.txt,stock market index*,stock market indexes,edge* up,positive,Broad stock market indexes edged up over the intermeeting period.,11017,Unavailable: pre-2009 manual assignment not supplied,unavailable,unavailable_original_manual_assignment
minutes_2005-05-03_author_method_0001,2005-05-03,/mnt/data/FOMC_CVJ_Benchmark_Update_20260919/data/minutes/Minutes/2005/fomcminutes20050503.txt,equity price*,equity prices,declin*,negative,because of a decline in equity prices.,6779,Unavailable: pre-2009 manual assignment not supplied,unavailable,unavailable_original_manual_assignment
minutes_2005-05-03_author_method_0002,2005-05-03,/mnt/data/FOMC_CVJ_Benchmark_Update_20260919/data/minutes/Minutes/2005/fomcminutes20050503.txt,equity index*,equity indexes,mov* down,negative,"reports, equity indexes moved down considerably in response to the signs",12015,Unavailable: pre-2009 manual assignment not supplied,unavailable,unavailable_original_manual_assignment
minutes_2005-06-30_author_method_0001,2005-06-30,/mnt/data/FOMC_CVJ_Benchmark_Update_20260919/data/minutes/Minutes/2005/fomcminutes20050630.txt,equity index*,equity indexes,rose,positive,"and largely upbeat economic news, major equity indexes rose appreciably",12988,Unavailable: pre-2009 manual assignment not supplied,unavailable,unavailable_original_manual_assignment
minutes_2005-06-30_author_method_0002,2005-06-30,/mnt/data/FOMC_CVJ_Benchmark_Update_20260919/data/minutes/Minutes/2005/fomcminutes20050630.txt,home and equity price*,home and equity prices,rising,positive,With rising home and equity prices buoying household,17150,Unavailable: pre-2009 manual assignment not supplied,unavailable,unavailable_original_manual_assignment
minutes_2005-06-30_author_method_0003,2005-06-30,/mnt/data/FOMC_CVJ_Benchmark_Update_20260919/data/minutes/Minutes/2005/fomcminutes20050630.txt,stock price*,stock prices,high*,positive,higher stock prices and thin risk spreads in corporate debt markets.,20059,Unavailable: pre-2009 manual assignment not supplied,unavailable,unavailable_original_manual_assignment
minutes_2005-08-09_author_method_0001,2005-08-09,/mnt/data/FOMC_CVJ_Benchmark_Update_20260919/data/minutes/Minutes/2005/fomcminutes20050809.txt,equity index*,equity indexes,advanc*,positive,"Major equity indexes advanced, supported by strong corporate earnings reports.",9409,Unavailable: pre-2009 manual assignment not supplied,unavailable,unavailable_original_manual_assignment
minutes_2005-12-13_author_method_0001,2005-12-13,/mnt/data/FOMC_CVJ_Benchmark_Update_20260919/data/minutes/Minutes/2005/fomcminutes20051213.txt,household wealth,household wealth,increas*,positive,of equity prices contributed importantly to increases in household wealth.,5913,Unavailable: pre-2009 manual assignment not supplied,unavailable,unavailable_original_manual_assignment
minutes_2005-12-13_author_method_0002,2005-12-13,/mnt/data/FOMC_CVJ_Benchmark_Update_20260919/data/minutes/Minutes/2005/fomcminutes20051213.txt,equity and house price*,equity and house prices,gain*,positive,"with large earlier gains in equity and house prices, and reduced impetus",13190,Unavailable: pre-2009 manual assignment not supplied,unavailable,unavailable_original_manual_assignment
minutes_2006-01-31_author_method_0001,2006-01-31,/mnt/data/FOMC_CVJ_Benchmark_Update_20260919/data/minutes/Minutes/2006/fomcminutes20060131.txt,equity price*,equity prices,rais*,positive,Consumption was also likely supported by further gains in home values and equity prices that raised the ratio of household wealth to disposable income relative to that seen earlier in 2005.,27172,Unavailable: pre-2009 manual assignment not supplied,unavailable,unavailable_original_manual_assignment
minutes_2006-01-31_author_method_0002,2006-01-31,/mnt/data/FOMC_CVJ_Benchmark_Update_20260919/data/minutes/Minutes/2006/fomcminutes20060131.txt,equity market*,equity markets,strength*,positive,"The recent strength in equity markets and the low prevailing term premiums and bond spreads perhaps reflected market assessments that economic risks were lower than usual, as well as strong demands for longer-term assets and an ample supply of liquidity.",38914,Unavailable: pre-2009 manual assignment not supplied,unavailable,unavailable_original_manual_assignment
minutes_2006-03-28_author_method_0001,2006-03-28,/mnt/data/FOMC_CVJ_Benchmark_Update_20260919/data/minutes/Minutes/2006/fomcminutes20060328.txt,stock market*,stock market,gain*,positive,Consumption was likely supported also by ongoing increases in home prices and gains in the stock market.,6081,Unavailable: pre-2009 manual assignment not supplied,unavailable,unavailable_original_manual_assignment
minutes_2006-05-10_author_method_0001,2006-05-10,/mnt/data/FOMC_CVJ_Benchmark_Update_20260919/data/minutes/Minutes/2006/fomcminutes20060510.txt,stock market*,stock market,gain*,positive,"Ongoing increases in home prices and additional gains in the stock market, however, further boosted household wealth during the first quarter.",7925,Unavailable: pre-2009 manual assignment not supplied,unavailable,unavailable_original_manual_assignment
minutes_2006-05-10_author_method_0002,2006-05-10,/mnt/data/FOMC_CVJ_Benchmark_Update_20260919/data/minutes/Minutes/2006/fomcminutes20060510.txt,household wealth,household wealth,boost*,positive,"Ongoing increases in home prices and additional gains in the stock market, however, further boosted household wealth during the first quarter.",7964,Unavailable: pre-2009 manual assignment not supplied,unavailable,unavailable_original_manual_assignment
minutes_2006-05-10_author_method_0003,2006-05-10,/mnt/data/FOMC_CVJ_Benchmark_Update_20260919/data/minutes/Minutes/2006/fomcminutes20060510.txt,household wealth,household wealth,increas*,positive,"The projected deceleration of real GDP reflected the lagged effects of the tightening of monetary policy, the waning impetus from increases in household wealth, and reduced stimulus from fiscal policy.",16430,Unavailable: pre-2009 manual assignment not supplied,unavailable,unavailable_original_manual_assignment
minutes_2006-06-29_author_method_0001,2006-06-29,/mnt/data/FOMC_CVJ_Benchmark_Update_20260919/data/minutes/Minutes/2006/fomcminutes20060629.txt,equity price*,equity prices,declin*,negative,"Nonetheless, despite recent declines in equity prices, the wealth-to-income ratio remained well above its historical average, and consumer sentiment, which dipped in May, rebounded some in early June.",6359,Unavailable: pre-2009 manual assignment not supplied,unavailable,unavailable_original_manual_assignment
minutes_2006-06-29_author_method_0002,2006-06-29,/mnt/data/FOMC_CVJ_Benchmark_Update_20260919/data/minutes/Minutes/2006/fomcminutes20060629.txt,equity index*,equity indexes,declin*,negative,"Incoming data pointed to a possible slowing in Canada, but signs of further expansion in the euro area and of continued growth in Japan were evident, notwithstanding sharp declines in equity indexes in these countries.",9266,Unavailable: pre-2009 manual assignment not supplied,unavailable,unavailable_original_manual_assignment
minutes_2006-06-29_author_method_0003,2006-06-29,/mnt/data/FOMC_CVJ_Benchmark_Update_20260919/data/minutes/Minutes/2006/fomcminutes20060629.txt,household wealth,household wealth,increas*,positive,"The outlook for modest growth of real GDP reflected a slowdown in the housing market, the effects of past policy tightening, and a diminished boost to consumer spending from increases in household wealth.",14249,Unavailable: pre-2009 manual assignment not supplied,unavailable,unavailable_original_manual_assignment
minutes_2006-08-08_author_method_0001,2006-08-08,/mnt/data/FOMC_CVJ_Benchmark_Update_20260919/data/minutes/Minutes/2006/fomcminutes20060808.txt,household wealth,household wealth,gain*,positive,"While past gains in household wealth, particularly from home prices, supported consumer spending, higher interest rates and energy prices were likely a restraining influence.",5240,Unavailable: pre-2009 manual assignment not supplied,unavailable,unavailable_original_manual_assignment
minutes_2006-09-20_author_method_0001,2006-09-20,/mnt/data/FOMC_CVJ_Benchmark_Update_20260919/data/minutes/Minutes/2006/fomcminutes20060920.txt,household wealth,household wealth,increas*,positive,Increases in household wealth earlier in the year continued to boost consumer spending.,5061,Unavailable: pre-2009 manual assignment not supplied,unavailable,unavailable_original_manual_assignment
minutes_2006-10-25_author_method_0001,2006-10-25,/mnt/data/FOMC_CVJ_Benchmark_Update_20260919/data/minutes/Minutes/2006/fomcminutes20061025.txt,household wealth,household wealth,increas*,positive,Consumer spending continued to draw support from the lagged effects of the increases in household wealth over the past two years.,7668,Unavailable: pre-2009 manual assignment not supplied,unavailable,unavailable_original_manual_assignment
minutes_2006-10-25_author_method_0002,2006-10-25,/mnt/data/FOMC_CVJ_Benchmark_Update_20260919/data/minutes/Minutes/2006/fomcminutes20061025.txt,equity index*,equity indexes,rose,positive,Broad equity indexes rose noticeably.,15388,Unavailable: pre-2009 manual assignment not supplied,unavailable,unavailable_original_manual_assignment
minutes_2006-12-12_author_method_0001,2006-12-12,/mnt/data/FOMC_CVJ_Benchmark_Update_20260919/data/minutes/Minutes/2006/fomcminutes20061212.txt,stock market*,stock market,gain*,positive,"Despite the further deceleration in house prices, the ratio of household wealth to disposable income remained well above its historical average, buoyed by robust gains in the stock market.",6875,Unavailable: pre-2009 manual assignment not supplied,unavailable,unavailable_original_manual_assignment
minutes_2007-01-31_author_method_0001,2007-01-31,/mnt/data/FOMC_CVJ_Benchmark_Update_20260919/data/minutes/Minutes/2007/fomcminutes20070131.txt,equity price*,equity prices,gain*,positive,"Although house-price appreciation appeared to have slowed further since the end of the third quarter, robust gains in equity prices likely resulted in a small rise in the ratio of household wealth to disposable income last quarter.",26157,Unavailable: pre-2009 manual assignment not supplied,unavailable,unavailable_original_manual_assignment
minutes_2007-03-21_author_method_0001,2007-03-21,/mnt/data/FOMC_CVJ_Benchmark_Update_20260919/data/minutes/Minutes/2007/fomcminutes20070321.txt,equity price*,equity prices,declin*,negative,"In addition, recent declines in equity prices and slowing house price appreciation pointed to a modest reduction in households� wealth-to-income ratio in the first quarter.",6341,Unavailable: pre-2009 manual assignment not supplied,unavailable,unavailable_original_manual_assignment
minutes_2007-03-21_author_method_0002,2007-03-21,/mnt/data/FOMC_CVJ_Benchmark_Update_20260919/data/minutes/Minutes/2007/fomcminutes20070321.txt,equity price*,equity prices,declin*,negative,"The recent increase in oil prices and decline in equity prices, along with increased strains in the subprime mortgage sector, were expected to exert some drag on real activity over the remainder of the year.",15002,Unavailable: pre-2009 manual assignment not supplied,unavailable,unavailable_original_manual_assignment
minutes_2007-03-21_author_method_0003,2007-03-21,/mnt/data/FOMC_CVJ_Benchmark_Update_20260919/data/minutes/Minutes/2007/fomcminutes20070321.txt,household* net worth,household net worth,reduc*,negative,The recent increase in oil prices and the reduction in household net worth resulting from the small net declines in equity prices during the intermeeting period warranted a modest downward adjustment in projected growth of consumer spending.,19868,Unavailable: pre-2009 manual assignment not supplied,unavailable,unavailable_original_manual_assignment
minutes_2007-03-21_author_method_0004,2007-03-21,/mnt/data/FOMC_CVJ_Benchmark_Update_20260919/data/minutes/Minutes/2007/fomcminutes20070321.txt,equity price*,equity prices,declin*,negative,The recent increase in oil prices and the reduction in household net worth resulting from the small net declines in equity prices during the intermeeting period warranted a modest downward adjustment in projected growth of consumer spending.,19929,Unavailable: pre-2009 manual assignment not supplied,unavailable,unavailable_original_manual_assignment
minutes_2007-05-09_author_method_0001,2007-05-09,/mnt/data/FOMC_CVJ_Benchmark_Update_20260919/data/minutes/Minutes/2007/fomcminutes20070509.txt,stock market*,stock market,rose,positive,"The household wealth-to-income ratio likely ticked down in the first quarter, as the stock market rose only a little and house prices remained soft.",6645,Unavailable: pre-2009 manual assignment not supplied,unavailable,unavailable_original_manual_assignment
minutes_2007-05-09_author_method_0002,2007-05-09,/mnt/data/FOMC_CVJ_Benchmark_Update_20260919/data/minutes/Minutes/2007/fomcminutes20070509.txt,stock price*,stock prices,gain*,positive,"Consumption was likely to be supported by continued advances in employment and incomes, as well as gains in stock prices; but the recent increases in gasoline prices probably would damp households' spending power in the near term, and the effect of the anticipated leveling out in home-price appreciation on household wealth was expected to contribute to a gradual increase in the personal saving rate over the medium run.",18638,Unavailable: pre-2009 manual assignment not supplied,unavailable,unavailable_original_manual_assignment
minutes_2007-06-28_author_method_0001,2007-06-28,/mnt/data/FOMC_CVJ_Benchmark_Update_20260919/data/minutes/Minutes/2007/fomcminutes20070628.txt,wealth to income ratio,wealth-to-income ratio,tick* down,negative,"Although the household wealth-to-income ratio ticked down in the first quarter with the stock market up only a little and house prices remaining soft, the increase in stock prices in the second quarter likely made up much of the lost ground.",5658,Unavailable: pre-2009 manual assignment not supplied,unavailable,unavailable_original_manual_assignment
minutes_2007-06-28_author_method_0002,2007-06-28,/mnt/data/FOMC_CVJ_Benchmark_Update_20260919/data/minutes/Minutes/2007/fomcminutes20070628.txt,stock market*,stock market,up,positive,"Although the household wealth-to-income ratio ticked down in the first quarter with the stock market up only a little and house prices remaining soft, the increase in stock prices in the second quarter likely made up much of the lost ground.",5723,Unavailable: pre-2009 manual assignment not supplied,unavailable,unavailable_original_manual_assignment
minutes_2007-06-28_author_method_0003,2007-06-28,/mnt/data/FOMC_CVJ_Benchmark_Update_20260919/data/minutes/Minutes/2007/fomcminutes20070628.txt,stock price*,stock prices,increas*,positive,"Although the household wealth-to-income ratio ticked down in the first quarter with the stock market up only a little and house prices remaining soft, the increase in stock prices in the second quarter likely made up much of the lost ground.",5802,Unavailable: pre-2009 manual assignment not supplied,unavailable,unavailable_original_manual_assignment
minutes_2007-08-07_author_method_0001,2007-08-07,/mnt/data/FOMC_CVJ_Benchmark_Update_20260919/data/minutes/Minutes/2007/fomcminutes20070807.txt,equity price*,equity prices,rising,positive,"Despite continued softness in house prices, household wealth moved markedly higher in the second quarter, mostly reflecting rising equity prices.",6183,Unavailable: pre-2009 manual assignment not supplied,unavailable,unavailable_original_manual_assignment
minutes_2007-08-07_author_method_0002,2007-08-07,/mnt/data/FOMC_CVJ_Benchmark_Update_20260919/data/minutes/Minutes/2007/fomcminutes20070807.txt,equity price*,equity prices,declin*,negative,"Although many of those economies recently experienced sharp declines in equity prices and widening credit spreads amid deepening concerns about credit quality, these developments occurred too late in the intermeeting period to have any apparent effect on incoming data.",9269,Unavailable: pre-2009 manual assignment not supplied,unavailable,unavailable_original_manual_assignment
minutes_2007-08-07_author_method_0003,2007-08-07,/mnt/data/FOMC_CVJ_Benchmark_Update_20260919/data/minutes/Minutes/2007/fomcminutes20070807.txt,equity price*,equity prices,fell,negative,"While equity prices fell and bond spreads widened in several emerging-market economies, particularly in Latin America, there was no evidence that this increased volatility had yet weighed on economic activity.",10491,Unavailable: pre-2009 manual assignment not supplied,unavailable,unavailable_original_manual_assignment
minutes_2007-09-18_author_method_0001,2007-09-18,/mnt/data/FOMC_CVJ_Benchmark_Update_20260919/data/minutes/Minutes/2007/fomcminutes20070918.txt,stock market wealth,stock market wealth,declin*,negative,"However, household wealth likely was providing a diminishing impetus to the pace of spending, reflecting recent declines in stock market wealth and an apparent further deceleration in house prices.",6946,Unavailable: pre-2009 manual assignment not supplied,unavailable,unavailable_original_manual_assignment
minutes_2007-10-31_author_method_0001,2007-10-31,/mnt/data/FOMC_CVJ_Benchmark_Update_20260919/data/minutes/Minutes/2007/fomcminutes20071031.txt,stock price*,stock prices,rose,positive,"Short-term interest rates dropped and stock prices rose, on balance, after August.",6866,Unavailable: pre-2009 manual assignment not supplied,unavailable,unavailable_original_manual_assignment
minutes_2007-12-11_author_method_0001,2007-12-11,/mnt/data/FOMC_CVJ_Benchmark_Update_20260919/data/minutes/Minutes/2007/fomcminutes20071211.txt,household wealth,household wealth,declin*,negative,"Moreover, rising foreclosures and the resulting increase in the supply of homes for sale could put additional downward pressure on prices, leading to a greater decline in household wealth and potentially to further disruptions in the financial markets.",28048,Unavailable: pre-2009 manual assignment not supplied,unavailable,unavailable_original_manual_assignment
minutes_2008-01-30_author_method_0001,2008-01-30,/mnt/data/FOMC_CVJ_Benchmark_Update_20260919/data/minutes/Minutes/2008/fomcminutes20080130.txt,wealth to income ratio,wealth-to-income ratio,tick* down,negative,"Also, the wealth-to-income ratio ticked down in the third quarter, and appeared likely to decline again in the fourth quarter, as equity prices had fallen since the end of the third quarter and available indicators pointed to continued declines in house prices in the fourth quarter.",26122,Unavailable: pre-2009 manual assignment not supplied,unavailable,unavailable_original_manual_assignment
minutes_2008-01-30_author_method_0002,2008-01-30,/mnt/data/FOMC_CVJ_Benchmark_Update_20260919/data/minutes/Minutes/2008/fomcminutes20080130.txt,equity price*,equity prices,fall*,negative,"Also, the wealth-to-income ratio ticked down in the third quarter, and appeared likely to decline again in the fourth quarter, as equity prices had fallen since the end of the third quarter and available indicators pointed to continued declines in house prices in the fourth quarter.",26242,Unavailable: pre-2009 manual assignment not supplied,unavailable,unavailable_original_manual_assignment
minutes_2008-01-30_author_method_0003,2008-01-30,/mnt/data/FOMC_CVJ_Benchmark_Update_20260919/data/minutes/Minutes/2008/fomcminutes20080130.txt,equity price*,equity prices,drop*,negative,"Many participants were concerned that the drop in equity prices, coupled with the ongoing decline in house prices, implied reductions in household wealth that would likely damp consumer spending.",43216,Unavailable: pre-2009 manual assignment not supplied,unavailable,unavailable_original_manual_assignment
minutes_2008-01-30_author_method_0004,2008-01-30,/mnt/data/FOMC_CVJ_Benchmark_Update_20260919/data/minutes/Minutes/2008/fomcminutes20080130.txt,household wealth,household wealth,reduc*,negative,"Many participants were concerned that the drop in equity prices, coupled with the ongoing decline in house prices, implied reductions in household wealth that would likely damp consumer spending.",43303,Unavailable: pre-2009 manual assignment not supplied,unavailable,unavailable_original_manual_assignment
minutes_2008-01-30_author_method_0005,2008-01-30,/mnt/data/FOMC_CVJ_Benchmark_Update_20260919/data/minutes/Minutes/2008/fomcminutes20080130.txt,home and equity price*,home and equity prices,decreas*,negative,Participants remarked that declining house prices and sales appeared to be depressing consumer sentiment and that the contraction in wealth associated with decreases in home and equity prices probably was restraining spending.,46142,Unavailable: pre-2009 manual assignment not supplied,unavailable,unavailable_original_manual_assignment
minutes_2008-01-30_author_method_0006,2008-01-30,/mnt/data/FOMC_CVJ_Benchmark_Update_20260919/data/minutes/Minutes/2008/fomcminutes20080130.txt,equity price*,equity prices,drop*,negative,"As had been the case in some previous cyclical episodes, a relatively low real federal funds rate now appeared appropriate for a time to counter the factors that were restraining economic growth, including the slide in housing activity and prices, the tightening of credit availability, and the drop in equity prices.",51313,Unavailable: pre-2009 manual assignment not supplied,unavailable,unavailable_original_manual_assignment
minutes_2008-01-30_author_method_0007,2008-01-30,/mnt/data/FOMC_CVJ_Benchmark_Update_20260919/data/minutes/Minutes/2008/fomcminutes20080130.txt,stock price*,stock prices,declin*,negative,"However, some concern was expressed that an immediate policy action could be misinterpreted as directed at recent declines in stock prices, rather than the broader economic outlook, and one member believed it preferable to delay policy action until the scheduled FOMC meeting on January 29-30.",60969,Unavailable: pre-2009 manual assignment not supplied,unavailable,unavailable_original_manual_assignment
minutes_2008-03-18_author_method_0001,2008-03-18,/mnt/data/FOMC_CVJ_Benchmark_Update_20260919/data/minutes/Minutes/2008/fomcminutes20080318.txt,equity price*,equity prices,downturn,negative,The downturn in equity prices since December further reduced household wealth in the first quarter.,5799,Unavailable: pre-2009 manual assignment not supplied,unavailable,unavailable_original_manual_assignment
minutes_2008-03-18_author_method_0002,2008-03-18,/mnt/data/FOMC_CVJ_Benchmark_Update_20260919/data/minutes/Minutes/2008/fomcminutes20080318.txt,household wealth,household wealth,reduc*,negative,The downturn in equity prices since December further reduced household wealth in the first quarter.,5844,Unavailable: pre-2009 manual assignment not supplied,unavailable,unavailable_original_manual_assignment
minutes_2008-03-18_author_method_0003,2008-03-18,/mnt/data/FOMC_CVJ_Benchmark_Update_20260919/data/minutes/Minutes/2008/fomcminutes20080318.txt,asset valu*,asset values,declin*,negative,"Several participants noted that the problems of declining asset values, credit losses, and strained financial market conditions could be quite persistent, restraining credit availability and thus economic activity for a time and having the potential subsequently to delay and damp economic recovery.",23277,Unavailable: pre-2009 manual assignment not supplied,unavailable,unavailable_original_manual_assignment
minutes_2008-03-18_author_method_0004,2008-03-18,/mnt/data/FOMC_CVJ_Benchmark_Update_20260919/data/minutes/Minutes/2008/fomcminutes20080318.txt,equity price*,equity prices,declin*,negative,"Also, the continued fall in home prices and declines in equity prices were weighing on household wealth, with a depressing effect on spending.",25087,Unavailable: pre-2009 manual assignment not supplied,unavailable,unavailable_original_manual_assignment
minutes_2008-03-18_author_method_0005,2008-03-18,/mnt/data/FOMC_CVJ_Benchmark_Update_20260919/data/minutes/Minutes/2008/fomcminutes20080318.txt,household wealth,household wealth,weigh* on,negative,"Also, the continued fall in home prices and declines in equity prices were weighing on household wealth, with a depressing effect on spending.",25118,Unavailable: pre-2009 manual assignment not supplied,unavailable,unavailable_original_manual_assignment
minutes_2008-06-25_author_method_0001,2008-06-25,/mnt/data/FOMC_CVJ_Benchmark_Update_20260919/data/minutes/Minutes/2008/fomcminutes20080625.txt,equity price*,equity prices,weigh* on,negative,"The surge in oil prices weighed on equity prices in the second half of 2008, and headline inflation was",18610,Unavailable: pre-2009 manual assignment not supplied,unavailable,unavailable_original_manual_assignment
minutes_2008-06-25_author_method_0002,2008-06-25,/mnt/data/FOMC_CVJ_Benchmark_Update_20260919/data/minutes/Minutes/2008/fomcminutes20080625.txt,household wealth,household wealth,low*,negative,"ing lower household wealth, slower real income growth",21808,Unavailable: pre-2009 manual assignment not supplied,unavailable,unavailable_original_manual_assignment
minutes_2008-08-05_author_method_0001,2008-08-05,/mnt/data/FOMC_CVJ_Benchmark_Update_20260919/data/minutes/Minutes/2008/fomcminutes20080805.txt,equity price*,equity prices,declin*,negative,"The ratio of wealth to income likely declined again in the second quarter, as equity prices declined, on balance, and house prices continued to fall.",6126,Unavailable: pre-2009 manual assignment not supplied,unavailable,unavailable_original_manual_assignment
minutes_2008-08-05_author_method_0002,2008-08-05,/mnt/data/FOMC_CVJ_Benchmark_Update_20260919/data/minutes/Minutes/2008/fomcminutes20080805.txt,asset valu*,asset values,increas*,positive,Declining mortgage asset values increased capital pressures on lenders exposed to real estate markets.,20049,Unavailable: pre-2009 manual assignment not supplied,unavailable,unavailable_original_manual_assignment
minutes_2008-08-05_author_method_0003,2008-08-05,/mnt/data/FOMC_CVJ_Benchmark_Update_20260919/data/minutes/Minutes/2008/fomcminutes20080805.txt,equity price index*,equity price indexes,declin*,negative,"Moreover, broad equity price indexes had declined and borrowing costs for nonfinancial firms had increased, including a recent rise in corporate bond yields across most risk categories.",20301,Unavailable: pre-2009 manual assignment not supplied,unavailable,unavailable_original_manual_assignment
minutes_2008-08-05_author_method_0004,2008-08-05,/mnt/data/FOMC_CVJ_Benchmark_Update_20260919/data/minutes/Minutes/2008/fomcminutes20080805.txt,equity price*,equity prices,low*,negative,"Lower equity prices and the ongoing deterioration in house prices had reduced household wealth significantly, while real incomes had been diminished by earlier increases in the prices of food and energy.",21377,Unavailable: pre-2009 manual assignment not supplied,unavailable,unavailable_original_manual_assignment
minutes_2008-08-05_author_method_0005,2008-08-05,/mnt/data/FOMC_CVJ_Benchmark_Update_20260919/data/minutes/Minutes/2008/fomcminutes20080805.txt,household wealth,household wealth,reduc*,negative,"Lower equity prices and the ongoing deterioration in house prices had reduced household wealth significantly, while real incomes had been diminished by earlier increases in the prices of food and energy.",21449,Unavailable: pre-2009 manual assignment not supplied,unavailable,unavailable_original_manual_assignment
minutes_2008-09-16_author_method_0001,2008-09-16,/mnt/data/FOMC_CVJ_Benchmark_Update_20260919/data/minutes/Minutes/2008/fomcminutes20080916.txt,equity index*,equity indexes,declin*,negative,Broad equity indexes declined over the intermeeting period.,15724,Unavailable: pre-2009 manual assignment not supplied,unavailable,unavailable_original_manual_assignment
minutes_2008-09-16_author_method_0002,2008-09-16,/mnt/data/FOMC_CVJ_Benchmark_Update_20260919/data/minutes/Minutes/2008/fomcminutes20080916.txt,equity price*,equity prices,drop*,negative,Equity markets were volatile and equity prices dropped considerably.,19243,Unavailable: pre-2009 manual assignment not supplied,unavailable,unavailable_original_manual_assignment
minutes_2008-09-16_author_method_0003,2008-09-16,/mnt/data/FOMC_CVJ_Benchmark_Update_20260919/data/minutes/Minutes/2008/fomcminutes20080916.txt,household wealth,household wealth,reduc*,negative,"Falling real estate prices were likely to continue to reduce household wealth, and the eroding quality of consumer loans had the potential to lead to a further tightening of credit conditions.",24315,Unavailable: pre-2009 manual assignment not supplied,unavailable,unavailable_original_manual_assignment
minutes_2008-10-29_author_method_0001,2008-10-29,/mnt/data/FOMC_CVJ_Benchmark_Update_20260919/data/minutes/Minutes/2008/fomcminutes20081029.txt,equity price index*,equity price indexes,declin*,negative,"Broad equity price indexes declined sharply over the intermeeting period, and option-implied volatility on the S and P 500 index rose well above its previous record high.",23248,Unavailable: pre-2009 manual assignment not supplied,unavailable,unavailable_original_manual_assignment
minutes_2008-10-29_author_method_0002,2008-10-29,/mnt/data/FOMC_CVJ_Benchmark_Update_20260919/data/minutes/Minutes/2008/fomcminutes20081029.txt,equity market index*,Equity market indexes,fell,negative,"Equity market indexes fell sharply in the advanced economies as well as in emerging market economies, which until recently had not been hit as hard by the financial turmoil.",24435,Unavailable: pre-2009 manual assignment not supplied,unavailable,unavailable_original_manual_assignment
minutes_2008-10-29_author_method_0003,2008-10-29,/mnt/data/FOMC_CVJ_Benchmark_Update_20260919/data/minutes/Minutes/2008/fomcminutes20081029.txt,stock market wealth,stock-market wealth,declin*,negative,"The declines in stock-market wealth, low levels of consumer sentiment, weakened household balance sheets, and restrictive credit conditions were likely to hinder household spending over the near term.",32489,Unavailable: pre-2009 manual assignment not supplied,unavailable,unavailable_original_manual_assignment
minutes_2008-10-29_author_method_0004,2008-10-29,/mnt/data/FOMC_CVJ_Benchmark_Update_20260919/data/minutes/Minutes/2008/fomcminutes20081029.txt,household wealth,household wealth,reduc*,negative,"Although futures markets pointed to a lower trajectory for oil prices than at the time of the September meeting, real activity was expected to be restrained by further contraction in residential investment, reduced household wealth, continued tight credit conditions, and a deterioration of foreign economic performance.",33199,Unavailable: pre-2009 manual assignment not supplied,unavailable,unavailable_original_manual_assignment
minutes_2008-10-29_author_method_0005,2008-10-29,/mnt/data/FOMC_CVJ_Benchmark_Update_20260919/data/minutes/Minutes/2008/fomcminutes20081029.txt,equity price*,equity prices,drop*,negative,"Stresses in financial markets had continued to increase: Interest-rate spreads in interbank funding markets had widened markedly, corporate and municipal bond yields had risen, and equity prices had dropped sharply.",48167,Unavailable: pre-2009 manual assignment not supplied,unavailable,unavailable_original_manual_assignment
minutes_2008-12-16_author_method_0001,2008-12-16,/mnt/data/FOMC_CVJ_Benchmark_Update_20260919/data/minutes/Minutes/2008/fomcminutes20081216.txt,equity and house price*,equity and house prices,declin*,negative,"Real incomes were also boosted by the reversal in energy prices, though the negative wealth effects of continued declines in equity and house prices likely offset this somewhat.",8332,Unavailable: pre-2009 manual assignment not supplied,unavailable,unavailable_original_manual_assignment
minutes_2008-12-16_author_method_0002,2008-12-16,/mnt/data/FOMC_CVJ_Benchmark_Update_20260919/data/minutes/Minutes/2008/fomcminutes20081216.txt,equity index*,equity indexes,declin*,negative,"Stock prices of financial corporations fell considerably, while broad equity indexes declined, on net, amid high volatility.",21103,Unavailable: pre-2009 manual assignment not supplied,unavailable,unavailable_original_manual_assignment
minutes_2008-12-16_author_method_0003,2008-12-16,/mnt/data/FOMC_CVJ_Benchmark_Update_20260919/data/minutes/Minutes/2008/fomcminutes20081216.txt,stock market wealth,stock market wealth,declin*,negative,"Rising unemployment, the declines in stock market wealth, low levels of consumer sentiment, weakened household balance sheets, and restrictive credit conditions were likely to continue to hinder household spending over the near term.",25946,Unavailable: pre-2009 manual assignment not supplied,unavailable,unavailable_original_manual_assignment
minutes_2008-12-16_author_method_0004,2008-12-16,/mnt/data/FOMC_CVJ_Benchmark_Update_20260919/data/minutes/Minutes/2008/fomcminutes20081216.txt,equity price*,equity prices,declin*,negative,"Credit conditions continued to tighten for both households and businesses, and ongoing declines in equity prices further reduced household wealth.",27938,Unavailable: pre-2009 manual assignment not supplied,unavailable,unavailable_original_manual_assignment
minutes_2008-12-16_author_method_0005,2008-12-16,/mnt/data/FOMC_CVJ_Benchmark_Update_20260919/data/minutes/Minutes/2008/fomcminutes20081216.txt,household wealth,household wealth,reduc*,negative,"Credit conditions continued to tighten for both households and businesses, and ongoing declines in equity prices further reduced household wealth.",27968,Unavailable: pre-2009 manual assignment not supplied,unavailable,unavailable_original_manual_assignment
minutes_2008-12-16_author_method_0006,2008-12-16,/mnt/data/FOMC_CVJ_Benchmark_Update_20260919/data/minutes/Minutes/2008/fomcminutes20081216.txt,household wealth,household wealth,reduc*,negative,"Indeed, the severe ongoing financial market strains, the large reductions in household wealth, and the global nature of the economic slowdown were seen by some participants as suggesting the distinct possibility of a prolonged contraction, although that was not judged to be the most likely outcome.",28872,Unavailable: pre-2009 manual assignment not supplied,unavailable,unavailable_original_manual_assignment
minutes_2008-12-16_author_method_0007,2008-12-16,/mnt/data/FOMC_CVJ_Benchmark_Update_20260919/data/minutes/Minutes/2008/fomcminutes20081216.txt,household wealth,household wealth,reduc*,negative,"Equity prices continued to drop amid high volatility, further reducing household wealth.",30089,Unavailable: pre-2009 manual assignment not supplied,unavailable,unavailable_original_manual_assignment
minutes_2008-12-16_author_method_0008,2008-12-16,/mnt/data/FOMC_CVJ_Benchmark_Update_20260919/data/minutes/Minutes/2008/fomcminutes20081216.txt,household wealth,household wealth,declin*,negative,"Many participants noted that the decline in household wealth resulting from large drops in equity and house prices, together with tighter credit conditions, rapidly increasing unemployment, and deteriorating consumer sentiment, was contributing to a sharp contraction in consumer spending.",32068,Unavailable: pre-2009 manual assignment not supplied,unavailable,unavailable_original_manual_assignment
minutes_2008-12-16_author_method_0009,2008-12-16,/mnt/data/FOMC_CVJ_Benchmark_Update_20260919/data/minutes/Minutes/2008/fomcminutes20081216.txt,equity and house price*,equity and house prices,drop*,negative,"Many participants noted that the decline in household wealth resulting from large drops in equity and house prices, together with tighter credit conditions, rapidly increasing unemployment, and deteriorating consumer sentiment, was contributing to a sharp contraction in consumer spending.",32115,Unavailable: pre-2009 manual assignment not supplied,unavailable,unavailable_original_manual_assignment
minutes_2009-01-28_author_method_0001,2009-01-28,/mnt/data/FOMC_CVJ_Benchmark_Update_20260919/data/minutes/Minutes/2009/fomcminutes20090128.txt,house and equity price*,house and equity prices,decreas*,negative,"Real consumer spending appeared to decline sharply again in the fourth quarter, likely reflecting the combined effects of decreases in house and equity prices, a weakening labor market, and tight credit conditions.",34178,Unparsed/Other,unavailable,explicit_heading
minutes_2009-01-28_author_method_0002,2009-01-28,/mnt/data/FOMC_CVJ_Benchmark_Update_20260919/data/minutes/Minutes/2009/fomcminutes20090128.txt,equity market index*,equity market indexes,fell,negative,Broad equity market indexes fell over the intermeeting period.,46196,Unparsed/Other,unavailable,explicit_heading
minutes_2009-01-28_author_method_0003,2009-01-28,/mnt/data/FOMC_CVJ_Benchmark_Update_20260919/data/minutes/Minutes/2009/fomcminutes20090128.txt,equity price*,equity prices,declin*,negative,"Conditions in foreign financial markets were relatively calm over the intermeeting period, although concerns about bank earnings and the stability of the global banking system led to widespread declines in equity prices later in the period.",49746,Unparsed/Other,unavailable,explicit_heading
minutes_2009-01-28_author_method_0004,2009-01-28,/mnt/data/FOMC_CVJ_Benchmark_Update_20260919/data/minutes/Minutes/2009/fomcminutes20090128.txt,equity price*,equity prices,fall*,negative,"Financial markets continued to be strained overall, credit remained unusually tight for both households and businesses, and equity prices had fallen further.",50993,3. Staff Economic Outlook,staff,explicit_heading
minutes_2009-03-18_author_method_0001,2009-03-18,/mnt/data/FOMC_CVJ_Benchmark_Update_20260919/data/minutes/Minutes/2009/fomcminutes20090318.txt,equity and house price*,equity and house prices,declin*,negative,"The financial strain on households intensified over the previous several months; by the end of the fourth quarter, household net worth for the first time since 1995 had fallen to less than five times disposable income, and substantial declines in equity and house prices continued early this year.",14634,Unparsed/Other,unavailable,explicit_heading
minutes_2009-03-18_author_method_0002,2009-03-18,/mnt/data/FOMC_CVJ_Benchmark_Update_20260919/data/minutes/Minutes/2009/fomcminutes20090318.txt,equity price index*,equity price indexes,drop*,negative,"Broad equity price indexes dropped significantly, on balance, over the intermeeting period amid continued concerns about the health of the financial sector, uncertainty regarding the efficacy of government support to the sector, and a further weakening of the economic outlook.",22105,Unparsed/Other,unavailable,explicit_heading
minutes_2009-03-18_author_method_0003,2009-03-18,/mnt/data/FOMC_CVJ_Benchmark_Update_20260919/data/minutes/Minutes/2009/fomcminutes20090318.txt,equity index*,equity indexes,down,negative,"Financial conditions overall were even less supportive of economic activity, with broad equity indexes down significantly amid continued concerns about the health of the financial sector, the dollar stronger, and long-term interest rates higher.",29088,3. Staff Economic Outlook,staff,explicit_heading
minutes_2009-03-18_author_method_0004,2009-03-18,/mnt/data/FOMC_CVJ_Benchmark_Update_20260919/data/minutes/Minutes/2009/fomcminutes20090318.txt,equity price*,equity prices,declin*,negative,"Large declines in equity prices, a further drop in house prices, and mounting job losses threatened to further depress consumer spending, despite some firming in the recent retail sales data and forthcoming tax reductions.",30545,5. Committee Policy Action,participants,explicit_heading
minutes_2009-03-18_author_method_0005,2009-03-18,/mnt/data/FOMC_CVJ_Benchmark_Update_20260919/data/minutes/Minutes/2009/fomcminutes20090318.txt,equity and house price*,equity and house prices,fall*,negative,"However, others suggested that strains on household balance sheets from falling equity and house prices, reduced credit availability, and the fear of unemployment could well lead to further increases in the saving rate that would damp consumption growth in the near term.",33083,5. Committee Policy Action,participants,explicit_heading
minutes_2009-04-29_author_method_0001,2009-04-29,/mnt/data/FOMC_CVJ_Benchmark_Update_20260919/data/minutes/Minutes/2009/fomcminutes20090429.txt,household wealth,household wealth,reduc*,negative,Growth of consumption expenditures was likely to be restrained by the weakness in labor markets and the lagged effects of past reductions in household wealth.,27639,5. Committee Policy Action,participants,explicit_heading
minutes_2009-04-29_author_method_0002,2009-04-29,/mnt/data/FOMC_CVJ_Benchmark_Update_20260919/data/minutes/Minutes/2009/fomcminutes20090429.txt,equity price*,Equity prices,increas*,positive,"Equity prices increased, money markets were functioning better, and corporate issuance of bonds and convertible securities was relatively brisk.",27909,5. Committee Policy Action,participants,explicit_heading
minutes_2009-04-29_author_method_0003,2009-04-29,/mnt/data/FOMC_CVJ_Benchmark_Update_20260919/data/minutes/Minutes/2009/fomcminutes20090429.txt,household wealth,household wealth,rise*,positive,Participants generally expected that household demand would gradually strengthen over coming quarters in response to the rise in household wealth from the substantial increase in equity prices that had occurred over the intermeeting period as well as the support for income provided by fiscal policy.,29252,5. Committee Policy Action,participants,explicit_heading
minutes_2009-04-29_author_method_0004,2009-04-29,/mnt/data/FOMC_CVJ_Benchmark_Update_20260919/data/minutes/Minutes/2009/fomcminutes20090429.txt,equity price*,equity prices,increas*,positive,Participants generally expected that household demand would gradually strengthen over coming quarters in response to the rise in household wealth from the substantial increase in equity prices that had occurred over the intermeeting period as well as the support for income provided by fiscal policy.,29302,5. Committee Policy Action,participants,explicit_heading
minutes_2009-04-29_author_method_0005,2009-04-29,/mnt/data/FOMC_CVJ_Benchmark_Update_20260919/data/minutes/Minutes/2009/fomcminutes20090429.txt,household wealth,household wealth,reduc*,negative,"Nevertheless, participants judged that the recovery in consumer demand over the next few quarters would be slow, reflecting adverse labor market conditions and continuing adjustments to earlier reductions in household wealth.",29632,5. Committee Policy Action,participants,explicit_heading
minutes_2009-06-24_author_method_0001,2009-06-24,/mnt/data/FOMC_CVJ_Benchmark_Update_20260919/data/minutes/Minutes/2009/fomcminutes20090624.txt,equity index*,equity indexes,mov* high*,positive,"The improved access to capital markets and better economic outlook buoyed bank stocks, which helped headline equity indexes move higher.",34600,2. Staff Review of Financial Situation,staff,explicit_heading
minutes_2009-06-24_author_method_0002,2009-06-24,/mnt/data/FOMC_CVJ_Benchmark_Update_20260919/data/minutes/Minutes/2009/fomcminutes20090624.txt,household wealth,Household wealth,high*,positive,"Household wealth was higher, corporate bond rates had fallen, the value of the dollar was lower, the outlook for foreign activity was better, and financial stress appeared to have eased somewhat more than had been anticipated in the staff forecast prepared for the prior FOMC meeting.",36010,3. Staff Economic Outlook,staff,explicit_heading
minutes_2009-06-24_author_method_0003,2009-06-24,/mnt/data/FOMC_CVJ_Benchmark_Update_20260919/data/minutes/Minutes/2009/fomcminutes20090624.txt,equity price*,equity prices,favor*,positive,Increases in equity prices had favorable effects on household wealth and overall sentiment.,40560,5. Committee Policy Action,participants,explicit_heading
minutes_2009-06-24_author_method_0004,2009-06-24,/mnt/data/FOMC_CVJ_Benchmark_Update_20260919/data/minutes/Minutes/2009/fomcminutes20090624.txt,asset price*,asset prices,declin*,negative,"The continued sluggishness in consumer expenditures mainly reflected falling employment, sharply lower wealth as a result of earlier steep declines in asset prices, and tight credit conditions.",41535,5. Committee Policy Action,participants,explicit_heading
minutes_2009-06-24_author_method_0005,2009-06-24,/mnt/data/FOMC_CVJ_Benchmark_Update_20260919/data/minutes/Minutes/2009/fomcminutes20090624.txt,household wealth,household wealth,weigh* on,negative,"Others noted that foreclosures were continuing at a very high rate and could push house prices down further and add to inventories of unsold homes, holding back housing activity and weighing on household wealth.",42939,5. Committee Policy Action,participants,explicit_heading
minutes_2009-08-12_author_method_0001,2009-08-12,/mnt/data/FOMC_CVJ_Benchmark_Update_20260919/data/minutes/Minutes/2009/fomcminutes20090812.txt,equity price*,equity prices,rise*,positive,"However, household net worth received a boost from the rise in equity prices since their low in March.",10374,1. Staff Review of Economic Situation,staff,explicit_heading
minutes_2009-08-12_author_method_0002,2009-08-12,/mnt/data/FOMC_CVJ_Benchmark_Update_20260919/data/minutes/Minutes/2009/fomcminutes20090812.txt,equity price*,equity prices,rose,positive,"Over the period, bank equity prices rose, and credit default swap spreads on financial firms declined.",21797,2. Staff Review of Financial Situation,staff,explicit_heading
minutes_2009-08-12_author_method_0003,2009-08-12,/mnt/data/FOMC_CVJ_Benchmark_Update_20260919/data/minutes/Minutes/2009/fomcminutes20090812.txt,stock market*,Stock markets,rose,positive,"Stock markets rose globally, as positive US earnings reports and news of strong economic rebounds in emerging Asian economies reportedly lifted investor sentiment.",24822,2. Staff Review of Financial Situation,staff,explicit_heading
minutes_2009-08-12_author_method_0004,2009-08-12,/mnt/data/FOMC_CVJ_Benchmark_Update_20260919/data/minutes/Minutes/2009/fomcminutes20090812.txt,household* net worth,household net worth,high*,positive,"But this negative influence on aggregate demand was roughly offset by other factors, including higher household net worth as a result of the rise in equity prices since March, lower corporate bond rates and spreads, a lower dollar, and a stronger forecast for foreign economic activity.",26742,3. Staff Economic Outlook,staff,explicit_heading
minutes_2009-08-12_author_method_0005,2009-08-12,/mnt/data/FOMC_CVJ_Benchmark_Update_20260919/data/minutes/Minutes/2009/fomcminutes20090812.txt,equity price*,equity prices,rise*,positive,"But this negative influence on aggregate demand was roughly offset by other factors, including higher household net worth as a result of the rise in equity prices since March, lower corporate bond rates and spreads, a lower dollar, and a stronger forecast for foreign economic activity.",26789,3. Staff Economic Outlook,staff,explicit_heading
minutes_2009-08-12_author_method_0006,2009-08-12,/mnt/data/FOMC_CVJ_Benchmark_Update_20260919/data/minutes/Minutes/2009/fomcminutes20090812.txt,equity price*,equity prices,high*,positive,"Higher equity prices appeared to result not only from generally better-than-expected corporate earnings, which seemed largely to reflect aggressive cost cutting, but also from a reduction in the perceived risk of extremely adverse outcomes and a consequent increase in investors' appetite for riskier assets.",32650,4. Participants' Views,participants,explicit_heading
minutes_2009-08-12_author_method_0007,2009-08-12,/mnt/data/FOMC_CVJ_Benchmark_Update_20260919/data/minutes/Minutes/2009/fomcminutes20090812.txt,equity price*,equity prices,rebound*,positive,Several participants noted the recent rebound in equity prices and thus household wealth as a factor that was likely to support consumer spending.,35934,4. Participants' Views,participants,explicit_heading
minutes_2009-09-23_author_method_0001,2009-09-23,/mnt/data/FOMC_CVJ_Benchmark_Update_20260919/data/minutes/Minutes/2009/fomcminutes20090923.txt,household* net worth,household net worth,declin*,negative,"In particular, the weak labor market continued to restrain growth in household income, and the prior declines in household net worth probably continued to weigh on spending.",13011,1. Staff Review of Economic Situation,staff,explicit_heading
minutes_2009-09-23_author_method_0002,2009-09-23,/mnt/data/FOMC_CVJ_Benchmark_Update_20260919/data/minutes/Minutes/2009/fomcminutes20090923.txt,household* net worth,household net worth,increas*,positive,"However, an increase in household net worth since March, a rise in nominal labor compensation in July, and increases in various measures of consumer sentiment indicated some improvement in the outlook for consumer spending.",13096,1. Staff Review of Economic Situation,staff,explicit_heading
minutes_2009-09-23_author_method_0003,2009-09-23,/mnt/data/FOMC_CVJ_Benchmark_Update_20260919/data/minutes/Minutes/2009/fomcminutes20090923.txt,stock price*,stock prices,increas*,positive,"Equity prices for larger banks increased, but stock prices for regional and smaller banks were little changed.",24460,2. Staff Review of Financial Situation,staff,explicit_heading
minutes_2009-09-23_author_method_0004,2009-09-23,/mnt/data/FOMC_CVJ_Benchmark_Update_20260919/data/minutes/Minutes/2009/fomcminutes20090923.txt,stock market*,stock market,declin*,negative,"Stock indexes in Europe rose solidly, apparently reflecting an improved economic outlook, but the Japanese stock market declined modestly.",27547,2. Staff Review of Financial Situation,staff,explicit_heading
minutes_2009-09-23_author_method_0005,2009-09-23,/mnt/data/FOMC_CVJ_Benchmark_Update_20260919/data/minutes/Minutes/2009/fomcminutes20090923.txt,stock price*,stock prices,fell,negative,"In emerging markets, credit default swap spreads on sovereign debt declined slightly, and equity prices in most countries rose moderately; however, stock prices fell notably in China, partly driven by reports that authorities were taking actions to moderate loan growth.",27727,2. Staff Review of Financial Situation,staff,explicit_heading
minutes_2009-09-23_author_method_0006,2009-09-23,/mnt/data/FOMC_CVJ_Benchmark_Update_20260919/data/minutes/Minutes/2009/fomcminutes20090923.txt,house and equity price*,house and equity prices,rise*,positive,"These tentative signs of a recovery of economic activity were supported by other factors, including recent rises in house and equity prices that would support household net worth, declines in interest rates on corporate bonds and fixed-rate mortgages, and a stronger outlook for activity in foreign economies.",29332,3. Staff Economic Outlook,staff,explicit_heading
minutes_2009-09-23_author_method_0007,2009-09-23,/mnt/data/FOMC_CVJ_Benchmark_Update_20260919/data/minutes/Minutes/2009/fomcminutes20090923.txt,household* net worth,household net worth,declin*,negative,"These tentative signs of a recovery of economic activity were supported by other factors, including recent rises in house and equity prices that would support household net worth, declines in interest rates on corporate bonds and fixed-rate mortgages, and a stronger outlook for activity in foreign economies.",29375,3. Staff Economic Outlook,staff,explicit_heading
minutes_2009-09-23_author_method_0008,2009-09-23,/mnt/data/FOMC_CVJ_Benchmark_Update_20260919/data/minutes/Minutes/2009/fomcminutes20090923.txt,equity price*,equity prices,rose,positive,"Markets for corporate debt continued to improve, private credit spreads narrowed further, and equity prices rose.",35810,4. Participants' Views,participants,explicit_heading
minutes_2009-09-23_author_method_0009,2009-09-23,/mnt/data/FOMC_CVJ_Benchmark_Update_20260919/data/minutes/Minutes/2009/fomcminutes20090923.txt,equity price*,equity prices,rise*,positive,"Households still faced considerable headwinds, including tight credit, high levels of debt, uncertain job prospects, and wealth levels that remained relatively low despite the recent rise in equity prices and stabilization in house prices.",38960,4. Participants' Views,participants,explicit_heading
minutes_2009-09-23_author_method_0010,2009-09-23,/mnt/data/FOMC_CVJ_Benchmark_Update_20260919/data/minutes/Minutes/2009/fomcminutes20090923.txt,household* net worth,household net worth,drop*,negative,"The household saving rate had risen considerably in recent quarters, and the most likely outcome was for the saving rate to remain near its higher level; however, some participants noted that there was some chance that the sharp drop in household net worth over the past few years, reduced access to credit, and high household debt burdens could lead households to save a substantially larger fraction of their incomes going forward.",39355,4. Participants' Views,participants,explicit_heading
minutes_2009-11-04_author_method_0001,2009-11-04,/mnt/data/FOMC_CVJ_Benchmark_Update_20260919/data/minutes/Minutes/2009/fomcminutes20091104.txt,household* net worth,household net worth,declin*,negative,"Poor labor market conditions and prior declines in household net worth appeared to have weighed on consumer sentiment, and the October Senior Loan Officer Opinion Survey on Bank Lending Practices (SLOOS) suggested that many banking institutions continued to tighten standards for consumer lending in the third quarter.",12246,1. Staff Review of Economic Situation,staff,explicit_heading
minutes_2009-11-04_author_method_0002,2009-11-04,/mnt/data/FOMC_CVJ_Benchmark_Update_20260919/data/minutes/Minutes/2009/fomcminutes20091104.txt,equity price*,equity prices,fell,negative,"Bank share prices fell, with equity prices for large banks declining more than those for regional and smaller banks.",20426,2. Staff Review of Financial Situation,staff,explicit_heading
minutes_2009-11-04_author_method_0003,2009-11-04,/mnt/data/FOMC_CVJ_Benchmark_Update_20260919/data/minutes/Minutes/2009/fomcminutes20091104.txt,stock index*,Stock indexes,fell,negative,"Stock indexes fell over the intermeeting period in most major industrial economies, while 10-year sovereign yields declined in Europe and were little changed in Japan and Canada.",22749,2. Staff Review of Financial Situation,staff,explicit_heading
minutes_2009-11-04_author_method_0004,2009-11-04,/mnt/data/FOMC_CVJ_Benchmark_Update_20260919/data/minutes/Minutes/2009/fomcminutes20091104.txt,equity price*,equity prices,rise*,positive,"Uncertain job prospects, slow income growth, and tight credit, as well as wealth levels that remained relatively low despite the recent rise in equity prices and stabilization in house prices, were seen as weighing on consumer confidence and the growth of consumer spending for some time to come.",33096,4. Participants' Views,participants,explicit_heading
minutes_2009-12-16_author_method_0001,2009-12-16,/mnt/data/FOMC_CVJ_Benchmark_Update_20260919/data/minutes/Minutes/2009/fomcminutes20091216.txt,household* net worth,household net worth,declin*,negative,"The latest readings from indexes of consumer sentiment remained within the relatively low range that prevailed over the previous six months, apparently still weighed down by weak labor market conditions and prior declines in household net worth.",11669,1. Staff Review of Economic Situation,staff,explicit_heading
minutes_2009-12-16_author_method_0002,2009-12-16,/mnt/data/FOMC_CVJ_Benchmark_Update_20260919/data/minutes/Minutes/2009/fomcminutes20091216.txt,equity price*,Equity prices,rose,positive,"Financial market conditions were generally regarded as having become more supportive of continued economic recovery during the intermeeting period: Equity prices rose further, private credit spreads narrowed somewhat, and financial markets generally continued to function significantly better than early in the year.",31902,4. Participants' Views,participants,explicit_heading
minutes_2009-12-16_author_method_0003,2009-12-16,/mnt/data/FOMC_CVJ_Benchmark_Update_20260919/data/minutes/Minutes/2009/fomcminutes20091216.txt,equity price*,equity prices,gain*,positive,"Those revisions, along with recent gains in equity prices, suggested a smaller probability that households would reduce spending to rebuild their savings more rapidly.",35833,4. Participants' Views,participants,explicit_heading
minutes_2009-12-16_author_method_0004,2009-12-16,/mnt/data/FOMC_CVJ_Benchmark_Update_20260919/data/minutes/Minutes/2009/fomcminutes20091216.txt,equity price*,equity prices,rise*,positive,"However, uncertain job prospects, modest growth in real incomes, tight credit, and wealth levels that remained relatively low despite this years rise in equity prices and stabilization in house prices were seen as likely to weigh on consumer confidence and the growth of consumer spending for some time to come.",36110,4. Participants' Views,participants,explicit_heading
minutes_2010-01-27_author_method_0001,2010-01-27,/mnt/data/FOMC_CVJ_Benchmark_Update_20260919/data/minutes/Minutes/2010/fomcminutes20100127.txt,equity price*,equity prices,increas*,positive,"Though volatility in equity prices increased late in the intermeeting period, broad equity price indexes were about unchanged overall, private credit spreads narrowed somewhat, and financial markets generally continued to function significantly better than early last year.",60842,4. Participants' Views,participants,explicit_heading
minutes_2010-04-28_author_method_0001,2010-04-28,/mnt/data/FOMC_CVJ_Benchmark_Update_20260919/data/minutes/Minutes/2010/fomcminutes20100428.txt,equity index*,Equity indexes,rose,positive,"Equity indexes rose, on balance, over the intermeeting period, with bank shares outperforming the broader market.",21881,2. Staff Review of Financial Situation,staff,explicit_heading
minutes_2010-04-28_author_method_0002,2010-04-28,/mnt/data/FOMC_CVJ_Benchmark_Update_20260919/data/minutes/Minutes/2010/fomcminutes20100428.txt,equity index*,equity indexes,high*,positive,"Until the intensification of the Greek crisis near the end of the intermeeting period, equity indexes were higher in nearly all countries, and emerging-market risk spreads had generally declined.",26767,2. Staff Review of Financial Situation,staff,explicit_heading
minutes_2010-04-28_author_method_0003,2010-04-28,/mnt/data/FOMC_CVJ_Benchmark_Update_20260919/data/minutes/Minutes/2010/fomcminutes20100428.txt,stock price*,stock prices,rising,positive,"At the same time, rising stock prices and the apparent stabilization of house prices were helping to repair household balance sheets.",32065,4. Participants' Views,participants,explicit_heading
minutes_2010-06-23_author_method_0001,2010-06-23,/mnt/data/FOMC_CVJ_Benchmark_Update_20260919/data/minutes/Minutes/2010/fomcminutes20100623.txt,equity price*,equity prices,mov* down,negative,"Real disposable personal income moved up at a solid rate in March and April, reflecting increases in employment and hours worked as well as slightly higher real wages, but home values declined in recent months and equity prices moved down since the April meeting.",13573,1. Staff Review of Economic Situation,staff,explicit_heading
minutes_2010-06-23_author_method_0002,2010-06-23,/mnt/data/FOMC_CVJ_Benchmark_Update_20260919/data/minutes/Minutes/2010/fomcminutes20100623.txt,equity price*,equity prices,declin*,negative,"Gross equity issuance fell a bit, on net, in April and May, likely due in part to recent declines in equity prices and elevated market volatility.",25743,2. Staff Review of Financial Situation,staff,explicit_heading
minutes_2010-06-23_author_method_0003,2010-06-23,/mnt/data/FOMC_CVJ_Benchmark_Update_20260919/data/minutes/Minutes/2010/fomcminutes20100623.txt,equity price*,equity prices,declin*,negative,This retreat led to a broad appreciation of the dollar as well as declines in equity prices abroad and in yields on benchmark sovereign bonds.,28527,2. Staff Review of Financial Situation,staff,explicit_heading
minutes_2010-06-23_author_method_0004,2010-06-23,/mnt/data/FOMC_CVJ_Benchmark_Update_20260919/data/minutes/Minutes/2010/fomcminutes20100623.txt,equity index*,equity indexes,fell,negative,"On net, the dollar ended the intermeeting period up, most headline equity indexes fell, and benchmark government bond yields declined.",28864,2. Staff Review of Financial Situation,staff,explicit_heading
minutes_2010-06-23_author_method_0005,2010-06-23,/mnt/data/FOMC_CVJ_Benchmark_Update_20260919/data/minutes/Minutes/2010/fomcminutes20100623.txt,equity price*,equity prices,drop*,negative,"The intensifying concerns among investors about the implications of the fiscal difficulties faced by some European countries contributed to an increase in the foreign exchange value of the dollar and a drop in equity prices, which seemed likely to damp somewhat the expansion of domestic demand.",31500,3. Staff Economic Outlook,staff,explicit_heading
minutes_2010-06-23_author_method_0006,2010-06-23,/mnt/data/FOMC_CVJ_Benchmark_Update_20260919/data/minutes/Minutes/2010/fomcminutes20100623.txt,equity price*,equity prices,fall*,negative,"Risk spreads for many corporate borrowers had widened noticeably, equity prices had fallen appreciably, and the dollar had risen in value against a broad basket of other currencies.",35283,4. Participants' Views,participants,explicit_heading
minutes_2010-06-23_author_method_0007,2010-06-23,/mnt/data/FOMC_CVJ_Benchmark_Update_20260919/data/minutes/Minutes/2010/fomcminutes20100623.txt,stock price*,stock prices,low*,negative,"Going forward, consumption spending was expected to continue to post moderate gains, with the effects of income growth and improved confidence as the economy recovers more than offsetting the effects of lower stock prices and housing wealth.",37679,4. Participants' Views,participants,explicit_heading
minutes_2010-08-10_author_method_0001,2010-08-10,/mnt/data/FOMC_CVJ_Benchmark_Update_20260919/data/minutes/Minutes/2010/fomcminutes20100810.txt,equity price index*,equity price indexes,increas*,positive,"Broad US equity price indexes increased slightly, on net, as generally positive corporate earnings news and an easing of investors' worries about the potential effects of fiscal strains in Europe were partly offset by concerns about the strength of the economic recovery.",16459,2. Staff Review of Financial Situation,staff,explicit_heading
minutes_2010-08-10_author_method_0002,2010-08-10,/mnt/data/FOMC_CVJ_Benchmark_Update_20260919/data/minutes/Minutes/2010/fomcminutes20100810.txt,equity price*,equity prices,declin*,negative,"Conditions in financial markets had become somewhat more supportive of growth over the intermeeting period, in part reflecting perceptions of diminished risk of financial dislocations in Europe: Medium- and longer-term interest rates had fallen, some risk spreads had narrowed, and the decline in equity prices that had occurred in the months before the Committee's June meeting had been partly reversed.",25301,4. Participants' Views,participants,explicit_heading
minutes_2010-09-21_author_method_0001,2010-09-21,/mnt/data/FOMC_CVJ_Benchmark_Update_20260919/data/minutes/Minutes/2010/fomcminutes20100921.txt,equity price*,equity prices,drop*,negative,"In foreign markets, concerns about the global economic outlook prompted substantial drops in equity prices and benchmark sovereign bond yields in many countries in August, and the dollar appreciated broadly on safe-haven demands.",21447,2. Staff Review of Financial Situation,staff,explicit_heading
minutes_2010-09-21_author_method_0002,2010-09-21,/mnt/data/FOMC_CVJ_Benchmark_Update_20260919/data/minutes/Minutes/2010/fomcminutes20100921.txt,stock price*,stock prices,fell,negative,"Moreover, euro-area bank stock prices fell on continued concerns about the condition of some troubled institutions.",21948,2. Staff Review of Financial Situation,staff,explicit_heading
minutes_2010-11-03_author_method_0001,2010-11-03,/mnt/data/FOMC_CVJ_Benchmark_Update_20260919/data/minutes/Minutes/2010/fomcminutes20101103.txt,equity price*,equity prices,rising,positive,Rising equity prices likely resulted in some further improvement in net worth over the same period.,10619,1. Staff Review of Economic Situation,staff,explicit_heading
minutes_2010-11-03_author_method_0002,2010-11-03,/mnt/data/FOMC_CVJ_Benchmark_Update_20260919/data/minutes/Minutes/2010/fomcminutes20101103.txt,stock price*,stock prices,high*,positive,"In light of asset market developments over the intermeeting period, which in large part appeared to reflect heightened expectations among investors that the Federal Reserve would undertake additional purchases of longer-term securities, the November forecast was conditioned on lower long-term interest rates, higher stock prices, and a lower foreign exchange value of the dollar than was the staff's previous forecast.",25164,3. Staff Economic Outlook,staff,explicit_heading
minutes_2010-11-03_author_method_0003,2010-11-03,/mnt/data/FOMC_CVJ_Benchmark_Update_20260919/data/minutes/Minutes/2010/fomcminutes20101103.txt,equity price*,equity prices,rose,positive,"Most longer-term nominal interest rates declined, real interest rates fell even more, credit spreads tightened, and equity prices rose, in part reflecting better-than-expected corporate earnings reports.",31769,4. Participants' Views,participants,explicit_heading
minutes_2010-11-03_author_method_0004,2010-11-03,/mnt/data/FOMC_CVJ_Benchmark_Update_20260919/data/minutes/Minutes/2010/fomcminutes20101103.txt,asset price*,asset prices,boost*,positive,Most participants judged that a program of purchasing additional longer-term securities would put downward pressure on longer-term interest rates and boost asset prices; some observed that it could also lead to a reduction in the foreign exchange value of the dollar.,35472,4. Participants' Views,participants,explicit_heading
minutes_2010-12-14_author_method_0001,2010-12-14,/mnt/data/FOMC_CVJ_Benchmark_Update_20260919/data/minutes/Minutes/2010/fomcminutes20101214.txt,household* net worth,Household net worth,rose,positive,"Household net worth rose further in the third quarter, as an increase in equity values more than offset the effect of a drop in house prices.",8962,1. Staff Review of Economic Situation,staff,explicit_heading
minutes_2010-12-14_author_method_0002,2010-12-14,/mnt/data/FOMC_CVJ_Benchmark_Update_20260919/data/minutes/Minutes/2010/fomcminutes20101214.txt,equity valu*,equity values,increas*,positive,"Household net worth rose further in the third quarter, as an increase in equity values more than offset the effect of a drop in house prices.",9035,1. Staff Review of Economic Situation,staff,explicit_heading
minutes_2010-12-14_author_method_0003,2010-12-14,/mnt/data/FOMC_CVJ_Benchmark_Update_20260919/data/minutes/Minutes/2010/fomcminutes20101214.txt,equity price index*,equity price indexes,increas*,positive,"Broad US equity price indexes increased moderately, on net, over the intermeeting period, in part reflecting incoming economic data that were read by investors as suggesting that the recovery could be gaining traction, at least outside the housing sector.",18819,2. Staff Review of Financial Situation,staff,explicit_heading
minutes_2010-12-14_author_method_0004,2010-12-14,/mnt/data/FOMC_CVJ_Benchmark_Update_20260919/data/minutes/Minutes/2010/fomcminutes20101214.txt,household wealth,household wealth,reduc*,negative,"The lower house prices, in turn, were seen as reducing household wealth and thus restraining growth in consumer spending.",30152,4. Participants' Views,participants,explicit_heading
minutes_2010-12-14_author_method_0005,2010-12-14,/mnt/data/FOMC_CVJ_Benchmark_Update_20260919/data/minutes/Minutes/2010/fomcminutes20101214.txt,equity price*,equity prices,rose,positive,"Interest rates at intermediate and longer maturities rose substantially over the intermeeting period, while credit spreads were roughly unchanged and equity prices rose moderately.",31462,4. Participants' Views,participants,explicit_heading
minutes_2011-01-26_author_method_0001,2011-01-26,/mnt/data/FOMC_CVJ_Benchmark_Update_20260919/data/minutes/Minutes/2011/fomcminutes20110126.txt,equity price*,equity prices,increas*,positive,"Moreover, household net worth appeared to have risen in the fourth quarter, as the large increase in equity prices more than offset further declines in house values.",29936,1. Staff Review of Economic Situation,staff,explicit_heading
minutes_2011-01-26_author_method_0002,2011-01-26,/mnt/data/FOMC_CVJ_Benchmark_Update_20260919/data/minutes/Minutes/2011/fomcminutes20110126.txt,equity price*,equity prices,increas*,positive,The increase in equity prices reflected the apparent firming of the economic recovery and favorable early reports on fourth-quarter corporate earnings.,40282,2. Staff Review of Financial Situation,staff,explicit_heading
minutes_2011-01-26_author_method_0003,2011-01-26,/mnt/data/FOMC_CVJ_Benchmark_Update_20260919/data/minutes/Minutes/2011/fomcminutes20110126.txt,equity price*,Equity prices,increas*,positive,Equity prices increased in the AFEs and in many EMEs as market participants appeared to revise upward their outlook for the global economy.,45955,2. Staff Review of Financial Situation,staff,explicit_heading
minutes_2011-01-26_author_method_0004,2011-01-26,/mnt/data/FOMC_CVJ_Benchmark_Update_20260919/data/minutes/Minutes/2011/fomcminutes20110126.txt,equity price*,equity prices,high*,positive,"Compared with the December forecast, the conditioning assumptions underlying the forecast were little changed and roughly offsetting: Although higher equity prices and a lower foreign exchange value of the dollar were expected to be slightly more supportive of economic growth, the staff anticipated that these influences would be about offset by lower house prices and higher oil prices.",47894,3. Staff Economic Outlook,staff,explicit_heading
minutes_2011-01-26_author_method_0005,2011-01-26,/mnt/data/FOMC_CVJ_Benchmark_Update_20260919/data/minutes/Minutes/2011/fomcminutes20110126.txt,equity price*,equity prices,rose,positive,"Broad equity prices rose, adding to their substantial gains since the middle of 2010.",54563,4. Participants' Views,participants,explicit_heading
minutes_2011-03-15_author_method_0001,2011-03-15,/mnt/data/FOMC_CVJ_Benchmark_Update_20260919/data/minutes/Minutes/2011/fomcminutes20110315.txt,household* net worth,Household net worth,rose,positive,"Household net worth rose in the fourth quarter, as the increase in equity values during that period more than offset the further fall in house prices.",8390,1. Staff Review of Economic Situation,staff,explicit_heading
minutes_2011-03-15_author_method_0002,2011-03-15,/mnt/data/FOMC_CVJ_Benchmark_Update_20260919/data/minutes/Minutes/2011/fomcminutes20110315.txt,equity valu*,equity values,increas*,positive,"Household net worth rose in the fourth quarter, as the increase in equity values during that period more than offset the further fall in house prices.",8457,1. Staff Review of Economic Situation,staff,explicit_heading
minutes_2011-03-15_author_method_0003,2011-03-15,/mnt/data/FOMC_CVJ_Benchmark_Update_20260919/data/minutes/Minutes/2011/fomcminutes20110315.txt,equity price*,equity prices,advanc*,positive,"In financial markets abroad, equity prices in the advanced economies rose early in the intermeeting period, but they turned down in mid-February as oil prices increased and then fell sharply in mid-March in the aftermath of the earthquake and tsunami in Japan.",20024,2. Staff Review of Financial Situation,staff,explicit_heading
minutes_2011-03-15_author_method_0004,2011-03-15,/mnt/data/FOMC_CVJ_Benchmark_Update_20260919/data/minutes/Minutes/2011/fomcminutes20110315.txt,stock price*,stock prices,down,negative,"On net over the intermeeting period, stock prices were down in most of the advanced economies, with Japan's index having fallen most significantly.",20293,2. Staff Review of Financial Situation,staff,explicit_heading
minutes_2011-03-15_author_method_0005,2011-03-15,/mnt/data/FOMC_CVJ_Benchmark_Update_20260919/data/minutes/Minutes/2011/fomcminutes20110315.txt,household* net worth,household net worth,high*,positive,"Changes to the conditioning assumptions underlying the staff projection were mostly small and offsetting: Crude oil prices had risen sharply and federal fiscal policy seemed likely to be marginally more restrictive than the staff had judged in January, but these negative factors were counterbalanced by higher household net worth and a slightly lower foreign exchange value of the dollar.",22602,3. Staff Economic Outlook,staff,explicit_heading
minutes_2011-04-27_author_method_0001,2011-04-27,/mnt/data/FOMC_CVJ_Benchmark_Update_20260919/data/minutes/Minutes/2011/fomcminutes20110427.txt,equity price*,equity prices,rose,positive,"Foreign sovereign bond yields generally were little changed and equity prices rose, on net, over the intermeeting period, although equity prices in Japan remained below their pre-earthquake levels despite the record amounts of liquidity injected by the Bank of Japan and the expansion of its asset purchase program.",27526,2. Staff Review of Financial Situation,staff,explicit_heading
minutes_2011-04-27_author_method_0002,2011-04-27,/mnt/data/FOMC_CVJ_Benchmark_Update_20260919/data/minutes/Minutes/2011/fomcminutes20110427.txt,equity price*,Equity prices,rise*,positive,"Equity prices had risen, on balance, since the previous meeting, reflecting an improved outlook for earnings, and were up more substantially since the start of the year.",36699,4. Participants' Views,participants,explicit_heading
minutes_2011-08-09_author_method_0001,2011-08-09,/mnt/data/FOMC_CVJ_Benchmark_Update_20260919/data/minutes/Minutes/2011/fomcminutes20110809.txt,equity price*,equity prices,fell,negative,"US equity prices fell considerably in the last week of July and the first week of August, reportedly reflecting recent weaker-than-expected economic data releases, and they declined further after the August 5 announcement by Standard and Poor's of its downgrade of long-term US sovereign debt.",13475,2. Staff Review of Financial Situation,staff,explicit_heading
minutes_2011-08-09_author_method_0002,2011-08-09,/mnt/data/FOMC_CVJ_Benchmark_Update_20260919/data/minutes/Minutes/2011/fomcminutes20110809.txt,stock price*,stock prices,declin*,negative,"However, the broad declines in stock prices and interest rates over the intermeeting period were seen as mostly reflecting the incoming data pointing to a weaker outlook for growth both in the United States and globally as well as a reduced willingness of investors to bear risk in light of the greater uncertainty about the outlook.",28840,4. Participants' Views,participants,explicit_heading
minutes_2011-09-21_author_method_0001,2011-09-21,/mnt/data/FOMC_CVJ_Benchmark_Update_20260919/data/minutes/Minutes/2011/fomcminutes20110921.txt,equity price*,equity prices,declin*,negative,More-pronounced declines in equity prices and larger increases in CDS spreads occurred for some European financial institutions.,20951,2. Staff Review of Financial Situation,staff,explicit_heading
minutes_2011-11-02_author_method_0001,2011-11-02,/mnt/data/FOMC_CVJ_Benchmark_Update_20260919/data/minutes/Minutes/2011/fomcminutes20111102.txt,equity price*,equity prices,rose,positive,"After falling sharply in August and early September, foreign equity prices rose, with stocks in the euro area outperforming those in most other economies.",25661,2. Staff Review of Financial Situation,staff,explicit_heading
minutes_2011-11-02_author_method_0002,2011-11-02,/mnt/data/FOMC_CVJ_Benchmark_Update_20260919/data/minutes/Minutes/2011/fomcminutes20111102.txt,stock price*,stock prices,down,negative,"For most of the period, market participants seemed heartened by European leaders' efforts to address the fiscal and financial challenges present in the euro area, although the news late in the period on a possible Greek referendum sent stock prices down sharply.",25991,2. Staff Review of Financial Situation,staff,explicit_heading
minutes_2012-01-25_author_method_0001,2012-01-25,/mnt/data/FOMC_CVJ_Benchmark_Update_20260919/data/minutes/Minutes/2012/fomcminutes20120125.txt,equity price index*,equity price indexes,increas*,positive,"Broad equity price indexes increased more than 6 percent, on net, over the intermeeting period, and option-implied equity volatility declined notably.",41284,2. Staff Review of Financial Situation,staff,explicit_heading
minutes_2012-01-25_author_method_0002,2012-01-25,/mnt/data/FOMC_CVJ_Benchmark_Update_20260919/data/minutes/Minutes/2012/fomcminutes20120125.txt,equity price*,Equity prices,rose,positive,"Meeting participants observed that financial conditions improved and financial market stresses eased somewhat during the intermeeting period: Equity prices rose, volatility declined, and bank lending conditions appeared to improve.",57480,4. Participants' Views,participants,explicit_heading
minutes_2012-03-13_author_method_0001,2012-03-13,/mnt/data/FOMC_CVJ_Benchmark_Update_20260919/data/minutes/Minutes/2012/fomcminutes20120313.txt,equity valu*,equity values,gain*,positive,"Moreover, households' net worth grew in the fourth quarter of last year and likely was boosted further by gains in equity values thus far this year.",5840,1. Staff Review of Economic Situation,staff,explicit_heading
minutes_2012-03-13_author_method_0002,2012-03-13,/mnt/data/FOMC_CVJ_Benchmark_Update_20260919/data/minutes/Minutes/2012/fomcminutes20120313.txt,equity price index*,equity price indexes,rose,positive,Broad US equity price indexes rose significantly over the intermeeting period; equity prices of large banking organizations increased about in line with the broader market.,12894,2. Staff Review of Financial Situation,staff,explicit_heading
minutes_2012-03-13_author_method_0003,2012-03-13,/mnt/data/FOMC_CVJ_Benchmark_Update_20260919/data/minutes/Minutes/2012/fomcminutes20120313.txt,equity price*,Equity prices,high*,positive,Financial conditions had improved notably since the January meeting: Equity prices were higher and risk spreads had declined.,21681,4. Participants' Views,participants,explicit_heading
minutes_2012-03-13_author_method_0004,2012-03-13,/mnt/data/FOMC_CVJ_Benchmark_Update_20260919/data/minutes/Minutes/2012/fomcminutes20120313.txt,equity price*,equity prices,high*,positive,"Among the evidence cited were higher equity prices and better conditions in corporate credit markets, especially the markets for high-yield bonds and leveraged loans.",28151,4. Participants' Views,participants,explicit_heading
minutes_2012-04-25_author_method_0001,2012-04-25,/mnt/data/FOMC_CVJ_Benchmark_Update_20260919/data/minutes/Minutes/2012/fomcminutes20120425.txt,asset market*,asset markets,rising,positive,"Broad US stock price indexes followed the general pattern observed across asset markets, rising early in the period on increased investor optimism and then falling later on, to end the period little changed on net.",14017,2. Staff Review of Financial Situation,staff,explicit_heading
minutes_2012-04-25_author_method_0002,2012-04-25,/mnt/data/FOMC_CVJ_Benchmark_Update_20260919/data/minutes/Minutes/2012/fomcminutes20120425.txt,equity index*,equity indexes,drop*,negative,"Although the spread of the three-month euro London interbank offered rate over the comparable OIS rate narrowed on balance over the period, euro-area bank equity indexes dropped sharply, driven by declines in the share prices of Spanish and Italian banks.",17740,2. Staff Review of Financial Situation,staff,explicit_heading
minutes_2012-04-25_author_method_0003,2012-04-25,/mnt/data/FOMC_CVJ_Benchmark_Update_20260919/data/minutes/Minutes/2012/fomcminutes20120425.txt,equity index*,equity indexes,declin*,negative,"Against the background of these increased stresses within the euro area, foreign equity indexes declined and corporate credit spreads widened.",18030,2. Staff Review of Financial Situation,staff,explicit_heading
minutes_2012-04-25_author_method_0004,2012-04-25,/mnt/data/FOMC_CVJ_Benchmark_Update_20260919/data/minutes/Minutes/2012/fomcminutes20120425.txt,household wealth,household wealth,increas*,positive,"Looking forward, increases in household wealth from the rise in equity prices, improving consumer sentiment, and a diminishing drag from household deleveraging were seen as helping to support continued increases in household expenditures, notwithstanding sluggish growth in real disposable income and restrictive fiscal policies.",24639,4. Participants' Views,participants,explicit_heading
minutes_2012-04-25_author_method_0005,2012-04-25,/mnt/data/FOMC_CVJ_Benchmark_Update_20260919/data/minutes/Minutes/2012/fomcminutes20120425.txt,equity price*,equity prices,improv*,positive,"Looking forward, increases in household wealth from the rise in equity prices, improving consumer sentiment, and a diminishing drag from household deleveraging were seen as helping to support continued increases in household expenditures, notwithstanding sluggish growth in real disposable income and restrictive fiscal policies.",24673,4. Participants' Views,participants,explicit_heading
minutes_2012-04-25_author_method_0006,2012-04-25,/mnt/data/FOMC_CVJ_Benchmark_Update_20260919/data/minutes/Minutes/2012/fomcminutes20120425.txt,equity price*,equity prices,rise*,positive,"US equity prices had risen early in the intermeeting period but subsequently declined, ending the period little changed on net; investment-grade corporate bond yields were flat to down slightly and remained at very low levels.",30265,4. Participants' Views,participants,explicit_heading
minutes_2012-06-20_author_method_0001,2012-06-20,/mnt/data/FOMC_CVJ_Benchmark_Update_20260919/data/minutes/Minutes/2012/fomcminutes20120620.txt,household* net worth,Households' net worth,increas*,positive,"Households' net worth increased in the first quarter, but the decline in equity prices during the intermeeting period suggested that net worth may have fallen more recently.",10684,1. Staff Review of Economic Situation,staff,explicit_heading
minutes_2012-06-20_author_method_0002,2012-06-20,/mnt/data/FOMC_CVJ_Benchmark_Update_20260919/data/minutes/Minutes/2012/fomcminutes20120620.txt,equity price*,equity prices,declin*,negative,"Households' net worth increased in the first quarter, but the decline in equity prices during the intermeeting period suggested that net worth may have fallen more recently.",10757,1. Staff Review of Economic Situation,staff,explicit_heading
minutes_2012-06-20_author_method_0003,2012-06-20,/mnt/data/FOMC_CVJ_Benchmark_Update_20260919/data/minutes/Minutes/2012/fomcminutes20120620.txt,equity price*,equity prices,weigh* on,negative,"Investors' expectation that five large US banks would have their credit ratings downgraded at the end of June, as part of rating agencies' review of major financial institutions, may also have weighed on the equity prices of those banks.",17694,2. Staff Review of Financial Situation,staff,explicit_heading
minutes_2012-06-20_author_method_0004,2012-06-20,/mnt/data/FOMC_CVJ_Benchmark_Update_20260919/data/minutes/Minutes/2012/fomcminutes20120620.txt,equity price*,equity prices,declin*,negative,"Although equity prices in many countries rallied modestly late in the intermeeting period, global equity prices declined, on balance, over the period, with especially large net decreases in Japan and many emerging market economies.",21966,2. Staff Review of Financial Situation,staff,explicit_heading
minutes_2012-08-01_author_method_0001,2012-08-01,/mnt/data/FOMC_CVJ_Benchmark_Update_20260919/data/minutes/Minutes/2012/fomcminutes20120801.txt,equity price*,equity prices,rose,positive,"Broad indexes of US equity prices rose somewhat, on net, over the intermeeting period, with significant gains prompted in part by comments from European officials that apparently raised investor expectations for near-term European policy actions.",16579,2. Staff Review of Financial Situation,staff,explicit_heading
minutes_2012-09-13_author_method_0001,2012-09-13,/mnt/data/FOMC_CVJ_Benchmark_Update_20260919/data/minutes/Minutes/2012/fomcminutes20120913.txt,equity price*,equity prices,increas*,positive,"The continued rise in house values through July, and the increase in equity prices during the intermeeting period, suggested that households' net worth may have improved a little in recent months.",8080,1. Staff Review of Economic Situation,staff,explicit_heading
minutes_2012-09-13_author_method_0002,2012-09-13,/mnt/data/FOMC_CVJ_Benchmark_Update_20260919/data/minutes/Minutes/2012/fomcminutes20120913.txt,household* net worth,households' net worth,improv*,positive,"The continued rise in house values through July, and the increase in equity prices during the intermeeting period, suggested that households' net worth may have improved a little in recent months.",8141,1. Staff Review of Economic Situation,staff,explicit_heading
minutes_2012-09-13_author_method_0003,2012-09-13,/mnt/data/FOMC_CVJ_Benchmark_Update_20260919/data/minutes/Minutes/2012/fomcminutes20120913.txt,equities,equities,rose,positive,"Broad price indexes for US equities rose moderately, on net, over the intermeeting period, prompted by generally better-than-expected readings on economic activity released early in the period, somewhat reduced concerns about the situation in Europe, and some additional anticipation of monetary policy easing later in the period.",15108,2. Staff Review of Financial Situation,staff,explicit_heading
minutes_2012-09-13_author_method_0004,2012-09-13,/mnt/data/FOMC_CVJ_Benchmark_Update_20260919/data/minutes/Minutes/2012/fomcminutes20120913.txt,equity price*,equity prices,mov* up,positive,"Most global benchmark indexes for equity prices moved up, and the equity prices of European banks rose sharply.",19293,2. Staff Review of Financial Situation,staff,explicit_heading
minutes_2012-09-13_author_method_0005,2012-09-13,/mnt/data/FOMC_CVJ_Benchmark_Update_20260919/data/minutes/Minutes/2012/fomcminutes20120913.txt,equity price*,equity prices,rise*,positive,"Longer-term interest rates were low and supportive of economic growth, while equity prices had risen.",32085,4. Participants' Views,participants,explicit_heading
minutes_2012-10-24_author_method_0001,2012-10-24,/mnt/data/FOMC_CVJ_Benchmark_Update_20260919/data/minutes/Minutes/2012/fomcminutes20121024.txt,household wealth,household wealth,increas*,positive,"In addition, lower mortgage rates had spurred a rise in refinancing activity, which, along with the increases in household wealth attributable to higher home values and equity prices, would provide support for consumer spending going forward.",25269,4. Participants' Views,participants,explicit_heading
minutes_2012-12-12_author_method_0001,2012-12-12,/mnt/data/FOMC_CVJ_Benchmark_Update_20260919/data/minutes/Minutes/2012/fomcminutes20121212.txt,household* net worth,household net worth,increas*,positive,"In contrast, household net worth increased in the third quarter, partially a result of higher equity and home values.",8854,1. Staff Review of Economic Situation,staff,explicit_heading
minutes_2012-12-12_author_method_0002,2012-12-12,/mnt/data/FOMC_CVJ_Benchmark_Update_20260919/data/minutes/Minutes/2012/fomcminutes20121212.txt,equity and home valu*,equity and home values,high*,positive,"In contrast, household net worth increased in the third quarter, partially a result of higher equity and home values.",8935,1. Staff Review of Economic Situation,staff,explicit_heading
minutes_2012-12-12_author_method_0003,2012-12-12,/mnt/data/FOMC_CVJ_Benchmark_Update_20260919/data/minutes/Minutes/2012/fomcminutes20121212.txt,equity price*,equity prices,reduc*,negative,"In early November, market concerns about the fiscal outlook and ongoing federal budget negotiations seemed to intensify, prompting a notable reduction in equity prices and yields on Treasury securities.",13254,2. Staff Review of Financial Situation,staff,explicit_heading
minutes_2012-12-12_author_method_0004,2012-12-12,/mnt/data/FOMC_CVJ_Benchmark_Update_20260919/data/minutes/Minutes/2012/fomcminutes20121212.txt,equity price index*,equity price indexes,edge* up,positive,"Broad US equity price indexes edged up, on net, over the intermeeting period, while equity prices of large domestic banks decreased a little.",15416,2. Staff Review of Financial Situation,staff,explicit_heading
minutes_2012-12-12_author_method_0005,2012-12-12,/mnt/data/FOMC_CVJ_Benchmark_Update_20260919/data/minutes/Minutes/2012/fomcminutes20121212.txt,equity price*,equity prices,rose,positive,"On net, foreign equity prices rose slightly.",19070,2. Staff Review of Financial Situation,staff,explicit_heading
minutes_2013-01-30_author_method_0001,2013-01-30,/mnt/data/FOMC_CVJ_Benchmark_Update_20260919/data/minutes/Minutes/2013/fomcminutes20130130.txt,stock price*,stock prices,rose,positive,"A broad index of bank stock prices rose, and the median spread on credit default swaps of the largest banking organizations moved lower.",41077,2. Staff Review of Financial Situation,staff,explicit_heading
minutes_2013-01-30_author_method_0002,2013-01-30,/mnt/data/FOMC_CVJ_Benchmark_Update_20260919/data/minutes/Minutes/2013/fomcminutes20130130.txt,equity price index*,equity price indexes,increas*,positive,"Broad US equity price indexes increased on net over the intermeeting period, buoyed by many of the same factors that contributed to the rise in Treasury yields.",41201,2. Staff Review of Financial Situation,staff,explicit_heading
minutes_2013-01-30_author_method_0003,2013-01-30,/mnt/data/FOMC_CVJ_Benchmark_Update_20260919/data/minutes/Minutes/2013/fomcminutes20130130.txt,equity price*,equity prices,rose,positive,"On net, global equity prices rose and euro-area peripheral spreads narrowed.",44537,2. Staff Review of Financial Situation,staff,explicit_heading
minutes_2013-03-20_author_method_0001,2013-03-20,/mnt/data/FOMC_CVJ_Benchmark_Update_20260919/data/minutes/Minutes/2013/fomcminutes20130320.txt,equity valu*,equity values,high*,positive,"Some key factors that tend to influence household spending were mixed: Households' real disposable incomes declined in January, reflecting in part the increases in both payroll and income taxes that went into effect at the beginning of the year and the previous pulling forward of taxable income from 2013 into 2012; in contrast, household net worth likely rose in recent months as a result of higher equity values and home prices.",6978,1. Staff Review of Economic Situation,staff,explicit_heading
minutes_2013-03-20_author_method_0002,2013-03-20,/mnt/data/FOMC_CVJ_Benchmark_Update_20260919/data/minutes/Minutes/2013/fomcminutes20130320.txt,equity price*,equity prices,rose,positive,"Overall, a broad index of US bank equity prices rose, on net, over the intermeeting period, and credit default swap spreads for most large domestic banks edged down on balance.",13184,2. Staff Review of Financial Situation,staff,explicit_heading
minutes_2013-03-20_author_method_0003,2013-03-20,/mnt/data/FOMC_CVJ_Benchmark_Update_20260919/data/minutes/Minutes/2013/fomcminutes20130320.txt,equity price index*,equity price indexes,increas*,positive,"Broad equity price indexes increased over the intermeeting period, bolstered by favorable incoming economic data.",13333,2. Staff Review of Financial Situation,staff,explicit_heading
minutes_2013-03-20_author_method_0004,2013-03-20,/mnt/data/FOMC_CVJ_Benchmark_Update_20260919/data/minutes/Minutes/2013/fomcminutes20130320.txt,asset price*,asset prices,gain*,positive,"Low interest rates likely have supported gains in asset prices and encouraged the flow of credit to households and businesses, but these changes to date do not appear to have been accompanied by significant financial imbalances.",18074,2. Staff Review of Financial Situation,staff,explicit_heading
minutes_2013-05-01_author_method_0001,2013-05-01,/mnt/data/FOMC_CVJ_Benchmark_Update_20260919/data/minutes/Minutes/2013/fomcminutes20130501.txt,equity valu*,equity values,high*,positive,"In addition, household net worth likely rose in recent months as a result of higher equity values and home prices.",7535,1. Staff Review of Economic Situation,staff,explicit_heading
minutes_2013-05-01_author_method_0002,2013-05-01,/mnt/data/FOMC_CVJ_Benchmark_Update_20260919/data/minutes/Minutes/2013/fomcminutes20130501.txt,equity price*,Equity prices,rose,positive,"Equity prices rose modestly, on net, supported in part by solid quarterly earnings reports.",11619,2. Staff Review of Financial Situation,staff,explicit_heading
minutes_2013-05-01_author_method_0003,2013-05-01,/mnt/data/FOMC_CVJ_Benchmark_Update_20260919/data/minutes/Minutes/2013/fomcminutes20130501.txt,equity price index*,equity price indexes,increas*,positive,"Broad equity price indexes increased, on net, over the intermeeting period, likely reflecting solid quarterly earnings reports, stable medium-term earnings expectations, and lower interest rates.",13436,2. Staff Review of Financial Situation,staff,explicit_heading
minutes_2013-05-01_author_method_0004,2013-05-01,/mnt/data/FOMC_CVJ_Benchmark_Update_20260919/data/minutes/Minutes/2013/fomcminutes20130501.txt,equity index*,equity indexes,fell,negative,"Euro-area equity indexes, which fell as stresses in Cyprus intensified, ended the period up slightly.",17228,2. Staff Review of Financial Situation,staff,explicit_heading
minutes_2013-05-01_author_method_0005,2013-05-01,/mnt/data/FOMC_CVJ_Benchmark_Update_20260919/data/minutes/Minutes/2013/fomcminutes20130501.txt,equity and housing price*,equity and housing prices,rising,positive,"Spending by consumers continued to expand, supported by better credit conditions, rising equity and housing prices, and lower energy prices; and the housing sector improved further.",20528,4. Participants' Views,participants,explicit_heading
minutes_2013-05-01_author_method_0006,2013-05-01,/mnt/data/FOMC_CVJ_Benchmark_Update_20260919/data/minutes/Minutes/2013/fomcminutes20130501.txt,equity and house price*,equity and house prices,improv*,positive,"Consumer spending was reported to be strong in a number of areas of the country and, more broadly, appeared to be supported by rising equity and house prices, improved household balance sheets, and easier credit conditions.",22276,4. Participants' Views,participants,explicit_heading
minutes_2013-06-19_author_method_0001,2013-06-19,/mnt/data/FOMC_CVJ_Benchmark_Update_20260919/data/minutes/Minutes/2013/fomcminutes20130619.txt,equity price*,equity prices,fell,negative,"Japanese equity markets also displayed substantial volatility; equity prices fell sharply late in the period and erased the gains that had been registered since early April, when the Bank of Japan announced that it would expand its asset purchases in order to nearly double the size of its balance sheet.",20451,2. Staff Review of Financial Situation,staff,explicit_heading
minutes_2013-06-19_author_method_0002,2013-06-19,/mnt/data/FOMC_CVJ_Benchmark_Update_20260919/data/minutes/Minutes/2013/fomcminutes20130619.txt,stock price*,stock prices,declin*,negative,"Emerging market mutual funds experienced sharp outflows in recent weeks, while EME stock prices declined and EME credit spreads widened on net.",21395,2. Staff Review of Financial Situation,staff,explicit_heading
minutes_2013-06-19_author_method_0003,2013-06-19,/mnt/data/FOMC_CVJ_Benchmark_Update_20260919/data/minutes/Minutes/2013/fomcminutes20130619.txt,stock market*,stock market,gain*,positive,"In addition, consumer sentiment improved over the intermeeting period, which some participants attributed to rising house prices and gains in the stock market.",28690,4. Participants' Views,participants,explicit_heading
minutes_2013-06-19_author_method_0004,2013-06-19,/mnt/data/FOMC_CVJ_Benchmark_Update_20260919/data/minutes/Minutes/2013/fomcminutes20130619.txt,household wealth,household wealth,boost*,positive,"The improvement in the housing sector was seen as supporting the broader economy through related spending and employment, with rising real estate values boosting household wealth, confidence, and access to credit.",29575,4. Participants' Views,participants,explicit_heading
minutes_2013-07-31_author_method_0001,2013-07-31,/mnt/data/FOMC_CVJ_Benchmark_Update_20260919/data/minutes/Minutes/2013/fomcminutes20130731.txt,equity valu*,equity values,gain*,positive,"However, some key factors that tend to support household spending were more positive in recent months; in particular, gains in equity values and home prices boosted household net worth, and consumer sentiment in the Thomson Reuters/University of Michigan Surveys of Consumers rose in July to its highest level since the onset of the recession.",7895,1. Staff Review of Economic Situation,staff,explicit_heading
minutes_2013-07-31_author_method_0002,2013-07-31,/mnt/data/FOMC_CVJ_Benchmark_Update_20260919/data/minutes/Minutes/2013/fomcminutes20130731.txt,household* net worth,household net worth,boost*,positive,"However, some key factors that tend to support household spending were more positive in recent months; in particular, gains in equity values and home prices boosted household net worth, and consumer sentiment in the Thomson Reuters/University of Michigan Surveys of Consumers rose in July to its highest level since the onset of the recession.",7933,1. Staff Review of Economic Situation,staff,explicit_heading
minutes_2013-07-31_author_method_0003,2013-07-31,/mnt/data/FOMC_CVJ_Benchmark_Update_20260919/data/minutes/Minutes/2013/fomcminutes20130731.txt,equity price*,equity prices,high*,positive,"The staff's projection for real GDP growth over the medium term was essentially unrevised, as higher equity prices were seen as offsetting the restrictive effects of the increase in longer-term interest rates.",19666,3. Staff Economic Outlook,staff,explicit_heading
minutes_2013-07-31_author_method_0004,2013-07-31,/mnt/data/FOMC_CVJ_Benchmark_Update_20260919/data/minutes/Minutes/2013/fomcminutes20130731.txt,household wealth,household wealth,increas*,positive,Recent high readings on consumer confidence and boosts to household wealth from increased equity and real estate prices suggested that consumer spending would gather momentum in the second half of the year.,23328,4. Participants' Views,participants,explicit_heading
minutes_2013-07-31_author_method_0005,2013-07-31,/mnt/data/FOMC_CVJ_Benchmark_Update_20260919/data/minutes/Minutes/2013/fomcminutes20130731.txt,household wealth,household wealth,high*,positive,"However, a few participants expressed concern that higher household wealth might not translate into greater consumer spending, cautioning that household income growth remained slow, that households might not treat the additions to wealth arising from recent equity price increases as lasting, or that households' scope to extract housing equity for the purpose of increasing their expenditures was less than in the past.",23535,4. Participants' Views,participants,explicit_heading
minutes_2013-07-31_author_method_0006,2013-07-31,/mnt/data/FOMC_CVJ_Benchmark_Update_20260919/data/minutes/Minutes/2013/fomcminutes20130731.txt,equity price*,equity price,increas*,positive,"However, a few participants expressed concern that higher household wealth might not translate into greater consumer spending, cautioning that household income growth remained slow, that households might not treat the additions to wealth arising from recent equity price increases as lasting, or that households' scope to extract housing equity for the purpose of increasing their expenditures was less than in the past.",23735,4. Participants' Views,participants,explicit_heading
minutes_2013-07-31_author_method_0007,2013-07-31,/mnt/data/FOMC_CVJ_Benchmark_Update_20260919/data/minutes/Minutes/2013/fomcminutes20130731.txt,equity price*,equity prices,increas*,positive,"Several others, however, judged that the rise in rates was likely to exert relatively little restraint, or that the increase in equity prices and easing in bank lending standards would largely offset the effects of the rise in longer-term interest rates.",29748,4. Participants' Views,participants,explicit_heading
minutes_2013-09-18_author_method_0001,2013-09-18,/mnt/data/FOMC_CVJ_Benchmark_Update_20260919/data/minutes/Minutes/2013/fomcminutes20130918.txt,equity price*,equity prices,high*,positive,"While recognizing the potentially significant impact of higher mortgage rates on the housing market, these same participants pointed to higher equity prices, the further gradual loosening of terms in bank lending, and the continued availability of credit at inexpensive terms in corporate debt markets as signs that financial conditions more generally had not tightened materially.",31253,4. Participants' Views,participants,explicit_heading
minutes_2013-10-30_author_method_0001,2013-10-30,/mnt/data/FOMC_CVJ_Benchmark_Update_20260919/data/minutes/Minutes/2013/fomcminutes20131030.txt,equity price*,equity prices,rose,positive,"On balance over the intermeeting period, longer-term interest rates declined and equity prices rose, largely in response to expectations for more-accommodative monetary policy.",12643,2. Staff Review of Financial Situation,staff,explicit_heading
minutes_2013-10-30_author_method_0002,2013-10-30,/mnt/data/FOMC_CVJ_Benchmark_Update_20260919/data/minutes/Minutes/2013/fomcminutes20131030.txt,stock price*,stock prices,rose,positive,"Foreign stock prices rose, foreign yields and yield spreads declined, and the dollar depreciated against most other currencies.",17139,2. Staff Review of Financial Situation,staff,explicit_heading
minutes_2013-10-30_author_method_0003,2013-10-30,/mnt/data/FOMC_CVJ_Benchmark_Update_20260919/data/minutes/Minutes/2013/fomcminutes20131030.txt,household wealth,household wealth,high*,positive,"A number of participants noted that their outlook for stronger economic activity was contingent on a pickup in growth of consumer spending and reviewed the factors that might contribute to such a development, including low interest rates, easing of debt burdens, continued gains in employment, lower gasoline prices, higher real incomes, and higher household wealth boosted by rising home prices and equity values.",21798,4. Participants' Views,participants,explicit_heading
minutes_2013-10-30_author_method_0004,2013-10-30,/mnt/data/FOMC_CVJ_Benchmark_Update_20260919/data/minutes/Minutes/2013/fomcminutes20131030.txt,equity valu*,equity values,increas*,positive,"Financial conditions eased notably over the intermeeting period, with declines in longer-term interest rates and increases in equity values.",25786,4. Participants' Views,participants,explicit_heading
minutes_2013-12-18_author_method_0001,2013-12-18,/mnt/data/FOMC_CVJ_Benchmark_Update_20260919/data/minutes/Minutes/2013/fomcminutes20131218.txt,equity valu*,equity values,expand*,positive,"Households' net worth likely expanded as equity values and home prices increased further in recent months; real disposable income rose, on net, in September and October; and consumer sentiment in the Thomson Reuters/University of Michigan Surveys of Consumers improved significantly in early December.",12008,1. Staff Review of Economic Situation,staff,explicit_heading
minutes_2013-12-18_author_method_0002,2013-12-18,/mnt/data/FOMC_CVJ_Benchmark_Update_20260919/data/minutes/Minutes/2013/fomcminutes20131218.txt,equity price*,equity prices,declin*,negative,"By contrast, equity prices declined in many emerging market economies; in some cases, those declines were large and accompanied by sizable decreases in currency values and sovereign bond prices.",22779,2. Staff Review of Financial Situation,staff,explicit_heading
minutes_2013-12-18_author_method_0003,2013-12-18,/mnt/data/FOMC_CVJ_Benchmark_Update_20260919/data/minutes/Minutes/2013/fomcminutes20131218.txt,household wealth,household wealth,gain*,positive,"More broadly, spending was being supported by gains in household wealth associated with rising house prices and equity values, the still-low level of interest rates, and the progress that households have made in reducing debt and strengthening their balance sheets.",30966,4. Participants' Views,participants,explicit_heading
minutes_2013-12-18_author_method_0004,2013-12-18,/mnt/data/FOMC_CVJ_Benchmark_Update_20260919/data/minutes/Minutes/2013/fomcminutes20131218.txt,household wealth,household wealth,boost*,positive,"These included expectations that mortgage interest rates would remain relatively favorable, that rising home values would boost household wealth and further reduce the number of borrowers with underwater mortgages, that consumer incomes and confidence would continue to rise as employment expanded, and that a pickup in household formation would support the demand for housing.",31846,4. Participants' Views,participants,explicit_heading
minutes_2014-01-29_author_method_0001,2014-01-29,/mnt/data/FOMC_CVJ_Benchmark_Update_20260919/data/minutes/Minutes/2014/fomcminutes20140129.txt,equity price*,equity prices,rising,positive,"However, households' net worth likely continued to expand in recent months as a result of rising equity prices and home values.",41042,1. Staff Review of Economic Situation,staff,explicit_heading
minutes_2014-01-29_author_method_0002,2014-01-29,/mnt/data/FOMC_CVJ_Benchmark_Update_20260919/data/minutes/Minutes/2014/fomcminutes20140129.txt,equity price*,Equity prices,increas*,positive,"On net, financial conditions in the United States remained supportive of growth in economic activity and employment: Equity prices increased a bit, longer-term interest rates declined, and the dollar appreciated against most other currencies.",45903,2. Staff Review of Financial Situation,staff,explicit_heading
minutes_2014-01-29_author_method_0003,2014-01-29,/mnt/data/FOMC_CVJ_Benchmark_Update_20260919/data/minutes/Minutes/2014/fomcminutes20140129.txt,equity index*,equity indexes,increas*,positive,"Long-term government bond yields declined and headline equity indexes increased, on net, in most of these countries, with bank stock prices in the euro area rising more than broader indexes.",51517,2. Staff Review of Financial Situation,staff,explicit_heading
minutes_2014-03-19_author_method_0001,2014-03-19,/mnt/data/FOMC_CVJ_Benchmark_Update_20260919/data/minutes/Minutes/2014/fomcminutes20140319.txt,equity price*,equity prices,expand*,positive,"Households' net worth probably continued to expand as equity prices and home values increased further, and consumer sentiment in the Thomson Reuters/University of Michigan Surveys of Consumers during February and early March remained above its average last fall; however, real disposable incomes only edged up, on balance, in December and January.",6474,1. Staff Review of Economic Situation,staff,explicit_heading
minutes_2014-03-19_author_method_0002,2014-03-19,/mnt/data/FOMC_CVJ_Benchmark_Update_20260919/data/minutes/Minutes/2014/fomcminutes20140319.txt,equity price index*,equity price indexes,fell,negative,"Although global equity price indexes fell abruptly on March 3 amid the deepening of the political crisis in Ukraine, most markets quickly retraced those losses.",18343,2. Staff Review of Financial Situation,staff,explicit_heading
minutes_2014-03-19_author_method_0003,2014-03-19,/mnt/data/FOMC_CVJ_Benchmark_Update_20260919/data/minutes/Minutes/2014/fomcminutes20140319.txt,stock price*,Stock prices,rose,positive,"The performance of foreign equity price indexes was mixed, on net: Stock prices rose in the EMEs, but they were flat in Europe and declined substantially in Japan.",18803,2. Staff Review of Financial Situation,staff,explicit_heading
minutes_2014-04-30_author_method_0001,2014-04-30,/mnt/data/FOMC_CVJ_Benchmark_Update_20260919/data/minutes/Minutes/2014/fomcminutes20140430.txt,household* net worth,household net worth,bolster*,positive,"Real disposable income continued to increase in the first quarter, further gains in house prices likely bolstered household net worth, and consumer sentiment in the Thomson Reuters/University of Michigan Surveys of Consumers improved, on balance, in March and April.",11238,1. Staff Review of Economic Situation,staff,explicit_heading
minutes_2014-04-30_author_method_0002,2014-04-30,/mnt/data/FOMC_CVJ_Benchmark_Update_20260919/data/minutes/Minutes/2014/fomcminutes20140430.txt,stock market index*,stock market indexes,edge* down,negative,"The S and P 500 increased a bit, on net, over the intermeeting period, but broader stock market indexes edged down.",18939,2. Staff Review of Financial Situation,staff,explicit_heading
minutes_2014-04-30_author_method_0003,2014-04-30,/mnt/data/FOMC_CVJ_Benchmark_Update_20260919/data/minutes/Minutes/2014/fomcminutes20140430.txt,equity index*,equity indexes,rose,positive,"Most foreign equity indexes rose over the period despite a global selloff of technology-related stocks, and 10-year sovereign bond yields in Canada, Germany, and the United Kingdom were nearly unchanged on net.",21610,2. Staff Review of Financial Situation,staff,explicit_heading
minutes_2014-06-18_author_method_0001,2014-06-18,/mnt/data/FOMC_CVJ_Benchmark_Update_20260919/data/minutes/Minutes/2014/fomcminutes20140618.txt,equity price*,equity prices,increas*,positive,"Real disposable income continued to rise in April, and households' net worth likely increased as equity prices and home values advanced further; however, consumer sentiment in the Thomson Reuters/University of Michigan Surveys of Consumers moved down somewhat in May and early June.",15938,1. Staff Review of Economic Situation,staff,explicit_heading
minutes_2014-06-18_author_method_0002,2014-06-18,/mnt/data/FOMC_CVJ_Benchmark_Update_20260919/data/minutes/Minutes/2014/fomcminutes20140618.txt,equity price*,equity prices,rose,positive,"On balance, financial conditions in the United States remained supportive of growth in economic activity and employment: The expected path of the federal funds rate was slightly lower in the long run, yields on longer-term Treasury securities moved down modestly, equity prices rose, corporate bond spreads narrowed, and the foreign exchange value of the dollar was little changed.",20860,2. Staff Review of Financial Situation,staff,explicit_heading
minutes_2014-06-18_author_method_0003,2014-06-18,/mnt/data/FOMC_CVJ_Benchmark_Update_20260919/data/minutes/Minutes/2014/fomcminutes20140618.txt,household* net worth,household net worth,gain*,positive,"Among the factors anticipated to support the sustained economic expansion were accommodative monetary policy, diminished drag from fiscal restraint, further gains in household net worth, improving credit conditions for households and businesses, and rising employment and wages.",32866,4. Participants' Views,participants,explicit_heading
minutes_2014-06-18_author_method_0004,2014-06-18,/mnt/data/FOMC_CVJ_Benchmark_Update_20260919/data/minutes/Minutes/2014/fomcminutes20140618.txt,household* net worth,household net worth,gain*,positive,"A couple of participants noted that, to date, consumer spending had been supported importantly by gains in household net worth while income gains had been held back by only modest increases in wages.",33786,4. Participants' Views,participants,explicit_heading
minutes_2014-07-30_author_method_0001,2014-07-30,/mnt/data/FOMC_CVJ_Benchmark_Update_20260919/data/minutes/Minutes/2014/fomcminutes20140730.txt,equity valu*,equity values,gain*,positive,"In particular, gains in equity values and home prices boosted household net worth, and real disposable personal income continued to rise in the second quarter.",14411,1. Staff Review of Economic Situation,staff,explicit_heading
minutes_2014-07-30_author_method_0002,2014-07-30,/mnt/data/FOMC_CVJ_Benchmark_Update_20260919/data/minutes/Minutes/2014/fomcminutes20140730.txt,household* net worth,household net worth,boost*,positive,"In particular, gains in equity values and home prices boosted household net worth, and real disposable personal income continued to rise in the second quarter.",14449,1. Staff Review of Economic Situation,staff,explicit_heading
minutes_2014-07-30_author_method_0003,2014-07-30,/mnt/data/FOMC_CVJ_Benchmark_Update_20260919/data/minutes/Minutes/2014/fomcminutes20140730.txt,asset market*,asset markets,pressure*,negative,"In their discussion of financial stability issues, participants noted evidence of valuation pressures in some particular asset markets, but those pressures did not appear to be widespread and other measures of vulnerability in the financial system were at low to moderate levels.",36810,4. Participants' Views,participants,explicit_heading
minutes_2014-09-17_author_method_0001,2014-09-17,/mnt/data/FOMC_CVJ_Benchmark_Update_20260919/data/minutes/Minutes/2014/fomcminutes20140917.txt,equity price*,equity prices,edge* up,positive,"Recent information pertaining to key factors that influence consumer spending were positive: Real disposable incomes continued to increase in July, households' net worth likely edged up as equity prices and home values rose somewhat further, and consumer sentiment as measured by the Thomson Reuters/University of Michigan Surveys of Consumers improved in August and early September.",16717,1. Staff Review of Economic Situation,staff,explicit_heading
minutes_2014-09-17_author_method_0002,2014-09-17,/mnt/data/FOMC_CVJ_Benchmark_Update_20260919/data/minutes/Minutes/2014/fomcminutes20140917.txt,equity price*,equity prices,edge* up,positive,"Reflecting these and other developments, yields on nominal Treasury securities rose somewhat and equity prices edged up over the intermeeting period.",21554,2. Staff Review of Financial Situation,staff,explicit_heading
minutes_2014-09-17_author_method_0003,2014-09-17,/mnt/data/FOMC_CVJ_Benchmark_Update_20260919/data/minutes/Minutes/2014/fomcminutes20140917.txt,equity price*,equity prices,up,positive,"Broad measures of domestic equity prices were up modestly over the intermeeting period, with some reports suggesting that investors were interpreting incoming economic data as implying that the economic recovery was strengthening.",22673,2. Staff Review of Financial Situation,staff,explicit_heading
minutes_2014-09-17_author_method_0004,2014-09-17,/mnt/data/FOMC_CVJ_Benchmark_Update_20260919/data/minutes/Minutes/2014/fomcminutes20140917.txt,household wealth,household wealth,gain*,positive,"Among the favorable factors attending the outlook for consumer spending, participants cited continued gains in household wealth, improved household balance sheets, low delinquency rates, a high saving rate, or rising confidence in employment and income prospects.",31613,4. Participants' Views,participants,explicit_heading
minutes_2014-09-17_author_method_0005,2014-09-17,/mnt/data/FOMC_CVJ_Benchmark_Update_20260919/data/minutes/Minutes/2014/fomcminutes20140917.txt,household wealth,household wealth,improv*,positive,"The recovery in housing activity remained slow in all but a few areas of the country despite relatively low mortgage rates, rising house prices, and improvements in household wealth.",32172,4. Participants' Views,participants,explicit_heading
minutes_2014-10-29_author_method_0001,2014-10-29,/mnt/data/FOMC_CVJ_Benchmark_Update_20260919/data/minutes/Minutes/2014/fomcminutes20141029.txt,equity price*,equity prices,declin*,negative,"In contrast, household net worth likely decreased because of a decline in equity prices.",12928,1. Staff Review of Economic Situation,staff,explicit_heading
minutes_2014-10-29_author_method_0002,2014-10-29,/mnt/data/FOMC_CVJ_Benchmark_Update_20260919/data/minutes/Minutes/2014/fomcminutes20141029.txt,equity price*,equity prices,edge* down,negative,"On net, yields on longer-term Treasury securities fell notably, US equity prices edged down, corporate bond spreads widened modestly, and the dollar appreciated moderately against most other currencies.",17012,2. Staff Review of Financial Situation,staff,explicit_heading
minutes_2014-10-29_author_method_0003,2014-10-29,/mnt/data/FOMC_CVJ_Benchmark_Update_20260919/data/minutes/Minutes/2014/fomcminutes20141029.txt,equity index*,equity indexes,down,negative,"On net over the period, equity indexes were down in most advanced and emerging market economies, and measures of implied volatility rose.",22289,2. Staff Review of Financial Situation,staff,explicit_heading
minutes_2014-10-29_author_method_0004,2014-10-29,/mnt/data/FOMC_CVJ_Benchmark_Update_20260919/data/minutes/Minutes/2014/fomcminutes20141029.txt,asset price*,asset prices,declin*,negative,The staff's periodic report on potential risks to financial stability noted that recent developments in financial markets highlighted the potential for shocks to trigger increases in market volatility and declines in asset prices that could undermine financial stability.,23829,2. Staff Review of Financial Situation,staff,explicit_heading
minutes_2014-10-29_author_method_0005,2014-10-29,/mnt/data/FOMC_CVJ_Benchmark_Update_20260919/data/minutes/Minutes/2014/fomcminutes20141029.txt,asset valu*,asset valuation,pressure*,negative,"However, the staff report also pointed to asset valuation pressures that were broadening, as well as a loosening of underwriting standards in the speculative corporate debt and CRE markets; it noted the need to closely monitor these developments going forward.",24263,2. Staff Review of Financial Situation,staff,explicit_heading
minutes_2014-10-29_author_method_0006,2014-10-29,/mnt/data/FOMC_CVJ_Benchmark_Update_20260919/data/minutes/Minutes/2014/fomcminutes20141029.txt,equity price*,equity prices,declin*,negative,"However, in response to a further rise in the foreign exchange value of the dollar, a deterioration in global growth prospects, and a decline in equity prices, the staff revised down its projection for real GDP growth a little over the medium term.",24901,3. Staff Economic Outlook,staff,explicit_heading
minutes_2014-12-17_author_method_0001,2014-12-17,/mnt/data/FOMC_CVJ_Benchmark_Update_20260919/data/minutes/Minutes/2014/fomcminutes20141217.txt,household* net worth,households' net worth,declin*,negative,"Real disposable income rose further in October, energy prices continued to decline, households' net worth likely increased as home values advanced, and consumer sentiment in early December from the Thomson Reuters/University of Michigan Surveys of Consumers was at its highest level since before the most recent recession.",11735,1. Staff Review of Economic Situation,staff,explicit_heading
minutes_2015-01-28_author_method_0001,2015-01-28,/mnt/data/FOMC_CVJ_Benchmark_Update_20260919/data/minutes/Minutes/2015/fomcminutes20150128.txt,equity price*,equity prices,advanc*,positive,"Households' net worth likely increased as home values and equity prices advanced, and consumer sentiment, as measured by the Thomson Reuters/University of Michigan Surveys of Consumers, moved up in early January to its highest level in more than a decade.",50365,1. Staff Review of Economic Situation,staff,explicit_heading
minutes_2015-01-28_author_method_0002,2015-01-28,/mnt/data/FOMC_CVJ_Benchmark_Update_20260919/data/minutes/Minutes/2015/fomcminutes20150128.txt,equity price index*,equity price indexes,mov* high*,positive,"Broad US equity price indexes moved higher, while stock prices for large domestic banking organizations moved lower on net.",56789,2. Staff Review of Financial Situation,staff,explicit_heading
minutes_2015-03-18_author_method_0001,2015-03-18,/mnt/data/FOMC_CVJ_Benchmark_Update_20260919/data/minutes/Minutes/2015/fomcminutes20150318.txt,equity price*,equity prices,increas*,positive,"Moreover, households' net worth likely increased as equity prices and home values advanced further, and consumer sentiment in the University of Michigan Surveys of Consumers was still near its highest level since prior to the most recent recession.",17984,1. Staff Review of Economic Situation,staff,explicit_heading
minutes_2015-03-18_author_method_0002,2015-03-18,/mnt/data/FOMC_CVJ_Benchmark_Update_20260919/data/minutes/Minutes/2015/fomcminutes20150318.txt,equity price*,Equity prices,high*,positive,"Equity prices were higher, on net, although they declined later in the period.",22397,2. Staff Review of Financial Situation,staff,explicit_heading
minutes_2015-03-18_author_method_0003,2015-03-18,/mnt/data/FOMC_CVJ_Benchmark_Update_20260919/data/minutes/Minutes/2015/fomcminutes20150318.txt,equity price index*,equity price indexes,mov* up,positive,"Broad US equity price indexes moved up, on balance, over the intermeeting period, and one-month option-implied volatility on the S and P 500 index moved down on net.",23830,2. Staff Review of Financial Situation,staff,explicit_heading
minutes_2015-03-18_author_method_0004,2015-03-18,/mnt/data/FOMC_CVJ_Benchmark_Update_20260919/data/minutes/Minutes/2015/fomcminutes20150318.txt,equity price*,Equity prices,rose,positive,"Equity prices rose in most of the advanced foreign economies, with euro-area stocks rallying both before and after the early March commencement of sovereign bond purchases by the ECB under its PSPP.",27797,2. Staff Review of Financial Situation,staff,explicit_heading
minutes_2015-04-29_author_method_0001,2015-04-29,/mnt/data/FOMC_CVJ_Benchmark_Update_20260919/data/minutes/Minutes/2015/fomcminutes20150429.txt,household* net worth,households' net worth,rais*,positive,"In addition, further gains in house values and equity prices likely raised households' net worth, and the index of consumer sentiment in the University of Michigan Surveys of Consumers remained near its highest level since prior to the most recent recession.",11330,1. Staff Review of Economic Situation,staff,explicit_heading
minutes_2015-04-29_author_method_0002,2015-04-29,/mnt/data/FOMC_CVJ_Benchmark_Update_20260919/data/minutes/Minutes/2015/fomcminutes20150429.txt,equity price*,equity prices,increas*,positive,"On net, measures of inflation compensation rose, equity prices increased somewhat, and the foreign exchange value of the dollar declined.",15650,2. Staff Review of Financial Situation,staff,explicit_heading
minutes_2015-04-29_author_method_0003,2015-04-29,/mnt/data/FOMC_CVJ_Benchmark_Update_20260919/data/minutes/Minutes/2015/fomcminutes20150429.txt,equity price index*,equity price indexes,rose,positive,"On balance, US equity price indexes rose somewhat and option-implied volatility for the S and P 500 index over the next month declined.",17273,2. Staff Review of Financial Situation,staff,explicit_heading
minutes_2015-04-29_author_method_0004,2015-04-29,/mnt/data/FOMC_CVJ_Benchmark_Update_20260919/data/minutes/Minutes/2015/fomcminutes20150429.txt,equities,equities,mov* down,negative,"An estimate of the expected real return on equities moved down, reflecting an increase in stock prices and downward revisions to forecasts of corporate earnings, and corporate bond spreads declined somewhat.",21021,2. Staff Review of Financial Situation,staff,explicit_heading
minutes_2015-04-29_author_method_0005,2015-04-29,/mnt/data/FOMC_CVJ_Benchmark_Update_20260919/data/minutes/Minutes/2015/fomcminutes20150429.txt,stock price*,stock prices,increas*,positive,"An estimate of the expected real return on equities moved down, reflecting an increase in stock prices and downward revisions to forecasts of corporate earnings, and corporate bond spreads declined somewhat.",21068,2. Staff Review of Financial Situation,staff,explicit_heading
minutes_2015-06-17_author_method_0001,2015-06-17,/mnt/data/FOMC_CVJ_Benchmark_Update_20260919/data/minutes/Minutes/2015/fomcminutes20150617.txt,household* net worth,households' net worth,gain*,positive,"Among the factors that influence household spending, real disposable income rose in April and gains in households' net worth were supported by further advances in home values.",10427,1. Staff Review of Economic Situation,staff,explicit_heading
minutes_2015-06-17_author_method_0002,2015-06-17,/mnt/data/FOMC_CVJ_Benchmark_Update_20260919/data/minutes/Minutes/2015/fomcminutes20150617.txt,equity price index*,equity price indexes,mov* down,negative,"Over the intermeeting period, most broad US equity price indexes moved down a bit, on net, amid mixed macroeconomic news and little information on earnings.",17237,2. Staff Review of Financial Situation,staff,explicit_heading
minutes_2015-06-17_author_method_0003,2015-06-17,/mnt/data/FOMC_CVJ_Benchmark_Update_20260919/data/minutes/Minutes/2015/fomcminutes20150617.txt,equity price*,equity prices,declin*,negative,"Against this backdrop and with a step-up in concerns about developments in Greece, equity prices declined in most countries.",19744,2. Staff Review of Financial Situation,staff,explicit_heading
minutes_2015-07-29_author_method_0001,2015-07-29,/mnt/data/FOMC_CVJ_Benchmark_Update_20260919/data/minutes/Minutes/2015/fomcminutes20150729.txt,household* net worth,households' net worth,gain*,positive,"Among the factors that influence household spending, real disposable income rose in May and gains in households' net worth were supported by further advances in home values.",13763,1. Staff Review of Economic Situation,staff,explicit_heading
minutes_2015-07-29_author_method_0002,2015-07-29,/mnt/data/FOMC_CVJ_Benchmark_Update_20260919/data/minutes/Minutes/2015/fomcminutes20150729.txt,equity price*,equity prices,declin*,negative,"On net, 5-year and 10-year Treasury yields were somewhat lower, measures of inflation compensation over the next 5 years based on Treasury Inflation-Protected Securities declined, equity prices were little changed, and the foreign exchange value of the dollar rose modestly.",18575,2. Staff Review of Financial Situation,staff,explicit_heading
minutes_2015-07-29_author_method_0003,2015-07-29,/mnt/data/FOMC_CVJ_Benchmark_Update_20260919/data/minutes/Minutes/2015/fomcminutes20150729.txt,stock price*,stock prices,fell,negative,"In China, stock prices fell substantially, prompting a number of policy and regulatory actions by Chinese officials to support the stock market.",22717,2. Staff Review of Financial Situation,staff,explicit_heading
minutes_2015-07-29_author_method_0004,2015-07-29,/mnt/data/FOMC_CVJ_Benchmark_Update_20260919/data/minutes/Minutes/2015/fomcminutes20150729.txt,household* net worth,household net worth,high*,positive,"Continued gains in employment and income, high household net worth, and low gasoline prices were viewed as factors that should support consumer spending in coming months.",28905,4. Participants' Views,participants,explicit_heading
minutes_2015-07-29_author_method_0005,2015-07-29,/mnt/data/FOMC_CVJ_Benchmark_Update_20260919/data/minutes/Minutes/2015/fomcminutes20150729.txt,stock market*,stock market,declin*,negative,"While the recent Chinese stock market decline seemed to have had limited implications to date for the growth outlook in China, several participants noted that a material slowdown in Chinese economic activity could pose risks to the US economic outlook.",32285,4. Participants' Views,participants,explicit_heading
minutes_2015-09-17_author_method_0001,2015-09-17,/mnt/data/FOMC_CVJ_Benchmark_Update_20260919/data/minutes/Minutes/2015/fomcminutes20150917.txt,equity valu*,equity values,declin*,negative,Household spending was supported by moderate growth in real disposable income in July and a wealth-to-income ratio that remained high even after recent declines in equity values.,9881,1. Staff Review of Economic Situation,staff,explicit_heading
minutes_2015-09-17_author_method_0002,2015-09-17,/mnt/data/FOMC_CVJ_Benchmark_Update_20260919/data/minutes/Minutes/2015/fomcminutes20150917.txt,stock market price*,stock market prices,declin*,negative,"Consumer sentiment in the University of Michigan Surveys of Consumers decreased in early September, reportedly in part because of the recent decline in stock market prices, but it remained above its year-earlier level.",10048,1. Staff Review of Economic Situation,staff,explicit_heading
minutes_2015-09-17_author_method_0003,2015-09-17,/mnt/data/FOMC_CVJ_Benchmark_Update_20260919/data/minutes/Minutes/2015/fomcminutes20150917.txt,equity price index*,equity price indexes,high*,positive,Broad US equity price indexes were highly correlated with foreign equity indexes over the intermeeting period and posted net declines.,16860,2. Staff Review of Financial Situation,staff,explicit_heading
minutes_2015-09-17_author_method_0004,2015-09-17,/mnt/data/FOMC_CVJ_Benchmark_Update_20260919/data/minutes/Minutes/2015/fomcminutes20150917.txt,equity price*,equity prices,declin*,negative,"Recent information on real US economic activity was generally stronger than expected, but equity prices declined, the foreign exchange value of the dollar appreciated further, and indicators of foreign economic growth were generally weak.",20477,3. Staff Economic Outlook,staff,explicit_heading
minutes_2015-09-17_author_method_0005,2015-09-17,/mnt/data/FOMC_CVJ_Benchmark_Update_20260919/data/minutes/Minutes/2015/fomcminutes20150917.txt,equity price*,equity prices,fell,negative,"In the United States, equity prices fell, on balance, amid significant volatility, and risk spreads for businesses widened.",32487,4. Participants' Views,participants,explicit_heading
minutes_2015-09-17_author_method_0006,2015-09-17,/mnt/data/FOMC_CVJ_Benchmark_Update_20260919/data/minutes/Minutes/2015/fomcminutes20150917.txt,equity price*,equity prices,declin*,negative,"Some participants commented that the recent decline in equity prices needed to be viewed in the context of overall valuation levels, which they saw as relatively high, and a couple noted that volatility had begun to subside.",33065,4. Participants' Views,participants,explicit_heading
minutes_2015-10-28_author_method_0001,2015-10-28,/mnt/data/FOMC_CVJ_Benchmark_Update_20260919/data/minutes/Minutes/2015/fomcminutes20151028.txt,equity price*,equity prices,increas*,positive,Households' net worth was boosted by recent gains in home values and the net increase in equity prices over the intermeeting period.,12994,1. Staff Review of Economic Situation,staff,explicit_heading
minutes_2015-10-28_author_method_0002,2015-10-28,/mnt/data/FOMC_CVJ_Benchmark_Update_20260919/data/minutes/Minutes/2015/fomcminutes20151028.txt,equity price index*,equity price indexes,fell,negative,Broad US equity price indexes fell in the first few weeks after the September FOMC meeting but subsequently more than retraced those declines.,18900,2. Staff Review of Financial Situation,staff,explicit_heading
minutes_2015-12-16_author_method_0001,2015-12-16,/mnt/data/FOMC_CVJ_Benchmark_Update_20260919/data/minutes/Minutes/2015/fomcminutes20151216.txt,household* net worth,households' net worth,bolster*,positive,"Household spending was supported by strong growth in real disposable income in September and October, and households' net worth was bolstered by recent gains in home values.",8474,1. Staff Review of Economic Situation,staff,explicit_heading
minutes_2015-12-16_author_method_0002,2015-12-16,/mnt/data/FOMC_CVJ_Benchmark_Update_20260919/data/minutes/Minutes/2015/fomcminutes20151216.txt,equity price*,equity prices,declin*,negative,"In reaction, broad measures of US equity prices declined, with a steep selloff in energy-sector stocks, and the one-month-ahead option-implied volatility on the S and P 500 index, the VIX, climbed.",14150,2. Staff Review of Financial Situation,staff,explicit_heading
minutes_2015-12-16_author_method_0003,2015-12-16,/mnt/data/FOMC_CVJ_Benchmark_Update_20260919/data/minutes/Minutes/2015/fomcminutes20151216.txt,equity index*,Equity indexes,declin*,negative,Equity indexes declined in many advanced and emerging market economies amid concerns about corporate earnings and falling oil and metals prices.,17842,2. Staff Review of Financial Situation,staff,explicit_heading
minutes_2016-01-27_author_method_0001,2016-01-27,/mnt/data/FOMC_CVJ_Benchmark_Update_20260919/data/minutes/Minutes/2016/fomcminutes20160127.txt,equity price*,equity prices,declin*,negative,"Households' net worth was supported by further strong gains in home values through November, although equity prices declined in recent months.",45512,1. Staff Review of Economic Situation,staff,explicit_heading
minutes_2016-01-27_author_method_0002,2016-01-27,/mnt/data/FOMC_CVJ_Benchmark_Update_20260919/data/minutes/Minutes/2016/fomcminutes20160127.txt,equity price*,equity prices,declin*,negative,The increased reluctance to hold risky assets was associated with a sharp decline in equity prices and a notable widening in risk spreads on corporate bonds.,50149,2. Staff Review of Financial Situation,staff,explicit_heading
minutes_2016-01-27_author_method_0003,2016-01-27,/mnt/data/FOMC_CVJ_Benchmark_Update_20260919/data/minutes/Minutes/2016/fomcminutes20160127.txt,equity price index*,equity price indexes,declin*,negative,"Broad US equity price indexes declined sharply over the intermeeting period, exhibiting a high correlation with movements in crude oil prices and foreign equity indexes.",51743,2. Staff Review of Financial Situation,staff,explicit_heading
minutes_2016-01-27_author_method_0004,2016-01-27,/mnt/data/FOMC_CVJ_Benchmark_Update_20260919/data/minutes/Minutes/2016/fomcminutes20160127.txt,equity price*,equity prices,declin*,negative,"Almost all participants cited a number of recent events as indicative of tighter financial conditions in the United States; these events included declines in equity prices, a widening in credit spreads, a further rise in the exchange value of the dollar, and an increase in financial market volatility.",70880,4. Participants' Views,participants,explicit_heading
minutes_2016-01-27_author_method_0005,2016-01-27,/mnt/data/FOMC_CVJ_Benchmark_Update_20260919/data/minutes/Minutes/2016/fomcminutes20160127.txt,equity price*,equity prices,declin*,negative,A couple of participants pointed out that the recent decline in equity prices could be viewed as bringing equity valuations more in line with historical norms.,72047,4. Participants' Views,participants,explicit_heading
minutes_2016-03-16_author_method_0001,2016-03-16,/mnt/data/FOMC_CVJ_Benchmark_Update_20260919/data/minutes/Minutes/2016/fomcminutes20160316.txt,equity price*,equity prices,rebound*,positive,Households' net worth was supported both by a rebound in equity prices following declines earlier in the year and by further increases in home values through January.,9801,1. Staff Review of Economic Situation,staff,explicit_heading
minutes_2016-03-16_author_method_0002,2016-03-16,/mnt/data/FOMC_CVJ_Benchmark_Update_20260919/data/minutes/Minutes/2016/fomcminutes20160316.txt,stock price*,Stock prices,rose,positive,"However, these concerns appeared to diminish beginning in mid-February, and domestic financial conditions generally eased, on balance, since the January FOMC meeting: Stock prices rose, equity price volatility declined, and credit spreads on corporate bonds narrowed.",14980,2. Staff Review of Financial Situation,staff,explicit_heading
minutes_2016-03-16_author_method_0003,2016-03-16,/mnt/data/FOMC_CVJ_Benchmark_Update_20260919/data/minutes/Minutes/2016/fomcminutes20160316.txt,equity price*,equity price,rose,positive,"However, these concerns appeared to diminish beginning in mid-February, and domestic financial conditions generally eased, on balance, since the January FOMC meeting: Stock prices rose, equity price volatility declined, and credit spreads on corporate bonds narrowed.",14999,2. Staff Review of Financial Situation,staff,explicit_heading
minutes_2016-03-16_author_method_0004,2016-03-16,/mnt/data/FOMC_CVJ_Benchmark_Update_20260919/data/minutes/Minutes/2016/fomcminutes20160316.txt,equity market index*,equity market indexes,increas*,positive,"Broad equity market indexes increased, on balance, over the intermeeting period and continued to exhibit a high correlation with crude oil prices.",16415,2. Staff Review of Financial Situation,staff,explicit_heading
minutes_2016-03-16_author_method_0005,2016-03-16,/mnt/data/FOMC_CVJ_Benchmark_Update_20260919/data/minutes/Minutes/2016/fomcminutes20160316.txt,equity price*,equity prices,deteriorat*,negative,"Financial conditions deteriorated, with equity prices falling and credit spreads on riskier corporate bonds widening.",25322,4. Participants' Views,participants,explicit_heading
minutes_2016-04-27_author_method_0001,2016-04-27,/mnt/data/FOMC_CVJ_Benchmark_Update_20260919/data/minutes/Minutes/2016/fomcminutes20160427.txt,equity price*,equity prices,rise*,positive,Households' net worth was boosted by the rise in equity prices over the intermeeting period and by further strong increases in home values through February.,12805,1. Staff Review of Economic Situation,staff,explicit_heading
minutes_2016-04-27_author_method_0002,2016-04-27,/mnt/data/FOMC_CVJ_Benchmark_Update_20260919/data/minutes/Minutes/2016/fomcminutes20160427.txt,equity price index*,equity price indexes,mov* up,positive,"Over the intermeeting period, broad US equity price indexes moved up, on net, likely because of investors' views that monetary policy would be more accommodative than previously expected along with an improvement in risk sentiment.",19685,2. Staff Review of Financial Situation,staff,explicit_heading
minutes_2016-04-27_author_method_0003,2016-04-27,/mnt/data/FOMC_CVJ_Benchmark_Update_20260919/data/minutes/Minutes/2016/fomcminutes20160427.txt,stock price*,Stock prices,increas*,positive,"Stock prices increased broadly across industries, including the energy sector.",19878,2. Staff Review of Financial Situation,staff,explicit_heading
minutes_2016-04-27_author_method_0004,2016-04-27,/mnt/data/FOMC_CVJ_Benchmark_Update_20260919/data/minutes/Minutes/2016/fomcminutes20160427.txt,stock price*,stock prices,rose,positive,"Against this backdrop, stock prices rose in most countries, with the equity indexes of the EMEs outperforming those of the AFEs.",24473,2. Staff Review of Financial Situation,staff,explicit_heading
minutes_2016-04-27_author_method_0005,2016-04-27,/mnt/data/FOMC_CVJ_Benchmark_Update_20260919/data/minutes/Minutes/2016/fomcminutes20160427.txt,price* of risk* asset*,prices of risky assets,fell,negative,"These indicators suggested that the financial system was fairly resilient, as did the absence of a significant increase in funding stresses or margin calls earlier this year when prices of risky assets fell and volatility rose sharply.",25433,2. Staff Review of Financial Situation,staff,explicit_heading
minutes_2016-04-27_author_method_0006,2016-04-27,/mnt/data/FOMC_CVJ_Benchmark_Update_20260919/data/minutes/Minutes/2016/fomcminutes20160427.txt,price* of risk* asset*,prices of risky assets,rebound*,positive,"Since then, prices of risky assets rebounded notably, and valuation pressures rose somewhat.",25502,2. Staff Review of Financial Situation,staff,explicit_heading
minutes_2016-04-27_author_method_0007,2016-04-27,/mnt/data/FOMC_CVJ_Benchmark_Update_20260919/data/minutes/Minutes/2016/fomcminutes20160427.txt,level of household wealth,level of household wealth,high*,positive,"Notably, solid job gains and real income growth, along with a high level of household wealth and relatively upbeat consumer sentiment, were expected to support a pickup in consumer spending after its slowdown in the first quarter.",30550,4. Participants' Views,participants,explicit_heading
minutes_2016-04-27_author_method_0008,2016-04-27,/mnt/data/FOMC_CVJ_Benchmark_Update_20260919/data/minutes/Minutes/2016/fomcminutes20160427.txt,equity index*,equity indexes,rise*,positive,"US and global financial conditions improved significantly over the intermeeting period, marked by a rise in equity indexes, more positive risk sentiment, and a decline in financial market volatility.",41512,4. Participants' Views,participants,explicit_heading
minutes_2016-04-27_author_method_0009,2016-04-27,/mnt/data/FOMC_CVJ_Benchmark_Update_20260919/data/minutes/Minutes/2016/fomcminutes20160427.txt,equity price*,Equity prices,rose,positive,"Financial market conditions continued to improve, providing support to aggregate demand and suggesting that market participants saw some reduction in downside risks to the outlook: Equity prices rose further, credit spreads declined somewhat, and the dollar depreciated over the intermeeting period.",44222,4. Participants' Views,participants,explicit_heading
minutes_2016-06-15_author_method_0001,2016-06-15,/mnt/data/FOMC_CVJ_Benchmark_Update_20260919/data/minutes/Minutes/2016/fomcminutes20160615.txt,equity index*,equity indexes,decreas*,negative,"Decreases in equity indexes in the AFEs, particularly in Europe, also reportedly reflected concerns about the possibility of a successful ""leave"" vote.",22218,2. Staff Review of Financial Situation,staff,explicit_heading
minutes_2016-07-27_author_method_0001,2016-07-27,/mnt/data/FOMC_CVJ_Benchmark_Update_20260919/data/minutes/Minutes/2016/fomcminutes20160727.txt,equity price*,equity prices,declin*,negative,"Following the outcome of the June 23 referendum in the United Kingdom in which a majority indicated a preference to leave the European Union (EU), yields on US Treasury securities fell sharply, US equity prices declined, and the foreign exchange value of the dollar increased.",10803,Unparsed/Other,unavailable,explicit_heading
minutes_2016-07-27_author_method_0002,2016-07-27,/mnt/data/FOMC_CVJ_Benchmark_Update_20260919/data/minutes/Minutes/2016/fomcminutes20160727.txt,equity price*,equity prices,high*,positive,"On balance, Treasury yields were down only slightly over the intermeeting period, equity prices were higher, and the foreign exchange value of the dollar was little changed.",11028,Unparsed/Other,unavailable,explicit_heading
minutes_2016-07-27_author_method_0003,2016-07-27,/mnt/data/FOMC_CVJ_Benchmark_Update_20260919/data/minutes/Minutes/2016/fomcminutes20160727.txt,equity price index*,Equity price indexes,increas*,positive,"Equity price indexes increased, on net, despite an initial sharp decline following the Brexit vote, and corporate bond spreads declined on balance.",19886,2. Staff Review of Financial Situation,staff,explicit_heading
minutes_2016-07-27_author_method_0004,2016-07-27,/mnt/data/FOMC_CVJ_Benchmark_Update_20260919/data/minutes/Minutes/2016/fomcminutes20160727.txt,stock index*,stock indexes,fell,negative,"Global stock indexes fell notably, credit spreads widened, and safe-haven assets appreciated substantially.",20474,2. Staff Review of Financial Situation,staff,explicit_heading
minutes_2016-07-27_author_method_0005,2016-07-27,/mnt/data/FOMC_CVJ_Benchmark_Update_20260919/data/minutes/Minutes/2016/fomcminutes20160727.txt,stock price*,stock prices,drop*,negative,"US bank stock prices dropped sharply after the Brexit vote but then retraced that decrease, buoyed by better-than-expected earnings reports from some of the largest domestic banks.",23570,2. Staff Review of Financial Situation,staff,explicit_heading
minutes_2016-07-27_author_method_0006,2016-07-27,/mnt/data/FOMC_CVJ_Benchmark_Update_20260919/data/minutes/Minutes/2016/fomcminutes20160727.txt,equity valu*,equity values,low*,negative,"Participants cited a number of factors that had likely been supporting household spending, including solid real income growth, gains in house and equity values, low gasoline prices, and favorable levels of consumer confidence.",36963,4. Participants' Views,participants,explicit_heading
minutes_2016-07-27_author_method_0007,2016-07-27,/mnt/data/FOMC_CVJ_Benchmark_Update_20260919/data/minutes/Minutes/2016/fomcminutes20160727.txt,risk* asset price*,risk asset prices,declin*,negative,The vote by the United Kingdom to leave the EU led to sharp declines in risk asset prices and a spike in volatility in financial markets early in the intermeeting period.,43495,4. Participants' Views,participants,explicit_heading
minutes_2016-07-27_author_method_0008,2016-07-27,/mnt/data/FOMC_CVJ_Benchmark_Update_20260919/data/minutes/Minutes/2016/fomcminutes20160727.txt,equity index*,equity indexes,rose,positive,"Overall, US financial conditions eased during the intermeeting period: Major equity indexes rose, longer-term interest rates fell, credit spreads narrowed, and the broad index of the foreign exchange value of the dollar was little changed.",44292,4. Participants' Views,participants,explicit_heading
minutes_2016-07-27_author_method_0009,2016-07-27,/mnt/data/FOMC_CVJ_Benchmark_Update_20260919/data/minutes/Minutes/2016/fomcminutes20160727.txt,equity price*,equity prices,declin*,negative,"In the discussion of developments related to financial stability, it was noted that while the capital and liquidity positions of US banks remained strong, European banks, particularly Italian banks, were under pressure--as evidenced by the sharp declines in their equity prices--from a weaker economic outlook for that region, thin interest margins, and concerns about the quality of their loan portfolios.",44719,4. Participants' Views,participants,explicit_heading
minutes_2016-07-27_author_method_0010,2016-07-27,/mnt/data/FOMC_CVJ_Benchmark_Update_20260919/data/minutes/Minutes/2016/fomcminutes20160727.txt,level of equity valu*,level of equity values,elevat*,positive,"However, during the discussion, several participants commented on a few developments, including potential overvaluation in the market for CRE, the elevated level of equity values relative to expected earnings, and the incentives for investors to reach for yield in an environment of continued low interest rates.",45224,4. Participants' Views,participants,explicit_heading
minutes_2016-09-21_author_method_0001,2016-09-21,/mnt/data/FOMC_CVJ_Benchmark_Update_20260919/data/minutes/Minutes/2016/fomcminutes20160921.txt,equity price*,equity prices,increas*,positive,"European financial markets remained resilient following the Brexit vote, and European bank equity prices increased on net.",36181,2. Staff Review of Financial Situation,staff,explicit_heading
minutes_2016-09-21_author_method_0002,2016-09-21,/mnt/data/FOMC_CVJ_Benchmark_Update_20260919/data/minutes/Minutes/2016/fomcminutes20160921.txt,asset price*,asset price,high*,positive,Announcements by foreign central banks garnered investor attention and contributed to somewhat higher asset price volatility later in the period.,36315,2. Staff Review of Financial Situation,staff,explicit_heading
minutes_2016-11-02_author_method_0001,2016-11-02,/mnt/data/FOMC_CVJ_Benchmark_Update_20260919/data/minutes/Minutes/2016/fomcminutes20161102.txt,household wealth,household wealth,increas*,positive,"Real economic activity was expected to advance at a moderate pace in coming quarters, primarily reflecting solid growth in consumer spending, consistent with ongoing employment gains, increases in household wealth, and low interest rates.",36630,4. Participants' Views,participants,explicit_heading
minutes_2016-12-14_author_method_0001,2016-12-14,/mnt/data/FOMC_CVJ_Benchmark_Update_20260919/data/minutes/Minutes/2016/fomcminutes20161214.txt,equity index*,equity indexes,increas*,positive,"The value of the dollar on foreign exchange markets rose, US equity indexes increased considerably, and credit spreads on US corporate bonds narrowed.",5473,Unparsed/Other,unavailable,explicit_heading
minutes_2016-12-14_author_method_0002,2016-12-14,/mnt/data/FOMC_CVJ_Benchmark_Update_20260919/data/minutes/Minutes/2016/fomcminutes20161214.txt,equity price index*,equity price indexes,increas*,positive,"Meanwhile, broad equity price indexes increased, and credit spreads on corporate bonds narrowed.",15485,2. Staff Review of Financial Situation,staff,explicit_heading
minutes_2016-12-14_author_method_0003,2016-12-14,/mnt/data/FOMC_CVJ_Benchmark_Update_20260919/data/minutes/Minutes/2016/fomcminutes20161214.txt,equity price index*,equity price indexes,rose,positive,"Broad US equity price indexes rose over the intermeeting period, apparently boosted by investors' expectations of stronger earnings growth and improved risk sentiment, with much of the rally coming after the US elections.",17483,2. Staff Review of Financial Situation,staff,explicit_heading
minutes_2016-12-14_author_method_0004,2016-12-14,/mnt/data/FOMC_CVJ_Benchmark_Update_20260919/data/minutes/Minutes/2016/fomcminutes20161214.txt,equity market*,equity markets,decreas*,negative,"Implied volatility in equity markets decreased, and yield spreads of nonfinancial corporate bonds over those of comparable-maturity Treasury securities narrowed for both investment- and speculative-grade firms.",17904,2. Staff Review of Financial Situation,staff,explicit_heading
minutes_2016-12-14_author_method_0005,2016-12-14,/mnt/data/FOMC_CVJ_Benchmark_Update_20260919/data/minutes/Minutes/2016/fomcminutes20161214.txt,price* of risk* asset*,prices of risky assets,declin*,negative,"Spillovers from US markets lifted yields and equity prices in most AFEs, but higher yields in the United States seemed to weigh on investor sentiment toward EMEs, where prices of risky assets declined.",22272,2. Staff Review of Financial Situation,staff,explicit_heading
minutes_2016-12-14_author_method_0006,2016-12-14,/mnt/data/FOMC_CVJ_Benchmark_Update_20260919/data/minutes/Minutes/2016/fomcminutes20161214.txt,housing and equity price*,housing and equity prices,gain*,positive,"The personal saving rate was still relatively high, and household wealth had been boosted by ongoing gains in housing and equity prices.",31461,4. Participants' Views,participants,explicit_heading
minutes_2016-12-14_author_method_0007,2016-12-14,/mnt/data/FOMC_CVJ_Benchmark_Update_20260919/data/minutes/Minutes/2016/fomcminutes20161214.txt,equity price*,equity prices,rise*,positive,"Most participants attributed the substantial changes in financial market conditions over the intermeeting period--including the increase in longer-term interest rates, the strengthening of the dollar, the rise in equity prices, and the narrowing of credit spreads--to expectations for more expansionary fiscal policies in coming years or to possible reductions in corporate tax rates.",38510,4. Participants' Views,participants,explicit_heading
minutes_2017-02-01_author_method_0001,2017-02-01,/mnt/data/FOMC_CVJ_Benchmark_Update_20260919/data/minutes/Minutes/2017/fomcminutes20170201.txt,equity price*,Equity prices,rise*,positive,"Financial conditions appeared to have changed little, on net, in recent months: Equity prices had risen and credit spreads had narrowed, but longer-term interest rates had increased and the dollar had appreciated further.",64410,4. Participants' Views,participants,explicit_heading
minutes_2017-02-01_author_method_0002,2017-02-01,/mnt/data/FOMC_CVJ_Benchmark_Update_20260919/data/minutes/Minutes/2017/fomcminutes20170201.txt,equity price*,equity prices,increas*,positive,"A few participants commented that the recent increase in equity prices might in part reflect investors' anticipation of a boost to earnings from a cut in corporate taxes or more expansionary fiscal policy, which might not materialize.",64954,4. Participants' Views,participants,explicit_heading
minutes_2017-02-01_author_method_0003,2017-02-01,/mnt/data/FOMC_CVJ_Benchmark_Update_20260919/data/minutes/Minutes/2017/fomcminutes20170201.txt,asset valu*,asset values,declin*,negative,"However, it was noted that other risks to financial stability might arise as the structure of funding markets evolved or if real estate asset values declined sharply.",65544,4. Participants' Views,participants,explicit_heading
minutes_2017-03-15_author_method_0001,2017-03-15,/mnt/data/FOMC_CVJ_Benchmark_Update_20260919/data/minutes/Minutes/2017/fomcminutes20170315.txt,equity price index*,equity price indexes,rose,positive,"Broad equity price indexes rose further, leaving some standard measures of valuations above historical norms.",19956,2. Staff Review of Financial Situation,staff,explicit_heading
minutes_2017-03-15_author_method_0002,2017-03-15,/mnt/data/FOMC_CVJ_Benchmark_Update_20260919/data/minutes/Minutes/2017/fomcminutes20170315.txt,equity price index*,equity price indexes,increas*,positive,"Broad US equity price indexes increased over the intermeeting period, and some measures of valuations, such as price-to-earnings ratios, rose further above historical norms.",21948,2. Staff Review of Financial Situation,staff,explicit_heading
minutes_2017-03-15_author_method_0003,2017-03-15,/mnt/data/FOMC_CVJ_Benchmark_Update_20260919/data/minutes/Minutes/2017/fomcminutes20170315.txt,stock price*,Stock prices,rose,positive,"Stock prices rose across most industries, and equity prices for financial firms outperformed broader indexes.",22268,2. Staff Review of Financial Situation,staff,explicit_heading
minutes_2017-03-15_author_method_0004,2017-03-15,/mnt/data/FOMC_CVJ_Benchmark_Update_20260919/data/minutes/Minutes/2017/fomcminutes20170315.txt,equity price*,equity prices,increas*,positive,"Since the previous FOMC meeting, better-than-expected economic data and earnings releases abroad also supported risk sentiment: Foreign equity prices increased, flows to emerging market mutual funds picked up, and emerging market bond spreads narrowed.",22663,2. Staff Review of Financial Situation,staff,explicit_heading
minutes_2017-03-15_author_method_0005,2017-03-15,/mnt/data/FOMC_CVJ_Benchmark_Update_20260919/data/minutes/Minutes/2017/fomcminutes20170315.txt,equity price*,equity prices,rise*,positive,"Many participants discussed the implications of the rise in equity prices over the past few months, with several of them citing it as contributing to an easing of financial conditions.",40071,4. Participants' Views,participants,explicit_heading
minutes_2017-05-03_author_method_0001,2017-05-03,/mnt/data/FOMC_CVJ_Benchmark_Update_20260919/data/minutes/Minutes/2017/fomcminutes20170503.txt,equity market*,equity markets,declin*,negative,"Measures of implied volatility in equity markets declined, on net, to levels that were historically very low.",5118,Unparsed/Other,unavailable,explicit_heading
minutes_2017-05-03_author_method_0002,2017-05-03,/mnt/data/FOMC_CVJ_Benchmark_Update_20260919/data/minutes/Minutes/2017/fomcminutes20170503.txt,price* of risk* asset*,Prices of risky assets,increas*,positive,"Prices of risky assets increased a bit on net, Treasury yields declined, and the dollar depreciated.",16176,2. Staff Review of Financial Situation,staff,explicit_heading
minutes_2017-05-03_author_method_0003,2017-05-03,/mnt/data/FOMC_CVJ_Benchmark_Update_20260919/data/minutes/Minutes/2017/fomcminutes20170503.txt,equity price index*,equity price indexes,increas*,positive,"Broad US equity price indexes increased slightly, on net, since the March FOMC meeting.",18575,2. Staff Review of Financial Situation,staff,explicit_heading
minutes_2017-05-03_author_method_0004,2017-05-03,/mnt/data/FOMC_CVJ_Benchmark_Update_20260919/data/minutes/Minutes/2017/fomcminutes20170503.txt,asset valu*,asset valuation,pressure*,negative,"This overall assessment reflected the staff's judgment that leverage as well as vulnerabilities from maturity and liquidity transformation in the financial sector were low, that leverage in the nonfinancial sector was moderate, and that asset valuation pressures in some markets were notable.",24754,2. Staff Review of Financial Situation,staff,explicit_heading
minutes_2017-06-14_author_method_0001,2017-06-14,/mnt/data/FOMC_CVJ_Benchmark_Update_20260919/data/minutes/Minutes/2017/fomcminutes20170614.txt,equity price*,equity prices,increas*,positive,"US equity prices increased over the period, longer-term Treasury yields declined, and the dollar depreciated.",18815,2. Staff Review of Financial Situation,staff,explicit_heading
minutes_2017-06-14_author_method_0002,2017-06-14,/mnt/data/FOMC_CVJ_Benchmark_Update_20260919/data/minutes/Minutes/2017/fomcminutes20170614.txt,equity price index*,equity price indexes,increas*,positive,Broad US equity price indexes increased.,21284,2. Staff Review of Financial Situation,staff,explicit_heading
minutes_2017-06-14_author_method_0003,2017-06-14,/mnt/data/FOMC_CVJ_Benchmark_Update_20260919/data/minutes/Minutes/2017/fomcminutes20170614.txt,equity price*,equity prices,rose,positive,"In their discussion of recent developments in financial markets, participants observed that, over the intermeeting period, equity prices rose, longer-term interest rates declined, and volatility in financial markets was generally low.",38610,4. Participants' Views,participants,explicit_heading
minutes_2017-06-14_author_method_0004,2017-06-14,/mnt/data/FOMC_CVJ_Benchmark_Update_20260919/data/minutes/Minutes/2017/fomcminutes20170614.txt,equity price*,equity prices,high*,positive,"Corporate earnings growth had been robust; nevertheless, in the assessment of a few participants, equity prices were high when judged against standard valuation measures.",39122,4. Participants' Views,participants,explicit_heading
minutes_2017-06-14_author_method_0005,2017-06-14,/mnt/data/FOMC_CVJ_Benchmark_Update_20260919/data/minutes/Minutes/2017/fomcminutes20170614.txt,asset price*,asset prices,elevat*,positive,"Some participants suggested that increased risk tolerance among investors might be contributing to elevated asset prices more broadly; a few participants expressed concern that subdued market volatility, coupled with a low equity premium, could lead to a buildup of risks to financial stability.",39597,4. Participants' Views,participants,explicit_heading
minutes_2017-07-26_author_method_0001,2017-07-26,/mnt/data/FOMC_CVJ_Benchmark_Update_20260919/data/minutes/Minutes/2017/fomcminutes20170726.txt,equity price*,Equity prices,rose,positive,"Equity prices rose further, with notable advances in indexes for emerging markets.",4745,Unparsed/Other,unavailable,explicit_heading
minutes_2017-07-26_author_method_0002,2017-07-26,/mnt/data/FOMC_CVJ_Benchmark_Update_20260919/data/minutes/Minutes/2017/fomcminutes20170726.txt,equity price*,equity prices,rose,positive,"US equity prices rose, longer-term Treasury yields increased slightly, and the dollar depreciated.",13629,2. Staff Review of Financial Situation,staff,explicit_heading
minutes_2017-07-26_author_method_0003,2017-07-26,/mnt/data/FOMC_CVJ_Benchmark_Update_20260919/data/minutes/Minutes/2017/fomcminutes20170726.txt,equity price index*,equity price indexes,rose,positive,Broad US equity price indexes rose.,15769,2. Staff Review of Financial Situation,staff,explicit_heading
minutes_2017-07-26_author_method_0004,2017-07-26,/mnt/data/FOMC_CVJ_Benchmark_Update_20260919/data/minutes/Minutes/2017/fomcminutes20170726.txt,equities,equities,increas*,positive,"Changes in foreign equity indexes were mixed over the intermeeting period: European equities edged lower, Japanese equities were little changed, and EME equities increased.",19551,2. Staff Review of Financial Situation,staff,explicit_heading
minutes_2017-07-26_author_method_0005,2017-07-26,/mnt/data/FOMC_CVJ_Benchmark_Update_20260919/data/minutes/Minutes/2017/fomcminutes20170726.txt,asset valu*,asset valuation,pressure*,negative,"This overall assessment incorporated the staff's judgment that, since the April assessment, vulnerabilities associated with asset valuation pressures had edged up from notable to elevated, as asset prices remained high or climbed further, risk spreads narrowed, and expected and actual volatility remained muted in a range of financial markets.",20160,2. Staff Review of Financial Situation,staff,explicit_heading
minutes_2017-07-26_author_method_0006,2017-07-26,/mnt/data/FOMC_CVJ_Benchmark_Update_20260919/data/minutes/Minutes/2017/fomcminutes20170726.txt,asset price*,asset prices,elevat*,positive,"This overall assessment incorporated the staff's judgment that, since the April assessment, vulnerabilities associated with asset valuation pressures had edged up from notable to elevated, as asset prices remained high or climbed further, risk spreads narrowed, and expected and actual volatility remained muted in a range of financial markets.",20228,2. Staff Review of Financial Situation,staff,explicit_heading
minutes_2017-07-26_author_method_0007,2017-07-26,/mnt/data/FOMC_CVJ_Benchmark_Update_20260919/data/minutes/Minutes/2017/fomcminutes20170726.txt,equity price*,equity prices,increas*,positive,"Several participants noted that the further increases in equity prices, together with continued low longer-term interest rates, had led to an easing of financial conditions.",32593,4. Participants' Views,participants,explicit_heading
minutes_2017-07-26_author_method_0008,2017-07-26,/mnt/data/FOMC_CVJ_Benchmark_Update_20260919/data/minutes/Minutes/2017/fomcminutes20170726.txt,equity price*,equity prices,rise*,positive,"According to another view, recent rises in equity prices might be part of a broad-based adjustment of asset prices to changes in longer-term financial conditions, importantly including a lower neutral real interest rate, and, therefore, the recent equity price increases might not provide much additional impetus to aggregate spending on goods and services.",33224,4. Participants' Views,participants,explicit_heading
minutes_2017-07-26_author_method_0009,2017-07-26,/mnt/data/FOMC_CVJ_Benchmark_Update_20260919/data/minutes/Minutes/2017/fomcminutes20170726.txt,equity price*,equity price,increas*,positive,"According to another view, recent rises in equity prices might be part of a broad-based adjustment of asset prices to changes in longer-term financial conditions, importantly including a lower neutral real interest rate, and, therefore, the recent equity price increases might not provide much additional impetus to aggregate spending on goods and services.",33429,4. Participants' Views,participants,explicit_heading
minutes_2017-07-26_author_method_0010,2017-07-26,/mnt/data/FOMC_CVJ_Benchmark_Update_20260919/data/minutes/Minutes/2017/fomcminutes20170726.txt,equity price*,equity price,increas*,positive,"A couple of participants noted that favorable macroeconomic factors provided backing for current equity valuations; in addition, as recent equity price increases did not seem to stem importantly from greater use of leverage by investors, these increases might not pose appreciable risks to financial stability.",33769,4. Participants' Views,participants,explicit_heading
minutes_2017-07-26_author_method_0011,2017-07-26,/mnt/data/FOMC_CVJ_Benchmark_Update_20260919/data/minutes/Minutes/2017/fomcminutes20170726.txt,asset price*,asset prices,elevat*,positive,"Among the considerations mentioned were the extent of current downward pressure on longer-term yields arising from the Federal Reserve's asset holdings and how this pressure would diminish over time as balance sheet normalization proceeded, the strength and degree of persistence of other domestic and global factors that had contributed to the easing of financial conditions and elevated asset prices, and whether and how much the neutral rate of interest would rise as the economy continued to expand.",38773,4. Participants' Views,participants,explicit_heading
minutes_2017-09-20_author_method_0001,2017-09-20,/mnt/data/FOMC_CVJ_Benchmark_Update_20260919/data/minutes/Minutes/2017/fomcminutes20170920.txt,equity price index*,equity price indexes,increas*,positive,"Yields on longer-term Treasury securities had fallen modestly, the foreign exchange value of the dollar had declined, and broad equity price indexes had increased.",5565,Unparsed/Other,unavailable,explicit_heading
minutes_2017-09-20_author_method_0002,2017-09-20,/mnt/data/FOMC_CVJ_Benchmark_Update_20260919/data/minutes/Minutes/2017/fomcminutes20170920.txt,equity price*,equity prices,increas*,positive,"US equity prices increased, longer-term Treasury yields declined, and the dollar depreciated.",15982,2. Staff Review of Financial Situation,staff,explicit_heading
minutes_2017-09-20_author_method_0003,2017-09-20,/mnt/data/FOMC_CVJ_Benchmark_Update_20260919/data/minutes/Minutes/2017/fomcminutes20170920.txt,equity price index*,equity price indexes,increas*,positive,Broad US equity price indexes increased over the intermeeting period.,18821,2. Staff Review of Financial Situation,staff,explicit_heading
minutes_2017-09-20_author_method_0004,2017-09-20,/mnt/data/FOMC_CVJ_Benchmark_Update_20260919/data/minutes/Minutes/2017/fomcminutes20170920.txt,equity price*,equity prices,increas*,positive,"In financial markets, longer-term interest rates and the foreign exchange value of the dollar declined over the intermeeting period, and equity prices increased.",41149,4. Participants' Views,participants,explicit_heading
minutes_2017-11-01_author_method_0001,2017-11-01,/mnt/data/FOMC_CVJ_Benchmark_Update_20260919/data/minutes/Minutes/2017/fomcminutes20171101.txt,equity price*,equity prices,mov* up,positive,"On net, Treasury yields increased modestly, US equity prices moved up, and the dollar appreciated.",13245,2. Staff Review of Financial Situation,staff,explicit_heading
minutes_2017-11-01_author_method_0002,2017-11-01,/mnt/data/FOMC_CVJ_Benchmark_Update_20260919/data/minutes/Minutes/2017/fomcminutes20171101.txt,equity price index*,equity price indexes,rose,positive,"Broad equity price indexes rose notably, reportedly reflecting in part investors' perceptions that tax reform was becoming more likely.",16212,2. Staff Review of Financial Situation,staff,explicit_heading
minutes_2017-11-01_author_method_0003,2017-11-01,/mnt/data/FOMC_CVJ_Benchmark_Update_20260919/data/minutes/Minutes/2017/fomcminutes20171101.txt,equity index*,equity indexes,increas*,positive,Most foreign equity indexes increased.,20541,2. Staff Review of Financial Situation,staff,explicit_heading
minutes_2017-11-01_author_method_0004,2017-11-01,/mnt/data/FOMC_CVJ_Benchmark_Update_20260919/data/minutes/Minutes/2017/fomcminutes20171101.txt,equity index*,equity indexes,rose,positive,"In Japan, equity indexes rose notably in advance of parliamentary elections that resulted in a strong victory for Prime Minister Abe's ruling coalition, a development seen by market participants as signaling a continuation of stimulative economic policies.",20577,2. Staff Review of Financial Situation,staff,explicit_heading
minutes_2017-11-01_author_method_0005,2017-11-01,/mnt/data/FOMC_CVJ_Benchmark_Update_20260919/data/minutes/Minutes/2017/fomcminutes20171101.txt,asset valu*,Asset valuation,moderate*,negative,"The staff continued to judge that the overall vulnerabilities were moderate: Asset valuation pressures across markets were judged to have increased slightly, on balance, since the previous assessment in July and to have remained elevated; leverage in the nonfinancial sector stayed moderate; and, in the financial sector, leverage and vulnerabilities from maturity and liquidity transformation continued to be low.",20985,2. Staff Review of Financial Situation,staff,explicit_heading
minutes_2017-11-01_author_method_0006,2017-11-01,/mnt/data/FOMC_CVJ_Benchmark_Update_20260919/data/minutes/Minutes/2017/fomcminutes20171101.txt,asset valu*,asset valuations,elevat*,positive,"In light of elevated asset valuations and low financial market volatility, several participants expressed concerns about a potential buildup of financial imbalances.",34176,4. Participants' Views,participants,explicit_heading
minutes_2017-11-01_author_method_0007,2017-11-01,/mnt/data/FOMC_CVJ_Benchmark_Update_20260919/data/minutes/Minutes/2017/fomcminutes20171101.txt,asset price*,asset prices,elevat*,positive,"It was noted, however, that elevated asset prices could be partly explained by a low neutral rate of interest.",34453,4. Participants' Views,participants,explicit_heading
minutes_2017-12-13_author_method_0001,2017-12-13,/mnt/data/FOMC_CVJ_Benchmark_Update_20260919/data/minutes/Minutes/2017/fomcminutes20171213.txt,equity price*,Equity prices,mov* high*,positive,"Equity prices moved higher over the period, with market participants pointing to the likely passage of tax reform legislation as an important factor contributing to the rise.",4324,Unparsed/Other,unavailable,explicit_heading
minutes_2017-12-13_author_method_0002,2017-12-13,/mnt/data/FOMC_CVJ_Benchmark_Update_20260919/data/minutes/Minutes/2017/fomcminutes20171213.txt,equity price*,equity prices,mov* up,positive,"On net, the Treasury yield curve flattened, US equity prices moved up, and the foreign exchange value of the dollar was little changed.",12786,2. Staff Review of Financial Situation,staff,explicit_heading
minutes_2017-12-13_author_method_0003,2017-12-13,/mnt/data/FOMC_CVJ_Benchmark_Update_20260919/data/minutes/Minutes/2017/fomcminutes20171213.txt,equity price index*,equity price indexes,rose,positive,"Broad equity price indexes rose over the intermeeting period, likely reflecting in part investors' perceptions of increased odds for the passage of federal tax legislation and an associated potential boost to corporate earnings.",14511,2. Staff Review of Financial Situation,staff,explicit_heading
minutes_2017-12-13_author_method_0004,2017-12-13,/mnt/data/FOMC_CVJ_Benchmark_Update_20260919/data/minutes/Minutes/2017/fomcminutes20171213.txt,equity index*,equity indexes,mov* lower,negative,"On balance, the broad index of the foreign exchange value of the dollar was little changed, longer-term sovereign bond yields in AFEs declined modestly, and most foreign equity indexes moved lower over the intermeeting period.",17538,2. Staff Review of Financial Situation,staff,explicit_heading
minutes_2017-12-13_author_method_0005,2017-12-13,/mnt/data/FOMC_CVJ_Benchmark_Update_20260919/data/minutes/Minutes/2017/fomcminutes20171213.txt,household* net worth,households' net worth,improv*,positive,"Participants expected moderate growth in consumer spending in the near term, underpinned by ongoing strength in the labor market, further improvements in households' net worth, and buoyant consumer sentiment.",23826,4. Participants' Views,participants,explicit_heading
minutes_2017-12-13_author_method_0006,2017-12-13,/mnt/data/FOMC_CVJ_Benchmark_Update_20260919/data/minutes/Minutes/2017/fomcminutes20171213.txt,asset valu*,asset valuations,increas*,positive,A few participants noted that expectations of tax reform may have already raised consumer spending somewhat to the extent that those expectations had spurred increases in asset valuations and household net worth.,24231,4. Participants' Views,participants,explicit_heading
minutes_2017-12-13_author_method_0007,2017-12-13,/mnt/data/FOMC_CVJ_Benchmark_Update_20260919/data/minutes/Minutes/2017/fomcminutes20171213.txt,asset valu*,asset valuations,elevat*,positive,"In light of elevated asset valuations and low financial market volatility, a couple of participants expressed concern that the persistence of highly accommodative financial conditions could, over time, pose risks to financial stability.",29786,4. Participants' Views,participants,explicit_heading
minutes_2018-01-31_author_method_0001,2018-01-31,/mnt/data/FOMC_CVJ_Benchmark_Update_20260919/data/minutes/Minutes/2018/fomcminutes20180131.txt,equity price index*,equity price indexes,rose,positive,"Broad equity price indexes rose substantially over the intermeeting period, with investors pointing to a stronger global economic outlook and the supportive effect of the recently enacted tax legislation on risk sentiment.",49665,2. Staff Review of Financial Situation,staff,explicit_heading
minutes_2018-01-31_author_method_0002,2018-01-31,/mnt/data/FOMC_CVJ_Benchmark_Update_20260919/data/minutes/Minutes/2018/fomcminutes20180131.txt,asset valu*,asset valuation,pressure*,negative,"This overall assessment incorporated the staff's judgment that vulnerabilities associated with asset valuation pressures continued to be elevated; asset valuation pressures apparently reflected, in part, a broad-based appetite for risk among investors.",55103,2. Staff Review of Financial Situation,staff,explicit_heading
minutes_2018-01-31_author_method_0003,2018-01-31,/mnt/data/FOMC_CVJ_Benchmark_Update_20260919/data/minutes/Minutes/2018/fomcminutes20180131.txt,household wealth,household wealth,increas*,positive,"Participants expected the recent solid growth in consumer spending to continue, supported by further gains in employment and income, increased household wealth resulting from higher asset prices, and high levels of consumer confidence.",60304,4. Participants' Views,participants,explicit_heading
minutes_2018-01-31_author_method_0004,2018-01-31,/mnt/data/FOMC_CVJ_Benchmark_Update_20260919/data/minutes/Minutes/2018/fomcminutes20180131.txt,asset price*,asset prices,high*,positive,"Participants expected the recent solid growth in consumer spending to continue, supported by further gains in employment and income, increased household wealth resulting from higher asset prices, and high levels of consumer confidence.",60343,4. Participants' Views,participants,explicit_heading
minutes_2018-01-31_author_method_0005,2018-01-31,/mnt/data/FOMC_CVJ_Benchmark_Update_20260919/data/minutes/Minutes/2018/fomcminutes20180131.txt,household wealth,household wealth,rise*,positive,"In connection with solid growth in consumer spending, a couple of participants noted that the household saving rate had declined to its lowest level since 2005, likely driven by buoyant consumer sentiment or expectations that the rise in household wealth would be sustained.",60797,4. Participants' Views,participants,explicit_heading
minutes_2018-01-31_author_method_0006,2018-01-31,/mnt/data/FOMC_CVJ_Benchmark_Update_20260919/data/minutes/Minutes/2018/fomcminutes20180131.txt,equity price*,equity prices,rise*,positive,Many participants noted that financial conditions had eased significantly over the intermeeting period; these participants generally viewed the economic effects of the decline in the dollar and the rise in equity prices as more than offsetting the effects of the increase in nominal Treasury yields.,65795,4. Participants' Views,participants,explicit_heading
minutes_2018-01-31_author_method_0007,2018-01-31,/mnt/data/FOMC_CVJ_Benchmark_Update_20260919/data/minutes/Minutes/2018/fomcminutes20180131.txt,asset price*,asset prices,declin*,negative,"Regulatory actions and improved risk management in recent years had put the financial system in a better position to withstand adverse shocks, such as a substantial decline in asset prices, than in the past.",66438,4. Participants' Views,participants,explicit_heading
minutes_2018-01-31_author_method_0008,2018-01-31,/mnt/data/FOMC_CVJ_Benchmark_Update_20260919/data/minutes/Minutes/2018/fomcminutes20180131.txt,asset valu*,asset valuations,elevat*,positive,"However, amid elevated asset valuations and an increased use of debt by nonfinancial corporations, several participants cautioned that imbalances in financial markets may begin to emerge as the economy continued to operate above potential.",66493,4. Participants' Views,participants,explicit_heading
minutes_2018-03-21_author_method_0001,2018-03-21,/mnt/data/FOMC_CVJ_Benchmark_Update_20260919/data/minutes/Minutes/2018/fomcminutes20180321.txt,equity price*,equity prices,declin*,negative,These concerns reportedly contributed to a steep decline in equity prices and an associated rise in measures of volatility.,4887,Unparsed/Other,unavailable,explicit_heading
minutes_2018-03-21_author_method_0002,2018-03-21,/mnt/data/FOMC_CVJ_Benchmark_Update_20260919/data/minutes/Minutes/2018/fomcminutes20180321.txt,equity price*,equity prices,declin*,negative,"On net, US equity prices declined, corporate bond spreads widened, and nominal Treasury yields rose.",13599,2. Staff Review of Financial Situation,staff,explicit_heading
minutes_2018-03-21_author_method_0003,2018-03-21,/mnt/data/FOMC_CVJ_Benchmark_Update_20260919/data/minutes/Minutes/2018/fomcminutes20180321.txt,equity price index*,equity price indexes,decreas*,negative,Broad equity price indexes decreased over the intermeeting period.,13695,2. Staff Review of Financial Situation,staff,explicit_heading
minutes_2018-03-21_author_method_0004,2018-03-21,/mnt/data/FOMC_CVJ_Benchmark_Update_20260919/data/minutes/Minutes/2018/fomcminutes20180321.txt,equity price*,equity prices,declin*,negative,Those concerns appeared to induce a substantial decline in equity prices.,14057,2. Staff Review of Financial Situation,staff,explicit_heading
minutes_2018-05-02_author_method_0001,2018-05-02,/mnt/data/FOMC_CVJ_Benchmark_Update_20260919/data/minutes/Minutes/2018/fomcminutes20180502.txt,equity price*,equity prices,low*,negative,"Broad measures of financial conditions had tightened somewhat in recent weeks, with US equity prices lower, the foreign exchange value of the dollar moderately higher, and longer-term Treasury yields up a little.",4438,Unparsed/Other,unavailable,explicit_heading
minutes_2018-05-02_author_method_0002,2018-05-02,/mnt/data/FOMC_CVJ_Benchmark_Update_20260919/data/minutes/Minutes/2018/fomcminutes20180502.txt,stock price*,stock prices,declin*,negative,"Market participants pointed to a range of factors contributing to the decline in stock prices, including concerns about the outlook for trade policy both in the United States and abroad, the potential for increased regulatory oversight of US technology companies, and incoming data suggesting some moderation in global economic growth.",4645,Unparsed/Other,unavailable,explicit_heading
minutes_2018-05-02_author_method_0003,2018-05-02,/mnt/data/FOMC_CVJ_Benchmark_Update_20260919/data/minutes/Minutes/2018/fomcminutes20180502.txt,equity price*,Equity prices,declin*,negative,"Equity prices declined, nominal Treasury yields increased modestly, and market-based measures of inflation compensation ticked up on net.",17976,2. Staff Review of Financial Situation,staff,explicit_heading
minutes_2018-05-02_author_method_0004,2018-05-02,/mnt/data/FOMC_CVJ_Benchmark_Update_20260919/data/minutes/Minutes/2018/fomcminutes20180502.txt,equity price*,Equity prices,declin*,negative,"Equity prices declined early in the intermeeting period, reportedly in response to trade tensions between the United States and China as well as negative news about the technology sector.",19754,2. Staff Review of Financial Situation,staff,explicit_heading
minutes_2018-05-02_author_method_0005,2018-05-02,/mnt/data/FOMC_CVJ_Benchmark_Update_20260919/data/minutes/Minutes/2018/fomcminutes20180502.txt,asset valu*,asset valuation,pressure*,negative,"This overall assessment incorporated the staff's judgment that vulnerabilities associated with asset valuation pressures, while having come down a little in recent months, nonetheless continued to be elevated.",25095,2. Staff Review of Financial Situation,staff,explicit_heading
minutes_2018-06-13_author_method_0001,2018-06-13,/mnt/data/FOMC_CVJ_Benchmark_Update_20260919/data/minutes/Minutes/2018/fomcminutes20180613.txt,equity price index*,equity price indexes,increas*,positive,"Broad US equity price indexes increased about 5 percent, on net, since the May FOMC meeting, boosted in part by the stronger-than-expected May Employment Situation report.",17428,2. Staff Review of Financial Situation,staff,explicit_heading
minutes_2018-06-13_author_method_0002,2018-06-13,/mnt/data/FOMC_CVJ_Benchmark_Update_20260919/data/minutes/Minutes/2018/fomcminutes20180613.txt,equity price*,equity prices,weigh* on,negative,"However, the turbulence abroad and, to a lesser degree, mounting concerns about trade policy weighed on equity prices at times.",17889,2. Staff Review of Financial Situation,staff,explicit_heading
minutes_2018-08-01_author_method_0001,2018-08-01,/mnt/data/FOMC_CVJ_Benchmark_Update_20260919/data/minutes/Minutes/2018/fomcminutes20180801.txt,equity price*,equity prices,low*,negative,"Trade tensions also drove foreign equity prices lower, but there was a modest reversal late in the intermeeting period following an agreement between the United States and the European Union to hold off on tariff increases pending further negotiations.",24982,2. Staff Review of Financial Situation,staff,explicit_heading
minutes_2018-08-01_author_method_0002,2018-08-01,/mnt/data/FOMC_CVJ_Benchmark_Update_20260919/data/minutes/Minutes/2018/fomcminutes20180801.txt,asset valu*,asset valuation,pressure*,negative,"This overall assessment incorporated the staff's judgment that vulnerabilities associated with asset valuation pressures continued to be elevated, with no major asset class exhibiting valuations below their historical midpoints.",29642,2. Staff Review of Financial Situation,staff,explicit_heading
minutes_2018-09-26_author_method_0001,2018-09-26,/mnt/data/FOMC_CVJ_Benchmark_Update_20260919/data/minutes/Minutes/2018/fomcminutes20180926.txt,stock price*,stock prices,rose,positive,"Domestic stock prices rose, buoyed in part by positive news about corporate earnings, while foreign equity indexes declined and the broad dollar index moved up.",15322,2. Staff Review of Financial Situation,staff,explicit_heading
minutes_2018-09-26_author_method_0002,2018-09-26,/mnt/data/FOMC_CVJ_Benchmark_Update_20260919/data/minutes/Minutes/2018/fomcminutes20180926.txt,equity index*,equity indexes,declin*,negative,"Domestic stock prices rose, buoyed in part by positive news about corporate earnings, while foreign equity indexes declined and the broad dollar index moved up.",15413,2. Staff Review of Financial Situation,staff,explicit_heading
minutes_2018-09-26_author_method_0003,2018-09-26,/mnt/data/FOMC_CVJ_Benchmark_Update_20260919/data/minutes/Minutes/2018/fomcminutes20180926.txt,equity price index*,equity price indexes,increas*,positive,"Broad US equity price indexes increased about 4 percent since the August FOMC meeting, as positive news about corporate earnings and the domestic economy outweighed negative international developments.",17577,2. Staff Review of Financial Situation,staff,explicit_heading
minutes_2018-09-26_author_method_0004,2018-09-26,/mnt/data/FOMC_CVJ_Benchmark_Update_20260919/data/minutes/Minutes/2018/fomcminutes20180926.txt,stock price*,Stock prices,increas*,positive,"Stock prices increased for many sectors in the S and P 500 index, as the second-quarter earnings reports for firms that reported later in the earnings cycle came in strong.",17770,2. Staff Review of Financial Situation,staff,explicit_heading
minutes_2018-09-26_author_method_0005,2018-09-26,/mnt/data/FOMC_CVJ_Benchmark_Update_20260919/data/minutes/Minutes/2018/fomcminutes20180926.txt,equity price*,equity prices,increas*,positive,"In their discussion of developments in financial markets, a number of participants noted that financial conditions remained accommodative: The rise in interest rates and appreciation of the dollar over the intermeeting period had been offset by increases in equity prices, and broader measures continued to point to accommodative financial conditions.",31744,4. Participants' Views,participants,explicit_heading
minutes_2018-11-08_author_method_0001,2018-11-08,/mnt/data/FOMC_CVJ_Benchmark_Update_20260919/data/minutes/Minutes/2018/fomcminutes20181108.txt,stock price*,stock prices,down,negative,"The equity market was quite volatile over the intermeeting period, with US stock prices down as much as 10 percent at one point before recovering somewhat.",13885,Unparsed/Other,unavailable,explicit_heading
minutes_2018-11-08_author_method_0002,2018-11-08,/mnt/data/FOMC_CVJ_Benchmark_Update_20260919/data/minutes/Minutes/2018/fomcminutes20181108.txt,stock price*,stock prices,declin*,negative,"Investors pointed to a number of uncertainties in the global outlook that may have contributed to the decline in stock prices, including ongoing trade tensions between the United States and China, growing concerns about the fiscal position of the Italian government and its broader implications for financial markets and institutions, and some worries about the outcome of the Brexit negotiations.",14079,Unparsed/Other,unavailable,explicit_heading
minutes_2018-11-08_author_method_0003,2018-11-08,/mnt/data/FOMC_CVJ_Benchmark_Update_20260919/data/minutes/Minutes/2018/fomcminutes20181108.txt,equity price*,equity prices,increas*,positive,Key factors that influence consumer spending--including solid gains in real disposable personal income and the effects of earlier increases in equity prices and home values on households' net worth--continued to be supportive of solid real PCE growth in the near term.,22150,1. Staff Review of Economic Situation,staff,explicit_heading
minutes_2018-11-08_author_method_0004,2018-11-08,/mnt/data/FOMC_CVJ_Benchmark_Update_20260919/data/minutes/Minutes/2018/fomcminutes20181108.txt,stock price*,stock prices,declin*,negative,"Domestic stock prices declined considerably, on net, and equity market implied volatility rose.",25993,2. Staff Review of Financial Situation,staff,explicit_heading
minutes_2018-11-08_author_method_0005,2018-11-08,/mnt/data/FOMC_CVJ_Benchmark_Update_20260919/data/minutes/Minutes/2018/fomcminutes20181108.txt,equity price index*,equity price indexes,declin*,negative,"During the intermeeting period, broad US equity price indexes declined considerably, on net, amid somewhat elevated day-to-day volatility.",26354,2. Staff Review of Financial Situation,staff,explicit_heading
minutes_2018-11-08_author_method_0006,2018-11-08,/mnt/data/FOMC_CVJ_Benchmark_Update_20260919/data/minutes/Minutes/2018/fomcminutes20181108.txt,asset valu*,asset valuation,pressure*,negative,"This overall assessment incorporated the staff's judgment that vulnerabilities associated with asset valuation pressures continued to be elevated, that vulnerabilities from financial-sector leverage and maturity and liquidity transformation remained low, and that vulnerabilities from household leverage were still in the low-to-moderate range.",32662,2. Staff Review of Financial Situation,staff,explicit_heading
minutes_2018-11-08_author_method_0007,2018-11-08,/mnt/data/FOMC_CVJ_Benchmark_Update_20260919/data/minutes/Minutes/2018/fomcminutes20181108.txt,equity price*,equity prices,declin*,negative,"In their discussion of financial developments, participants observed that financial conditions tightened over the intermeeting period, as equity prices declined, longer-term yields and borrowing costs for most sectors increased, and the foreign exchange value of the dollar rose.",43244,3. Staff Economic Outlook,staff,explicit_heading
minutes_2018-12-19_author_method_0001,2018-12-19,/mnt/data/FOMC_CVJ_Benchmark_Update_20260919/data/minutes/Minutes/2018/fomcminutes20181219.txt,stock price*,stock prices,down,negative,"Against this backdrop, US stock prices were down nearly 8 percent on the period.",14196,Unparsed/Other,unavailable,explicit_heading
minutes_2018-12-19_author_method_0002,2018-12-19,/mnt/data/FOMC_CVJ_Benchmark_Update_20260919/data/minutes/Minutes/2018/fomcminutes20181219.txt,equity price*,equity prices,increas*,positive,Key factors that influence consumer spending--including ongoing gains in real disposable personal income and the effects of earlier increases in equity prices and home values on households' net worth--continued to be supportive of solid real PCE growth in the near term.,20199,1. Staff Review of Economic Situation,staff,explicit_heading
minutes_2018-12-19_author_method_0003,2018-12-19,/mnt/data/FOMC_CVJ_Benchmark_Update_20260919/data/minutes/Minutes/2018/fomcminutes20181219.txt,equity price*,equity prices,declin*,negative,Both nominal US Treasury yields and US equity prices declined notably over the period.,24731,2. Staff Review of Financial Situation,staff,explicit_heading
minutes_2018-12-19_author_method_0004,2018-12-19,/mnt/data/FOMC_CVJ_Benchmark_Update_20260919/data/minutes/Minutes/2018/fomcminutes20181219.txt,equity price*,equity prices,declin*,negative,"With some stronger-than-expected incoming data on economic activity and the recent tightening in financial conditions, particularly the decline in equity prices, the US economic forecast prepared by the staff for the December FOMC meeting was little revised on balance.",30255,3. Staff Economic Outlook,staff,explicit_heading
minutes_2018-12-19_author_method_0005,2018-12-19,/mnt/data/FOMC_CVJ_Benchmark_Update_20260919/data/minutes/Minutes/2018/fomcminutes20181219.txt,equity price*,equity prices,declin*,negative,"By contrast, financial markets were volatile and conditions had tightened over the intermeeting period, with sizable declines in equity prices and notably wider corporate credit spreads coinciding with a continued flattening of the Treasury yield curve; in part, these changes in financial conditions appeared to reflect greater concerns about the global economic outlook.",34747,4. Participants' Views,participants,explicit_heading
minutes_2018-12-19_author_method_0006,2018-12-19,/mnt/data/FOMC_CVJ_Benchmark_Update_20260919/data/minutes/Minutes/2018/fomcminutes20181219.txt,equity price*,equity prices,declin*,negative,"In their discussion of financial developments, participants agreed that financial markets had been volatile and financial conditions had tightened over the intermeeting period, as equity prices declined, corporate credit spreads widened, and the Treasury yield curve continued to flatten.",41096,4. Participants' Views,participants,explicit_heading
minutes_2019-01-30_author_method_0001,2019-01-30,/mnt/data/FOMC_CVJ_Benchmark_Update_20260919/data/minutes/Minutes/2019/fomcminutes20190130.txt,risk* asset price*,risk asset prices,declin*,negative,"Market participants pointed to a number of factors as contributing to the heightened volatility and sustained declines in risk asset prices and interest rates over recent months including a weaker outlook and greater uncertainties for foreign economies (particularly for Europe and China), perceptions of greater policy risks, and the partial shutdown of the federal government.",32904,Unparsed/Other,unavailable,explicit_heading
minutes_2019-01-30_author_method_0002,2019-01-30,/mnt/data/FOMC_CVJ_Benchmark_Update_20260919/data/minutes/Minutes/2019/fomcminutes20190130.txt,equity index*,equity indexes,declin*,negative,"During this time, broad equity indexes declined substantially amid a sharp rise in financial market volatility, and corporate bond spreads widened notably.",57447,2. Staff Review of Financial Situation,staff,explicit_heading
minutes_2019-01-30_author_method_0003,2019-01-30,/mnt/data/FOMC_CVJ_Benchmark_Update_20260919/data/minutes/Minutes/2019/fomcminutes20190130.txt,equity index*,equity index,down,negative,"In US risky asset markets, the S and P 500 equity index was down as much as 8 percent at one point during the period but ended the period notably higher.",59943,2. Staff Review of Financial Situation,staff,explicit_heading
minutes_2019-01-30_author_method_0004,2019-01-30,/mnt/data/FOMC_CVJ_Benchmark_Update_20260919/data/minutes/Minutes/2019/fomcminutes20190130.txt,equity price*,equity prices,mov* up,positive,"On balance, foreign equity prices moved up moderately and sovereign credit spreads in EMEs narrowed.",60742,2. Staff Review of Financial Situation,staff,explicit_heading
minutes_2019-01-30_author_method_0005,2019-01-30,/mnt/data/FOMC_CVJ_Benchmark_Update_20260919/data/minutes/Minutes/2019/fomcminutes20190130.txt,asset valu*,asset valuation,pressure*,negative,Staff judged asset valuation pressures in equity and corporate debt markets to have abated somewhat in the period since the assessment presented in the November 2018 financial stability report.,64997,2. Staff Review of Financial Situation,staff,explicit_heading
minutes_2019-01-30_author_method_0006,2019-01-30,/mnt/data/FOMC_CVJ_Benchmark_Update_20260919/data/minutes/Minutes/2019/fomcminutes20190130.txt,equity price*,equity prices,low*,negative,"In their discussion of financial developments, participants noted that although financial market conditions had not changed much, on net, over the intermeeting period, prices had been volatile and financial conditions were materially tighter than they had been several months ago, with lower equity prices and wider corporate risk spreads.",76099,4. Participants' Views,participants,explicit_heading
minutes_2019-03-20_author_method_0001,2019-03-20,/mnt/data/FOMC_CVJ_Benchmark_Update_20260919/data/minutes/Minutes/2019/fomcminutes20190320.txt,equity index*,equity indexes,mov* high*,positive,"In the United States, equity indexes moved higher and credit spreads tightened.",16107,Unparsed/Other,unavailable,explicit_heading
minutes_2019-03-20_author_method_0002,2019-03-20,/mnt/data/FOMC_CVJ_Benchmark_Update_20260919/data/minutes/Minutes/2019/fomcminutes20190320.txt,equity price index*,equity price indexes,increas*,positive,"Broad equity price indexes increased notably, corporate bond spreads narrowed, and measures of equity market volatility declined.",29513,2. Staff Review of Financial Situation,staff,explicit_heading
minutes_2019-03-20_author_method_0003,2019-03-20,/mnt/data/FOMC_CVJ_Benchmark_Update_20260919/data/minutes/Minutes/2019/fomcminutes20190320.txt,equity price index*,equity price indexes,increas*,positive,"Major US equity price indexes increased over the intermeeting period, with broad-based gains across sectors.",31407,2. Staff Review of Financial Situation,staff,explicit_heading
minutes_2019-03-20_author_method_0004,2019-03-20,/mnt/data/FOMC_CVJ_Benchmark_Update_20260919/data/minutes/Minutes/2019/fomcminutes20190320.txt,equity price*,equity prices,gain*,positive,"Spreads on investment- and speculative-grade corporate bonds narrowed, consistent with the gains in equity prices, but were still wider than levels observed last fall.",32171,2. Staff Review of Financial Situation,staff,explicit_heading
minutes_2019-05-01_author_method_0001,2019-05-01,/mnt/data/FOMC_CVJ_Benchmark_Update_20260919/data/minutes/Minutes/2019/fomcminutes20190501.txt,equity price index*,equity price indexes,rose,positive,"Broad equity price indexes rose notably and corporate bond spreads narrowed amid a decline in market volatility, and financing conditions for businesses and households also eased.",30416,2. Staff Review of Financial Situation,staff,explicit_heading
minutes_2019-05-01_author_method_0002,2019-05-01,/mnt/data/FOMC_CVJ_Benchmark_Update_20260919/data/minutes/Minutes/2019/fomcminutes20190501.txt,equity price index*,equity price indexes,increas*,positive,"Major US equity price indexes increased over the intermeeting period, with the S and P 500 equity index returning to the levels it reached before its decline in the last quarter of 2018.",32179,2. Staff Review of Financial Situation,staff,explicit_heading
minutes_2019-05-01_author_method_0003,2019-05-01,/mnt/data/FOMC_CVJ_Benchmark_Update_20260919/data/minutes/Minutes/2019/fomcminutes20190501.txt,stock price*,stock prices,declin*,negative,"Following the March FOMC meeting, bank stock prices declined, reportedly on concerns about the potential effects of a flat or inverted yield curve on bank profits; bank stocks subsequently retraced this decline partly in response to strong first-quarter earnings at some of the largest US banks, ending the period a bit higher, on net.",32396,2. Staff Review of Financial Situation,staff,explicit_heading
minutes_2019-05-01_author_method_0004,2019-05-01,/mnt/data/FOMC_CVJ_Benchmark_Update_20260919/data/minutes/Minutes/2019/fomcminutes20190501.txt,equity price*,equity prices,increas*,positive,"Foreign equity prices increased, on balance, amid optimism around trade negotiations between the United States and China, stronger-than-expected Chinese data, and accommodative communications from some foreign central banks.",33457,2. Staff Review of Financial Situation,staff,explicit_heading
minutes_2019-05-01_author_method_0005,2019-05-01,/mnt/data/FOMC_CVJ_Benchmark_Update_20260919/data/minutes/Minutes/2019/fomcminutes20190501.txt,asset valu*,asset valuation,pressure*,negative,"The staff judged asset valuation pressures in equity and corporate debt markets to have increased significantly this year, though not quite to the elevated levels that prevailed for much of last year.",36606,2. Staff Review of Financial Situation,staff,explicit_heading
minutes_2019-06-19_author_method_0001,2019-06-19,/mnt/data/FOMC_CVJ_Benchmark_Update_20260919/data/minutes/Minutes/2019/fomcminutes20190619.txt,equity price*,Equity prices,declin*,negative,"Equity prices declined, on net, and corporate bond spreads widened.",22748,2. Staff Review of Financial Situation,staff,explicit_heading
minutes_2019-06-19_author_method_0002,2019-06-19,/mnt/data/FOMC_CVJ_Benchmark_Update_20260919/data/minutes/Minutes/2019/fomcminutes20190619.txt,equity price index*,equity price indexes,declin*,negative,"Major US equity price indexes declined, on net, over the intermeeting period.",24295,2. Staff Review of Financial Situation,staff,explicit_heading
minutes_2019-06-19_author_method_0003,2019-06-19,/mnt/data/FOMC_CVJ_Benchmark_Update_20260919/data/minutes/Minutes/2019/fomcminutes20190619.txt,equity price*,Equity prices,fell,negative,"Equity prices fell notably over the first few weeks of the period, primarily in response to the escalation of trade tensions with China and Mexico.",24364,2. Staff Review of Financial Situation,staff,explicit_heading
minutes_2019-06-19_author_method_0004,2019-06-19,/mnt/data/FOMC_CVJ_Benchmark_Update_20260919/data/minutes/Minutes/2019/fomcminutes20190619.txt,equity price index*,equity price indexes,declin*,negative,"Most major global equity price indexes declined, on net, and EME sovereign spreads widened modestly.",25676,2. Staff Review of Financial Situation,staff,explicit_heading
minutes_2019-06-19_author_method_0005,2019-06-19,/mnt/data/FOMC_CVJ_Benchmark_Update_20260919/data/minutes/Minutes/2019/fomcminutes20190619.txt,asset valu*,asset valuations,high*,positive,A few participants pointed to the growth in debt issuance by nonfinancial corporations and still generally high asset valuations as developments that warranted continued monitoring.,40433,4. Participants' Views,participants,explicit_heading
minutes_2019-07-31_author_method_0001,2019-07-31,/mnt/data/FOMC_CVJ_Benchmark_Update_20260919/data/minutes/Minutes/2019/fomcminutes20190731.txt,equity price*,Equity prices,increas*,positive,"Equity prices increased, corporate bond spreads narrowed, and inflation compensation rose modestly.",29503,2. Staff Review of Financial Situation,staff,explicit_heading
minutes_2019-07-31_author_method_0002,2019-07-31,/mnt/data/FOMC_CVJ_Benchmark_Update_20260919/data/minutes/Minutes/2019/fomcminutes20190731.txt,equity price*,Equity price,increas*,positive,"Equity price increases were broad based across major sectors, with technology, financial, and communication services firms outperforming broad indexes.",31672,2. Staff Review of Financial Situation,staff,explicit_heading
minutes_2019-07-31_author_method_0003,2019-07-31,/mnt/data/FOMC_CVJ_Benchmark_Update_20260919/data/minutes/Minutes/2019/fomcminutes20190731.txt,equity index*,equity indexes,increas*,positive,"Global equity indexes increased modestly, while emerging market sovereign spreads narrowed.",32716,2. Staff Review of Financial Situation,staff,explicit_heading
minutes_2019-07-31_author_method_0004,2019-07-31,/mnt/data/FOMC_CVJ_Benchmark_Update_20260919/data/minutes/Minutes/2019/fomcminutes20190731.txt,asset valu*,asset valuation,pressure*,negative,"The staff judged asset valuation pressures to be notable in a number of markets, supported in part by the low level of Treasury yields.",35949,2. Staff Review of Financial Situation,staff,explicit_heading
minutes_2019-07-31_author_method_0005,2019-07-31,/mnt/data/FOMC_CVJ_Benchmark_Update_20260919/data/minutes/Minutes/2019/fomcminutes20190731.txt,asset price*,asset prices,elevat*,positive,One member also noted that a further easing in policy at a time when the economy is very strong and asset prices are elevated could have adverse implications for financial stability.,60153,5. Committee Policy Action,participants,explicit_heading
minutes_2019-09-18_author_method_0001,2019-09-18,/mnt/data/FOMC_CVJ_Benchmark_Update_20260919/data/minutes/Minutes/2019/fomcminutes20190918.txt,risk* asset price*,risk asset prices,fell,negative,"In the weeks following the July FOMC meeting, US yields declined sharply and risk asset prices fell amid a spate of largely negative news about risks to the global economic outlook.",16490,Unparsed/Other,unavailable,explicit_heading
minutes_2019-09-18_author_method_0002,2019-09-18,/mnt/data/FOMC_CVJ_Benchmark_Update_20260919/data/minutes/Minutes/2019/fomcminutes20190918.txt,equity price index*,equity price indexes,down,negative,Broad equity price indexes were down as much as 6 percent in early August but almost fully recovered by the end of the intermeeting period.,29882,2. Staff Review of Financial Situation,staff,explicit_heading
minutes_2019-09-18_author_method_0003,2019-09-18,/mnt/data/FOMC_CVJ_Benchmark_Update_20260919/data/minutes/Minutes/2019/fomcminutes20190918.txt,equity price*,equity prices,weigh* on,negative,"The escalation of trade tensions between China and the United States weighed on equity prices, but investors' expectations that major central banks would shift toward more accommodative monetary policies provided some support.",32243,2. Staff Review of Financial Situation,staff,explicit_heading
minutes_2019-09-18_author_method_0004,2019-09-18,/mnt/data/FOMC_CVJ_Benchmark_Update_20260919/data/minutes/Minutes/2019/fomcminutes20190918.txt,equities,equities,declin*,negative,"Early in the intermeeting period, bond yields in the advanced foreign economies (AFEs) plunged and foreign equities declined notably following an increase in US-China trade tensions.",33967,2. Staff Review of Financial Situation,staff,explicit_heading
minutes_2019-12-11_author_method_0001,2019-12-11,/mnt/data/FOMC_CVJ_Benchmark_Update_20260919/data/minutes/Minutes/2019/fomcminutes20191211.txt,equity price*,equity prices,increas*,positive,"On net, equity prices increased moderately while corporate bond spreads narrowed slightly.",29013,2. Staff Review of Financial Situation,staff,explicit_heading
minutes_2020-01-29_author_method_0001,2020-01-29,/mnt/data/FOMC_CVJ_Benchmark_Update_20260919/data/minutes/Minutes/2020/fomcminutes20200129.txt,risk* asset price*,risk asset prices,rose,positive,"For most of the period, risk asset prices rose as market participants focused on a perceived reduction in downside risks to the economic outlook, favorable data on foreign economic activity, and expectations of continued monetary policy accommodation in the United States and other major economies.",40081,Unparsed/Other,unavailable,explicit_heading
minutes_2020-01-29_author_method_0002,2020-01-29,/mnt/data/FOMC_CVJ_Benchmark_Update_20260919/data/minutes/Minutes/2020/fomcminutes20200129.txt,equity price*,equity prices,rising,positive,"On balance, US financial conditions became more accommodative over the intermeeting period, with equity prices rising notably.",40920,Unparsed/Other,unavailable,explicit_heading
minutes_2020-01-29_author_method_0003,2020-01-29,/mnt/data/FOMC_CVJ_Benchmark_Update_20260919/data/minutes/Minutes/2020/fomcminutes20200129.txt,price* of risk* asset*,prices of risky assets,declin*,negative,"Late in the period, concerns about the spread of the coronavirus and uncertainty about its potential economic effect weighed negatively on investor sentiment and led to moderate declines in the prices of risky assets.",54211,2. Staff Review of Financial Situation,staff,explicit_heading
minutes_2020-01-29_author_method_0004,2020-01-29,/mnt/data/FOMC_CVJ_Benchmark_Update_20260919/data/minutes/Minutes/2020/fomcminutes20200129.txt,equity price*,equity prices,increas*,positive,"On net, equity prices increased notably over the intermeeting period, while corporate bond spreads were little changed and yields on nominal Treasury securities declined.",54243,2. Staff Review of Financial Situation,staff,explicit_heading
minutes_2020-01-29_author_method_0005,2020-01-29,/mnt/data/FOMC_CVJ_Benchmark_Update_20260919/data/minutes/Minutes/2020/fomcminutes20200129.txt,equity price*,equity prices,rose,positive,"For most of the intermeeting period, foreign equity prices rose amid progress on US-China trade negotiations, generally favorable data on global economic activity, and the reduced risk of a disorderly Brexit following the U.",56982,2. Staff Review of Financial Situation,staff,explicit_heading
minutes_2020-01-29_author_method_0006,2020-01-29,/mnt/data/FOMC_CVJ_Benchmark_Update_20260919/data/minutes/Minutes/2020/fomcminutes20200129.txt,equity index*,equity indexes,increas*,positive,"On balance, most major foreign equity indexes increased modestly, and AFE long-term sovereign yields ended the period somewhat lower.",57318,2. Staff Review of Financial Situation,staff,explicit_heading
minutes_2020-01-29_author_method_0007,2020-01-29,/mnt/data/FOMC_CVJ_Benchmark_Update_20260919/data/minutes/Minutes/2020/fomcminutes20200129.txt,asset valu*,asset valuation,pressure*,negative,The staff judged that asset valuation pressures had increased in recent months to an elevated level.,60883,2. Staff Review of Financial Situation,staff,explicit_heading
minutes_2020-01-29_author_method_0008,2020-01-29,/mnt/data/FOMC_CVJ_Benchmark_Update_20260919/data/minutes/Minutes/2020/fomcminutes20200129.txt,asset valu*,Asset valuation,pressure*,negative,"Asset valuation pressures were characterized as fairly widespread across a number of markets, similar to the situation in much of 2017 and 2018.",60962,2. Staff Review of Financial Situation,staff,explicit_heading
minutes_2020-03-15_author_method_0001,2020-03-15,/mnt/data/FOMC_CVJ_Benchmark_Update_20260919/data/minutes/Minutes/2020/fomcminutes20200315.txt,risk* asset price*,risk asset prices,plummet*,negative,"Over the intermeeting period, foreign risk asset prices plummeted amid a rapid deterioration of investor sentiment due to the global spread of the coronavirus.",19327,2. Staff Review of Financial Situation,staff,explicit_heading
minutes_2020-03-15_author_method_0002,2020-03-15,/mnt/data/FOMC_CVJ_Benchmark_Update_20260919/data/minutes/Minutes/2020/fomcminutes20200315.txt,equity index*,equity indexes,drop*,negative,"Major foreign equity indexes dropped sharply over the intermeeting period, while option-implied volatility measures climbed to their highest levels since the Global Financial Crisis.",19463,2. Staff Review of Financial Situation,staff,explicit_heading
minutes_2020-03-15_author_method_0003,2020-03-15,/mnt/data/FOMC_CVJ_Benchmark_Update_20260919/data/minutes/Minutes/2020/fomcminutes20200315.txt,equity index*,equity indexes,low*,negative,US and global equity indexes were lower than at the time of the Committee's meeting in January and implied equity market volatility had risen to levels not seen since 2015.,57283,5. Committee Policy Action,participants,explicit_heading
minutes_2020-04-29_author_method_0001,2020-04-29,/mnt/data/FOMC_CVJ_Benchmark_Update_20260919/data/minutes/Minutes/2020/fomcminutes20200429.txt,equity price index*,Equity price indexes,up,positive,"Equity price indexes were up substantially from the lows of late March, safe-haven demands for the dollar had receded, and measures of realized and implied volatility across markets had diminished.",4818,Unparsed/Other,unavailable,explicit_heading
minutes_2020-04-29_author_method_0002,2020-04-29,/mnt/data/FOMC_CVJ_Benchmark_Update_20260919/data/minutes/Minutes/2020/fomcminutes20200429.txt,price* of risk* asset*,prices of risky assets,declin*,negative,"In the middle part of March, financial markets experienced record declines in the prices of risky assets, widespread illiquidity, and elevated volatility, as uncertainty regarding the effects of the coronavirus outbreak on the global economy jumped.",17578,2. Staff Review of Financial Situation,staff,explicit_heading
minutes_2020-06-10_author_method_0001,2020-06-10,/mnt/data/FOMC_CVJ_Benchmark_Update_20260919/data/minutes/Minutes/2020/fomcminutes20200610.txt,equity price*,Equity prices,rose,positive,"Equity prices rose, and corporate bond spreads narrowed notably.",31382,2. Staff Review of Financial Situation,staff,explicit_heading
minutes_2020-06-10_author_method_0002,2020-06-10,/mnt/data/FOMC_CVJ_Benchmark_Update_20260919/data/minutes/Minutes/2020/fomcminutes20200610.txt,asset price*,asset prices,boost*,positive,"In emerging markets, the rise in oil prices since late April and overall improvements in investor sentiment boosted asset prices, even as the coronavirus outbreak worsened in some countries.",36514,2. Staff Review of Financial Situation,staff,explicit_heading
minutes_2020-07-29_author_method_0001,2020-07-29,/mnt/data/FOMC_CVJ_Benchmark_Update_20260919/data/minutes/Minutes/2020/fomcminutes20200729.txt,asset valu*,asset valuation,pressure*,negative,The staff judged that asset valuation pressures were notable.,30711,2. Staff Review of Financial Situation,staff,explicit_heading
minutes_2020-09-16_author_method_0001,2020-09-16,/mnt/data/FOMC_CVJ_Benchmark_Update_20260919/data/minutes/Minutes/2020/fomcminutes20200916.txt,equity price*,Equity prices,rose,positive,Equity prices rose and the broad dollar continued to depreciate from its crisis-driven peak in March.,11199,Unparsed/Other,unavailable,explicit_heading
minutes_2020-09-16_author_method_0002,2020-09-16,/mnt/data/FOMC_CVJ_Benchmark_Update_20260919/data/minutes/Minutes/2020/fomcminutes20200916.txt,asset valu*,asset valuations,elevat*,positive,Some noted concerns about elevated asset valuations in certain sectors.,12087,Unparsed/Other,unavailable,explicit_heading
minutes_2020-09-16_author_method_0003,2020-09-16,/mnt/data/FOMC_CVJ_Benchmark_Update_20260919/data/minutes/Minutes/2020/fomcminutes20200916.txt,equity index*,equity indexes,rose,positive,"In most AFEs, equity indexes rose modestly and long-term sovereign yields edged higher.",27919,2. Staff Review of Financial Situation,staff,explicit_heading
minutes_2020-09-16_author_method_0004,2020-09-16,/mnt/data/FOMC_CVJ_Benchmark_Update_20260919/data/minutes/Minutes/2020/fomcminutes20200916.txt,equity market*,equity market,gain*,positive,"Amid notable equity market gains in August, gross equity issuance was robust, as seasoned offerings strengthened to about double their typical pace.",29093,2. Staff Review of Financial Situation,staff,explicit_heading
minutes_2020-11-05_author_method_0001,2020-11-05,/mnt/data/FOMC_CVJ_Benchmark_Update_20260919/data/minutes/Minutes/2020/fomcminutes20201105.txt,equity market*,equity market,mov* high*,positive,"Implied volatility in the equity market moved higher during the intermeeting period, reflecting uncertainties associated with the US election and the future path of fiscal policy as well as concerns about the trajectory of COVID-19 cases.",5752,Unparsed/Other,unavailable,explicit_heading
minutes_2020-11-05_author_method_0002,2020-11-05,/mnt/data/FOMC_CVJ_Benchmark_Update_20260919/data/minutes/Minutes/2020/fomcminutes20201105.txt,equity price index*,equity price indexes,increas*,positive,"On net, the Treasury yield curve steepened modestly, corporate bond spreads narrowed somewhat, and broad equity price indexes increased.",24670,2. Staff Review of Financial Situation,staff,explicit_heading
minutes_2020-11-05_author_method_0003,2020-11-05,/mnt/data/FOMC_CVJ_Benchmark_Update_20260919/data/minutes/Minutes/2020/fomcminutes20201105.txt,equity index*,equity indexes,declin*,negative,"On net, most foreign equity indexes declined, option-implied volatility in the euro area increased a bit, and most AFE long-term sovereign yields fell.",28592,2. Staff Review of Financial Situation,staff,explicit_heading
minutes_2020-11-05_author_method_0004,2020-11-05,/mnt/data/FOMC_CVJ_Benchmark_Update_20260919/data/minutes/Minutes/2020/fomcminutes20201105.txt,equity valu*,equity valuations,high*,positive,"Financing conditions in capital markets continued to be broadly accommodative over the intermeeting period, supported by low interest rates and high equity valuations.",29459,2. Staff Review of Financial Situation,staff,explicit_heading
minutes_2020-11-05_author_method_0005,2020-11-05,/mnt/data/FOMC_CVJ_Benchmark_Update_20260919/data/minutes/Minutes/2020/fomcminutes20201105.txt,asset price*,asset prices,declin*,negative,"However, uncertainty regarding the pandemic and economic outlook has been high, and the risk of sizable declines in asset prices, should adverse shocks materialize, has remained significant.",34629,2. Staff Review of Financial Situation,staff,explicit_heading
minutes_2020-12-16_author_method_0001,2020-12-16,/mnt/data/FOMC_CVJ_Benchmark_Update_20260919/data/minutes/Minutes/2020/fomcminutes20201216.txt,equity price index*,equity price indexes,rose,positive,"Corporate bond spreads narrowed, and major global equity price indexes rose on net.",18386,2. Staff Review of Financial Situation,staff,explicit_heading
minutes_2020-12-16_author_method_0002,2020-12-16,/mnt/data/FOMC_CVJ_Benchmark_Update_20260919/data/minutes/Minutes/2020/fomcminutes20201216.txt,stock price*,stock price,gain*,positive,"Broad stock price indexes increased over the intermeeting period, led by steep stock price gains in cyclical sectors and buoyed by the prospect of successful vaccines and lower post-election uncertainty.",19925,2. Staff Review of Financial Situation,staff,explicit_heading
minutes_2020-12-16_author_method_0003,2020-12-16,/mnt/data/FOMC_CVJ_Benchmark_Update_20260919/data/minutes/Minutes/2020/fomcminutes20201216.txt,equity valu*,equity valuations,high*,positive,"Financing conditions in capital markets continued to be broadly accommodative, supported by low interest rates and high equity valuations.",22379,2. Staff Review of Financial Situation,staff,explicit_heading
minutes_2020-12-16_author_method_0004,2020-12-16,/mnt/data/FOMC_CVJ_Benchmark_Update_20260919/data/minutes/Minutes/2020/fomcminutes20201216.txt,equity price*,equity prices,rose,positive,"Financing conditions eased further for large corporations that were able to access capital markets, as equity prices rose and corporate credit spreads continued to narrow, but smaller firms and some households reliant on bank lending continued to face tight lending standards.",37791,4. Participants' Views,participants,explicit_heading
minutes_2021-01-27_author_method_0001,2021-01-27,/mnt/data/FOMC_CVJ_Benchmark_Update_20260919/data/minutes/Minutes/2021/fomcminutes20210127.txt,risk* asset price*,risk asset prices,mov* high*,positive,Investor sentiment improved and risk asset prices moved higher over the intermeeting period on greater prospects for additional fiscal stimulus.,44934,2. Staff Review of Financial Situation,staff,explicit_heading
minutes_2021-01-27_author_method_0002,2021-01-27,/mnt/data/FOMC_CVJ_Benchmark_Update_20260919/data/minutes/Minutes/2021/fomcminutes20210127.txt,equity price*,equity prices,increas*,positive,"Domestic and foreign equity prices increased notably, and spreads on corporate and municipal bonds narrowed.",45068,2. Staff Review of Financial Situation,staff,explicit_heading
minutes_2021-01-27_author_method_0003,2021-01-27,/mnt/data/FOMC_CVJ_Benchmark_Update_20260919/data/minutes/Minutes/2021/fomcminutes20210127.txt,equity price*,equity prices,increas*,positive,"On balance, foreign equity prices increased moderately, with notable outperformance in some Asian indexes, and capital inflows into mutual funds dedicated to emerging markets continued at a robust pace.",49108,2. Staff Review of Financial Situation,staff,explicit_heading
minutes_2021-01-27_author_method_0004,2021-01-27,/mnt/data/FOMC_CVJ_Benchmark_Update_20260919/data/minutes/Minutes/2021/fomcminutes20210127.txt,equity valu*,equity valuations,high*,positive,"Financing conditions in capital markets remained broadly accommodative, supported by low interest rates and high equity valuations.",49899,2. Staff Review of Financial Situation,staff,explicit_heading
minutes_2021-01-27_author_method_0005,2021-01-27,/mnt/data/FOMC_CVJ_Benchmark_Update_20260919/data/minutes/Minutes/2021/fomcminutes20210127.txt,asset valu*,asset valuation,pressure*,negative,The staff assessed asset valuation pressures as elevated.,55264,2. Staff Review of Financial Situation,staff,explicit_heading
minutes_2021-01-27_author_method_0006,2021-01-27,/mnt/data/FOMC_CVJ_Benchmark_Update_20260919/data/minutes/Minutes/2021/fomcminutes20210127.txt,equity valu*,equity valuations,rise*,positive,"Regarding asset valuations, some participants commented that equity valuations had risen further, that initial public offering activity was elevated, or that valuations might have been affected by retail investors trading through electronic platforms.",69812,4. Participants' Views,participants,explicit_heading
minutes_2021-03-17_author_method_0001,2021-03-17,/mnt/data/FOMC_CVJ_Benchmark_Update_20260919/data/minutes/Minutes/2021/fomcminutes20210317.txt,equity price index*,equity price indexes,increas*,positive,"Alongside the rise in US yields, broad US equity price indexes increased moderately, with the largest gains in cyclically sensitive sectors.",8267,Unparsed/Other,unavailable,explicit_heading
minutes_2021-03-17_author_method_0002,2021-03-17,/mnt/data/FOMC_CVJ_Benchmark_Update_20260919/data/minutes/Minutes/2021/fomcminutes20210317.txt,equity price index*,equity price indexes,rose,positive,"Despite the spikes in equity market volatility early in the intermeeting period, spurred by heavy trading concentrated in a few specific stocks and subsequent concerns over the rapid rise in longer-term interest rates, broad equity price indexes rose on net.",24696,2. Staff Review of Financial Situation,staff,explicit_heading
minutes_2021-03-17_author_method_0003,2021-03-17,/mnt/data/FOMC_CVJ_Benchmark_Update_20260919/data/minutes/Minutes/2021/fomcminutes20210317.txt,equity index*,equity indexes,increas*,positive,"Overall, foreign equity indexes increased slightly in most major markets.",28579,2. Staff Review of Financial Situation,staff,explicit_heading
minutes_2021-03-17_author_method_0004,2021-03-17,/mnt/data/FOMC_CVJ_Benchmark_Update_20260919/data/minutes/Minutes/2021/fomcminutes20210317.txt,equity valu*,equity valuations,high*,positive,"Financing conditions for nonfinancial businesses in capital markets remained broadly accommodative over the intermeeting period, supported by low interest rates and high equity valuations.",28806,2. Staff Review of Financial Situation,staff,explicit_heading
minutes_2021-04-28_author_method_0001,2021-04-28,/mnt/data/FOMC_CVJ_Benchmark_Update_20260919/data/minutes/Minutes/2021/fomcminutes20210428.txt,equity price*,Equity prices,rose,positive,"Equity prices rose, with the S and P 500 index reaching a record high, while Treasury yields, the dollar, and credit spreads declined modestly.",5974,Unparsed/Other,unavailable,explicit_heading
minutes_2021-04-28_author_method_0002,2021-04-28,/mnt/data/FOMC_CVJ_Benchmark_Update_20260919/data/minutes/Minutes/2021/fomcminutes20210428.txt,equity price*,equity prices,increas*,positive,"Domestic equity prices increased notably amid declining equity market volatility, and corporate bond spreads narrowed.",25082,2. Staff Review of Financial Situation,staff,explicit_heading
minutes_2021-04-28_author_method_0003,2021-04-28,/mnt/data/FOMC_CVJ_Benchmark_Update_20260919/data/minutes/Minutes/2021/fomcminutes20210428.txt,equity market*,equity market,declin*,negative,"Domestic equity prices increased notably amid declining equity market volatility, and corporate bond spreads narrowed.",25129,2. Staff Review of Financial Situation,staff,explicit_heading
minutes_2021-04-28_author_method_0004,2021-04-28,/mnt/data/FOMC_CVJ_Benchmark_Update_20260919/data/minutes/Minutes/2021/fomcminutes20210428.txt,equity index*,equity indexes,rose,positive,"Most AFE equity indexes rose modestly, and most AFE sovereign bond yields were little changed.",27586,2. Staff Review of Financial Situation,staff,explicit_heading
minutes_2021-04-28_author_method_0005,2021-04-28,/mnt/data/FOMC_CVJ_Benchmark_Update_20260919/data/minutes/Minutes/2021/fomcminutes20210428.txt,equity valu*,equity valuations,elevat*,positive,"Regarding asset valuations, several participants noted that risk appetite in capital markets was elevated, as equity valuations had risen further, IPO activity remained high, and risk spreads on corporate bonds were at the bottom of their historical distribution.",44540,4. Participants' Views,participants,explicit_heading
minutes_2021-04-28_author_method_0006,2021-04-28,/mnt/data/FOMC_CVJ_Benchmark_Update_20260919/data/minutes/Minutes/2021/fomcminutes20210428.txt,asset price*,asset prices,drop*,negative,"A couple of participants remarked that, should investor risk appetite fall, an associated drop in asset prices coupled with high business and financial leverage could have adverse implications for the real economy.",44792,4. Participants' Views,participants,explicit_heading
minutes_2021-06-16_author_method_0001,2021-06-16,/mnt/data/FOMC_CVJ_Benchmark_Update_20260919/data/minutes/Minutes/2021/fomcminutes20210616.txt,equities,Equities,rose,positive,"Equities rose slightly, the broad dollar weakened, and credit spreads were little changed at historically tight levels.",13798,Unparsed/Other,unavailable,explicit_heading
minutes_2021-06-16_author_method_0002,2021-06-16,/mnt/data/FOMC_CVJ_Benchmark_Update_20260919/data/minutes/Minutes/2021/fomcminutes20210616.txt,equity price*,equity prices,edge* up,positive,"Domestic equity prices edged up, and corporate bond spreads narrowed a little.",28128,2. Staff Review of Financial Situation,staff,explicit_heading
minutes_2021-06-16_author_method_0003,2021-06-16,/mnt/data/FOMC_CVJ_Benchmark_Update_20260919/data/minutes/Minutes/2021/fomcminutes20210616.txt,equity index*,Equity indexes,increas*,positive,Equity indexes increased somewhat in both emerging and advanced foreign economies.,31164,2. Staff Review of Financial Situation,staff,explicit_heading
minutes_2021-07-28_author_method_0001,2021-07-28,/mnt/data/FOMC_CVJ_Benchmark_Update_20260919/data/minutes/Minutes/2021/fomcminutes20210728.txt,equity price*,equity prices,rose,positive,"Domestic equity prices rose moderately, and corporate bond spreads remained near the low end of their historical ranges.",28752,2. Staff Review of Financial Situation,staff,explicit_heading
minutes_2021-07-28_author_method_0002,2021-07-28,/mnt/data/FOMC_CVJ_Benchmark_Update_20260919/data/minutes/Minutes/2021/fomcminutes20210728.txt,stock market price*,stock market prices,rose,positive,"Broad stock market prices rose moderately over the intermeeting period, supported in part by some strong second-quarter earnings reports that bolstered investor risk sentiment.",29819,2. Staff Review of Financial Situation,staff,explicit_heading
minutes_2021-07-28_author_method_0003,2021-07-28,/mnt/data/FOMC_CVJ_Benchmark_Update_20260919/data/minutes/Minutes/2021/fomcminutes20210728.txt,equity index*,equity indexes,declin*,negative,"The dollar broadly appreciated, longer-term yields in major advanced foreign economies decreased notably, and most major foreign equity indexes declined moderately.",32105,2. Staff Review of Financial Situation,staff,explicit_heading
minutes_2021-07-28_author_method_0004,2021-07-28,/mnt/data/FOMC_CVJ_Benchmark_Update_20260919/data/minutes/Minutes/2021/fomcminutes20210728.txt,asset valu*,asset valuation,pressure*,negative,The staff judged that asset valuation pressures were elevated.,38099,2. Staff Review of Financial Situation,staff,explicit_heading
minutes_2021-07-28_author_method_0005,2021-07-28,/mnt/data/FOMC_CVJ_Benchmark_Update_20260919/data/minutes/Minutes/2021/fomcminutes20210728.txt,asset valu*,asset valuations,elevat*,positive,"A few participants highlighted scenarios in which a prolonged period of low interest rates and broadly elevated asset valuations could generate imbalances, which could increase financial stability risks.",51010,4. Participants' Views,participants,explicit_heading
minutes_2021-09-22_author_method_0001,2021-09-22,/mnt/data/FOMC_CVJ_Benchmark_Update_20260919/data/minutes/Minutes/2021/fomcminutes20210922.txt,stock market price*,stock market prices,fell,negative,"On September 20, stock market prices fell notably and speculative-grade yield spreads widened amid rising concerns about the creditworthiness of a Chinese property developer, but these moves were mostly reversed during the following day, particularly in the stock market.",18596,2. Staff Review of Financial Situation,staff,explicit_heading
minutes_2021-09-22_author_method_0002,2021-09-22,/mnt/data/FOMC_CVJ_Benchmark_Update_20260919/data/minutes/Minutes/2021/fomcminutes20210922.txt,asset valu*,asset valuations,high*,positive,"In addition, some participants mentioned the risks associated with high asset valuations in the United States and abroad, and a number of participants commented on the importance of resolving the issues involving the federal government budget and debt ceiling in a timely manner.",37328,4. Participants' Views,participants,explicit_heading
minutes_2021-11-03_author_method_0001,2021-11-03,/mnt/data/FOMC_CVJ_Benchmark_Update_20260919/data/minutes/Minutes/2021/fomcminutes20211103.txt,equity index*,equity indexes,rose,positive,"Over the intermeeting period, US equity indexes rose and the one-month option-implied volatility on the S and P 500-the VIX-fell to post-pandemic lows.",7352,Unparsed/Other,unavailable,explicit_heading
minutes_2021-11-03_author_method_0002,2021-11-03,/mnt/data/FOMC_CVJ_Benchmark_Update_20260919/data/minutes/Minutes/2021/fomcminutes20211103.txt,equity price*,equity prices,rise*,positive,"Continued strong earnings underpinned the rise in equity prices, with firms posting profits near historical highs.",7521,Unparsed/Other,unavailable,explicit_heading
minutes_2021-11-03_author_method_0003,2021-11-03,/mnt/data/FOMC_CVJ_Benchmark_Update_20260919/data/minutes/Minutes/2021/fomcminutes20211103.txt,equity index*,equity indexes,increas*,positive,"Despite these pressures, broad domestic equity indexes increased, on net, supported by strong earnings reports.",16852,2. Staff Review of Financial Situation,staff,explicit_heading
minutes_2021-11-03_author_method_0004,2021-11-03,/mnt/data/FOMC_CVJ_Benchmark_Update_20260919/data/minutes/Minutes/2021/fomcminutes20211103.txt,equity index*,equity indexes,increas*,positive,"Broad equity indexes increased, on net, over the intermeeting period.",17649,4. Participants' Views,participants,explicit_heading
minutes_2021-11-03_author_method_0005,2021-11-03,/mnt/data/FOMC_CVJ_Benchmark_Update_20260919/data/minutes/Minutes/2021/fomcminutes20211103.txt,equity index*,equity indexes,increas*,positive,"On balance, major foreign equity indexes increased moderately, and the broad dollar appreciated a touch.",19300,4. Participants' Views,participants,explicit_heading
minutes_2021-11-03_author_method_0006,2021-11-03,/mnt/data/FOMC_CVJ_Benchmark_Update_20260919/data/minutes/Minutes/2021/fomcminutes20211103.txt,asset valu*,asset valuations,elevat*,positive,"A few participants also cited a number of factors representing potential vulnerabilities to the financial system: These included elevated asset valuations prevailing widely across asset classes, the growing exposure of banks to nonbank financial firms, and the risk of a sudden reduction in the liquidity of collateral used at central counterparty clearing and settlement systems.",38033,4. Participants' Views,participants,explicit_heading
minutes_2021-12-15_author_method_0001,2021-12-15,/mnt/data/FOMC_CVJ_Benchmark_Update_20260919/data/minutes/Minutes/2021/fomcminutes20211215.txt,risk* asset price*,risky asset prices,weigh* on,negative,Pandemic-related fears as well as concerns about inflation and tighter monetary policy apparently weighed on risky asset prices despite continued robust economic data.,27517,2. Staff Review of Financial Situation,staff,explicit_heading
minutes_2021-12-15_author_method_0002,2021-12-15,/mnt/data/FOMC_CVJ_Benchmark_Update_20260919/data/minutes/Minutes/2021/fomcminutes20211215.txt,equity index*,equity indexes,edge* down,negative,"In AFEs, sovereign yields declined, and major equity indexes edged down.",27787,2. Staff Review of Financial Situation,staff,explicit_heading
minutes_2022-01-26_author_method_0001,2022-01-26,/mnt/data/FOMC_CVJ_Benchmark_Update_20260919/data/minutes/Minutes/2022/fomcminutes20220126.txt,equity index*,equity indexes,decreas*,negative,"Broad domestic equity indexes decreased markedly, and spreads of corporate bonds widened modestly.",54342,2. Staff Review of Financial Situation,staff,explicit_heading
minutes_2022-01-26_author_method_0002,2022-01-26,/mnt/data/FOMC_CVJ_Benchmark_Update_20260919/data/minutes/Minutes/2022/fomcminutes20220126.txt,equity index*,equity indexes,decreas*,negative,"Broad equity indexes decreased markedly, on net, particularly in the latter part of the intermeeting period, as shifts in expectations about the pace of monetary policy tightening, global inflationary pressures, and escalating tensions between Russia and Ukraine weighed on equity prices.",55211,2. Staff Review of Financial Situation,staff,explicit_heading
minutes_2022-01-26_author_method_0003,2022-01-26,/mnt/data/FOMC_CVJ_Benchmark_Update_20260919/data/minutes/Minutes/2022/fomcminutes20220126.txt,equity price*,equity prices,weigh* on,negative,"Broad equity indexes decreased markedly, on net, particularly in the latter part of the intermeeting period, as shifts in expectations about the pace of monetary policy tightening, global inflationary pressures, and escalating tensions between Russia and Ukraine weighed on equity prices.",55479,2. Staff Review of Financial Situation,staff,explicit_heading
minutes_2022-01-26_author_method_0004,2022-01-26,/mnt/data/FOMC_CVJ_Benchmark_Update_20260919/data/minutes/Minutes/2022/fomcminutes20220126.txt,equity index*,equity indexes,declin*,negative,"On net, AFE sovereign yields increased notably, most major foreign equity indexes declined moderately, and the broad dollar index decreased modestly.",56777,2. Staff Review of Financial Situation,staff,explicit_heading
minutes_2022-01-26_author_method_0005,2022-01-26,/mnt/data/FOMC_CVJ_Benchmark_Update_20260919/data/minutes/Minutes/2022/fomcminutes20220126.txt,asset valu*,asset valuation,pressure*,negative,The staff judged that asset valuation pressures remained elevated.,60721,2. Staff Review of Financial Situation,staff,explicit_heading
minutes_2022-01-26_author_method_0006,2022-01-26,/mnt/data/FOMC_CVJ_Benchmark_Update_20260919/data/minutes/Minutes/2022/fomcminutes20220126.txt,asset valu*,asset valuations,elevat*,positive,A few participants noted that asset valuations were elevated across a range of markets and raised the concern that a major realignment of asset prices could contribute to a future downturn.,74867,4. Participants' Views,participants,explicit_heading
minutes_2022-01-26_author_method_0007,2022-01-26,/mnt/data/FOMC_CVJ_Benchmark_Update_20260919/data/minutes/Minutes/2022/fomcminutes20220126.txt,asset valu*,asset valuations,elevat*,positive,A couple of other participants cited reasons why elevated asset valuations might prove to be less of a threat to financial stability than in past reversals of asset prices.,75220,4. Participants' Views,participants,explicit_heading
minutes_2022-03-16_author_method_0001,2022-03-16,/mnt/data/FOMC_CVJ_Benchmark_Update_20260919/data/minutes/Minutes/2022/fomcminutes20220316.txt,equity price*,equity prices,declin*,negative,"In Eastern European countries, currencies depreciated notably and equity prices declined, but most emerging market currencies outside of Eastern Europe depreciated only modestly or rose.",6147,Unparsed/Other,unavailable,explicit_heading
minutes_2022-03-16_author_method_0002,2022-03-16,/mnt/data/FOMC_CVJ_Benchmark_Update_20260919/data/minutes/Minutes/2022/fomcminutes20220316.txt,equity index*,equity indexes,declin*,negative,"Domestic equity indexes declined modestly, while those in Europe fell noticeably.",25092,2. Staff Review of Financial Situation,staff,explicit_heading
minutes_2022-03-16_author_method_0003,2022-03-16,/mnt/data/FOMC_CVJ_Benchmark_Update_20260919/data/minutes/Minutes/2022/fomcminutes20220316.txt,equity index*,equity indexes,declin*,negative,"Broad equity indexes declined modestly, on net, amid significant fluctuations.",26152,2. Staff Review of Financial Situation,staff,explicit_heading
minutes_2022-03-16_author_method_0004,2022-03-16,/mnt/data/FOMC_CVJ_Benchmark_Update_20260919/data/minutes/Minutes/2022/fomcminutes20220316.txt,equity price*,Equity prices,increas*,positive,"Equity prices increased early in the period because of stronger-than-anticipated corporate earnings and economic data releases, but they retraced these gains as investor risk sentiment deteriorated following the Ukraine invasion.",26225,2. Staff Review of Financial Situation,staff,explicit_heading
minutes_2022-03-16_author_method_0005,2022-03-16,/mnt/data/FOMC_CVJ_Benchmark_Update_20260919/data/minutes/Minutes/2022/fomcminutes20220316.txt,asset price*,asset prices,high*,positive,"Foreign asset prices were highly volatile over the intermeeting period in response to geopolitical developments, central bank communications, and rising inflation concerns.",26637,2. Staff Review of Financial Situation,staff,explicit_heading
minutes_2022-05-04_author_method_0001,2022-05-04,/mnt/data/FOMC_CVJ_Benchmark_Update_20260919/data/minutes/Minutes/2022/fomcminutes20220504.txt,equity price index*,equity price indexes,declin*,negative,"Broad domestic equity price indexes declined on net, and the one-month option-implied volatility on the S and P 500 index-the VIX-remained elevated.",16229,2. Staff Review of Financial Situation,staff,explicit_heading
minutes_2022-05-04_author_method_0002,2022-05-04,/mnt/data/FOMC_CVJ_Benchmark_Update_20260919/data/minutes/Minutes/2022/fomcminutes20220504.txt,equity index*,equity indexes,decreas*,negative,Broad equity indexes decreased over the intermeeting period.,17080,2. Staff Review of Financial Situation,staff,explicit_heading
minutes_2022-05-04_author_method_0003,2022-05-04,/mnt/data/FOMC_CVJ_Benchmark_Update_20260919/data/minutes/Minutes/2022/fomcminutes20220504.txt,equity price*,equity prices,increas*,positive,"Early in the period, equity prices increased, supported by the robust pace of economic activity and reduced market concerns about the implications for the global economy of Russia's invasion of Ukraine.",17156,2. Staff Review of Financial Situation,staff,explicit_heading
minutes_2022-05-04_author_method_0004,2022-05-04,/mnt/data/FOMC_CVJ_Benchmark_Update_20260919/data/minutes/Minutes/2022/fomcminutes20220504.txt,stock price*,stock prices,gain*,positive,"The initial sharp gains in stock prices were followed by larger declines later in the period, as longer-term interest rates rose substantially and as some disappointing earnings reports toward the end of the intermeeting period weighed on equity prices.",17365,2. Staff Review of Financial Situation,staff,explicit_heading
minutes_2022-05-04_author_method_0005,2022-05-04,/mnt/data/FOMC_CVJ_Benchmark_Update_20260919/data/minutes/Minutes/2022/fomcminutes20220504.txt,equity price*,equity prices,weigh* on,negative,"The initial sharp gains in stock prices were followed by larger declines later in the period, as longer-term interest rates rose substantially and as some disappointing earnings reports toward the end of the intermeeting period weighed on equity prices.",17577,2. Staff Review of Financial Situation,staff,explicit_heading
minutes_2022-05-04_author_method_0006,2022-05-04,/mnt/data/FOMC_CVJ_Benchmark_Update_20260919/data/minutes/Minutes/2022/fomcminutes20220504.txt,price* of risk* asset*,prices of risky assets,weigh* on,negative,"Prospects of tighter monetary policy and COVID-related lockdowns in China weighed on prices of risky assets, but investor concerns surrounding the economic effects of the war in Ukraine seemed to abate partially.",19421,2. Staff Review of Financial Situation,staff,explicit_heading
minutes_2022-06-15_author_method_0001,2022-06-15,/mnt/data/FOMC_CVJ_Benchmark_Update_20260919/data/minutes/Minutes/2022/fomcminutes20220615.txt,equity price index*,equity price indexes,declin*,negative,"Broad domestic equity price indexes declined considerably, on balance, amid elevated market volatility.",15629,2. Staff Review of Financial Situation,staff,explicit_heading
minutes_2022-06-15_author_method_0002,2022-06-15,/mnt/data/FOMC_CVJ_Benchmark_Update_20260919/data/minutes/Minutes/2022/fomcminutes20220615.txt,equity price index*,equity price indexes,mov* lower,negative,"In most advanced foreign economies (AFEs), sovereign yields also increased further, and foreign equity price indexes moved lower.",15814,2. Staff Review of Financial Situation,staff,explicit_heading
minutes_2022-06-15_author_method_0003,2022-06-15,/mnt/data/FOMC_CVJ_Benchmark_Update_20260919/data/minutes/Minutes/2022/fomcminutes20220615.txt,equity price index*,equity price indexes,fell,negative,Broad equity price indexes fell sharply over the intermeeting period on net.,16951,2. Staff Review of Financial Situation,staff,explicit_heading
minutes_2022-06-15_author_method_0004,2022-06-15,/mnt/data/FOMC_CVJ_Benchmark_Update_20260919/data/minutes/Minutes/2022/fomcminutes20220615.txt,stock price*,stock price,declin*,negative,The stock price declines were largely associated with mixed corporate earnings news early in the period and increasing concerns about the economic outlook amid global policy tightening.,17026,2. Staff Review of Financial Situation,staff,explicit_heading
minutes_2022-06-15_author_method_0005,2022-06-15,/mnt/data/FOMC_CVJ_Benchmark_Update_20260919/data/minutes/Minutes/2022/fomcminutes20220615.txt,equity price*,equity prices,weigh* on,negative,"Concerns about the global growth outlook weighed on equity prices, and the broad dollar edged up.",19512,2. Staff Review of Financial Situation,staff,explicit_heading
minutes_2022-07-27_author_method_0001,2022-07-27,/mnt/data/FOMC_CVJ_Benchmark_Update_20260919/data/minutes/Minutes/2022/fomcminutes20220727.txt,equity price index*,equity price indexes,high*,positive,"Broad equity price indexes were higher, on net, while credit spreads widened.",14536,2. Staff Review of Financial Situation,staff,explicit_heading
minutes_2022-07-27_author_method_0002,2022-07-27,/mnt/data/FOMC_CVJ_Benchmark_Update_20260919/data/minutes/Minutes/2022/fomcminutes20220727.txt,equity price index*,equity price indexes,high*,positive,"Broad equity price indexes were higher over the intermeeting period, amid heightened volatility.",14989,2. Staff Review of Financial Situation,staff,explicit_heading
minutes_2022-07-27_author_method_0003,2022-07-27,/mnt/data/FOMC_CVJ_Benchmark_Update_20260919/data/minutes/Minutes/2022/fomcminutes20220727.txt,asset valu*,asset valuations,eas*,negative,"Several of the participants who commented on issues related to financial stability noted that, on balance, asset valuations had eased from elevated levels in recent months.",39927,4. Participants' Views,participants,explicit_heading
minutes_2022-09-21_author_method_0001,2022-09-21,/mnt/data/FOMC_CVJ_Benchmark_Update_20260919/data/minutes/Minutes/2022/fomcminutes20220921.txt,equity price index*,equity price indexes,decreas*,negative,"Broad domestic equity price indexes decreased slightly, on balance, but market volatility remained elevated.",15068,2. Staff Review of Financial Situation,staff,explicit_heading
minutes_2022-09-21_author_method_0002,2022-09-21,/mnt/data/FOMC_CVJ_Benchmark_Update_20260919/data/minutes/Minutes/2022/fomcminutes20220921.txt,equity price index*,equity price indexes,decreas*,negative,"Broad equity price indexes decreased slightly, on net, as substantial early gains arising from investors' improved perceptions about the inflation outlook and better-than-feared second-quarter earnings were more than offset by later losses arising from expectations that the Committee would follow a more restrictive policy than previously expected.",16275,2. Staff Review of Financial Situation,staff,explicit_heading
minutes_2022-09-21_author_method_0003,2022-09-21,/mnt/data/FOMC_CVJ_Benchmark_Update_20260919/data/minutes/Minutes/2022/fomcminutes20220921.txt,equity price*,equity prices,declin*,negative,"Growth concerns also weighed on foreign equity prices, which declined moderately.",19124,2. Staff Review of Financial Situation,staff,explicit_heading
minutes_2022-11-02_author_method_0001,2022-11-02,/mnt/data/FOMC_CVJ_Benchmark_Update_20260919/data/minutes/Minutes/2022/fomcminutes20221102.txt,equity price index*,equity price indexes,fell,negative,"Broad equity price indexes fell significantly early in the intermeeting period, with inflation news and monetary policy expectations likely being the main drivers of stock price movements.",16035,2. Staff Review of Financial Situation,staff,explicit_heading
minutes_2022-12-14_author_method_0001,2022-12-14,/mnt/data/FOMC_CVJ_Benchmark_Update_20260919/data/minutes/Minutes/2022/fomcminutes20221214.txt,equity market*,Equity markets,mov* high*,positive,Equity markets moved higher.,7170,Unparsed/Other,unavailable,explicit_heading
minutes_2022-12-14_author_method_0002,2022-12-14,/mnt/data/FOMC_CVJ_Benchmark_Update_20260919/data/minutes/Minutes/2022/fomcminutes20221214.txt,stock market index*,Stock market indexes,rose,positive,"Stock market indexes rose, on balance, likely reflecting reduced concerns about the inflation outlook, and market volatility declined notably.",16111,2. Staff Review of Financial Situation,staff,explicit_heading
minutes_2023-02-01_author_method_0001,2023-02-01,/mnt/data/FOMC_CVJ_Benchmark_Update_20260919/data/minutes/Minutes/2023/fomcminutes20230201.txt,equity price*,Equity prices,fell,negative,Equity prices fell sharply following the December FOMC statement but recovered over the remainder of the period in response to data releases.,20268,2. Staff Review of Financial Situation,staff,explicit_heading
minutes_2023-02-01_author_method_0002,2023-02-01,/mnt/data/FOMC_CVJ_Benchmark_Update_20260919/data/minutes/Minutes/2023/fomcminutes20230201.txt,equity index*,equity indexes,rose,positive,"Global equity indexes rose, supported in part by lower European natural gas prices and China's decision to abandon its zero-COVID policy.",21936,2. Staff Review of Financial Situation,staff,explicit_heading
minutes_2023-02-01_author_method_0003,2023-02-01,/mnt/data/FOMC_CVJ_Benchmark_Update_20260919/data/minutes/Minutes/2023/fomcminutes20230201.txt,asset valu*,asset valuation,pressure*,negative,The staff judged that asset valuation pressures remained notable.,27584,2. Staff Review of Financial Situation,staff,explicit_heading
minutes_2023-02-01_author_method_0004,2023-02-01,/mnt/data/FOMC_CVJ_Benchmark_Update_20260919/data/minutes/Minutes/2023/fomcminutes20230201.txt,equity price*,equity prices,declin*,negative,"In addition, the forward price-to-earnings ratio for S and P 500 firms remained above its median value despite the decline in equity prices over the past year.",27970,2. Staff Review of Financial Situation,staff,explicit_heading
minutes_2023-03-22_author_method_0001,2023-03-22,/mnt/data/FOMC_CVJ_Benchmark_Update_20260919/data/minutes/Minutes/2023/fomcminutes20230322.txt,equity price*,equity prices,low*,negative,"Early in the period, firmer-than-expected data and policy communications pushed interest rates higher and equity prices lower.",6570,Unparsed/Other,unavailable,explicit_heading
minutes_2023-03-22_author_method_0002,2023-03-22,/mnt/data/FOMC_CVJ_Benchmark_Update_20260919/data/minutes/Minutes/2023/fomcminutes20230322.txt,stock price*,stock prices,declin*,negative,"Late in the intermeeting period, US bank stock prices declined notably.",17289,2. Staff Review of Financial Situation,staff,explicit_heading
minutes_2023-03-22_author_method_0003,2023-03-22,/mnt/data/FOMC_CVJ_Benchmark_Update_20260919/data/minutes/Minutes/2023/fomcminutes20230322.txt,stock price*,stock prices,declin*,negative,Regional banks with unusually large reliance on uninsured deposits and holdings of securities with significant unrealized mark-to-market losses experienced larger declines in stock prices.,17495,2. Staff Review of Financial Situation,staff,explicit_heading
minutes_2023-03-22_author_method_0004,2023-03-22,/mnt/data/FOMC_CVJ_Benchmark_Update_20260919/data/minutes/Minutes/2023/fomcminutes20230322.txt,equity price*,equity prices,rose,positive,"Broad equity prices rose somewhat after the closures of Silicon Valley Bank and Signature Bank, reportedly driven by investors' reassessment of the outlook for interest rates, and after the announcement that UBS had agreed to buy Credit Suisse.",17515,2. Staff Review of Financial Situation,staff,explicit_heading
minutes_2023-03-22_author_method_0005,2023-03-22,/mnt/data/FOMC_CVJ_Benchmark_Update_20260919/data/minutes/Minutes/2023/fomcminutes20230322.txt,equities,equities,fall*,negative,"Additionally, for the intermeeting period overall, the staff's dollar index rose moderately, corporate and emerging market economy sovereign credit spreads widened, and foreign equity indexes generally moved lower, with bank equities falling notably.",19278,2. Staff Review of Financial Situation,staff,explicit_heading
minutes_2023-05-03_author_method_0001,2023-05-03,/mnt/data/FOMC_CVJ_Benchmark_Update_20260919/data/minutes/Minutes/2023/fomcminutes20230503.txt,equities,equities,declin*,negative,"On net, nominal Treasury yields declined, equities appreciated, credit spreads tightened, and the trade-weighted value of the dollar depreciated.",6389,Unparsed/Other,unavailable,explicit_heading
minutes_2023-05-03_author_method_0002,2023-05-03,/mnt/data/FOMC_CVJ_Benchmark_Update_20260919/data/minutes/Minutes/2023/fomcminutes20230503.txt,equity price index*,equity price indexes,increas*,positive,"Broad equity price indexes increased, al­though equity prices of some regional banks were lower, and equity market volatility declined.",15949,2. Staff Review of Financial Situation,staff,explicit_heading
minutes_2023-05-03_author_method_0003,2023-05-03,/mnt/data/FOMC_CVJ_Benchmark_Update_20260919/data/minutes/Minutes/2023/fomcminutes20230503.txt,asset valu*,asset valuation,pressure*,negative,The staff judged that asset valuation pressures remained moderate.,23712,2. Staff Review of Financial Situation,staff,explicit_heading
minutes_2023-06-14_author_method_0001,2023-06-14,/mnt/data/FOMC_CVJ_Benchmark_Update_20260919/data/minutes/Minutes/2023/fomcminutes20230614.txt,equity price*,equity prices,rose,positive,"Broad equity prices rose, al­though the outperformance was concentrated in a handful of companies with a large market capitalization.",6221,Unparsed/Other,unavailable,explicit_heading
minutes_2023-06-14_author_method_0002,2023-06-14,/mnt/data/FOMC_CVJ_Benchmark_Update_20260919/data/minutes/Minutes/2023/fomcminutes20230614.txt,equity price*,equity prices,high*,positive,"Financial conditions indexes were roughly unchanged, as higher rates and a stronger dollar were offset by higher equity prices and narrower credit spreads.",6858,Unparsed/Other,unavailable,explicit_heading
minutes_2023-06-14_author_method_0003,2023-06-14,/mnt/data/FOMC_CVJ_Benchmark_Update_20260919/data/minutes/Minutes/2023/fomcminutes20230614.txt,equity price index*,equity price indexes,mov* up,positive,"Bank equity price indexes moved up notably, on net, over the intermeeting period.",16880,2. Staff Review of Financial Situation,staff,explicit_heading
minutes_2023-06-14_author_method_0004,2023-06-14,/mnt/data/FOMC_CVJ_Benchmark_Update_20260919/data/minutes/Minutes/2023/fomcminutes20230614.txt,equity and home price*,equity and home prices,not declin*,positive,"Several participants noted that aggregate household wealth remained high, as equity and home prices had not declined much from their recent highs.",28605,4. Participants' Views,participants,explicit_heading
minutes_2023-07-26_author_method_0001,2023-07-26,/mnt/data/FOMC_CVJ_Benchmark_Update_20260919/data/minutes/Minutes/2023/fomcminutes20230726.txt,equity price*,equity prices,gain*,positive,"Even as market prices shifted to indicate a slightly more restrictive expected policy path, broader financial conditions eased a bit, reflecting in large part gains in equity prices and tighter credit spreads.",6032,Unparsed/Other,unavailable,explicit_heading
minutes_2023-07-26_author_method_0002,2023-07-26,/mnt/data/FOMC_CVJ_Benchmark_Update_20260919/data/minutes/Minutes/2023/fomcminutes20230726.txt,equity price*,equity prices,increas*,positive,"Meanwhile, broad equity prices increased, and spreads on investment- and speculative-grade corporate bonds narrowed moderately.",14254,2. Staff Review of Financial Situation,staff,explicit_heading
minutes_2023-07-26_author_method_0003,2023-07-26,/mnt/data/FOMC_CVJ_Benchmark_Update_20260919/data/minutes/Minutes/2023/fomcminutes20230726.txt,equity price*,equity prices,increas*,positive,Bank equity prices increased and outperformed the S and P 500 modestly.,15440,2. Staff Review of Financial Situation,staff,explicit_heading
minutes_2023-07-26_author_method_0004,2023-07-26,/mnt/data/FOMC_CVJ_Benchmark_Update_20260919/data/minutes/Minutes/2023/fomcminutes20230726.txt,equity index*,equity indexes,increas*,positive,"Risk sentiment in foreign markets improved somewhat, with most foreign equity indexes increasing and foreign corporate and emerging market sovereign bond spreads narrowing.",16103,2. Staff Review of Financial Situation,staff,explicit_heading
minutes_2023-07-26_author_method_0005,2023-07-26,/mnt/data/FOMC_CVJ_Benchmark_Update_20260919/data/minutes/Minutes/2023/fomcminutes20230726.txt,asset valu*,asset valuation,pressure*,negative,The staff judged that asset valuation pressures remained notable.,21971,2. Staff Review of Financial Situation,staff,explicit_heading
minutes_2023-09-20_author_method_0001,2023-09-20,/mnt/data/FOMC_CVJ_Benchmark_Update_20260919/data/minutes/Minutes/2023/fomcminutes20230920.txt,equity price*,equity prices,fell,negative,"Ten-year Treasury yields ended the period more than 40 basis points higher, and broad measures of equity prices fell.",6049,Unparsed/Other,unavailable,explicit_heading
minutes_2023-09-20_author_method_0002,2023-09-20,/mnt/data/FOMC_CVJ_Benchmark_Update_20260919/data/minutes/Minutes/2023/fomcminutes20230920.txt,equity price*,equity prices,low*,negative,"US financial conditions tightened, with higher longer-term rates, lower equity prices, and a stronger dollar contributing roughly equally to the increase in various financial conditions indexes.",6866,Unparsed/Other,unavailable,explicit_heading
minutes_2023-09-20_author_method_0003,2023-09-20,/mnt/data/FOMC_CVJ_Benchmark_Update_20260919/data/minutes/Minutes/2023/fomcminutes20230920.txt,stock price*,Stock prices,declin*,negative,"Stock prices declined somewhat, but spreads on investment- and speculative-grade corporate bonds were little changed.",14304,2. Staff Review of Financial Situation,staff,explicit_heading
minutes_2023-09-20_author_method_0004,2023-09-20,/mnt/data/FOMC_CVJ_Benchmark_Update_20260919/data/minutes/Minutes/2023/fomcminutes20230920.txt,equity price index*,equity price indexes,declin*,negative,"Broad equity price indexes declined somewhat, and the one-month option-implied volatility on the S and P 500 index edged up slightly, on net, and stood near the 25th percentile of its historical distribution.",15103,2. Staff Review of Financial Situation,staff,explicit_heading
minutes_2023-09-20_author_method_0005,2023-09-20,/mnt/data/FOMC_CVJ_Benchmark_Update_20260919/data/minutes/Minutes/2023/fomcminutes20230920.txt,equity price*,equity prices,declin*,negative,"Global equity prices declined moderately, reflecting higher long-term yields and increased concerns about the foreign economic outlook.",16182,2. Staff Review of Financial Situation,staff,explicit_heading
minutes_2023-11-01_author_method_0001,2023-11-01,/mnt/data/FOMC_CVJ_Benchmark_Update_20260919/data/minutes/Minutes/2023/fomcminutes20231101.txt,equity price*,equity prices,low*,negative,"Financial conditions continued to tighten, driven by higher yields on Treasury securities as well as by lower equity prices and a stronger dollar, which themselves partly reflected higher interest rates.",6180,Unparsed/Other,unavailable,explicit_heading
minutes_2023-11-01_author_method_0002,2023-11-01,/mnt/data/FOMC_CVJ_Benchmark_Update_20260919/data/minutes/Minutes/2023/fomcminutes20231101.txt,equity price*,equity prices,decreas*,negative,"Meanwhile, equity prices decreased, and spreads on investment- and speculative-grade corporate bonds widened.",13886,2. Staff Review of Financial Situation,staff,explicit_heading
minutes_2023-11-01_author_method_0003,2023-11-01,/mnt/data/FOMC_CVJ_Benchmark_Update_20260919/data/minutes/Minutes/2023/fomcminutes20231101.txt,equity price*,equity prices,declin*,negative,"Longer-term sovereign bond yields for advanced foreign economies rose, foreign equity prices declined, foreign credit spreads generally widened, and investors continued to withdraw from emerging market economy funds.",15201,2. Staff Review of Financial Situation,staff,explicit_heading
minutes_2023-11-01_author_method_0004,2023-11-01,/mnt/data/FOMC_CVJ_Benchmark_Update_20260919/data/minutes/Minutes/2023/fomcminutes20231101.txt,asset valu*,asset valuation,pressure*,negative,The staff characterized asset valuation pressures as notable.,20303,2. Staff Review of Financial Situation,staff,explicit_heading
minutes_2023-12-13_author_method_0001,2023-12-13,/mnt/data/FOMC_CVJ_Benchmark_Update_20260919/data/minutes/Minutes/2023/fomcminutes20231213.txt,equity price*,equity prices,increas*,positive,"Financial conditions eased, driven by a decline in interest rates, an increase in equity prices, and a depreciation in the dollar.",5610,Unparsed/Other,unavailable,explicit_heading
minutes_2023-12-13_author_method_0002,2023-12-13,/mnt/data/FOMC_CVJ_Benchmark_Update_20260919/data/minutes/Minutes/2023/fomcminutes20231213.txt,equity price*,equity prices,rise*,positive,The rise in equity prices was supported by the decline in Treasury yields and by earnings growth that exceeded consensus expectations.,5671,Unparsed/Other,unavailable,explicit_heading
minutes_2023-12-13_author_method_0003,2023-12-13,/mnt/data/FOMC_CVJ_Benchmark_Update_20260919/data/minutes/Minutes/2023/fomcminutes20231213.txt,equity price*,equity prices,increas*,positive,"These declines were accompanied by an improvement in market sentiment, with foreign equity prices increasing, foreign credit spreads narrowing, and outflows from funds investing in emerging market economies slowing notably.",16673,2. Staff Review of Financial Situation,staff,explicit_heading
minutes_2024-01-31_author_method_0001,2024-01-31,/mnt/data/FOMC_CVJ_Benchmark_Update_20260919/data/minutes/Minutes/2024/fomcminutes20240131.txt,equity index*,equity indexes,increas*,positive,Major AFE equity indexes increased slightly.,19906,2. Staff Review of Financial Situation,staff,explicit_heading
minutes_2024-01-31_author_method_0002,2024-01-31,/mnt/data/FOMC_CVJ_Benchmark_Update_20260919/data/minutes/Minutes/2024/fomcminutes20240131.txt,asset valu*,asset valuation,pressure*,negative,"The staff judged that asset valuation pressures remained notable, as valuations across a range of markets appeared high relative to fundamentals.",23620,2. Staff Review of Financial Situation,staff,explicit_heading
minutes_2024-03-20_author_method_0001,2024-03-20,/mnt/data/FOMC_CVJ_Benchmark_Update_20260919/data/minutes/Minutes/2024/fomcminutes20240320.txt,equity price*,equity prices,high*,positive,"US financial conditions had eased modestly since the January FOMC meeting, with higher equity prices more than offsetting increases in interest rates.",6794,Unparsed/Other,unavailable,explicit_heading
minutes_2024-03-20_author_method_0002,2024-03-20,/mnt/data/FOMC_CVJ_Benchmark_Update_20260919/data/minutes/Minutes/2024/fomcminutes20240320.txt,equity price*,equity price,gain*,positive,"This growth was again driven primarily by the strong increases in valuations of large-capitalization technology companies, while broader equity price gains were more measured.",9495,Unparsed/Other,unavailable,explicit_heading
minutes_2024-05-01_author_method_0001,2024-05-01,/mnt/data/FOMC_CVJ_Benchmark_Update_20260919/data/minutes/Minutes/2024/fomcminutes20240501.txt,equity price*,equity prices,fell,negative,"Broad equity prices fell over the period, as higher interest rates weighed on valuations, while recent earnings reports, which were generally solid, provided some support.",7271,Unparsed/Other,unavailable,explicit_heading
minutes_2024-05-01_author_method_0002,2024-05-01,/mnt/data/FOMC_CVJ_Benchmark_Update_20260919/data/minutes/Minutes/2024/fomcminutes20240501.txt,equity price*,equity prices,low*,negative,"Overall, higher yields and lower equity prices, together with the stronger dollar, resulted in a tightening of financial conditions over the period.",7592,Unparsed/Other,unavailable,explicit_heading
minutes_2024-05-01_author_method_0003,2024-05-01,/mnt/data/FOMC_CVJ_Benchmark_Update_20260919/data/minutes/Minutes/2024/fomcminutes20240501.txt,equity and house price*,equity and house price,increas*,positive,"A couple of participants noted that financial conditions appeared favorable for wealthier households, which account for a large portion of aggregate consumption, with hefty wealth gains resulting from recent equity and house price increases.",31188,4. Participants' Views,participants,explicit_heading
minutes_2024-06-12_author_method_0001,2024-06-12,/mnt/data/FOMC_CVJ_Benchmark_Update_20260919/data/minutes/Minutes/2024/fomcminutes20240612.txt,equity price*,equity prices,high*,positive,Financial conditions eased modestly over the intermeeting period mainly because of higher equity prices.,6169,Unparsed/Other,unavailable,explicit_heading
minutes_2024-06-12_author_method_0002,2024-06-12,/mnt/data/FOMC_CVJ_Benchmark_Update_20260919/data/minutes/Minutes/2024/fomcminutes20240612.txt,equity price*,equity prices,high*,positive,"The main drivers of that easing were again higher equity prices, which appeared to respond to the reductions in the perceived odds of a recession, and a consensus among market participants that the federal funds rate has reached its peak.",6381,Unparsed/Other,unavailable,explicit_heading
minutes_2024-06-12_author_method_0003,2024-06-12,/mnt/data/FOMC_CVJ_Benchmark_Update_20260919/data/minutes/Minutes/2024/fomcminutes20240612.txt,asset price*,asset prices,increas*,positive,A few participants remarked that spending by some higher-income households was likely being bolstered by increasing asset prices.,30529,4. Participants' Views,participants,explicit_heading
minutes_2024-07-31_author_method_0001,2024-07-31,/mnt/data/FOMC_CVJ_Benchmark_Update_20260919/data/minutes/Minutes/2024/fomcminutes20240731.txt,equity price*,equity prices,high*,positive,"Financial conditions eased modestly over the intermeeting period, reflecting lower long-term interest rates and higher equity prices.",811,Unparsed/Other,unavailable,explicit_heading
minutes_2024-07-31_author_method_0002,2024-07-31,/mnt/data/FOMC_CVJ_Benchmark_Update_20260919/data/minutes/Minutes/2024/fomcminutes20240731.txt,equity market*,equity markets,high*,positive,"In the equity markets, the high perceived likelihood of a September cut in the target range for the policy rate induced a notable appreciation in the stocks of firms with small and medium capitalization, which tend to be more sensitive to interest rates.",1949,Unparsed/Other,unavailable,explicit_heading
minutes_2024-07-31_author_method_0003,2024-07-31,/mnt/data/FOMC_CVJ_Benchmark_Update_20260919/data/minutes/Minutes/2024/fomcminutes20240731.txt,asset valu*,asset valuation,pressure*,negative,"The staff judged that asset valuation pressures remained elevated, with estimates of risk premiums across key markets low compared with historical standards.",13440,2. Staff Review of Financial Situation,staff,explicit_heading
minutes_2024-07-31_author_method_0004,2024-07-31,/mnt/data/FOMC_CVJ_Benchmark_Update_20260919/data/minutes/Minutes/2024/fomcminutes20240731.txt,wealth effect*,wealth effects,bolster*,positive,A couple of participants remarked that spending by some higher-income households was likely being bolstered by wealth effects from equity and housing price appreciation.,23331,4. Participants' Views,participants,explicit_heading
minutes_2024-07-31_author_method_0005,2024-07-31,/mnt/data/FOMC_CVJ_Benchmark_Update_20260919/data/minutes/Minutes/2024/fomcminutes20240731.txt,asset valu*,asset valuation,pressure*,negative,A couple of participants noted concerns about asset valuation pressures in other markets as well.,26160,4. Participants' Views,participants,explicit_heading
minutes_2024-09-18_author_method_0001,2024-09-18,/mnt/data/FOMC_CVJ_Benchmark_Update_20260919/data/minutes/Minutes/2024/fomcminutes20240918.txt,equities,equities,declin*,negative,"However, declines in equities mostly retraced over the following weeks, and moves in foreign risky asset prices were mixed over the intermeeting period.",12374,2. Staff Review of Financial Situation,staff,explicit_heading
minutes_2024-11-07_author_method_0001,2024-11-07,/mnt/data/FOMC_CVJ_Benchmark_Update_20260919/data/minutes/Minutes/2024/fomcminutes20241107.txt,equity price*,equity prices,mov* high*,positive,"The VIX, which measures 30-day option-implied volatility of broad equity prices, had moved higher in the period leading up to the November elections and then decreased following Election Day.",1385,Unparsed/Other,unavailable,explicit_heading
minutes_2024-11-07_author_method_0002,2024-11-07,/mnt/data/FOMC_CVJ_Benchmark_Update_20260919/data/minutes/Minutes/2024/fomcminutes20241107.txt,equity price index*,equity price indexes,increas*,positive,"Despite higher yields, and amid greater confidence about the growth outlook and somewhat better-than-expected corporate earnings reports, broad equity price indexes increased notably, on net, over the intermeeting period, and credit spreads for both corporate and municipal bonds narrowed.",12477,2. Staff Review of Financial Situation,staff,explicit_heading
minutes_2024-11-07_author_method_0003,2024-11-07,/mnt/data/FOMC_CVJ_Benchmark_Update_20260919/data/minutes/Minutes/2024/fomcminutes20241107.txt,risk* asset price*,risky asset prices,limit*,negative,"In China, the announcement of new policy stimulus measures boosted domestic risky asset prices, with limited spillovers to other markets; the announcements also drove notable flows into China-focused investment funds.",14365,2. Staff Review of Financial Situation,staff,explicit_heading
minutes_2024-11-07_author_method_0004,2024-11-07,/mnt/data/FOMC_CVJ_Benchmark_Update_20260919/data/minutes/Minutes/2024/fomcminutes20241107.txt,equity price index*,equity price indexes,decreas*,negative,"Most European equity price indexes decreased somewhat, while Japanese and Canadian equity markets rose moderately.",14521,2. Staff Review of Financial Situation,staff,explicit_heading
minutes_2024-11-07_author_method_0005,2024-11-07,/mnt/data/FOMC_CVJ_Benchmark_Update_20260919/data/minutes/Minutes/2024/fomcminutes20241107.txt,equity market*,equity markets,rose,positive,"Most European equity price indexes decreased somewhat, while Japanese and Canadian equity markets rose moderately.",14590,2. Staff Review of Financial Situation,staff,explicit_heading
minutes_2024-11-07_author_method_0006,2024-11-07,/mnt/data/FOMC_CVJ_Benchmark_Update_20260919/data/minutes/Minutes/2024/fomcminutes20241107.txt,asset valu*,asset valuation,pressure*,negative,"The staff judged that asset valuation pressures were elevated, with estimates of risk premiums across key markets low by historical standards.",18074,2. Staff Review of Financial Situation,staff,explicit_heading
minutes_2024-11-07_author_method_0007,2024-11-07,/mnt/data/FOMC_CVJ_Benchmark_Update_20260919/data/minutes/Minutes/2024/fomcminutes20241107.txt,household wealth,household wealth,elevat*,positive,"Participants remarked that consumption had been supported by a solid labor market, rising real wages, and elevated household wealth.",26659,4. Participants' Views,participants,explicit_heading
minutes_2024-11-07_author_method_0008,2024-11-07,/mnt/data/FOMC_CVJ_Benchmark_Update_20260919/data/minutes/Minutes/2024/fomcminutes20241107.txt,asset valu*,asset valuation,pressure*,negative,A couple of participants noted concerns about asset valuation pressures in other markets.,30224,4. Participants' Views,participants,explicit_heading
minutes_2024-12-18_author_method_0001,2024-12-18,/mnt/data/FOMC_CVJ_Benchmark_Update_20260919/data/minutes/Minutes/2024/fomcminutes20241218.txt,equity price*,equity prices,rose,positive,"Broad equity prices rose, with more pronounced increases in stock prices in cyclical sectors amid increased investor optimism for corporate profits, and high-yield bond spreads narrowed.",10881,2. Staff Review of Financial Situation,staff,explicit_heading
minutes_2024-12-18_author_method_0002,2024-12-18,/mnt/data/FOMC_CVJ_Benchmark_Update_20260919/data/minutes/Minutes/2024/fomcminutes20241218.txt,stock price*,stock prices,increas*,positive,"Broad equity prices rose, with more pronounced increases in stock prices in cyclical sectors amid increased investor optimism for corporate profits, and high-yield bond spreads narrowed.",10935,2. Staff Review of Financial Situation,staff,explicit_heading
minutes_2024-12-18_author_method_0003,2024-12-18,/mnt/data/FOMC_CVJ_Benchmark_Update_20260919/data/minutes/Minutes/2024/fomcminutes20241218.txt,household* net worth,household net worth,elevat*,positive,"Participants remarked that consumption had been supported by a solid labor market, rising real wages, and elevated household net worth.",24248,4. Participants' Views,participants,explicit_heading
