meeting_date,hit_id,phrase,matched_text,start,end,sign,direction,direction_spans,context
2000-02-02,2000-02-02_0000,stock market index*,stock market indexes,32344,32364,negative,fell,"[[32365, 32369]]","ects of higher interest rates apparently offset those of unexpectedly high corporate earnings, and most broad stock market indexes fell slightly on balance over the intermeeting period. In foreign exchange markets, the trade-weighted value of the dollar was up on balance over the"
2000-02-02,2000-02-02_0001,wealth effect*,wealth effects,33863,33877,unclassified,,[]," The expansion of domestic final demand increasingly would be held back by the anticipated waning of positive wealth effects associated with earlier large gains in equity prices and by higher interest rates. As a result, growth of spending on consumer durables and houses wa"
2000-02-02,2000-02-02_0002,equity price*,equity prices,33917,33930,positive,gain*,"[[33908, 33913]]","ould be held back by the anticipated waning of positive wealth effects associated with earlier large gains in equity prices and by higher interest rates. As a result, growth of spending on consumer durables and houses was expected to slow; in contrast, however, overall bus"
2000-02-02,2000-02-02_0003,stock market wealth,stock market wealth,35550,35569,positive,increas*,"[[35537, 35546]]", induced expectations of rapidly accelerating business earnings that in turn had generated sharp increases in stock market wealth and lifted the growth of purchasing power and spending above that in incomes. Relatively high real interest rates that reflected the increased produc
2000-02-02,2000-02-02_0004,asset valu*,asset values,35749,35761,positive,rise*,"[[35741, 35745]]","incomes. Relatively high real interest rates that reflected the increased productivity and damped the rise in asset values would be needed to help restore balance. In that regard, members questioned whether rates would be high enough without policy tightening to bring the"
2000-02-02,2000-02-02_0005,wealth effect*,wealth effects,38048,38062,unclassified,,[],"being supported by robust growth in jobs and incomes, very high levels of consumer confidence, and the lagged wealth effects from earlier advances in stock market prices. Even so, growth in consumer spending was thought likely to moderate over time to a pace more in line wi"
2000-02-02,2000-02-02_0006,stock market price*,stock market prices,38088,38107,positive,advanc*,"[[38076, 38084]]"," and incomes, very high levels of consumer confidence, and the lagged wealth effects from earlier advances in stock market prices. Even so, growth in consumer spending was thought likely to moderate over time to a pace more in line with the expansion in consumer incomes, unless "
2000-02-02,2000-02-02_0007,stock market*,stock market,38261,38273,unclassified,,[],"hought likely to moderate over time to a pace more in line with the expansion in consumer incomes, unless the stock market posted large further increases from current levels. As the experience of recent years had amply demonstrated, however, the future course of stock mar"
2000-02-02,2000-02-02_0008,stock market price*,stock market prices,38414,38433,positive,high*,"[[38438, 38444]]"," from current levels. As the experience of recent years had amply demonstrated, however, the future course of stock market prices was highly uncertain, and equity markets had shown a remarkable resilience to higher interest rates as earning prospects continued to be marked up in"
2000-02-02,2000-02-02_0009,equity market*,equity markets,38460,38474,unclassified,,[],"ent years had amply demonstrated, however, the future course of stock market prices was highly uncertain, and equity markets had shown a remarkable resilience to higher interest rates as earning prospects continued to be marked up in association with the acceleration in pro"
2000-02-02,2000-02-02_0010,wealth effect*,wealth effects,40467,40481,unclassified,,[],"term mortgages to currently lower-cost adjustable rate mortgages. More fundamentally, however, the income and wealth effects that were boosting household expenditures generally should help to sustain a perhaps somewhat diminished but still high level of homebuilding activit"
2000-02-02,2000-02-02_0011,wealth effect*,wealth effect,48837,48850,unclassified,,[],"ve, given the effects of increasing productivity and profits on the demand for capital goods and, through the wealth effect, on consumption spending. Private long-term rates already had risen considerably, but whether they had reached a level that would lead to a rebalanci"
2000-03-21,2000-03-21_0000,household wealth,household wealth,10686,10702,unclassified,,[],ed to increase rapidly in January and February against the backdrop of strong growth in disposable income and household wealth and elevated consumer confidence. Sales of light vehicles surged over the January-February period. Purchases of goods other than motor vehicles picke
2000-03-21,2000-03-21_0001,equity price*,equity prices,16508,16521,unclassified,,[],"rned back down in response to new information indicating continued low inflation and to greater volatility in equity prices. On balance over the intermeeting period, interest rates on private instruments registered small mixed changes while yields on longer-term Treasury s"
2000-03-21,2000-03-21_0002,index* of equity price*,indexes of equity prices,16716,16740,positive,mov* up,"[[16741, 16749]]","stered small mixed changes while yields on longer-term Treasury securities declined significantly. Most major indexes of equity prices moved up appreciably on net over the intermeeting period. In foreign exchange markets, the trade-weighted value of the dollar changed little over the"
2000-03-21,2000-03-21_0003,equities,equities,17530,17538,unclassified,,[],"nd rising opportunity costs of holding liquid balances. In addition, the surging prices of technology-related equities might have spurred depositors to shift some of their M2 balances into equity mutual funds. The growth of total domestic nonfinancial debt slowed earl"
2000-03-21,2000-03-21_0004,wealth effect*,wealth effects,18153,18167,unclassified,,[]," The expansion of domestic final demand increasingly would be held back by the anticipated waning of positive wealth effects associated with large earlier gains in equity prices and by higher interest rates. As a result, the growth of spending on consumer durables and house"
2000-03-21,2000-03-21_0005,equity price*,equity prices,18207,18220,positive,gain*,"[[18198, 18203]]","ould be held back by the anticipated waning of positive wealth effects associated with large earlier gains in equity prices and by higher interest rates. As a result, the growth of spending on consumer durables and houses was expected to slow; in addition, business investm"
2000-03-21,2000-03-21_0006,stock market*,stock market,21539,21551,unclassified,,[],"er debt loads, and the effects of higher oil prices. Of key importance was the prospective performance of the stock market, whose robust gains in recent years had undoubtedly boosted consumer confidence and spending. The members noted that equity prices generally had post"
2000-03-21,2000-03-21_0007,equity price*,equity prices,21669,21682,unclassified,,[],"robust gains in recent years had undoubtedly boosted consumer confidence and spending. The members noted that equity prices generally had posted further gains during the intermeeting period, but in their view the large increases of recent years were not likely to be repeat"
2000-03-21,2000-03-21_0008,wealth effect*,wealth effects,22003,22017,unclassified,,[],"ect on consumer expenditures over time. Even so, further increases in household incomes along with the lagged wealth effects of the sharp earlier advances in stock market prices seemed likely to sustain relatively strong consumer spending for some period of time. After mode"
2000-03-21,2000-03-21_0009,stock market price*,stock market prices,22051,22070,positive,advanc*,"[[22039, 22047]]"," further increases in household incomes along with the lagged wealth effects of the sharp earlier advances in stock market prices seemed likely to sustain relatively strong consumer spending for some period of time. After moderating toward the end of 1999, in part because of cau"
2000-03-21,2000-03-21_0010,stock market*,stock market,22656,22668,unclassified,,[],"and the ready availability of both debt and equity financing. The divergence, at least until recently, in the stock market between the valuations of high-tech firms and those of more traditional, established firms was inducing a redirection of investment funds to business"
2000-03-21,2000-03-21_0011,stock market*,stock market,23197,23209,unclassified,,[],"ct to a sizable market adjustment at some point. That risk was underscored by the increased volatility of the stock market. In the housing sector, building activity generally remained at a high level, though slipping a bit in some parts of the country, and there were only"
2000-05-16,2000-05-16_0000,household wealth,household wealth,6644,6660,positive,gain*,"[[6635, 6640]]","pending remained strong as a result of robust expansion of disposable incomes, the large accumulated gains in household wealth, and very positive consumer sentiment. Residential housing activity stayed at an elevated level in April; total private housing starts edged higher w"
2000-05-16,2000-05-16_0001,stock market wealth,stock market wealth,7137,7156,positive,gain*,"[[7128, 7133]]",sing mortgage rates apparently was being underpinned by the rapid growth of jobs and the accumulated gains in stock market wealth. Business fixed investment was up sharply in the first quarter after a sluggish performance late last year. The pickup encompassed both durable equip
2000-05-16,2000-05-16_0002,stock price*,stock prices,12368,12380,negative,tumbl*,"[[12381, 12388]]"," some sentiment for a larger policy tightening than had been undertaken. Subsequently, interest rates fell as stock prices tumbled over the first half of April, when investors seemed to revise downward their assessments of equity valuations, especially those of more specu"
2000-05-16,2000-05-16_0003,equity valu*,equity valuations,12481,12498,unclassified,,[],"ck prices tumbled over the first half of April, when investors seemed to revise downward their assessments of equity valuations, especially those of more speculative technology shares that previously had risen considerably. Interest rates more than reversed those declines, how"
2000-05-16,2000-05-16_0004,stock price*,stock prices,12659,12671,unclassified,,[],"hares that previously had risen considerably. Interest rates more than reversed those declines, however, when stock prices began to level out and incoming data suggested that aggregate demand continued to expand faster than potential supply and that wage and price develop"
2000-05-16,2000-05-16_0005,index* of equity price*,indexes of equity prices,13000,13024,negative,declin*,"[[13025, 13033]]","period, private interest rates moved up appreciably while Treasury yields increased somewhat less. Most major indexes of equity prices declined significantly over the intermeeting period. In foreign exchange markets, the trade-weighted value of the dollar appreciated considerably ove"
2000-05-16,2000-05-16_0006,wealth effect*,wealth effects,14534,14548,unclassified,,[]," The expansion of domestic final demand increasingly would be held back by the anticipated waning of positive wealth effects associated with earlier large gains in equity prices and by higher interest rates. As a result, the growth of spending on consumer durables and house"
2000-05-16,2000-05-16_0007,equity price*,equity prices,14588,14601,positive,gain*,"[[14579, 14584]]","ould be held back by the anticipated waning of positive wealth effects associated with earlier large gains in equity prices and by higher interest rates. As a result, the growth of spending on consumer durables and houses was expected to slow; in contrast, however, overall"
2000-05-16,2000-05-16_0008,stock market price*,stock market prices,17880,17899,positive,rise*,"[[17872, 17876]]",eat in the context of an extended period of sizable expansion in employment and incomes and the sharp rise in stock market prices over the course of recent years. Some members observed that the slightly less ebullient consumer behavior recently might have been influenced to some
2000-05-16,2000-05-16_0009,stock market*,stock market,18104,18116,negative,downward movement,"[[18079, 18096]]","er behavior recently might have been influenced to some extent by the volatility and downward movement in the stock market over the course of the past several weeks. Higher financing costs probably also were beginning to play a role. Looking ahead, the experience of recen"
2000-05-16,2000-05-16_0010,stock market*,stock market,18346,18358,unclassified,,[],"ahead, the experience of recent years amply demonstrated the difficulty of forecasting the performance of the stock market. The failure of further large increases to materialize, should that occur, would over time imply a more neutral or even a negative net impact from we"
2000-05-16,2000-05-16_0011,equity price*,equity prices,23175,23188,positive,high*,"[[23168, 23174]]","the result of the ongoing acceleration of productivity, with the latter feeding back on demand through higher equity prices and profitable investment opportunities. Financial markets seemed to have recognized the need for real interest rates to rise further under these cir"
2000-06-28,2000-06-28_0000,household wealth,household wealth,6057,6073,positive,gain*,"[[6048, 6053]]","the recent weakness, however, continued solid expansion of disposable incomes, the large accumulated gains in household wealth, and very positive consumer sentiment suggested that underlying fundamentals behind household spending remained favorable. Higher mortgage rates appa"
2000-06-28,2000-06-28_0001,stock price*,stock prices,10417,10429,unclassified,,[],"1/2 percent target. The Committee's action and its announcement surprised markets only a little, and bond and stock prices edged a bit lower. Markets grew increasingly uneasy over the next few weeks as incoming data suggested the possible need for further substantial poli"
2000-06-28,2000-06-28_0002,equity price*,equity prices,10717,10730,negative,declin*,"[[10705, 10713]]","ave adverse effects on corporate earnings. These concerns apparently contributed to sharp further declines in equity prices and to widening risk spreads on corporate bonds. Subsequently, debt and equity markets rebounded in response to a series of US economic data releases"
2000-06-28,2000-06-28_0003,equity market*,equity markets,10803,10817,positive,rebound*,"[[10818, 10827]]","arp further declines in equity prices and to widening risk spreads on corporate bonds. Subsequently, debt and equity markets rebounded in response to a series of US economic data releases that were viewed as signaling a moderation in aggregate demand and a continuation of l"
2000-06-28,2000-06-28_0004,stock price*,stock price,11225,11236,unclassified,,[]," on longer-term Treasury securities and investment-grade corporate bonds declined appreciably, and most broad stock price indexes ended the period little changed. In foreign exchange markets, the trade-weighted value of the dollar depreciated somewhat over the intermeeti"
2000-06-28,2000-06-28_0005,wealth effect*,wealth effects,13121,13135,unclassified,,[]," The expansion of domestic final demand increasingly would be held back by the anticipated waning of positive wealth effects associated with earlier large gains in equity prices and by higher interest rates; as a result, growth of spending on consumer durables and houses wa"
2000-06-28,2000-06-28_0006,equity price*,equity prices,13175,13188,positive,gain*,"[[13166, 13171]]","ould be held back by the anticipated waning of positive wealth effects associated with earlier large gains in equity prices and by higher interest rates; as a result, growth of spending on consumer durables and houses was expected to slow further. By contrast, business fix"
2000-06-28,2000-06-28_0007,equity price*,equity prices,14502,14515,unclassified,,[],"ncluding the likelihood that much of the effect on spending of the rise in interest rates and leveling out in equity prices this year had not yet been felt. Nevertheless, the indications of slowing economic expansion were still tentative. Some sectors of the economy such a"
2000-06-28,2000-06-28_0008,wealth effect*,wealth effects,17819,17833,unclassified,,[], could also point to the possible extension of the less robust trend. Those factors included gradually waning wealth effects associated with the absence of further large gains in stock market prices; rising levels of consumer debt; the loss of consumer purchasing power stem
2000-06-28,2000-06-28_0009,stock market price*,stock market prices,17888,17907,positive,gain*,"[[17879, 17884]]", Those factors included gradually waning wealth effects associated with the absence of further large gains in stock market prices; rising levels of consumer debt; the loss of consumer purchasing power stemming from higher energy prices; and the large cumulative buildup of consum
2000-06-28,2000-06-28_0010,wealth effect*,wealth effects,18919,18933,unclassified,,[],effects of higher mortgage interest rates on a growing number of homebuyers and probably also the diminishing wealth effects of the earlier run-up in stock prices and the cumulatively large additions to the stock of housing in the economy. The sluggish tone of the housing d
2000-06-28,2000-06-28_0011,stock price*,stock prices,18959,18971,positive,run up,"[[18949, 18955]]",s on a growing number of homebuyers and probably also the diminishing wealth effects of the earlier run-up in stock prices and the cumulatively large additions to the stock of housing in the economy. The sluggish tone of the housing data was confirmed by anecdotal reports
2000-06-28,2000-06-28_0012,equity market*,equity markets,20461,20475,unclassified,,[]," in the business community, evidently associated in part with less favorable financial conditions in debt and equity markets and possibly auguring more substantial cutbacks in business investment over time should growth in personal consumption outlays be sustained on a cons"
2000-08-22,2000-08-22_0000,stock market*,stock market,5495,5507,unclassified,,[],"ainst the background of moderate growth of real disposable income in recent quarters and little net change in stock market valuations thus far this year. Nevertheless, consumer sentiment continued to be very buoyant. With mortgage rates at levels well above their average "
2000-08-22,2000-08-22_0001,index* of stock market price*,indexes of stock market prices,10499,10529,positive,rose,"[[10530, 10534]]","d remain damped, thereby lessening or potentially obviating further tightening of monetary policy. Most broad indexes of stock market prices rose somewhat over the period since the June meeting. In foreign exchange markets, the trade-weighted value of the dollar increased on net against an"
2000-08-22,2000-08-22_0002,wealth effect*,wealth effects,12673,12687,unclassified,,[]," domestic final demand would be held back to some extent by the waning and eventual disappearance of positive wealth effects associated with outsized earlier gains in equity prices and by higher interest rates. As a result, growth of spending on consumer durables was expect"
2000-08-22,2000-08-22_0003,equity price*,equity prices,12730,12743,positive,gain*,"[[12721, 12726]]","by the waning and eventual disappearance of positive wealth effects associated with outsized earlier gains in equity prices and by higher interest rates. As a result, growth of spending on consumer durables was expected to stay well below that in recent quarters and housin"
2000-08-22,2000-08-22_0004,equity price*,equity prices,14328,14341,unclassified,,[],"ing the economy's potential output growth and, in the context of the leveling out of the broadest measures of equity prices this year, was doing so without the full feedback on demand of previous such accelerations. While prices were rising somewhat more than a year ago, m"
2000-08-22,2000-08-22_0005,stock market*,stock market,16794,16806,positive,rising,"[[16787, 16793]]","tial aggregate supply owing to the effects of stronger profits on investment spending and, through the rising stock market, on consumption as well. However, the leveling out in stock prices this year suggested that recent increases in productivity growth had been built in"
2000-08-22,2000-08-22_0006,stock price*,stock prices,16861,16873,unclassified,,[],"nvestment spending and, through the rising stock market, on consumption as well. However, the leveling out in stock prices this year suggested that recent increases in productivity growth had been built into market expectations and prices some time ago and were not likely"
2000-08-22,2000-08-22_0007,equity price*,equity prices,17200,17213,unclassified,,[],"oductivity acceleration. Members cautioned nonetheless that the possibility that long-term interest rates and equity prices did not yet adequately reflect ongoing productivity gains could not be ruled out, with attendant effects boosting demand. Finally, rising productivit"
2000-08-22,2000-08-22_0008,wealth effect*,wealth effects,18441,18455,unclassified,,[],"elow expectations in several parts of the country. Factors underlying these developments included diminishing wealth effects after several months of limited changes in equity prices, the cumulative buildup in the stock of motor vehicles and other consumer durables owned by "
2000-08-22,2000-08-22_0009,equity price*,equity prices,18499,18512,unclassified,,[]," underlying these developments included diminishing wealth effects after several months of limited changes in equity prices, the cumulative buildup in the stock of motor vehicles and other consumer durables owned by the public, and the constraining effects of higher energy"
2000-08-22,2000-08-22_0010,wealth effect*,wealth effects,19739,19753,unclassified,,[],"nue to exert some downward pressure on housing activity. However, reference also was made to indications that wealth effects were continuing to boost housing demand and prices in parts of the country. In sharp contrast to developments in the consumer and housing sectors, bu"
2000-08-22,2000-08-22_0011,equity price*,equity prices,24592,24605,positive,rise*,"[[24610, 24615]]","ng institutions were continuing to report further tightening of their standards and terms for business loans, equity prices had risen only modestly, and the dollar had firmed over recent months. In addition, the last few readings on core inflation had not suggested a furth"
2000-10-03,2000-10-03_0000,equity price*,equity prices,6478,6491,unclassified,,[],"e year, likely reflecting in part the recent smaller gains in income and employment and the flattening out of equity prices thus far this year. New home sales picked up in July (latest data), though that gain might have been overstated as a result of problems with estimati"
2000-10-03,2000-10-03_0001,index* of stock market price*,indexes of stock market prices,11596,11626,negative,declin*,"[[11627, 11635]]","ome upward pressure on long-term Treasury yields and of growing concerns about corporate earnings, most broad indexes of stock market prices declined somewhat over the intermeeting period. In foreign exchange markets, the trade-weighted value of the dollar increased somewhat further on bal"
2000-10-03,2000-10-03_0002,wealth effect*,wealth effects,13811,13825,unclassified,,[],"xpansion of domestic final demand would be held back to some extent by the eventual disappearance of positive wealth effects associated with outsized earlier gains in equity prices and by higher interest rates. As a result, growth of spending on consumer durables was expect"
2000-10-03,2000-10-03_0003,equity price*,equity prices,13868,13881,positive,gain*,"[[13859, 13864]]","ome extent by the eventual disappearance of positive wealth effects associated with outsized earlier gains in equity prices and by higher interest rates. As a result, growth of spending on consumer durables was expected to remain appreciably below that in recent quarters a"
2000-10-03,2000-10-03_0004,equity price*,equity prices,15127,15140,negative,soft*,"[[15114, 15123]]","f expansion in the nation's output potential. Looking ahead, they generally anticipated that the softening in equity prices and the rise in interest rates that had occurred earlier in the year would contribute to keeping growth in demand at a more subdued but still relativ"
2000-10-03,2000-10-03_0005,stock market*,stock market,17727,17739,unclassified,,[], industry contacts indicated that they were marking down their forecasts of retail sales. A flat and volatile stock market and the rise in energy costs appeared to be key factors currently tending to inhibit growth in consumer spending at least to some extent. On the posi
2000-10-03,2000-10-03_0006,stock market*,stock market,18516,18528,unclassified,,[],"ng mortgage interest rates at levels still appreciably above earlier lows and the sideways performance of the stock market, were expected to constrain housing activity somewhat over coming quarters, though such activity likely would remain on a relatively high plateau. In"
2000-10-03,2000-10-03_0007,equity price*,equity prices,19162,19175,negative,weak*,"[[19146, 19154]]","d forecasts of slower growth in final demand and less favorable financial conditions, notably weakness in the equity prices of numerous ""new economy"" firms and tightening credit availability for business firms that did not enjoy investment-grade credit ratings or favorable"
2000-11-15,2000-11-15_0000,index* of stock market price*,indexes of stock market prices,12107,12137,unclassified,,[],"United States, and wide swings in and uncertainty about the price of oil contributed to a sharp drop in broad indexes of stock market prices over the period in volatile trading. In foreign exchange markets, the trade-weighted value of the dollar increased slightly further on balance over t"
2000-11-15,2000-11-15_0001,wealth effect*,wealth effects,14224,14238,unclassified,,[]," expansion of domestic final demand would be held back to some extent by the waning influence of the positive wealth effects associated with past outsized gains in equity prices but also by some firming of conditions in credit markets. As a result, growth of spending on con"
2000-11-15,2000-11-15_0002,equity price*,equity prices,14278,14291,positive,gain*,"[[14269, 14274]]"," to some extent by the waning influence of the positive wealth effects associated with past outsized gains in equity prices but also by some firming of conditions in credit markets. As a result, growth of spending on consumer durables was expected to be appreciably below t"
2000-11-15,2000-11-15_0003,equity price*,equity prices,15694,15707,negative,low*,"[[15688, 15693]]","pected shortfalls in business profitability had led to tighter credit conditions for many borrowers and lower equity prices, which would continue to restrain spending; moreover, further pressure on profit margins, with adverse effects on financial markets, business investm"
2000-11-15,2000-11-15_0004,stock market*,stock market,17954,17966,unclassified,,[],"t and energy costs in conjunction with restraint on the prices of final output had depressed the earnings and stock market valuations of many firms, notably in the high-tech area, with adverse repercussions on their ability to borrow and willingness to invest and on the f"
2000-11-15,2000-11-15_0005,equity market*,equity market,18997,19010,unclassified,,[],ose related to fiber optics. The available evidence did not indicate any material decrease in the optimism of equity market analysts as a group regarding the outlook for earnings over the long term. This suggested that their contacts among business executives remained fund
2000-11-15,2000-11-15_0006,wealth effect*,wealth effects,19979,19993,unclassified,,[],"included the impact of elevated energy costs, the high debt burdens of many households, and the ebbing of the wealth effects from strong earlier gains in stock market prices. Even so, anticipated increases in employment and income and still relatively high levels of consume"
2000-11-15,2000-11-15_0007,stock market price*,stock market prices,20023,20042,positive,gain*,"[[20014, 20019]]",", the high debt burdens of many households, and the ebbing of the wealth effects from strong earlier gains in stock market prices. Even so, anticipated increases in employment and income and still relatively high levels of consumer confidence were likely to support appreciable f"
2000-11-15,2000-11-15_0008,wealth effect*,wealth effects,20653,20667,unclassified,,[]," around the country. In general, housing demand was expected to edge lower in response to the same income and wealth effects that were influencing consumer durables expenditures and to the increase in mortgage interest rates that had occurred on net over the past year. Curr"
2000-12-19,2000-12-19_0000,stock price*,stock prices,5620,5632,negative,low*,"[[5614, 5619]]","rther in the fourth quarter in an environment of diminished consumer confidence, smaller job gains, and lower stock prices. Retail sales were down somewhat on balance in October and November after a substantial third-quarter increase; sales of light vehicles dropped over "
2000-12-19,2000-12-19_0001,equity price*,equity prices,12832,12845,negative,down,"[[12827, 12831]]","aker outlook for economic growth, coupled with growing market concerns about corporate earnings, weighed down equity prices and boosted risk spreads on lower-rated investment-grade and high-yield bonds. Equity prices were quite volatile during the intermeeting period and, "
2000-12-19,2000-12-19_0002,equity price*,Equity prices,12925,12938,unclassified,,[],"gs, weighed down equity prices and boosted risk spreads on lower-rated investment-grade and high-yield bonds. Equity prices were quite volatile during the intermeeting period and, reflecting numerous dour reports on corporate earnings and incoming information indicating sl"
2000-12-19,2000-12-19_0003,index* of stock market price*,indexes of stock market prices,13149,13179,negative,drop*,"[[13180, 13187]]","e earnings and incoming information indicating slower growth in economic activity in the United States, broad indexes of stock market prices dropped considerably on balance over the intermeeting period. In foreign exchange markets, the trade-weighted value of the dollar edged lower on bala"
2000-12-19,2000-12-19_0004,wealth effect*,wealth effects,15189,15203,unclassified,,[], the expansion of domestic final demand would be held back to some extent by the diminishing influence of the wealth effects associated with past outsized gains in equity prices but also by the relatively high interest rates and the somewhat stringent credit terms and condi
2000-12-19,2000-12-19_0005,equity price*,equity prices,15243,15256,positive,gain*,"[[15234, 15239]]",back to some extent by the diminishing influence of the wealth effects associated with past outsized gains in equity prices but also by the relatively high interest rates and the somewhat stringent credit terms and conditions on some types of loans by financial institution
2000-12-19,2000-12-19_0006,wealth effect*,wealth effects,18804,18818,unclassified,,[],"gence of this weakness, and also as possible harbingers of developments in coming quarters, were the negative wealth effects of further declines in stock market prices, the impact of very high energy costs on disposable incomes, and some increase in caution about the outloo"
2000-12-19,2000-12-19_0007,stock market price*,stock market prices,18842,18861,negative,declin*,"[[18830, 18838]]","ssible harbingers of developments in coming quarters, were the negative wealth effects of further declines in stock market prices, the impact of very high energy costs on disposable incomes, and some increase in caution about the outlook for employment opportunities and incomes."
2000-12-19,2000-12-19_0008,equity price*,equity prices,19694,19707,negative,declin*,"[[19684, 19693]]",developments including flagging growth in demand and tightening financial conditions in the form of declining equity prices and stricter credit terms for many business borrowers. The re-evaluation of prospects was most pronounced in the high-tech industries. The profitabil
2000-12-19,2000-12-19_0009,equity price*,equity prices,20105,20118,negative,deteriorat*,"[[20084, 20097]]","on of risks had resulted in much slower growth in production of such equipment and sharp deterioration in the equity prices of high-tech companies. At the same time, nonresidential construction activity appeared to have been well maintained in many parts of the country, th"
2000-12-19,2000-12-19_0010,wealth effect*,wealth effects,21176,21190,unclassified,,[]," course, responding to many of the same factors that were affecting consumer spending, including the negative wealth effects of declining stock market prices. On the positive side, further growth in incomes and declines in mortgage rates were key elements of underlying stre"
2000-12-19,2000-12-19_0011,stock market price*,stock market prices,21204,21223,negative,declin*,"[[21194, 21203]]","of the same factors that were affecting consumer spending, including the negative wealth effects of declining stock market prices. On the positive side, further growth in incomes and declines in mortgage rates were key elements of underlying strength for the housing sector. On b"
2000-12-19,2000-12-19_0012,stock market*,stock market,30932,30944,unclassified,,[],"mer purchasing power and were adding to the costs of many business firms, with adverse effects on profits and stock market valuations. Interacting with these developments were forecasts of further declines in business profits over coming quarters. On the more positive sid"
2001-01-31,2001-01-31_0000,index* of us stock market price*,indexes of US stock market prices,39729,39762,positive,rose,"[[39763, 39767]]"," concerns about the longer-term outlook, and risk spreads on lower-grade bonds fell substantially while broad indexes of US stock market prices rose on balance over the intermeeting period. In foreign exchange markets, the trade-weighted value of the dollar changed little on balance over the "
2001-01-31,2001-01-31_0001,equity market*,equity market,40725,40738,unclassified,,[],arently strengthened further in January. The pickup in M2 growth evidently reflected a flight from heightened equity market volatility late last year to the safety and liquidity of M2 assets along with a recent narrowing of the opportunity costs of holding funds in M2 acco
2001-01-31,2001-01-31_0002,household* net worth,household net worth,41833,41852,negative,declin*,"[[41822, 41829]]","t anticipated that the expansion of domestic final demand would be held back to some extent by the decline in household net worth associated with the downturn that had occurred in equity prices, the remaining effects of prior monetary restraint, and the continuation of somewhat "
2001-01-31,2001-01-31_0003,equity price*,equity prices,41903,41916,unclassified,,[],"d back to some extent by the decline in household net worth associated with the downturn that had occurred in equity prices, the remaining effects of prior monetary restraint, and the continuation of somewhat stringent credit terms and conditions on some types of loans by "
2001-01-31,2001-01-31_0004,equity price*,equity prices,45602,45615,negative,low*,"[[45596, 45601]]","f incomes and higher job layoffs; and investor concerns about earnings could increase further, sparking lower equity prices and tighter standards and terms on credit. Except for prices of energy and medical services, the currently available information indicated relatively"
2001-01-31,2001-01-31_0005,wealth effect*,wealth effects,47919,47933,negative,adverse,"[[47911, 47918]]","nts for the purpose of reducing inventories. Other negative factors cited by the members included the adverse wealth effects of the decrease in stock market valuations, relatively high consumer debt service burdens, and possible retrenchment by consumers after an extended p"
2001-01-31,2001-01-31_0006,stock market*,stock market,47953,47965,negative,decreas*,"[[47941, 47949]]","ventories. Other negative factors cited by the members included the adverse wealth effects of the decrease in stock market valuations, relatively high consumer debt service burdens, and possible retrenchment by consumers after an extended period of large increases in purc"
2001-03-20,2001-03-20_0000,stock price*,stock prices,11774,11786,negative,declin*,"[[11762, 11770]]"," incoming economic data, a steady flow of disappointing corporate earnings reports, related sharp declines in stock prices, and a notable drop in consumer confidence led market participants to conclude that more monetary easing would be required. Yields on Treasury securi"
2001-03-20,2001-03-20_0001,index* of us stock market price*,indexes of US stock market prices,12182,12215,unclassified,,[],"banks further tightened standards and terms on business loans, given the weakening outlook for profits. Broad indexes of US stock market prices moved sharply lower, with the tech-heavy Nasdaq experiencing an especially large drop. Nonetheless, the trade-weighted value of the dollar rose somew"
2001-03-20,2001-03-20_0002,equity market*,equity markets,13074,13088,unclassified,,[],"ld advantage of money funds relative to longer-term investments, and the appeal of a safe haven from volatile equity markets. M3 grew somewhat less rapidly than M2; a pullback in the issuance of bank-managed liabilities, particularly large time deposits, was associated with"
2001-03-20,2001-03-20_0003,household* net worth,household net worth,14090,14109,negative,declin*,"[[14079, 14086]]","ast anticipated that the expansion of domestic final demand would be held back to an extent by the decline in household net worth associated with the downturn that had occurred in equity prices, the lingering effects of last year's relatively high interest rates, and the continu"
2001-03-20,2001-03-20_0004,equity price*,equity prices,14160,14173,unclassified,,[],"eld back to an extent by the decline in household net worth associated with the downturn that had occurred in equity prices, the lingering effects of last year's relatively high interest rates, and the continuation of relatively stringent terms and conditions on some types"
2001-03-20,2001-03-20_0005,equity price*,equity prices,16284,16297,unclassified,,[],"in the outlook for consumer and investment spending in the context of the marked decline that had occurred in equity prices and consumer confidence, and in expected business profitability, and they were concerned that weaker exports might also hold down the expansion of ec"
2001-03-20,2001-03-20_0006,stock market*,stock market,17740,17752,negative,declin*,"[[17724, 17732]]",at consumer sentiment might be undermined even further by continued volatility and additional declines in the stock market and by rising concerns about job losses amid persistent announcements of layoffs. Members also referred to the retarding effects on consumer expendit
2001-03-20,2001-03-20_0007,equity market*,equity markets,19470,19484,negative,weak*,"[[19463, 19469]]","re inhibited in their investment activities by less accommodative financial conditions associated with weaker equity markets and tighter credit terms and conditions imposed by banking institutions. As a consequence, a substantial volume of planned investment was being postp"
2001-03-20,2001-03-20_0008,financial wealth,financial wealth,20865,20881,negative,declin*,"[[20855, 20864]]","s of appreciably reduced mortgage interest rates apparently compensated for the negative effects of declining financial wealth on the demand for housing. While housing construction was generally described as elevated, some members referred to overbuilding or weakness in some "
2001-03-20,2001-03-20_0009,stock market price*,stock market prices,25193,25212,negative,declin*,"[[25181, 25189]]"," expected from policy easing of this cumulative amount because it had been accompanied by further declines in stock market prices, more stringent financing terms for many business borrowers, and a stronger dollar, all of which would be holding down domestic spending and producti"
2001-03-20,2001-03-20_0010,equity price*,equity prices,25568,25581,negative,declin*,"[[25556, 25564]]"," recent days, importantly reflecting the possibility of a presumed policy response to the sizable declines in equity prices that had occurred as earnings prospects proved disappointing. Most members agreed, however, that in the context of their focus on the economy, smalle"
2001-05-15,2001-05-15_0000,household* net worth,household net worth,5964,5983,negative,reduc*,"[[5956, 5963]]","spending had held up relatively well thus far this year despite the deceleration in personal incomes, reduced household net worth, and deterioration in consumer sentiment since last autumn. After a solid first-quarter gain, nominal retail sales rose briskly in April, reflecting "
2001-05-15,2001-05-15_0001,equity price*,equity prices,12367,12380,positive,rise*,"[[12359, 12363]]","parently contributed to a narrowing of risk premiums on lower-grade private debt obligations and to a rise in equity prices. Better-than-expected first-quarter earnings also boosted stock prices, and broad indexes of US stock market prices moved substantially higher. In fo"
2001-05-15,2001-05-15_0002,stock price*,stock prices,12439,12451,positive,boost*,"[[12431, 12438]]","ate debt obligations and to a rise in equity prices. Better-than-expected first-quarter earnings also boosted stock prices, and broad indexes of US stock market prices moved substantially higher. In foreign exchange markets, the trade-weighted value of the dollar in terms"
2001-05-15,2001-05-15_0003,index* of us stock market price*,indexes of US stock market prices,12463,12496,unclassified,,[]," to a rise in equity prices. Better-than-expected first-quarter earnings also boosted stock prices, and broad indexes of US stock market prices moved substantially higher. In foreign exchange markets, the trade-weighted value of the dollar in terms of many of the major foreign currencies chan"
2001-05-15,2001-05-15_0004,equity market*,equity markets,13617,13631,unclassified,,[],"ts of lower market interest rates, extensive mortgage financing activity and a flight to safety from volatile equity markets likely added to M2's strong upward trend. The expansion of M3 was bolstered by robust growth of institution-only money funds and by greater issuance "
2001-05-15,2001-05-15_0005,household* net worth,household net worth,14739,14758,negative,declin*,"[[14728, 14735]]","ould be held back to an extent by some of the developments in financial markets-in particular, the decline in household net worth associated with the earlier downturn in equity prices, the continuation of relatively stringent terms and conditions on some types of loans by financ"
2001-05-15,2001-05-15_0006,equity price*,equity prices,14799,14812,negative,downturn,"[[14787, 14795]]","n financial markets-in particular, the decline in household net worth associated with the earlier downturn in equity prices, the continuation of relatively stringent terms and conditions on some types of loans by financial institutions, and the appreciation of the dollar. "
2001-05-15,2001-05-15_0007,household wealth,household wealth,14999,15015,negative,declin*,"[[14988, 14995]]"," of loans by financial institutions, and the appreciation of the dollar. Partly as a result of the decline in household wealth, growth of consumer spending was expected to remain relatively low for some time, and housing demand would increase only a little from its recent lev"
2001-05-15,2001-05-15_0008,wealth effect*,wealth effects,18430,18444,unclassified,,[],"had held up reasonably well in recent months despite a variety of adverse developments including the negative wealth effects of stock market declines, widely publicized job cutbacks, heavy consumer debt loads, and previous overspending by many consumers. A recent survey had"
2001-05-15,2001-05-15_0009,stock market*,stock market,18448,18460,negative,declin*,"[[18461, 18469]]","ably well in recent months despite a variety of adverse developments including the negative wealth effects of stock market declines, widely publicized job cutbacks, heavy consumer debt loads, and previous overspending by many consumers. A recent survey had indicated that "
2001-05-15,2001-05-15_0010,wealth effect*,wealth effects,18991,19005,unclassified,,[],"employment and income, and further increases in unemployment in the period just ahead along with the negative wealth effects of earlier stock market price declines and the persistence of high energy costs were likely to constrain the growth in consumer expenditures over com"
2001-05-15,2001-05-15_0011,stock market price*,stock market price,19017,19035,negative,declin*,"[[19036, 19044]]", further increases in unemployment in the period just ahead along with the negative wealth effects of earlier stock market price declines and the persistence of high energy costs were likely to constrain the growth in consumer expenditures over coming quarters. Household expend
2001-05-15,2001-05-15_0012,equity price*,equity prices,22741,22754,negative,downward adjust*,"[[22718, 22737]]","y in the United States, and notable weakness in world high-tech markets along with the downward adjustment in equity prices globally represented a downside risk factor worldwide. The anticipated recovery in this country would help to strengthen many foreign economies and i"
2001-06-27,2001-06-27_0000,household* net worth,household net worth,5893,5912,negative,declin*,"[[5882, 5889]]","quarter, reflecting the deceleration in personal income, the rise in unemployment, and the earlier decline in household net worth. Nominal retail sales were up only slightly in May after a brisk rise in April, and the average rate of increase over the two months was somewhat slo"
2001-06-27,2001-06-27_0001,equity price*,equity prices,11760,11773,negative,weigh* on,"[[11749, 11759]]","bonds rose sharply in response to the adverse earnings news. The pessimistic earnings reports also weighed on equity prices, which edged lower on balance. In foreign exchange markets, the trade-weighted value of the dollar in terms of many of the major foreign currencies i"
2001-06-27,2001-06-27_0002,equity market*,equity markets,12955,12969,unclassified,,[],"its associated with extensive mortgage financing activity, and a flight to liquidity and safety from volatile equity markets. The debt of domestic nonfinancial sectors expanded at a moderate pace on balance through May. The staff forecast prepared for this meeting suggested"
2001-06-27,2001-06-27_0003,household wealth,household wealth,13863,13879,negative,declin*,"[[13852, 13859]]","ding federal tax rebates, that was in train, the forecast anticipated that sluggish hiring and the decline in household wealth would restrain the growth of both consumer spending and housing demand. Business fixed investment, notably outlays for equipment and software, would "
2001-06-27,2001-06-27_0004,equity price*,equity prices,14862,14875,negative,low*,"[[14856, 14861]]","pending for equipment and software, efforts to reduce excess inventories, and the ongoing adaptation to lower equity prices in the United States and around the world were likely to hold back economic activity in the short run. Nonetheless, the members continued to anticipa"
2001-06-27,2001-06-27_0005,equity price*,equity prices,16146,16159,negative,low*,"[[16140, 16145]]","siness confidence; the risks of disappointing business earnings that could damp investment and, through lower equity prices, consumption; and the growing indications of weakness in foreign economies that could limit demand for exports. In an environment of diminished press"
2001-06-27,2001-06-27_0006,equity price*,equity prices,18371,18384,unclassified,,[],"rm interest rates had fallen substantially this year, and long-term yields had moved down late last year. But equity prices were only holding their own after a substantial decline earlier and the dollar had appreciated. Though lenders were cautious about marginally creditw"
2001-06-27,2001-06-27_0007,wealth effect*,wealth effects,18991,19005,negative,adverse,"[[18983, 18990]]","moderating appreciably since earlier in the year, had nonetheless held up unexpectedly well given the adverse wealth effects associated with the declines in stock market prices, relatively high levels of consumer indebtedness, and job losses in a growing number of industrie"
2001-06-27,2001-06-27_0008,stock market price*,stock market prices,19038,19057,negative,declin*,"[[19026, 19034]]","r, had nonetheless held up unexpectedly well given the adverse wealth effects associated with the declines in stock market prices, relatively high levels of consumer indebtedness, and job losses in a growing number of industries. Members referred in particular to the persisting "
2001-06-27,2001-06-27_0009,stock market*,stock market,19515,19527,negative,weak*,"[[19499, 19507]]","o a number of downside risks that included the possibility of rising unemployment and further weakness in the stock market, which could damp consumer confidence as well as income and wealth. However, some further growth in consumer spending remained the most likely prospe"
2001-06-27,2001-06-27_0010,stock market wealth,stock market wealth,20074,20093,negative,reduc*,"[[20066, 20073]]","ued to counterbalance the negative effects on consumer attitudes of somewhat weaker labor markets and reduced stock market wealth. While housing activity in a number of areas continued to be described as fairly robust, members noted that residential sales and construction had sl"
2001-08-21,2001-08-21_0000,equity market*,equity markets,11095,11109,negative,took toll on,"[[11080, 11094]]","reports and sizable reductions in analysts' earnings projections for the remainder of the year took a toll on equity markets, however, and broad stock market indexes moved down appreciably over the intermeeting interval. The trade-weighted value of the dollar, after an exte"
2001-08-21,2001-08-21_0001,stock market index*,stock market indexes,11130,11150,negative,mov* down,"[[11151, 11161]]","nalysts' earnings projections for the remainder of the year took a toll on equity markets, however, and broad stock market indexes moved down appreciably over the intermeeting interval. The trade-weighted value of the dollar, after an extended period of strength, fell against mos"
2001-08-21,2001-08-21_0002,equity market*,equity markets,11895,11909,unclassified,,[],"as held up by a flight to liquidity and safety in light of the poor performance and substantial volatility in equity markets. Foreign demands for US currency also boosted money growth in July. The staff forecast prepared for this meeting suggested that, after a period of ve"
2001-08-21,2001-08-21_0003,household* net worth,household net worth,12745,12764,unclassified,,[],cast anticipated that the expansion of domestic final demand would continue to be held back by the effects on household net worth of recent and possible future declines in stock market prices and by damped consumer and business sentiment in a weaker job market. With long-term tr
2001-08-21,2001-08-21_0004,stock market price*,stock market prices,12807,12826,negative,declin*,"[[12795, 12803]]","ould continue to be held back by the effects on household net worth of recent and possible future declines in stock market prices and by damped consumer and business sentiment in a weaker job market. With long-term trends in innovation holding up reasonably well, business fixed "
2001-08-21,2001-08-21_0005,wealth effect*,wealth effects,16931,16945,unclassified,,[],"rgird consumer spending and the data on retail sales for July displayed relatively impressive gains, negative wealth effects from falling stock market prices, declining payrolls, and sluggish income gains--should they persist--might well depress consumer expenditures over c"
2001-08-21,2001-08-21_0006,stock market price*,stock market prices,16959,16978,negative,fall*,"[[16951, 16958]]","the data on retail sales for July displayed relatively impressive gains, negative wealth effects from falling stock market prices, declining payrolls, and sluggish income gains--should they persist--might well depress consumer expenditures over coming months. In this regard, som"
2001-08-21,2001-08-21_0007,stock market wealth,stock market wealth,17599,17618,negative,declin*,"[[17589, 17598]]","e interest rates continued to offset weakness in employment and incomes and the negative effects of declining stock market wealth. Most regions continued to report strong housing markets, albeit with evidence of some weakening in sales of high-priced homes in a number of areas. "
2001-08-21,2001-08-21_0008,equity market*,equity markets,24462,24476,negative,fall*,"[[24481, 24487]]"," Since the start of the year, long-term interest rates generally had not extended earlier declines, prices in equity markets had fallen substantially further, and the dollar had appreciated in foreign exchange markets. Accordingly, the inflation risks of some further moneta"
2001-08-21,2001-08-21_0009,asset price*,asset prices,30946,30958,unclassified,,[],"ned concerns and uncertainty created by the recent terrorist attacks and their potentially adverse effects on asset prices and the performance of the economy. In conjunction with these policy moves, the Federal Reserve would continue to supply, as needed, an atypically la"
2001-10-02,2001-10-02_0000,stock market price*,stock market prices,6396,6415,negative,declin*,"[[6384, 6392]]","ed from increased concerns about future sales and earnings, which also was reflected in the sharp declines in stock market prices after the equity markets reopened on September 17. Available indicators suggested that expenditures for equipment and software had remained on a shar"
2001-10-02,2001-10-02_0001,equity market*,equity markets,6426,6440,unclassified,,[],"ut future sales and earnings, which also was reflected in the sharp declines in stock market prices after the equity markets reopened on September 17. Available indicators suggested that expenditures for equipment and software had remained on a sharp downward trajectory int"
2001-10-02,2001-10-02_0002,asset price*,asset prices,11292,11304,unclassified,,[],"ned concerns and uncertainty created by the recent terrorist attacks and their potentially adverse effects on asset prices and the performance of the economy. In conjunction with this easing move, the Federal Reserve indicated that it would continue to supply unusually la"
2001-10-02,2001-10-02_0003,stock market index*,stock market indexes,11893,11913,negative,fell,"[[11914, 11918]]"," interest rates edged lower over that period in response to generally downbeat news on the economy, and broad stock market indexes fell appreciably. For a few days after September 11, with federal funds brokerage disrupted, banks generally agreed to trade reserves at the 3-1/2 pe"
2001-10-02,2001-10-02_0004,stock market*,stock market,13043,13055,unclassified,,[],"reflecting increased investor aversion to holding risky securities, rose sharply in very thin markets. In the stock market, broad equity price measures fell considerably further in volatile trading after the markets reopened on September 17, but part of those losses had b"
2001-10-02,2001-10-02_0005,equity price measure*,equity price measures,13063,13084,negative,fell,"[[13085, 13089]]"," investor aversion to holding risky securities, rose sharply in very thin markets. In the stock market, broad equity price measures fell considerably further in volatile trading after the markets reopened on September 17, but part of those losses had been recovered by the time of "
2001-10-02,2001-10-02_0006,equity market*,equity markets,14444,14458,unclassified,,[],"s and reserves. At the same time, greatly heightened demand for safe and liquid assets encouraged shifts from equity markets into deposit assets. These financial disturbances called for and were accommodated by record infusions of Federal Reserve credit through open market "
2001-10-02,2001-10-02_0007,stock price*,stock prices,16891,16903,unclassified,,[],"kdrop of heightened anxiety and uncertainty about economic prospects and a sharp drop, at least initially, in stock prices after the equity markets reopened on September 17. Looking ahead, the members generally saw a relatively mild and short contraction followed by a gra"
2001-10-02,2001-10-02_0008,equity market*,equity markets,16914,16928,unclassified,,[],"iety and uncertainty about economic prospects and a sharp drop, at least initially, in stock prices after the equity markets reopened on September 17. Looking ahead, the members generally saw a relatively mild and short contraction followed by a gradual recovery next year a"
2001-10-02,2001-10-02_0009,equity market*,equity markets,17854,17868,unclassified,,[],ions to any further terrorist activities. One risk bearing on that outlook was the possibility that prices in equity markets might continue to decline and perhaps even overadjust to lower earnings expectations. The confluence of worldwide economic weakness added to current 
2001-10-02,2001-10-02_0010,wealth effect*,wealth effects,19898,19912,negative,adverse,"[[19890, 19897]]","effect on consumer attitudes was the persisting stream of worker layoffs and rising unemployment. The adverse wealth effects stemming from the cumulative declines in stock market prices were a further negative, though one that had been cushioned by continued increases in th"
2001-10-02,2001-10-02_0011,stock market price*,stock market prices,19954,19973,negative,declin*,"[[19942, 19950]]","f worker layoffs and rising unemployment. The adverse wealth effects stemming from the cumulative declines in stock market prices were a further negative, though one that had been cushioned by continued increases in the value of real estate. Retail sales along with expenditures "
2001-10-02,2001-10-02_0012,stock market price*,stock market prices,26837,26856,negative,declin*,"[[26826, 26833]]","y measures and above its typical level in most earlier periods of economic weakness. Moreover, the decline in stock market prices and the widening of risk spreads had damped the stimulative financial effects of the Committee's earlier easing actions. The relatively low level of "
2001-11-06,2001-11-06_0000,equity price*,equity prices,10513,10526,negative,declin*,"[[10501, 10509]]","lp limit the extent of the downturn and later would contribute to an upturn. Moreover, the recent declines in equity prices and widening of risk spreads tended to offset some of the stimulative effects of earlier easings, and the relatively low level of inflation and infla"
2001-11-06,2001-11-06_0001,index* of equity price*,indexes of equity prices,11502,11526,positive,mov* high*,"[[11527, 11539]]","ecurities down sharply and investors perhaps becoming more confident about long-tem business prospects, major indexes of equity prices moved higher over the intermeeting period. In foreign exchange markets, the trade-weighted value of the dollar in terms of the major foreign currenci"
2001-11-06,2001-11-06_0002,stock market wealth,stock market wealth,17518,17537,negative,declin*,"[[17507, 17514]]","ng was likely to be held back by the persistence of widespread caution among households and by the decline in stock market wealth over the last year or so. Consumer confidence was vulnerable to renewed terrorism and to further weakness in labor markets. Housing activity, though "
2001-11-06,2001-11-06_0003,equity price*,equity prices,24120,24133,unclassified,,[],"and a variety of factors had limited the passthrough of lower short-term interest rates into long-term rates, equity prices, bank lending rates, and the foreign exchange value of the dollar. In circumstances in which inflation was already reasonably low and pressures on re"
2001-12-11,2001-12-11_0000,equity price*,equity prices,11755,11768,unclassified,,[],"monetary policy that had been put in place this year had not shown through fully to long-term interest rates, equity prices, bank lending rates, and the foreign exchange value of the dollar. In these circumstances, with price inflation relatively low and pressures on price"
2001-12-11,2001-12-11_0001,index* of equity price*,indexes of equity prices,12923,12947,unclassified,,[],"y less than those on comparable-maturity Treasuries, rates on speculative-grade bonds fell sharply, and major indexes of equity prices moved significantly higher. In foreign exchange markets, the trade-weighted value of the dollar in terms of the major foreign currencies increased sl"
2001-12-11,2001-12-11_0002,equity market*,equity markets,14274,14288,positive,rallied,"[[14289, 14296]]","t interest rates this year, but inflows to retail money funds slowed as the economic outlook improved and the equity markets rallied. M3 expansion remained at a very high rate in November, bolstered by the growth of M2 and heavy bank acquisitions of nondeposit liabilities. "
2001-12-11,2001-12-11_0003,stock market*,stock market,16732,16744,unclassified,,[],"ted the apparently reduced prospects for additional fiscal stimulus legislation, the vulnerability of current stock market valuations should forecasts of a robust rebound in earnings fail to materialize, the possibility of further terrorist incidents, and especially the p"
2001-12-11,2001-12-11_0004,stock market*,stock market,18205,18217,negative,downturn,"[[18189, 18197]]","dverse economic factors cited by members included rising consumer debt burdens, the risk of a downturn in the stock market, and the recent rise in mortgage interest rates. That increase, among other things, would impinge on the extraction of capital gains from the turnove"
2002-01-30,2002-01-30_0000,equity price*,equity prices,28115,28128,negative,low*,"[[28109, 28114]]"," market and sluggish growth in personal income. An apparent consequence of reduced income growth and of lower equity prices was a change in the mix of single-family homebuilding, with less emphasis on construction of high-priced homes. Business expenditures on durable equi"
2002-01-30,2002-01-30_0001,index* of equity price*,indexes of equity prices,33943,33967,unclassified,,[],"ed slightly over the intermeeting period, risk spreads on corporate debt securities changed little, and major indexes of equity prices edged lower on balance. In foreign exchange markets, the trade-weighted value of the dollar in terms of the major foreign currencies increased somewh"
2002-01-30,2002-01-30_0002,wealth effect*,wealth effects,35932,35946,unclassified,,[],"ly. The monetary ease and fiscal stimulus already in place would provide impetus for the recovery, though the wealth effects of earlier reductions in equity prices, sluggish growth abroad, and the dollar's strength would tend to offset some of that support for a time. The g"
2002-01-30,2002-01-30_0003,equity price*,equity prices,35972,35985,negative,reduc*,"[[35958, 35968]]","s already in place would provide impetus for the recovery, though the wealth effects of earlier reductions in equity prices, sluggish growth abroad, and the dollar's strength would tend to offset some of that support for a time. The gradual strengthening of the recovery wo"
2002-01-30,2002-01-30_0004,equity price*,equity prices,37967,37980,unclassified,,[]," pickup over coming quarters, and intense competitive pressures could well constrain profits, investment, and equity prices. As a result, the members were concerned that the acceleration in final demand could be modest, at least for a time. Against this background, the pro"
2002-01-30,2002-01-30_0005,stock market wealth,stock market wealth,41524,41543,negative,declin*,"[[41512, 41520]]","h spending had held up remarkably well in the face of major adverse developments, including sharp declines in stock market wealth and rising unemployment, that were exacerbated by the events of September 11. But with households remaining confident about the future and equity pri"
2002-01-30,2002-01-30_0006,equity price*,equity prices,41683,41696,positive,rebound*,"[[41704, 41713]]"," were exacerbated by the events of September 11. But with households remaining confident about the future and equity prices having rebounded from their post-attack declines, sustained growth in household expenditures was seen as a likely prospect. Such spending also would "
2002-01-30,2002-01-30_0007,stock market price*,stock market prices,42333,42352,negative,declin*,"[[42321, 42329]]","iness profits or more widespread downward restatements of reported profits might generate sizable declines in stock market prices and consumer wealth. Moreover, the unusually large sales of motor vehicles and to a degree other durable goods during the closing months of 2001 migh"
2002-01-30,2002-01-30_0008,stock market wealth,stock market wealth,42897,42916,unclassified,,[],"er goods and services, had held up well despite the cyclical downturn in employment and sizable net losses in stock market wealth. Low mortgage interest rates and, in recent months, favorable weather conditions had provided vital support to this sector of the economy. Recent hou"
2002-03-19,2002-03-19_0000,index* of equity price*,indexes of equity prices,13497,13521,positive,mov* up,"[[13522, 13530]]"," somewhat in reaction to the improved economic outlook and the perceived reduction of credit risk. Most major indexes of equity prices moved up sharply on the bullish economic reports. In foreign exchange markets, the trade-weighted value of the dollar in terms of the major foreign c"
2002-03-19,2002-03-19_0001,equity price*,equity prices,15568,15581,unclassified,,[],"ains in productivity were expected to help boost business capital spending. At the same time, still-depressed equity prices, limited growth abroad, and the dollar's strength would tend to hold down the pace of recovery. On balance, recent developments suggested that the co"
2002-03-19,2002-03-19_0002,stock market wealth,stock market wealth,20555,20574,unclassified,,[],"theless cited some negatives in the outlook for consumer spending including the possibilities that a negative stock market wealth effect stemming from large earlier declines and the somewhat elevated rate of unemployment would weigh on consumer confidence. Importantly, because c"
2002-05-07,2002-05-07_0000,index* of equity price*,indexes of equity prices,11930,11954,negative,mov* down,"[[11955, 11965]]","owever, in the wake of concerns about the transparency of the accounting statements of some firms. Most major indexes of equity prices moved down sharply in response to the outlook for a weaker economic recovery and the adverse implications for corporate profits of economic and other"
2002-06-26,2002-06-26_0000,equity price*,equity prices,10756,10769,negative,fell,"[[10770, 10774]]","Yields on Treasury securities dropped somewhat on net over the period, rates on lower-quality bonds rose, and equity prices fell sharply further. The federal funds rate remained close to the Committee's target level of 1-3/4 percent during the intermeeting period. In forei"
2002-06-26,2002-06-26_0001,equity price*,equity prices,11853,11866,negative,fall*,"[[11845, 11852]]","es picked up in May owing to the unwinding of distortions from final tax payments and, apparently, to falling equity prices. The heightened volatility of equity markets may have enhanced the attractiveness of safe and liquid M2 assets, including liquid deposits and retail "
2002-06-26,2002-06-26_0002,equity market*,equity markets,11897,11911,unclassified,,[],"f distortions from final tax payments and, apparently, to falling equity prices. The heightened volatility of equity markets may have enhanced the attractiveness of safe and liquid M2 assets, including liquid deposits and retail money market funds. The staff forecast prepar"
2002-06-26,2002-06-26_0003,equity price*,equity prices,12448,12461,negative,weak*,"[[12436, 12444]]","e continuing sizable gains in productivity would provide significant impetus for spending, though weakness in equity prices would tend to offset some of that support. With business capital stocks moving closer to desired levels, investment spending would be boosted by a gr"
2002-06-26,2002-06-26_0004,household wealth,household wealth,17336,17352,negative,weak*,"[[17360, 17368]]","pending were subject to downside risks emanating, for example, from possible further shocks to confidence and household wealth should weakness in stock prices persist, and from political turmoil overseas and threats of terrorism at home. Homebuilding, though down after an uns"
2002-06-26,2002-06-26_0005,stock price*,stock prices,17372,17384,negative,weak*,"[[17360, 17368]]","ks emanating, for example, from possible further shocks to confidence and household wealth should weakness in stock prices persist, and from political turmoil overseas and threats of terrorism at home. Homebuilding, though down after an unsustainable surge earlier in the "
2002-08-13,2002-08-13_0000,equity price*,equity prices,5397,5410,unclassified,,[],ubstantially below its long-run average. Retail sales were relatively brisk in June and July despite plunging equity prices and an apparently marked erosion in consumer confidence. Households spent heavily on motor vehicles in response to incentives offered by auto manufac
2002-08-13,2002-08-13_0001,equity price*,equity prices,10364,10377,unclassified,,[]," statements, and concerns that second-half corporate earnings might prove disappointing. In this environment, equity prices plunged before recovering somewhat later in the intermeeting period; on net, the major broad equity indexes were down substantially. Yields on Treasu"
2002-08-13,2002-08-13_0002,equity index*,equity indexes,10471,10485,negative,down,"[[10491, 10495]]","t, equity prices plunged before recovering somewhat later in the intermeeting period; on net, the major broad equity indexes were down substantially. Yields on Treasury securities also fell markedly on balance in volatile trading, as investors sought a safe haven for their "
2002-08-13,2002-08-13_0003,stock price*,stock prices,11364,11376,negative,drop*,"[[11377, 11384]]","ength of the US recovery. Against the background of a similar combination of disappointing concerns, European stock prices dropped more than those in the United States, while Japanese equity prices declined less as incoming data seemed to point to a mild pickup of economi"
2002-08-13,2002-08-13_0004,equity price*,equity prices,11438,11451,negative,declin*,"[[11452, 11460]]","of disappointing concerns, European stock prices dropped more than those in the United States, while Japanese equity prices declined less as incoming data seemed to point to a mild pickup of economic activity in Japan. Across all the major industrial economies, investors t"
2002-08-13,2002-08-13_0005,equity price*,equity prices,12723,12736,negative,weak*,"[[12711, 12719]]","productivity would provide significant impetus for spending, though the persisting volatility and weakness in equity prices would tend to offset some of that support. Inventory overhangs appeared to have been largely eliminated and business capital stocks to have moved clo"
2002-08-13,2002-08-13_0006,equity market*,equity markets,14878,14892,unclassified,,[],"mmented on financial developments that appeared to be holding back the pace of the expansion. While prices in equity markets had turned up from their recent lows, the cumulative losses in financial wealth incurred since early 2000 clearly were having an adverse impact on ex"
2002-08-13,2002-08-13_0007,financial wealth,financial wealth,14956,14972,unclassified,,[]," the expansion. While prices in equity markets had turned up from their recent lows, the cumulative losses in financial wealth incurred since early 2000 clearly were having an adverse impact on expenditures by households and the higher cost of equity capital was inhibiting bu"
2002-08-13,2002-08-13_0008,equity price*,equity prices,15157,15170,negative,declin*,"[[15145, 15153]]",tures by households and the higher cost of equity capital was inhibiting business investment. The declines in equity prices had been accompanied by a heightened degree of risk aversion that had led to widened credit spreads in financial markets and the curtailment of credi
2002-08-13,2002-08-13_0009,equity market*,equity markets,15496,15510,unclassified,,[],"re viewed as questionable. To an extent that was difficult to determine, the current skittishness in debt and equity markets reflected lender and investor reactions to the ongoing revelations of corporate governance failures. Those reactions, which were proving to be more s"
2002-08-13,2002-08-13_0010,wealth effect*,wealth effects,16468,16482,unclassified,,[]," banking system remained sound with bank credit widely available. Moreover, for many households, the negative wealth effects stemming from losses on equities were offset, at least to some extent, by continuing increases in home equity values. These ongoing factors suggested"
2002-08-13,2002-08-13_0011,equities,equities,16507,16515,unclassified,,[],"k credit widely available. Moreover, for many households, the negative wealth effects stemming from losses on equities were offset, at least to some extent, by continuing increases in home equity values. These ongoing factors suggested to some members that the effects"
2002-08-13,2002-08-13_0012,equity valu*,equity values,16586,16599,unclassified,,[],"ffects stemming from losses on equities were offset, at least to some extent, by continuing increases in home equity values. These ongoing factors suggested to some members that the effects of the financial restraints on economic activity might be fairly limited at this po"
2002-08-13,2002-08-13_0013,equity market*,equity markets,17588,17602,unclassified,,[],"ome members commented, however, that the declines in equity wealth and the possible persistence of turmoil in equity markets might continue to restrain the pickup in consumer expenditures in the months ahead. In the housing sector, low mortgage interest rates remained a key"
2002-09-24,2002-09-24_0000,stock price*,stock prices,5026,5038,unclassified,,[],lly below its long-run average. Retail sales remained relatively brisk in August despite further decreases in stock prices and consumer confidence. Households boosted their already high level of spending on motor vehicles in response to zero percent financing and larger c
2002-09-24,2002-09-24_0001,household wealth,household wealth,5668,5684,unclassified,,[]," rates apparently helped to support housing activity in an environment of sluggish employment and diminishing household wealth. Starts of single-family units fell in August to their lowest rate since last November, while starts in the multifamily sector in the July-August per"
2002-09-24,2002-09-24_0002,index* of equity price*,indexes of equity prices,9763,9787,negative,mov* lower,"[[9788, 9799]]"," likely would be weaker than had been expected, and some short-term interest rates eased slightly while broad indexes of equity prices moved lower. The following day’s deadline for the recertification of corporate financial statements passed uneventfully and equity markets rallied. S"
2002-09-24,2002-09-24_0003,equity market*,equity markets,9912,9926,positive,rallied,"[[9927, 9934]]","he following day’s deadline for the recertification of corporate financial statements passed uneventfully and equity markets rallied. Subsequently, however, a weaker tone to incoming data on production and employment, a gloomier outlook for business profits, and heightening"
2002-09-24,2002-09-24_0004,equity index*,equity indexes,10262,10276,negative,fell,"[[10277, 10281]]","r the economy. Over the intermeeting period, intermediate- and longer-term Treasury security yields and broad equity indexes fell considerably on balance. In foreign exchange markets, the trade-weighted value of the dollar in terms of the major foreign currencies appreciate"
2002-09-24,2002-09-24_0005,equity price*,equity prices,11116,11129,unclassified,,[],"g such deposits, the recent surge in mortgage refinancing activity, and the safe haven provided from volatile equity prices. Borrowing by domestic nonfinancial businesses remained weak, likely reflecting reduced requirements for funds to finance capital spending projects a"
2002-09-24,2002-09-24_0006,equity valu*,equity values,14607,14620,unclassified,,[],efinance mortgages and in the process to extract and spend some of the embedded equity gains. Increasing home equity values probably were also providing some counterweight to the impact on consumer spending of the negative wealth effects associated with the declines in sto
2002-09-24,2002-09-24_0007,wealth effect*,wealth effects,14720,14734,unclassified,,[],ity values probably were also providing some counterweight to the impact on consumer spending of the negative wealth effects associated with the declines in stock market prices since the spring of 2000. Other positive factors cited as helping to undergird the persisting str
2002-09-24,2002-09-24_0008,stock market*,stock market,14767,14779,negative,declin*,"[[14755, 14763]]",unterweight to the impact on consumer spending of the negative wealth effects associated with the declines in stock market prices since the spring of 2000. Other positive factors cited as helping to undergird the persisting strength in consumer spending included reduction
2002-11-06,2002-11-06_0000,household wealth,household wealth,6442,6458,negative,declin*,"[[6432, 6441]]","istorical lows, remained very strong in September despite an environment of sluggish employment and declining household wealth. Starts of single-family units reached a twenty-three year high in September, and starts in the multifamily sector were a little above their average "
2002-11-06,2002-11-06_0001,equity price*,equity prices,10427,10440,unclassified,,[],"ds rate. The subsequent release of better-than-expected news on profits for several major corporations buoyed equity prices and lifted market interest rates and predicted policy rates. Later in the intermeeting period, weaker-than-anticipated economic data along with press"
2002-11-06,2002-11-06_0002,equity index*,equity indexes,10791,10805,unclassified,,[],"visions of the expected path of the federal funds rate target. Over the intermeeting period as a whole, broad equity indexes registered sizable gains and intermediate- and longer-term bond yields increased somewhat. The dollar traded in a narrow range in foreign exchange ma"
2002-11-06,2002-11-06_0003,equity valu*,equity values,15522,15535,unclassified,,[], the availability of merchandise. There also was some question as to whether funds extracted from rising home equity values would continue to provide as important a source of financing for purchases of consumer durables as they had for some time unless mortgage interest ra
2002-11-06,2002-11-06_0004,wealth effect*,wealth effects,15994,16008,unclassified,,[]," consumer confidence if geopolitical uncertainties began to dissipate, the gradual diminution of the negative wealth effects from earlier stock market declines, and importantly the outlook for continued robust growth in structural labor productivity and its favorable effect"
2002-11-06,2002-11-06_0005,stock market*,stock market,16022,16034,negative,declin*,"[[16035, 16043]]","olitical uncertainties began to dissipate, the gradual diminution of the negative wealth effects from earlier stock market declines, and importantly the outlook for continued robust growth in structural labor productivity and its favorable effects over time on wages and s"
2002-11-06,2002-11-06_0006,stock market*,stock market,18881,18893,positive,improv*,"[[18862, 18873]]","terialize. Indeed, the rise in bond yields since the September meeting associated with the improvement in the stock market had induced a small increase in mortgage rates from their very low levels. At some point the extraordinary levels of cash-outs from mortgage refinanc"
2002-12-10,2002-12-10_0000,household wealth,household wealth,5837,5853,negative,declin*,"[[5827, 5836]]","ctivity had been very strong on balance this year despite an environment of sluggish employment and declining household wealth. Mortgage rates near historical lows had provided important support for single-family housing demand, and sales of new and existing homes had remaine"
2002-12-10,2002-12-10_0001,equity index*,equity indexes,9416,9430,unclassified,,[],"re mixed economic reports became available late in the intermeeting period. Over the period as a whole, major equity indexes registered mixed changes, and yields on longer-term Treasury bonds increased somewhat. In private debt markets, rates on investment-grade debt issues"
2002-12-10,2002-12-10_0002,equity market*,equity markets,13566,13580,unclassified,,[],"ed in some decline in risk spreads from very high levels and sizable new issuance in private bond markets; in equity markets, issuance had edged up and stock prices, though recently declining somewhat, were still well above the lows of early October. Some of this improvemen"
2002-12-10,2002-12-10_0003,stock price*,stock prices,13608,13620,unclassified,,[],"ry high levels and sizable new issuance in private bond markets; in equity markets, issuance had edged up and stock prices, though recently declining somewhat, were still well above the lows of early October. Some of this improvement in financial markets seemed to be rela"
2003-01-29,2003-01-29_0000,household wealth,household wealth,28219,28235,negative,declin*,"[[28207, 28215]]","remained strong through the end of the year, despite continued sluggish employment and additional declines in household wealth. With mortgage rates remaining near historical lows, single-family housing starts increased further in November and December, and the backlog of unus"
2003-01-29,2003-01-29_0001,stock price*,stock price,32939,32950,unclassified,,[],"g led to a substantial decline in yields across the credit spectrum that further narrowed risk spreads. Major stock price indexes moved widely during the intermeeting period, but most finished the period a little lower. The dollar depreciated substantially in terms of an"
2003-01-29,2003-01-29_0002,equity market*,equity markets,42076,42090,negative,weak*,"[[42091, 42097]]",or adverse effects on consumer incomes and confidence should stagnant conditions persist in labor markets and equity markets weaken further. Reference also was made to the possibility suggested by some analysts that the value of housing wealth might be leveling off. In that
2003-03-18,2003-03-18_0000,equity price*,equity prices,10473,10486,negative,pressure*,"[[10461, 10469]]"," likelihood of war perceived to have increased, investor wariness apparently intensified downward pressure on equity prices and interest rates over the intermeeting period. Treasury bond yields declined somewhat, perhaps reflecting both expectations of lower policy rates a"
2003-03-18,2003-03-18_0001,equity index*,equity indexes,10788,10802,unclassified,,[],"tes in private debt markets fell by somewhat more than comparable-maturity Treasury yields. Declines in major equity indexes were amplified by lackluster earnings reports and disappointing data on auto sales, labor market conditions, and consumer confidence. The dollar chan"
2003-03-18,2003-03-18_0002,equity market*,equity markets,12123,12137,unclassified,,[],"n addition, investors might have seen liquid deposits as a safe haven at a time of considerable volatility in equity markets. The staff forecast prepared for this meeting continued to suggest that economic expansion would be muted for a time. Faced with the likely onset of "
2003-03-18,2003-03-18_0003,equity price*,equity prices,14032,14045,negative,low*,"[[14026, 14031]]","ffect on the economy. Uncertainty about the effects of the war had contributed to higher energy prices, lower equity prices, declines in measures of household confidence, and a tendency for households and especially businesses to postpone making commitments. But it was als"
2003-03-18,2003-03-18_0004,equity market*,equity markets,16376,16390,unclassified,,[],"e East and lower oil prices in line with quotations in futures markets should generate a positive response in equity markets, boost consumer sentiment, and foster a rebound in consumer spending as the year progressed. Housing activity had held up well on the whole, despite "
2003-03-18,2003-03-18_0005,stock market*,stock market,19011,19023,positive,rally*,"[[18998, 19003]]","uld have a favorable effect on business capital spending, especially if it were accompanied by a rally in the stock market. Many firms were trying to keep their inventories at especially low levels in light of their concerns that projected sales might not materialize. Mem"
2003-05-06,2003-05-06_0000,equity price*,equity prices,11438,11451,unclassified,,[],"n forward-looking measures of uncertainty in short- and long-term interest rates, exchange rates, and oil and equity prices. Nearer-term Treasury yields had fallen, but longer-term Treasury yields had changed little since the March meeting. Risk spreads on corporate debt s"
2003-05-06,2003-05-06_0001,equity index*,equity indexes,11662,11676,unclassified,,[],"e March meeting. Risk spreads on corporate debt securities narrowed across the credit quality spectrum. Broad equity indexes registered notable gains related to better-than-expected corporate earnings reports. In foreign exchange markets, the trade-weighted value of the dol"
2003-05-06,2003-05-06_0002,equity market*,Equity markets,12125,12139,unclassified,,[],"he Japanese yen. The dollar also declined against an index of currencies of other important trading partners. Equity markets in the major industrial economies, except Japan, had risen significantly since the March FOMC meeting. Growth in M2 slowed over March and April, but "
2003-05-06,2003-05-06_0003,stock market*,stock market,19105,19117,positive,gain*,"[[19092, 19097]]"," cited recent survey and anecdotal evidence of improving consumer confidence and referred to the gains in the stock market as a source of potential impetus going forward. In the housing markets, activity currently was somewhat uneven across the nation but had remained at "
2003-06-25,2003-06-25_0000,stock market*,stock market,7745,7757,unclassified,,[]," underlying household spending became more favorable: Real disposable income posted solid gains, and both the stock market and consumer confidence recovered from earlier in the year. Activity in the housing market was reasonably well maintained in April and May. Despite u"
2003-06-25,2003-06-25_0001,equity price*,Equity prices,12037,12050,unclassified,,[],"with rates on Treasuries even though capital markets absorbed a surge in bond issuance by highly rated firms. Equity prices, buoyed by the decline in bond yields as well as the improved outlook for economic growth, registered sizable gains over the intermeeting period. The"
2003-06-25,2003-06-25_0002,equity price*,equity prices,12559,12572,positive,rose,"[[12573, 12577]]","thorities to a ""strong dollar"" policy. Long-term interest rates fell in all major industrial economies, while equity prices rose substantially. Growth of M2 surged in May. At least part of the acceleration was due to special factors related to strong mortgage refinancing a"
2003-06-25,2003-06-25_0003,equity market*,equity markets,17406,17420,unclassified,,[],"ributed to significant declines in interest rates across maturities and risk classes, and to rising prices in equity markets. The gains in equity prices and a narrowing of risk spreads also appeared to reflect more upbeat assessments of underlying business conditions and, p"
2003-06-25,2003-06-25_0004,equity price*,equity prices,17435,17448,positive,gain*,"[[17426, 17431]]","es in interest rates across maturities and risk classes, and to rising prices in equity markets. The gains in equity prices and a narrowing of risk spreads also appeared to reflect more upbeat assessments of underlying business conditions and, partly in concert with reduce"
2003-06-25,2003-06-25_0005,stock market wealth,stock market wealth,22022,22041,positive,rising,"[[22015, 22021]]"," factors referenced by the members included indications of growing consumer confidence, the effects of rising stock market wealth on consumer balance sheets, continued opportunities for many consumers to extract equity from the appreciated value of their homes and to reduce inte"
2003-08-12,2003-08-12_0000,equity index*,equity indexes,10585,10599,positive,advanc*,"[[10600, 10608]]","er Treasuries on such obligations narrowed significantly. Despite the sharp step-up in Treasury yields, broad equity indexes advanced over the intermeeting period, supported by positive earning reports, strong profit forecasts, and increased confidence regarding economic pr"
2003-08-12,2003-08-12_0001,equity index*,equity indexes,11072,11086,unclassified,,[]," assets. Yields on longer-dated government debt of major foreign economies also increased as did many foreign equity indexes. M2 continued to grow briskly in June and July, reflecting in large part the near-zero opportunity cost of holding money, the effects of mortgage ref"
2003-08-12,2003-08-12_0002,stock price*,stock prices,14390,14402,unclassified,,[],"Moreover, long-term interest rates were still relatively low, risk spreads had narrowed in recent months, and stock prices had held firm recently, perhaps in part as a result of several upside surprises in second-quarter profit reports. Several members reiterated that bus"
2003-08-12,2003-08-12_0003,stock market*,stock market,17622,17634,unclassified,,[],"h regard to the outlook for the consumer sector included the recent tax cuts, the improved performance of the stock market, the ample availability of household credit, and more generally the effects of rapidly rising productivity in sustaining growth in household incomes."
2003-09-16,2003-09-16_0000,stock price*,stock price,9126,9137,unclassified,,[],"stic economic outlook among investors contributed to a substantial decline in speculative-grade yields. Broad stock price indexes rose notably, boosted by improved economic growth prospects and the associated upwardly revised expectations for earnings. On balance, the no"
2003-09-16,2003-09-16_0001,equity market*,equity markets,9454,9468,positive,gain*,"[[9441, 9446]]","-weighted basis over the intermeeting period. Optimism about global recovery reportedly prompted gains in the equity markets of major industrial countries. Benchmark government bond yields rose in most foreign industrial economies. M2 grew briskly again in August, boosted b"
2003-10-28,2003-10-28_0000,equity index*,equity indexes,10150,10164,positive,rose,"[[10165, 10169]]",", yields and spreads on lower-tier obligations registered further significant and broad-based declines. Major equity indexes rose roughly 2 percent over the intermeeting period. The exchange value of the dollar, as measured by the major currencies index, fell significantly "
2003-12-09,2003-12-09_0000,equity index*,equity indexes,12392,12406,positive,up,"[[12412, 12414]]"," while yields on speculative-grade securities declined, continuing the narrowing of their risk spreads. Major equity indexes were up moderately over the intermeeting period. The exchange value of the dollar, as measured by the major currencies index, declined somewhat, on n"
2003-12-09,2003-12-09_0001,equity market*,equity markets,13360,13374,positive,rising,"[[13353, 13359]]","ortgage refinancing activity and the resulting reductions in associated deposit balances. In addition, rising equity markets may have made M2 accounts relatively less attractive. The staff forecast prepared for this meeting indicated that the economic expansion was likely t"
2003-12-09,2003-12-09_0002,stock price*,stock prices,13992,14004,positive,high*,"[[14005, 14011]]","hat had characterized their behavior for the previous three years. As a consequence, with sales, profits, and stock prices higher, the liquidation of inventories appeared to be ending, and the strengthening of capital investment and pickup in hiring already evident in the"
2004-01-28,2004-01-28_0000,stock market*,stock market,31803,31815,positive,gain*,"[[31816, 31821]]","rter. Real disposable personal income advanced smartly in November. Spending was also supported by the recent stock market gains, and by greater consumer confidence as reflected in the Michigan Survey Research Center’s index of consumer sentiment and the Conference Board’"
2004-01-28,2004-01-28_0001,equity index*,equity indexes,38521,38535,positive,rose,"[[38536, 38540]]","ent-grade and most speculative-grade securities moved down by about the same amount as Treasury yields. Major equity indexes rose strongly in response to the declines in yields and positive news about the outlook for profits. The exchange value of the dollar, as measured by"
2004-01-28,2004-01-28_0002,equities,equities,39424,39432,unclassified,,[],up in deposits associated with heavy mortgage refinancing activity and to portfolio shifts by households into equities. The staff forecast prepared for this meeting indicated that the momentum in economic activity that had built up in the second half of 2003 would car
2004-01-28,2004-01-28_0003,wealth effect*,wealth effects,46434,46448,unclassified,,[],"mpetus to the expansion. Household spending was benefiting from stimulative fiscal and monetary policies, the wealth effects of rising real estate and equity prices, and increased consumer confidence about the economic outlook. Members noted that retailers in many parts of "
2004-01-28,2004-01-28_0004,equity price*,equity prices,46475,46488,unclassified,,[],"ng was benefiting from stimulative fiscal and monetary policies, the wealth effects of rising real estate and equity prices, and increased consumer confidence about the economic outlook. Members noted that retailers in many parts of the country reported solid sales during "
2004-03-16,2004-03-16_0000,household wealth,household wealth,5394,5410,positive,increas*,"[[5381, 5390]]","er. Overall, expenditures were supported by sizable gains in real disposable personal income and increases in household wealth owing to rising home and equity prices. Disposable income was boosted by significant growth in private wages and salaries and by a drop in taxes that"
2004-03-16,2004-03-16_0001,home and equity price*,home and equity prices,5427,5449,positive,rising,"[[5420, 5426]]",pported by sizable gains in real disposable personal income and increases in household wealth owing to rising home and equity prices. Disposable income was boosted by significant growth in private wages and salaries and by a drop in taxes that was due to the lower final payments an
2004-03-16,2004-03-16_0002,equity price index*,equity price indexes,11047,11067,unclassified,,[],"ata. The disappointing employment data and renewed concerns about terrorism contributed to a decline in broad equity price indexes. Technology-related issues, which had registered very large gains over the preceding year or so, fell more sharply. The foreign exchange value of the"
2004-03-16,2004-03-16_0003,household wealth,household wealth,13421,13437,positive,increas*,"[[13408, 13417]]","ial construction activity was down somewhat from the very high levels posted late last year, but increases in household wealth and the effects of last year's tax cuts continued to buoy consumer spending. Despite the gains in spending and production, however, employment growth"
2004-03-16,2004-03-16_0004,stock price*,stock prices,15078,15090,negative,low*,"[[15091, 15096]]","tment plans or increased hiring. Financial markets also seemed a little less positive about the outlook, with stock prices lower and some risk spreads wider than at the time of the last meeting. The reasons for the reduced optimism were not entirely clear but may have inc"
2004-03-16,2004-03-16_0005,asset price*,asset prices,17780,17792,positive,rising,"[[17773, 17779]]","ggesting continued growth in sales this year. Committee members noted that sales had been bolstered by rising asset prices and the effects of last year's tax cuts on refunds and final payments. By contrast, sales of motor vehicles had fallen back noticeably, reflecting in"
2004-03-16,2004-03-16_0006,home and equity price*,home and equity prices,18313,18335,positive,increas*,"[[18300, 18309]]","also expected to boost consumer spending, even as the stimulus to growth from tax cuts faded and increases in home and equity prices likely slowed from their rapid pace in recent quarters. The Committee anticipated that government spending would provide some further support for agg"
2004-05-04,2004-05-04_0000,equity price index*,equity price indexes,13654,13674,unclassified,,[]," below-investment-grade bonds narrowed significantly as their yields increased by a more modest amount. Major equity price indexes were about unchanged, as the downward pressure exerted by higher interest rates was offset by the effects of strong earnings reports, upward revision"
2004-06-30,2004-06-30_0000,household wealth,household wealth,7757,7773,positive,increas*,"[[7744, 7753]]"," year's tax cut. Home prices also continued to rise at a rapid pace, contributing importantly to increases in household wealth. Survey measures of consumer confidence moved up in June from already favorable levels. Activity in the housing market increased in April and May des"
2004-06-30,2004-06-30_0001,equity index*,equity indexes,14872,14886,unclassified,,[],"ents in the outlook for corporate earnings evidently offset the influence of higher interest rates, and major equity indexes edged higher over the intermeeting period. In foreign exchange markets, the dollar depreciated somewhat against major currencies, and it rose a bit a"
2004-06-30,2004-06-30_0002,equities,equities,15475,15483,unclassified,,[],"ecent months, a rebound in currency growth and reduced portfolio shifts by households from monetary assets to equities and bonds also supported the expansion of M2. The growth of M2 slowed appreciably during the first half of June. Commercial bank credit decelerated i"
2004-08-10,2004-08-10_0000,equity market*,equity markets,11360,11374,unclassified,,[]," moved roughly in line with those on Treasury securities. Speculative-grade yields, however, fell by less. In equity markets, broad indexes declined appreciably, reflecting the soft economic data, concerns about energy prices, and guidance from corporations pointing to a le"
2004-08-10,2004-08-10_0001,stock price*,stock prices,16776,16788,negative,down,"[[16789, 16793]]","ar's tax cuts, which had previously provided considerable impetus to spending, and the possibility that, with stock prices down, saving rates near historic lows, and the outlook more uncertain, households may have felt the need to boost saving. Although a complete account"
2004-09-21,2004-09-21_0000,equity market*,equity markets,13380,13394,unclassified,,[],"greater confidence about prospects in the business sector. Further evidence of such confidence was visible in equity markets, where broad indexes advanced 5� to 7� percent. The exchange value of the dollar against other major currencies was about unchanged over the intermee"
2004-11-10,2004-11-10_0000,equity market*,equity markets,10666,10680,unclassified,,[],"ut in line with those on comparable-maturity Treasuries, but yields on speculative-grade bonds edged down and equity markets posted strong advances. In foreign exchange markets, the dollar declined appreciably, apparently in part on continuing market concerns about the fina"
2004-12-14,2004-12-14_0000,equity price*,equity prices,9876,9889,positive,increas*,"[[9863, 9872]]","causing the unemployment rate to edge down next year. The steep run-up in housing prices, recent increases in equity prices, and anticipated gains in payrolls were viewed as likely to boost the growth of consumption spending next year to a pace somewhat above that recorded"
2004-12-14,2004-12-14_0001,equity and home price*,equity and home prices,12621,12643,positive,increas*,"[[12610, 12620]]","s still balanced. In their discussion of important sectors of the economy, participants noted that increasing equity and home prices had boosted household net worth, leaving consumers well positioned to maintain a brisk pace of spending. Continued gains in employment were thought l"
2004-12-14,2004-12-14_0002,household* net worth,household net worth,12656,12675,positive,boost*,"[[12648, 12655]]","on of important sectors of the economy, participants noted that increasing equity and home prices had boosted household net worth, leaving consumers well positioned to maintain a brisk pace of spending. Continued gains in employment were thought likely to provide additional supp"
2005-02-02,2005-02-02_0000,equity price*,equity prices,37431,37444,negative,declin*,"[[37419, 37427]]","ibutable to well-contained inflation expectations, but low real interest rates, along with slight declines in equity prices so far this year, might reflect lingering caution on the part of businesses about the outlook. Nevertheless, narrow credit spreads and risk premiums,"
2005-02-02,2005-02-02_0001,household wealth,household wealth,38192,38208,unclassified,,[],"e seemed mostly explainable by the strength of expected income gains, low interest rates, and the increase in household wealth resulting from the rise in equity and housing prices. Although the saving rate might well drift up over the next couple of years, participants genera"
2005-02-02,2005-02-02_0002,equity and housing price*,equity and housing prices,38236,38261,positive,rise*,"[[38228, 38232]]","of expected income gains, low interest rates, and the increase in household wealth resulting from the rise in equity and housing prices. Although the saving rate might well drift up over the next couple of years, participants generally thought it likely that consumer spending would co"
2005-03-22,2005-03-22_0000,equity price*,equity prices,5390,5403,positive,increas*,"[[5377, 5386]]","creased at a vigorous pace in December and January, well above that seen over most of last year. Increases in equity prices and in house values pushed up the wealth-to-income ratio in the fourth quarter, and the saving rate remained low by historical standards. Activity in"
2005-03-22,2005-03-22_0001,wealth to income ratio,wealth-to-income ratio,5438,5460,positive,up,"[[5431, 5433]]","ry, well above that seen over most of last year. Increases in equity prices and in house values pushed up the wealth-to-income ratio in the fourth quarter, and the saving rate remained low by historical standards. Activity in the housing market continued to expand early this year. "
2005-03-22,2005-03-22_0002,stock market index*,stock market indexes,11017,11037,positive,edge* up,"[[11038, 11046]]","for speculative-grade debt, amid generally strong corporate balance sheets and good credit performance. Broad stock market indexes edged up over the intermeeting period. In foreign exchange markets, the trade-weighted value of the dollar depreciated slightly, with the declines wi"
2005-05-03,2005-05-03_0000,ratio of wealth to income,ratio of wealth to income,6687,6712,unclassified,,[],"tors underlying consumer spending also remained favorable: Real wages and salaries continued to rise, and the ratio of wealth to income remained high, although it was down a bit because of a decline in equity prices. The personal saving rate stayed low over the first quarter of the ye"
2005-05-03,2005-05-03_0001,equity price*,equity prices,6779,6792,negative,declin*,"[[6768, 6775]]"," to rise, and the ratio of wealth to income remained high, although it was down a bit because of a decline in equity prices. The personal saving rate stayed low over the first quarter of the year. Housing starts slowed in March, after exceptional strength in the prior two "
2005-05-03,2005-05-03_0002,equity index*,equity indexes,12015,12029,negative,mov* down,"[[12030, 12040]]","h of policy tightening was not necessary at that time. Despite generally good first-quarter earnings reports, equity indexes moved down considerably in response to the signs of weaker economic growth. In foreign exchange markets, the dollar rose on balance, apparently due, "
2005-05-03,2005-05-03_0003,equity price*,equity prices,15985,15998,unclassified,,[],"workers. A less buoyant and less certain economic outlook seemed apparent in financial markets as well, where equity prices had fallen and risk spreads had widened. On balance, though, these financial developments did not appear to signal the onset of a sharp retrenchment "
2005-06-30,2005-06-30_0000,equity index*,equity indexes,12987,13001,positive,rose,"[[13002, 13006]]"," contracted notably. Buoyed by the drop in longer-term interest rates and largely upbeat economic news, major equity indexes rose appreciably over the intermeeting period. The positive economic data also seemed to lift the dollar against major foreign currencies, though the"
2005-06-30,2005-06-30_0001,home and equity price*,home and equity prices,17149,17171,positive,rising,"[[17142, 17148]]","my, meeting participants noted that the fundamentals underlying household spending remained firm. With rising home and equity prices buoying household wealth, consumer expenditures continued to advance. Although the recent surge in energy prices was anticipated to impose some drag "
2005-06-30,2005-06-30_0002,asset market*,asset markets,18991,19004,unclassified,,[]," the assessment of the intermediate-term prospects for the US economy. In their discussion of developments in asset markets, the participants' comments focused on two related issues: the low level of long-term interest rates and the continued run-up in home prices. Despite"
2005-06-30,2005-06-30_0003,stock price*,stock prices,20058,20070,positive,high*,"[[20051, 20057]]","o expect a stretch of sub-par US growth. However, anticipation of slow growth seemed inconsistent with higher stock prices and thin risk spreads in corporate debt markets. The behavior of long-term interest rates could also reflect reduced uncertainty on the part of inves"
2005-06-30,2005-06-30_0004,equity market*,equity markets,20313,20327,unclassified,,[],"the part of investors about the economic outlook -- as seen in low readings of implied volatility in bond and equity markets. Finally, demands for longer-term US securities by both domestic and foreign investors might have been boosted by special factors. Confidence about t"
2005-06-30,2005-06-30_0005,asset price*,asset price,21118,21129,unclassified,,[],"it of their core objectives of price stability and maximum sustainable economic growth. To the extent that an asset price movement threatened the achievement of those objectives, it would of course be taken into consideration in setting policy. However, given the unavoid"
2005-06-30,2005-06-30_0006,asset price*,asset prices,21390,21402,unclassified,,[],"ble uncertainties associated with judgments regarding the appropriate level of and likely future movements in asset prices, a strategy of responding more directly to possible mispricing was seen as very unlikely to contribute, on balance, to the achievement of the Committ"
2005-08-09,2005-08-09_0000,equity index*,equity indexes,9409,9423,positive,advanc*,"[[9424, 9432]]","rade bonds declined markedly, ending the period close to the very low levels reached earlier this year. Major equity indexes advanced, supported by strong corporate earnings reports. The trade-weighted foreign exchange value of the dollar depreciated slightly over the inter"
2005-09-20,2005-09-20_0000,equity index*,equity indexes,9893,9907,unclassified,,[],"nged over the intermeeting period, but those on speculative-grade bonds increased from very low levels. Major equity indexes appeared to be supported by lower interest rates and posted modest gains despite the increases in energy prices. The trade-weighted foreign exchange "
2005-11-01,2005-11-01_0000,stock price*,stock price,13434,13445,unclassified,,[],"te bond yields moved largely in line with Treasury yields over the period, spreads were little changed. Major stock price indexes fell moderately and the trade-weighted foreign exchange value of the dollar appreciated slightly over the intermeeting period. Domestic nonfi"
2005-12-13,2005-12-13_0000,equity price*,equity prices,5859,5872,unclassified,,[]," falling retail energy prices, while continued brisk advances in house prices and the recent strengthening of equity prices contributed importantly to increases in household wealth. Consumer sentiment picked up in November and early December; some survey measures of confid"
2005-12-13,2005-12-13_0001,household wealth,household wealth,5913,5929,positive,increas*,"[[5900, 5909]]",dvances in house prices and the recent strengthening of equity prices contributed importantly to increases in household wealth. Consumer sentiment picked up in November and early December; some survey measures of confidence returned to the range seen during the first half of 
2005-12-13,2005-12-13_0002,equity price index*,equity price indexes,11783,11803,unclassified,,[],"th investment- and speculative-grade corporate bonds were about unchanged over the intermeeting period. Major equity price indexes posted substantial gains, spurred by the perception that the economy had retained considerable momentum with limited inflation pressures. In foreign "
2005-12-13,2005-12-13_0003,wealth effect*,wealth effect,13137,13150,unclassified,,[],"his stimulus increasingly would be countered by higher interest rates, the anticipated waning of the positive wealth effect associated with large earlier gains in equity and house prices, and reduced impetus from fiscal policy. Both overall and core consumer price inflatio"
2005-12-13,2005-12-13_0004,equity and house price*,equity and house prices,13190,13213,positive,gain*,"[[13181, 13186]]","r interest rates, the anticipated waning of the positive wealth effect associated with large earlier gains in equity and house prices, and reduced impetus from fiscal policy. Both overall and core consumer price inflation were projected to move higher in the first half of next year,"
2005-12-13,2005-12-13_0005,asset price*,asset prices,19398,19410,unclassified,,[],t would also have to take account of the effects of the sustained period of favorable financial conditions on asset prices and aggregate demand as well as the resulting possibility of further increases in resource utilization and pressures on prices. Views differed on how
2006-01-31,2006-01-31_0000,equity price*,equity prices,27122,27135,positive,rais*,"[[27141, 27147]]",", and the decline in energy prices. Consumption was also likely supported by further gains in home values and equity prices that raised the ratio of household wealth to disposable income relative to that seen earlier in 2005. Consumer sentiment measured by surveys moved up"
2006-01-31,2006-01-31_0001,household wealth,household wealth,27161,27177,unclassified,,[],"sumption was also likely supported by further gains in home values and equity prices that raised the ratio of household wealth to disposable income relative to that seen earlier in 2005. Consumer sentiment measured by surveys moved up in December and, judging by the prelimina"
2006-01-31,2006-01-31_0002,stock price*,stock price,32485,32496,unclassified,,[]," Yields on investment- and speculative-grade corporate debt moved largely in line with Treasury yields. Major stock price indexes rose modestly, and the trade-weighted foreign exchange value of the dollar depreciated slightly over the period. Domestic nonfinancial sector"
2006-01-31,2006-01-31_0003,equity market*,equity markets,38612,38626,unclassified,,[]," provide ongoing support for US exports; indeed, the sharp increases in commodity prices and rallies in world equity markets suggested the possibility of an even stronger path for demand abroad. Financial market conditions in the United States, as well as those abroad, sugg"
2006-01-31,2006-01-31_0004,equity market*,equity markets,38864,38878,positive,strength*,"[[38852, 38860]]"," as those abroad, suggested that investors were optimistic about the economic outlook. The recent strength in equity markets and the low prevailing term premiums and bond spreads perhaps reflected market assessments that economic risks were lower than usual, as well as stro"
2006-03-28,2006-03-28_0000,stock market*,stock market,6081,6093,positive,gain*,"[[6068, 6073]]",income in January. Consumption was likely supported also by ongoing increases in home prices and gains in the stock market. Consumer confidence as measured by surveys remained consistent with moderate increases in consumer spending. Housing activity had moderated somewhat
2006-03-28,2006-03-28_0001,stock market index*,stock market indexes,12239,12259,unclassified,,[],"ble-maturity Treasury securities, while yields on speculative-grade corporate debt were little changed. Broad stock market indexes were modestly higher amid favorable economic news and lower oil prices, and the trade-weighted foreign exchange value of the dollar appreciated sligh"
2006-05-10,2006-05-10_0000,stock market*,stock market,7924,7936,positive,gain*,"[[7911, 7916]]","h and were expected to damp it in April as well. Ongoing increases in home prices and additional gains in the stock market, however, further boosted household wealth during the first quarter. Measures of consumer confidence remained consistent with moderate increases in c"
2006-05-10,2006-05-10_0001,household wealth,household wealth,7963,7979,positive,boost*,"[[7955, 7962]]"," as well. Ongoing increases in home prices and additional gains in the stock market, however, further boosted household wealth during the first quarter. Measures of consumer confidence remained consistent with moderate increases in consumer spending. The underlying pace of re"
2006-05-10,2006-05-10_0002,stock price*,stock price,14938,14949,unclassified,,[],"ble-maturity Treasury securities were about unchanged, while those on speculative-grade bonds declined. Major stock price indexes were up a bit over the intermeeting period, as positive first-quarter earnings reports more than offset the negative effects of higher energy"
2006-05-10,2006-05-10_0003,household wealth,household wealth,16429,16445,positive,increas*,"[[16416, 16425]]","l GDP reflected the lagged effects of the tightening of monetary policy, the waning impetus from increases in household wealth, and reduced stimulus from fiscal policy. While higher energy prices were expected to boost inflation in the near term, structural productivity was s"
2006-06-29,2006-06-29_0000,equity price*,equity prices,6359,6372,negative,declin*,"[[6347, 6355]]","osable income. Higher interest rates also likely restrained spending. Nonetheless, despite recent declines in equity prices, the wealth-to-income ratio remained well above its historical average, and consumer sentiment, which dipped in May, rebounded some in early June. Re"
2006-06-29,2006-06-29_0001,wealth to income ratio,wealth-to-income ratio,6378,6400,unclassified,,[],"er interest rates also likely restrained spending. Nonetheless, despite recent declines in equity prices, the wealth-to-income ratio remained well above its historical average, and consumer sentiment, which dipped in May, rebounded some in early June. Residential construction activ"
2006-06-29,2006-06-29_0002,equity index*,equity indexes,9266,9280,negative,declin*,"[[9254, 9262]]","r expansion in the euro area and of continued growth in Japan were evident, notwithstanding sharp declines in equity indexes in these countries. Headline inflation picked up in April and May, driven partly by sharp increases in the prices of petroleum-based products. In con"
2006-06-29,2006-06-29_0003,stock price*,stock price,12414,12425,unclassified,,[],"tion retraced a substantial share of the rise that had occurred over the preceding intermeeting period. Major stock price indexes fell sharply over the period. Spreads of yields on corporate bonds over those on comparable-maturity Treasury securities widened somewhat, wh"
2006-06-29,2006-06-29_0004,household wealth,household wealth,14249,14265,positive,increas*,"[[14236, 14245]]"," market, the effects of past policy tightening, and a diminished boost to consumer spending from increases in household wealth. Core consumer price inflation was projected to have stepped up in the second quarter from its average pace over the preceding several quarters but t"
2006-08-08,2006-08-08_0000,household wealth,household wealth,5240,5256,positive,gain*,"[[5231, 5236]]","lf of the year, gains in real disposable income were held down by rising consumer prices. While past gains in household wealth, particularly from home prices, supported consumer spending, higher interest rates and energy prices were likely a restraining influence. Indicators "
2006-08-08,2006-08-08_0001,stock price*,stock price,11481,11492,unclassified,,[],"able-maturity Treasury securities were about unchanged, while those on speculative-grade bonds widened. Major stock price indexes rose modestly. The foreign exchange value of the dollar against other major currencies fell, on net, over the intermeeting period. Debt of th"
2006-08-08,2006-08-08_0002,household wealth,household wealth,12754,12770,unclassified,,[]," the housing market, the effects of higher energy prices on household purchasing power, the waning impetus of household wealth effects on consumer spending, and the effects of past policy tightening were expected to hold economic growth below potential over the next six quart"
2006-09-20,2006-09-20_0000,household wealth,household wealth,5061,5077,positive,increas*,"[[5048, 5057]]","crease in energy prices, real disposable income rose further, with solid gains in June and July. Increases in household wealth earlier in the year continued to boost consumer spending. However, consumer borrowing costs had risen since the beginning of the year with the increa"
2006-09-20,2006-09-20_0001,stock price*,stock price,11806,11817,unclassified,,[],"vestment- and speculative-grade corporate bonds over those on Treasury securities were about unchanged. Major stock price indexes posted solid gains. The foreign exchange value of the dollar against other major currencies was little changed, on net, over the intermeeting"
2006-09-20,2006-09-20_0002,household wealth,household wealth,13441,13457,unclassified,,[],"ear. Further ahead, the lagged effects of the previous tightening of monetary policy and waning stimulus from household wealth and fiscal policy were anticipated to restrain growth, but the drag from the downturn in residential construction was expected to abate. Core consume"
2006-09-20,2006-09-20_0003,household wealth,household wealth,15814,15830,unclassified,,[],"en expanding moderately over the previous few months, buoyed by increases in employment, personal income, and household wealth. Contacts in some Districts reported that retail sales had picked up a little most recently. Meeting participants noted that consumer spending going "
2006-10-25,2006-10-25_0000,household wealth,household wealth,7668,7684,positive,increas*,"[[7655, 7664]]","cond-quarter average. Consumer spending continued to draw support from the lagged effects of the increases in household wealth over the past two years. But interest rates on some types of household loans, both short- and long-term, had risen this year, on balance. The latest "
2006-10-25,2006-10-25_0001,equity index*,equity indexes,15388,15402,positive,rose,"[[15403, 15407]]","ty Treasury securities held steady, while those on speculative-grade corporate bonds narrowed a little. Broad equity indexes rose noticeably. The trade-weighted index of the foreign exchange value of the dollar versus major currencies rose somewhat on balance, and the gains"
2006-10-25,2006-10-25_0002,household wealth,household wealth,17128,17144,unclassified,,[]," rise at a somewhat slower rate over the next two years than in 2006 in part as a result of less impetus from household wealth, interest rates, and fiscal policy. The projected increase in real output over the next year or so was a little below the staff's estimate of potenti"
2006-12-12,2006-12-12_0000,household wealth,household wealth,6763,6779,unclassified,,[],"so increased rapidly in September and October. Despite the further deceleration in house prices, the ratio of household wealth to disposable income remained well above its historical average, buoyed by robust gains in the stock market. Readings on consumer sentiment edged dow"
2006-12-12,2006-12-12_0001,stock market*,stock market,6875,6887,positive,gain*,"[[6862, 6867]]","usehold wealth to disposable income remained well above its historical average, buoyed by robust gains in the stock market. Readings on consumer sentiment edged down in November and early December but stayed above levels seen in the summer. Residential construction activi"
2006-12-12,2006-12-12_0002,equity index*,equity indexes,13831,13845,unclassified,,[],"asury securities remained about unchanged, while those on speculative-grade corporate bonds rose a bit. Broad equity indexes showed solid gains. The foreign exchange value of the dollar against other major currencies fell, on net, over the intermeeting period, with pronounc"
2007-01-31,2007-01-31_0000,equity price*,equity prices,26107,26120,positive,gain*,"[[26098, 26103]]"," house-price appreciation appeared to have slowed further since the end of the third quarter, robust gains in equity prices likely resulted in a small rise in the ratio of household wealth to disposable income last quarter. Readings on consumer sentiment moved up at the en"
2007-01-31,2007-01-31_0001,household wealth,household wealth,26169,26185,unclassified,,[],"e the end of the third quarter, robust gains in equity prices likely resulted in a small rise in the ratio of household wealth to disposable income last quarter. Readings on consumer sentiment moved up at the end of last year and held steady in early 2007. Residential constru"
2007-01-31,2007-01-31_0002,equity index*,equity indexes,33893,33907,unclassified,,[],"asury securities moved down a bit, while those of speculative-grade issues declined significantly more. Broad equity indexes edged higher. The foreign exchange value of the dollar against other major currencies rose, on balance, particularly versus the yen. Debt of the dome"
2007-03-21,2007-03-21_0000,equity price*,equity prices,6341,6354,negative,declin*,"[[6329, 6337]]","ely being muted by the lagged effects of the upward trend in borrowing costs. In addition, recent declines in equity prices and slowing house price appreciation pointed to a modest reduction in households� wealth-to-income ratio in the first quarter. Housing starts decline"
2007-03-21,2007-03-21_0001,wealth to income ratio,wealth-to-income ratio,6437,6459,unclassified,,[],"t declines in equity prices and slowing house price appreciation pointed to a modest reduction in households� wealth-to-income ratio in the first quarter. Housing starts declined in January, extending the downward trend that had been in place since early 2006, but bounced back in F"
2007-03-21,2007-03-21_0002,equity price*,equity prices,13219,13232,unclassified,,[]," economic activity, mounting concerns about the subprime mortgage sector, and significant declines in foreign equity prices. On net over the intermeeting period, investors tilted their anticipated path for monetary policy beyond mid-2007 down substantially, and yields on t"
2007-03-21,2007-03-21_0003,stock price*,stock price,13648,13659,unclassified,,[],"an their nominal counterparts, leaving inflation compensation slightly lower across the term structure. Broad stock price indexes dropped several percent on net over the period. Yields on investment-grade corporate bonds fell about in line with those on Treasury securiti"
2007-03-21,2007-03-21_0004,equity price*,equity prices,15002,15015,negative,declin*,"[[14991, 14998]]","n business equipment spending and federal defense purchases. The recent increase in oil prices and decline in equity prices, along with increased strains in the subprime mortgage sector, were expected to exert some drag on real activity over the remainder of the year. Even"
2007-03-21,2007-03-21_0005,household* net worth,household net worth,19868,19887,negative,reduc*,"[[19855, 19864]]",n the availability of other types of household credit. The recent increase in oil prices and the reduction in household net worth resulting from the small net declines in equity prices during the intermeeting period warranted a modest downward adjustment in projected growth of c
2007-03-21,2007-03-21_0006,equity price*,equity prices,19929,19942,negative,declin*,"[[19917, 19925]]","cent increase in oil prices and the reduction in household net worth resulting from the small net declines in equity prices during the intermeeting period warranted a modest downward adjustment in projected growth of consumer spending. Even so, the possibility that the per"
2007-05-09,2007-05-09_0000,wealth to income ratio,wealth-to-income ratio,6574,6596,unclassified,,[],"hat income in January was boosted by unusually large bonus payments and stock option exercises. The household wealth-to-income ratio likely ticked down in the first quarter, as the stock market rose only a little and house prices remained soft. However, given the surge in stock pri"
2007-05-09,2007-05-09_0001,stock market*,stock market,6645,6657,positive,rose,"[[6658, 6662]]"," stock option exercises. The household wealth-to-income ratio likely ticked down in the first quarter, as the stock market rose only a little and house prices remained soft. However, given the surge in stock prices in April, much of the lost ground had probably since been"
2007-05-09,2007-05-09_0002,stock price*,stock prices,6737,6749,unclassified,,[],"t quarter, as the stock market rose only a little and house prices remained soft. However, given the surge in stock prices in April, much of the lost ground had probably since been made up. Residential construction activity remained soft as builders attempted to work off "
2007-05-09,2007-05-09_0003,equity price*,Equity prices,14056,14069,unclassified,,[],"ing their spreads little changed at fairly low levels. Spreads on speculative-grade corporate bonds narrowed. Equity prices climbed steeply amid solid earnings reports and improved sentiment, more than reversing the declines in the previous intermeeting period. The foreign"
2007-05-09,2007-05-09_0004,stock price*,stock prices,18638,18650,positive,gain*,"[[18629, 18634]]",". Consumption was likely to be supported by continued advances in employment and incomes, as well as gains in stock prices; but the recent increases in gasoline prices probably would damp households' spending power in the near term, and the effect of the anticipated level"
2007-05-09,2007-05-09_0005,household wealth,household wealth,18838,18854,unclassified,,[],"spending power in the near term, and the effect of the anticipated leveling out in home-price appreciation on household wealth was expected to contribute to a gradual increase in the personal saving rate over the medium run. Participants remained concerned that the housing ma"
2007-06-28,2007-06-28_0000,wealth to income ratio,wealth-to-income ratio,5658,5680,negative,tick* down,"[[5681, 5692]]","lso by unusually large bonus payments and stock option exercises in the first quarter. Although the household wealth-to-income ratio ticked down in the first quarter with the stock market up only a little and house prices remaining soft, the increase in stock prices in the second q"
2007-06-28,2007-06-28_0001,stock market*,stock market,5723,5735,positive,up,"[[5736, 5738]]","in the first quarter. Although the household wealth-to-income ratio ticked down in the first quarter with the stock market up only a little and house prices remaining soft, the increase in stock prices in the second quarter likely made up much of the lost ground. Elevated"
2007-06-28,2007-06-28_0002,stock price*,stock prices,5802,5814,positive,increas*,"[[5790, 5798]]"," in the first quarter with the stock market up only a little and house prices remaining soft, the increase in stock prices in the second quarter likely made up much of the lost ground. Elevated inventories of unsold new homes continued to weigh on residential construction"
2007-06-28,2007-06-28_0003,equity price*,Equity prices,14108,14121,unclassified,,[],"es, leaving their spreads little changed. In contrast, spreads on speculative-grade corporate bonds narrowed. Equity prices were volatile at times during the intermeeting period, but broad stock price indexes advanced modestly, on net, as favorable news on the economy and "
2007-06-28,2007-06-28_0004,stock price*,stock price,14187,14198,unclassified,,[],"rade corporate bonds narrowed. Equity prices were volatile at times during the intermeeting period, but broad stock price indexes advanced modestly, on net, as favorable news on the economy and announcements of mergers and acquisitions outweighed the drag of higher bond "
2007-06-28,2007-06-28_0005,household wealth,household wealth,21524,21540,unclassified,,[]," Some participants noted a risk that the saving rate could rise more than currently foreseen, particularly if household wealth were depressed by a further softening in house prices or by a less buoyant equity market that might accompany a potential slowing in the growth of co"
2007-06-28,2007-06-28_0006,equity market*,equity market,21616,21629,unclassified,,[],", particularly if household wealth were depressed by a further softening in house prices or by a less buoyant equity market that might accompany a potential slowing in the growth of corporate earnings. Several participants noted that higher interest rates and a potential t"
2007-06-28,2007-06-28_0007,equity market*,equity markets,22083,22097,unclassified,,[],"to date and saw a risk that the saving rate could fail to rise as much as currently expected, particularly if equity markets continued to register significant gains. A number of participants remarked that the recent data on business spending were more encouraging than those"
2007-08-07,2007-08-07_0000,household wealth,household wealth,6094,6110,unclassified,,[],"the second quarter, there were solid gains in wages and salaries. Despite continued softness in house prices, household wealth moved markedly higher in the second quarter, mostly reflecting rising equity prices. Demand for housing in the second quarter was restrained by highe"
2007-08-07,2007-08-07_0001,equity price*,equity prices,6181,6194,positive,rising,"[[6174, 6180]]","tness in house prices, household wealth moved markedly higher in the second quarter, mostly reflecting rising equity prices. Demand for housing in the second quarter was restrained by higher interest rates and by tightening credit conditions in the subprime mortgage market"
2007-08-07,2007-08-07_0002,equity price*,equity prices,9267,9280,negative,declin*,"[[9255, 9263]]","as favorable labor market conditions. Although many of those economies recently experienced sharp declines in equity prices and widening credit spreads amid deepening concerns about credit quality, these developments occurred too late in the intermeeting period to have any"
2007-08-07,2007-08-07_0003,equity price*,equity prices,10489,10502,negative,fell,"[[10503, 10507]]"," rebound in the second quarter, whereas Brazil and Argentina appeared to have experienced solid growth. While equity prices fell and bond spreads widened in several emerging-market economies, particularly in Latin America, there was no evidence that this increased volatili"
2007-08-07,2007-08-07_0004,stock price*,stock price,15408,15419,unclassified,,[],"eets, although late in the period some evidence pointed to diminishing availability of jumbo mortgages. Broad stock price indexes declined substantially, on net, over the intermeeting period despite generally solid second-quarter earnings reports. Share prices of financi"
2007-08-07,2007-08-07_0005,asset market*,asset market,22604,22616,unclassified,,[],"rkets could change rapidly, and that adverse effects on business spending were possible. Moreover, heightened asset market volatility and the associated increase in uncertainty, if they were to persist for long, could lead businesses to pare capital spending plans. Still,"
2007-09-18,2007-09-18_0000,household wealth,household wealth,6826,6842,unclassified,,[],"income rose further in July, as wages and salaries posted a strong gain and energy prices came down. However, household wealth likely was providing a diminishing impetus to the pace of spending, reflecting recent declines in stock market wealth and an apparent further deceler"
2007-09-18,2007-09-18_0001,stock market wealth,stock market wealth,6941,6960,negative,declin*,"[[6929, 6937]]","hold wealth likely was providing a diminishing impetus to the pace of spending, reflecting recent declines in stock market wealth and an apparent further deceleration in house prices. Readings on consumer sentiment turned down in August after having risen in July, and the Reuter"
2007-09-18,2007-09-18_0002,stock price*,stock price,19201,19212,unclassified,,[],"riod, the supply of conforming mortgages seemed to have been largely unaffected by recent developments. Broad stock price indexes were volatile but about unchanged, on net, over the intermeeting period. The foreign exchange value of the dollar against other major currenc"
2007-10-31,2007-10-31_0000,stock price*,stock prices,6864,6876,positive,rose,"[[6877, 6881]]"," summer. However, other factors affecting consumer spending were mixed. Short-term interest rates dropped and stock prices rose, on balance, after August. By contrast, house prices continued to decelerate, standards on consumer and mortgage credit tightened after mid-summ"
2007-10-31,2007-10-31_0001,stock price*,Stock prices,16950,16962,unclassified,,[],ensation was about unchanged on balance over the intermeeting period despite a sharp rise in spot oil prices. Stock prices jumped early in the intermeeting period in response to the cut in the target federal funds rate and some favorable economic news but later dropped ba
2007-12-11,2007-12-11_0000,equity index*,equity indexes,17833,17847,unclassified,,[],"rts of losses and reduced capital ratios at the housing-related government-sponsored enterprises. Broad-based equity indexes were volatile and ended the period down noticeably. Financial stocks were especially hard hit, dropping substantially more than the broad indexes. Si"
2007-12-11,2007-12-11_0001,household wealth,household wealth,28048,28064,negative,declin*,"[[28037, 28044]]","he supply of homes for sale could put additional downward pressure on prices, leading to a greater decline in household wealth and potentially to further disruptions in the financial markets. Indicators of capital investment for the nation as a whole suggested solid but appre"
2008-01-30,2008-01-30_0000,wealth to income ratio,wealth-to-income ratio,26071,26093,negative,tick* down,"[[26094, 26105]]","rsonal income was little changed in the fourth quarter, held down by higher consumer energy prices. Also, the wealth-to-income ratio ticked down in the third quarter, and appeared likely to decline again in the fourth quarter, as equity prices had fallen since the end of the third "
2008-01-30,2008-01-30_0001,equity price*,equity prices,26191,26204,negative,fall*,"[[26209, 26215]]","income ratio ticked down in the third quarter, and appeared likely to decline again in the fourth quarter, as equity prices had fallen since the end of the third quarter and available indicators pointed to continued declines in house prices in the fourth quarter. In Decemb"
2008-01-30,2008-01-30_0002,stock price*,stock price,36959,36970,unclassified,,[],"ds on jumbo mortgages, although credit availability for jumbo-mortgage borrowers continued to be tight. Broad stock price indexes fell over the intermeeting period on perceptions of a deteriorating economic outlook and additional write-downs by financial institutions. Si"
2008-01-30,2008-01-30_0003,equity price*,Equity prices,39234,39247,unclassified,,[],"ory output had weakened. Consumer confidence remained low, and indicators of business sentiment had worsened. Equity prices had also fallen sharply so far in 2008, and, while the functioning of money markets had improved, conditions in some other financial markets had beco"
2008-01-30,2008-01-30_0004,equity price*,equity prices,43165,43178,negative,drop*,"[[43157, 43161]]","ic outlook adversely affected a range of financial markets. Many participants were concerned that the drop in equity prices, coupled with the ongoing decline in house prices, implied reductions in household wealth that would likely damp consumer spending. Moreover, elevate"
2008-01-30,2008-01-30_0005,household wealth,household wealth,43252,43268,negative,reduc*,"[[43238, 43248]]","erned that the drop in equity prices, coupled with the ongoing decline in house prices, implied reductions in household wealth that would likely damp consumer spending. Moreover, elevated volatility in financial markets likely reflected increased uncertainty about the economi"
2008-01-30,2008-01-30_0006,home and equity price*,home and equity prices,46091,46113,negative,decreas*,"[[46078, 46087]]"," appeared to be depressing consumer sentiment and that the contraction in wealth associated with decreases in home and equity prices probably was restraining spending. In addition, consumption expenditures were being damped by slower growth in real disposable income induced by high"
2008-01-30,2008-01-30_0007,equity price*,equity prices,51262,51275,negative,drop*,"[[51254, 51258]]","h, including the slide in housing activity and prices, the tightening of credit availability, and the drop in equity prices. Members judged that a 50 basis point reduction in the federal funds rate, together with the Committee's previous policy actions, would bring the rea"
2008-01-30,2008-01-30_0008,stock price*,stock prices,60918,60930,negative,declin*,"[[60906, 60914]]","ncern was expressed that an immediate policy action could be misinterpreted as directed at recent declines in stock prices, rather than the broader economic outlook, and one member believed it preferable to delay policy action until the scheduled FOMC meeting on January 2"
2008-03-18,2008-03-18_0000,household wealth,household wealth,5722,5738,unclassified,,[],ed up only slightly in January. Further declines in house prices led to a noticeable decrease in the ratio of household wealth to disposable income in the fourth quarter. The downturn in equity prices since December further reduced household wealth in the first quarter. Readi
2008-03-18,2008-03-18_0001,equity price*,equity prices,5799,5812,negative,downturn,"[[5787, 5795]]",iceable decrease in the ratio of household wealth to disposable income in the fourth quarter. The downturn in equity prices since December further reduced household wealth in the first quarter. Readings on consumer sentiment dropped sharply in February from already low lev
2008-03-18,2008-03-18_0002,household wealth,household wealth,5844,5860,negative,reduc*,"[[5836, 5843]]","alth to disposable income in the fourth quarter. The downturn in equity prices since December further reduced household wealth in the first quarter. Readings on consumer sentiment dropped sharply in February from already low levels, and the Reuters/University of Michigan surv"
2008-03-18,2008-03-18_0003,stock price*,stock price,13995,14006,unclassified,,[],"inued to be strong, while credit availability for jumbo and nonprime mortgage borrowers remained tight. Broad stock price indexes fell further over the intermeeting period on negative economic news as well as concerns about the outlook for many financial institutions. Si"
2008-03-18,2008-03-18_0004,asset valu*,asset values,23277,23289,negative,declin*,"[[23267, 23276]]","nal tightening in credit conditions, was discussed. Several participants noted that the problems of declining asset values, credit losses, and strained financial market conditions could be quite persistent, restraining credit availability and thus economic activity for a "
2008-03-18,2008-03-18_0005,equity price*,equity prices,25087,25100,negative,declin* | weigh* on,"[[25075, 25083], [25106, 25117]]","was probably starting to constrain consumer spending. Also, the continued fall in home prices and declines in equity prices were weighing on household wealth, with a depressing effect on spending. The outlook for business spending had also dimmed since the time of the Janu"
2008-03-18,2008-03-18_0006,household wealth,household wealth,25118,25134,negative,weigh* on,"[[25106, 25117]]","ain consumer spending. Also, the continued fall in home prices and declines in equity prices were weighing on household wealth, with a depressing effect on spending. The outlook for business spending had also dimmed since the time of the January meeting. Anecdotal reports fro"
2008-04-30,2008-04-30_0000,household wealth,household wealth,10278,10294,unclassified,,[]," also grew slowly in the first quarter, restrained by rapidly rising prices for energy and food. The ratio of household wealth to disposable income appeared to have moved down again in the first quarter, damped by the appreciable net decline in broad equity prices over that p"
2008-04-30,2008-04-30_0001,equity price*,equity prices,10419,10432,unclassified,,[],"income appeared to have moved down again in the first quarter, damped by the appreciable net decline in broad equity prices over that period and by further reductions in house prices. Measures of consumer sentiment fell sharply in March and April; the April reading of cons"
2008-04-30,2008-04-30_0002,stock price*,stock price,20679,20690,unclassified,,[],"ased, and credit default swap premiums for the government-sponsored enterprises declined substantially. Broad stock price indexes increased markedly over the intermeeting period, mainly in response to earnings reports and announcements of recapitalizations from major fin"
2008-04-30,2008-04-30_0003,equity price*,Equity prices,27547,27560,unclassified,,[]," well anchored. Conditions across a number of financial markets had improved since the previous FOMC meeting. Equity prices and yields on Treasury securities had increased, volatility in both equity and debt markets had ebbed somewhat, and a range of credit risk premiums h"
2008-06-25,2008-06-25_0000,household wealth,household wealth,7534,7550,unclassified,,[],"sharp increases in food and energy prices. The ratio of pace of sales. The ratio of book-value inventories to household wealth to income had dropped sharply in sales (excluding motor vehicles) ticked down in April the first quarter, reflecting substantial net declines in and "
2008-06-25,2008-06-25_0001,equity price*,equity prices,7760,7773,unclassified,,[],"arter, reflecting substantial net declines in and had changed relatively little, on net, since the mid- broad equity prices and further depreciation of house dle of 2007. Despite sharply lower sales of motor vehi- prices. Measures of consumer sentiment fell further in cles"
2008-06-25,2008-06-25_0002,stock price*,stock prices,18366,18378,unclassified,,[],"tgages and commercial mortgages remained and the reversal of these transitory factors. The further low. Broad stock prices were somewhat volatile but large increase in energy prices also prompted an up- declined modestly, on net, over the intermeeting pe- ward revision of"
2008-06-25,2008-06-25_0003,equity price*,equity prices,18609,18622,negative,weigh* on,"[[18598, 18608]]","rmeeting pe- ward revision of the forecast of headline PCE inflation riod. The surge in oil prices weighed on equity prices in the second half of 2008, and headline inflation was outside of the energy sector, and a more pessimistic expected to exceed core inflation by a co"
2008-06-25,2008-06-25_0004,household wealth,household wealth,21807,21823,negative,low*,"[[21801, 21806]]","s were likely to restrain spending, includ- less, most participants judged that the slightly firmer ing lower household wealth, slower real income growth path of spending did not presage a near-term strength- due to sharply higher oil prices, and tight credit condi- ening of "
2008-06-25,2008-06-25_0005,equity price*,equity prices,25520,25533,unclassified,,[],"corporate bond a few participants saw tentative signs that the housing issuance had been strong. However, the equity prices market might be bottoming out in some parts of the of many investment and commercial banks had de- country, most aggregate indicators of housing acti"
2008-06-25,2008-06-25_0006,equity price*,equity prices,25878,25891,unclassified,,[],"eakness. Also, mortgage rates concern about asset quality and the outlook for profits. had increased, and the equity prices of housing-related The deteriorating condition of some financial guaran- firms had fallen over the intermeeting period, after hav- tors and mortgage "
2008-08-05,2008-08-05_0000,ratio of wealth to income,ratio of wealth to income,6052,6077,unclassified,,[],"he end of April, but real disposable income excluding rebates was essentially flat in the second quarter. The ratio of wealth to income likely declined again in the second quarter, as equity prices declined, on balance, and house prices continued to fall. Consumer sentiment rose a bit"
2008-08-05,2008-08-05_0001,equity price*,equity prices,6126,6139,negative,declin*,"[[6140, 6148]]","lly flat in the second quarter. The ratio of wealth to income likely declined again in the second quarter, as equity prices declined, on balance, and house prices continued to fall. Consumer sentiment rose a bit in July but remained at a depressed level. Residential constr"
2008-08-05,2008-08-05_0002,equity price index*,equity price indexes,14856,14876,unclassified,,[]," did lending by banks to businesses and households, and issuance of leveraged loans remained very weak. Broad equity price indexes were volatile and declined modestly, on net, between the June and August FOMC meetings. Stock prices of financial firms fell sharply in mid-July but "
2008-08-05,2008-08-05_0003,stock price*,Stock prices,14965,14977,unclassified,,[]," equity price indexes were volatile and declined modestly, on net, between the June and August FOMC meetings. Stock prices of financial firms fell sharply in mid-July but subsequently recouped most of those losses. Energy sector stocks significantly underperformed the bro"
2008-08-05,2008-08-05_0004,asset valu*,asset values,20049,20061,positive,increas*,"[[20062, 20071]]",ad reported that terms and standards had been tightened on nearly all categories of loans. Declining mortgage asset values increased capital pressures on lenders exposed to real estate markets. While some financial institutions had strengthened their balance sheets with n
2008-08-05,2008-08-05_0005,equity price index*,equity price indexes,20301,20321,negative,declin*,"[[20326, 20334]]","alance sheets with new capital issues, raising new capital had become increasingly difficult. Moreover, broad equity price indexes had declined and borrowing costs for nonfinancial firms had increased, including a recent rise in corporate bond yields across most risk categories. "
2008-08-05,2008-08-05_0006,equity price*,equity prices,21377,21390,negative,low*,"[[21371, 21376]]"," one District had reported plans for laying off workers, idling production, and closing several plants. Lower equity prices and the ongoing deterioration in house prices had reduced household wealth significantly, while real incomes had been diminished by earlier increases"
2008-08-05,2008-08-05_0007,household wealth,household wealth,21449,21465,negative,reduc*,"[[21441, 21448]]","on, and closing several plants. Lower equity prices and the ongoing deterioration in house prices had reduced household wealth significantly, while real incomes had been diminished by earlier increases in the prices of food and energy. All of these factors--in conjunction wit"
2008-09-16,2008-09-16_0000,equity index*,equity indexes,15724,15738,negative,declin*,"[[15739, 15747]]"," bond issuance moderated a bit further in August, while growth of bank lending to businesses was tepid. Broad equity indexes declined over the intermeeting period. Financial sector equity indexes were volatile and ended the period down sharply. Liquidity conditions in the m"
2008-09-16,2008-09-16_0001,equity index*,equity indexes,15795,15809,unclassified,,[],lending to businesses was tepid. Broad equity indexes declined over the intermeeting period. Financial sector equity indexes were volatile and ended the period down sharply. Liquidity conditions in the money markets of major foreign economies deteriorated over the intermeet
2008-09-16,2008-09-16_0002,equity market*,Equity markets,19210,19224,unclassified,,[]," on nominal Treasury securities dropped steeply, and credit spreads on corporate bonds widened significantly. Equity markets were volatile and equity prices dropped considerably. In the forecast prepared for the meeting, the staff left its projection for real GDP growth in "
2008-09-16,2008-09-16_0003,equity price*,equity prices,19243,19256,negative,drop*,"[[19257, 19264]]","ropped steeply, and credit spreads on corporate bonds widened significantly. Equity markets were volatile and equity prices dropped considerably. In the forecast prepared for the meeting, the staff left its projection for real GDP growth in the second half of 2008 little c"
2008-09-16,2008-09-16_0004,household wealth,household wealth,24315,24331,negative,reduc*,"[[24308, 24314]]","effects of the stimulus fade over the near term. Falling real estate prices were likely to continue to reduce household wealth, and the eroding quality of consumer loans had the potential to lead to a further tightening of credit conditions. Many participants worried that the"
2008-10-29,2008-10-29_0000,asset valu*,asset value,7738,7749,unclassified,,[],"day before the meeting of the Committee in September. In large part because of losses on Lehman debt, the net asset value of a major money market mutual fund fell below $1 per share, spurring a substantial outflow from money market mutual funds and straining their liquid"
2008-10-29,2008-10-29_0001,equity price*,equity prices,8305,8318,unclassified,,[],"markets for terms beyond overnight largely ceased to function at times, credit risk spreads rose sharply, and equity prices registered steep declines. The information reviewed at the October meeting indicated that economic conditions deteriorated in recent months. The labo"
2008-10-29,2008-10-29_0002,asset valu*,asset value,21232,21243,unclassified,,[],"for commercial paper declined as prime money market mutual funds experienced large net outflows after the net asset value of one such fund fell below $1 per share. As a consequence, risk spreads on commercial paper rose considerably and were very volatile. Amid strong fl"
2008-10-29,2008-10-29_0003,equity price index*,equity price indexes,23248,23268,negative,declin*,"[[23269, 23277]]","for syndicated leveraged loans, with prices falling to new lows and bid-asked spreads widening notably. Broad equity price indexes declined sharply over the intermeeting period, and option-implied volatility on the s p 500 index rose well above its previous record high. The Senio"
2008-10-29,2008-10-29_0004,s p 500 index,s p 500 index,23353,23366,positive,rose,"[[23367, 23371]]","road equity price indexes declined sharply over the intermeeting period, and option-implied volatility on the s p 500 index rose well above its previous record high. The Senior Loan Officer Opinion Survey pointed to further tightening of terms and standards for consumer lo"
2008-10-29,2008-10-29_0005,equity market index*,Equity market indexes,24431,24452,negative,fell,"[[24453, 24457]]","lds in the advanced foreign economies were volatile; nominal yield curves in many countries steepened on net. Equity market indexes fell sharply in the advanced economies as well as in emerging market economies, which until recently had not been hit as hard by the financial turmoi"
2008-10-29,2008-10-29_0006,stock market wealth,stock-market wealth,32485,32504,negative,declin*,"[[32473, 32481]]","e financial market turmoil in mid-September pointed to another decline in the fourth quarter. The declines in stock-market wealth, low levels of consumer sentiment, weakened household balance sheets, and restrictive credit conditions were likely to hinder household spending over"
2008-10-29,2008-10-29_0007,household wealth,household wealth,33195,33211,negative,reduc*,"[[33187, 33194]]","eeting, real activity was expected to be restrained by further contraction in residential investment, reduced household wealth, continued tight credit conditions, and a deterioration of foreign economic performance. In 2010, real GDP growth was expected to pick up to near the"
2008-10-29,2008-10-29_0008,equity price*,Equity prices,36818,36831,unclassified,,[],"tion also suggested that credit conditions had tightened significantly further for businesses and households. Equity prices had varied widely and were substantially lower, on net. Participants saw the potential for financial strains to intensify if some investors, such as "
2008-10-29,2008-10-29_0009,asset price*,asset prices,37457,37469,negative,low*,"[[37470, 37475]]","o recapitalize banks and guarantee deposits had helped stabilize the situation, risk spreads remained higher, asset prices lower, and credit conditions tighter than prior to the recent disruptions. Moreover, some participants noted that the specifics and effectiveness of "
2008-10-29,2008-10-29_0010,equity price*,equity prices,48163,48176,negative,drop*,"[[48181, 48188]]","spreads in interbank funding markets had widened markedly, corporate and municipal bond yields had risen, and equity prices had dropped sharply. For the first time in many years, the net asset value of a major money market fund had fallen below $1 per share; this event spa"
2008-10-29,2008-10-29_0011,asset valu*,asset value,48240,48251,unclassified,,[],"cipal bond yields had risen, and equity prices had dropped sharply. For the first time in many years, the net asset value of a major money market fund had fallen below $1 per share; this event sparked a flight out of prime money market funds and caused a severe impairmen"
2008-12-16,2008-12-16_0000,equity price*,equity prices,5478,5491,negative,low*,"[[5472, 5477]]","sk-taking, spurred in part by the more pessimistic outlook for economic activity; this situation led to lower equity prices, higher risk spreads, and tighter constraints in credit markets, all of which intensified the decline in real activity. On the inflation front, headl"
2008-12-16,2008-12-16_0001,wealth effect*,wealth effects,8292,8306,unclassified,,[],"e declines for gasoline. Real incomes were also boosted by the reversal in energy prices, though the negative wealth effects of continued declines in equity and house prices likely offset this somewhat. Measures of consumer sentiment released in November and December remain"
2008-12-16,2008-12-16_0002,equity and house price*,equity and house prices,8332,8355,negative,declin*,"[[8320, 8328]]","re also boosted by the reversal in energy prices, though the negative wealth effects of continued declines in equity and house prices likely offset this somewhat. Measures of consumer sentiment released in November and December remained low, and available evidence suggested further "
2008-12-16,2008-12-16_0003,stock price*,Stock prices,21033,21045,unclassified,,[],"y mortgage-related and other assets appeared to prompt negative price reactions in several financial markets. Stock prices of financial corporations fell considerably, while broad equity indexes declined, on net, amid high volatility. Yields on investment-grade bonds move"
2008-12-16,2008-12-16_0004,equity index*,equity indexes,21103,21117,negative,declin*,"[[21118, 21126]]","reactions in several financial markets. Stock prices of financial corporations fell considerably, while broad equity indexes declined, on net, amid high volatility. Yields on investment-grade bonds moved lower, but risk spreads on these instruments over comparable-maturity "
2008-12-16,2008-12-16_0005,stock price*,stock prices,24925,24937,unclassified,,[]," markets of major foreign economies improved but remained strained over the intermeeting period. Movements in stock prices were mixed in the advanced foreign economies, although equity prices generally rose in emerging market economies. In response to evidence of a slowdo"
2008-12-16,2008-12-16_0006,equity price*,equity prices,24993,25006,unclassified,,[],"ver the intermeeting period. Movements in stock prices were mixed in the advanced foreign economies, although equity prices generally rose in emerging market economies. In response to evidence of a slowdown in economic activity and a rapid waning of inflationary pressures,"
2008-12-16,2008-12-16_0007,stock market wealth,stock market wealth,25946,25965,negative,declin*,"[[25934, 25942]]","d to weaken; and financial conditions, on balance, continued to tighten. Rising unemployment, the declines in stock market wealth, low levels of consumer sentiment, weakened household balance sheets, and restrictive credit conditions were likely to continue to hinder household s"
2008-12-16,2008-12-16_0008,equity price*,equity prices,27938,27951,negative,declin*,"[[27926, 27934]]"," strained. Credit conditions continued to tighten for both households and businesses, and ongoing declines in equity prices further reduced household wealth. Conditions in the housing market weakened again and house prices declined further. Against this backdrop, measures "
2008-12-16,2008-12-16_0009,household wealth,household wealth,27968,27984,negative,reduc*,"[[27960, 27967]]","ontinued to tighten for both households and businesses, and ongoing declines in equity prices further reduced household wealth. Conditions in the housing market weakened again and house prices declined further. Against this backdrop, measures of business and consumer confiden"
2008-12-16,2008-12-16_0010,household wealth,household wealth,28872,28888,negative,reduc*,"[[28858, 28868]]","activity were a serious concern. Indeed, the severe ongoing financial market strains, the large reductions in household wealth, and the global nature of the economic slowdown were seen by some participants as suggesting the distinct possibility of a prolonged contraction, alt"
2008-12-16,2008-12-16_0011,equity price*,Equity prices,30018,30031,unclassified,,[],"hly rated commercial paper and for interbank funds, financial markets generally remained under severe stress. Equity prices continued to drop amid high volatility, further reducing household wealth. Rising risk spreads kept the cost of issuing corporate bonds at a high lev"
2008-12-16,2008-12-16_0012,household wealth,household wealth,30089,30105,negative,reduc*,"[[30080, 30088]]","enerally remained under severe stress. Equity prices continued to drop amid high volatility, further reducing household wealth. Rising risk spreads kept the cost of issuing corporate bonds at a high level--especially for lower-rated firms--even though Treasury yields had decl"
2008-12-16,2008-12-16_0013,household wealth,household wealth,32068,32084,negative,declin*,"[[32057, 32064]]",", capital expenditures were likely to be soft in coming quarters. Many participants noted that the decline in household wealth resulting from large drops in equity and house prices, together with tighter credit conditions, rapidly increasing unemployment, and deteriorating co"
2008-12-16,2008-12-16_0014,equity and house price*,equity and house prices,32115,32138,negative,drop*,"[[32106, 32111]]","n coming quarters. Many participants noted that the decline in household wealth resulting from large drops in equity and house prices, together with tighter credit conditions, rapidly increasing unemployment, and deteriorating consumer sentiment, was contributing to a sharp contract"
2009-01-28,2009-01-28_0000,asset valu*,asset values,28203,28215,unclassified,,[],"rking reasonably well, given the current high level of pessimism and uncertainty about economic prospects and asset values, and the System's lending and asset-purchase programs were resulting in undesirable distortions in the allocation of credit. Others noted that such p"
2009-01-28,2009-01-28_0001,house and equity price*,house and equity prices,34124,34147,negative,decreas*,"[[34111, 34120]]","peared to decline sharply again in the fourth quarter, likely reflecting the combined effects of decreases in house and equity prices, a weakening labor market, and tight credit conditions. Real spending on goods excluding motor vehicles was estimated to have fallen noticeably in De"
2009-01-28,2009-01-28_0002,equity market index*,equity market indexes,46142,46163,negative,fell,"[[46164, 46168]]",") spreads on AAA-rated CMBS--widening during the intermeeting period from already very elevated levels. Broad equity market indexes fell over the intermeeting period. After improving during the early part of the intermeeting period, market sentiment toward financial firms appeared"
2009-01-28,2009-01-28_0003,equity price*,equity prices,46741,46754,unclassified,,[],"ty. CDS spreads for US bank holding companies rose sharply in mid-January to near their historical highs, and equity prices for such companies fell on net, ending the period below their November lows. A number of banking organizations issued debt through the FDIC's Tempora"
2009-01-28,2009-01-28_0004,equity price*,Equity prices,47426,47439,unclassified,,[],"kage of guarantees, liquidity access, and capital. Developments at nonbank financial institutions were mixed. Equity prices of insurance companies edged down over the period, while their CDS spreads declined from extremely high levels. Hedge funds posted negative average r"
2009-01-28,2009-01-28_0005,equity price*,equity prices,49692,49705,negative,declin*,"[[49680, 49688]]",ugh concerns about bank earnings and the stability of the global banking system led to widespread declines in equity prices later in the period. Governments in major foreign economies initiated several actions aimed at strengthening the banking sector and easing credit mar
2009-01-28,2009-01-28_0006,equity price*,equity prices,50939,50952,negative,fall*,"[[50957, 50963]]","ets continued to be strained overall, credit remained unusually tight for both households and businesses, and equity prices had fallen further. The staff's projections of real GDP growth in the second half of 2009 and in 2010 were revised upward slightly, reflecting greate"
2009-03-18,2009-03-18_0000,household* net worth,household net worth,14502,14521,unclassified,,[],"inancial strain on households intensified over the previous several months; by the end of the fourth quarter, household net worth for the first time since 1995 had fallen to less than five times disposable income, and substantial declines in equity and house prices continued ear"
2009-03-18,2009-03-18_0001,equity and house price*,equity and house prices,14634,14657,negative,declin*,"[[14622, 14630]]","r the first time since 1995 had fallen to less than five times disposable income, and substantial declines in equity and house prices continued early this year. Consumer sentiment declined further in February as households voiced greater concerns about income and job prospects. The "
2009-03-18,2009-03-18_0002,equity price index*,equity price indexes,22105,22125,negative,drop*,"[[22126, 22133]]","lower, and spreads between the yields of on- and off-the-run 10-year Treasury notes remained very high. Broad equity price indexes dropped significantly, on balance, over the intermeeting period amid continued concerns about the health of the financial sector, uncertainty regardi"
2009-03-18,2009-03-18_0003,stock price*,stock prices,22382,22394,unclassified,,[],"rding the efficacy of government support to the sector, and a further weakening of the economic outlook. Bank stock prices were particularly hard hit, and the credit default swap (CDS) spreads of many banks rose above the peaks recorded last fall on anxieties about the fi"
2009-03-18,2009-03-18_0004,stock price*,Stock prices,22593,22605,unclassified,,[]," above the peaks recorded last fall on anxieties about the financial conditions of the largest banking firms. Stock prices of insurance companies dropped sharply over the period, reflecting concerns about the adequacy of their capital positions. On March 2, American Inter"
2009-03-18,2009-03-18_0005,equity price index*,equity price indexes,26558,26578,unclassified,,[],"n home equity loans slowed noticeably in January and February. Among the advanced foreign economies, headline equity price indexes generally fell significantly over the period, with the sharpest drops in the banking sector. In particular, European bank shares fell steeply as earn"
2009-03-18,2009-03-18_0006,equity price*,equity prices,27160,27173,unclassified,,[],"dollar against the yen. Financial conditions in emerging markets also worsened, with their exchange rates and equity prices generally falling and CDS premiums rising a bit on balance. Several foreign governments and central banks took further steps to support their financi"
2009-03-18,2009-03-18_0007,equities,equities,27787,27795,unclassified,,[],"eme by the Royal Bank of Scotland and Lloyds Bank. The Bank of Japan stated that it would resume purchases of equities held on banks' balance sheets, announced plans to purchase corporate bonds, and began its previously announced purchases of commercial paper. The Swi"
2009-03-18,2009-03-18_0008,equity index*,equity indexes,29088,29102,negative,down,"[[29103, 29107]]","January and February. Financial conditions overall were even less supportive of economic activity, with broad equity indexes down significantly amid continued concerns about the health of the financial sector, the dollar stronger, and long-term interest rates higher. The st"
2009-03-18,2009-03-18_0009,equity price*,equity prices,30545,30558,negative,declin*,"[[30533, 30541]]","xpectations at the time of the January meeting. The slowdown was widespread across sectors. Large declines in equity prices, a further drop in house prices, and mounting job losses threatened to further depress consumer spending, despite some firming in the recent retail s"
2009-03-18,2009-03-18_0010,equity and house price*,equity and house prices,33083,33106,negative,fall*,"[[33075, 33082]]","ding in January and February. However, others suggested that strains on household balance sheets from falling equity and house prices, reduced credit availability, and the fear of unemployment could well lead to further increases in the saving rate that would damp consumption growth"
2009-04-29,2009-04-29_0000,equity price*,equity prices,10088,10101,negative,down,"[[10107, 10111]]"," Wages and salaries dropped, house prices were markedly lower than a year ago, and, despite recent increases, equity prices were down substantially from their levels of 12 months earlier. As measured by the Reuters/University of Michigan survey, consumer sentiment strength"
2009-04-29,2009-04-29_0001,stock price*,stock price,18270,18281,unclassified,,[],"stable near their pre-crisis levels. Still, daily trading volumes for Treasury securities remained low. Broad stock price indexes rose significantly, reportedly buoyed by announcements of policy measures to enhance credit markets and clean up banks' balance sheets and pe"
2009-04-29,2009-04-29_0002,s p 500 index,s p 500 index,18922,18935,negative,decreas*,"[[18936, 18945]]","ing the intermeeting period but was still very high by historical standards. Option-implied volatility on the s p 500 index decreased but stayed well above historical norms. On net, yields on lower-rated investment-grade and speculative-grade corporate bonds dropped, resul"
2009-04-29,2009-04-29_0003,stock market*,Stock markets,22053,22066,unclassified,,[],"nued to tighten their credit standards and terms on all major loan categories over the previous three months. Stock markets around the world rose substantially over the intermeeting period amid somewhat better sentiment regarding economic prospects, reports of better-than-"
2009-04-29,2009-04-29_0004,stock price*,stock prices,24100,24112,positive,rose,"[[24113, 24117]]","d. Conditions in financial markets improved more than had been expected: Private borrowing rates moved lower, stock prices rose substantially, and some measures of financial stress eased. The staff's projections for economic activity in the second half of 2009 and in 2010"
2009-04-29,2009-04-29_0005,household wealth,household wealth,27631,27647,negative,reduc*,"[[27617, 27627]]",res was likely to be restrained by the weakness in labor markets and the lagged effects of past reductions in household wealth. Business investment spending would probably shrink further. Adverse global economic and financial conditions would continue to weigh on the demand f
2009-04-29,2009-04-29_0006,equity price*,Equity prices,27901,27914,positive,increas*,"[[27915, 27924]]","mand for US exports. Financial market developments over the intermeeting period were mainly seen as positive. Equity prices increased, money markets were functioning better, and corporate issuance of bonds and convertible securities was relatively brisk. Measures of volati"
2009-04-29,2009-04-29_0007,household wealth,household wealth,29244,29260,positive,rise*,"[[29236, 29240]]",lly expected that household demand would gradually strengthen over coming quarters in response to the rise in household wealth from the substantial increase in equity prices that had occurred over the intermeeting period as well as the support for income provided by fiscal po
2009-04-29,2009-04-29_0008,equity price*,equity prices,29294,29307,positive,increas*,"[[29282, 29290]]"," strengthen over coming quarters in response to the rise in household wealth from the substantial increase in equity prices that had occurred over the intermeeting period as well as the support for income provided by fiscal policy. Nevertheless, participants judged that th"
2009-04-29,2009-04-29_0009,household wealth,household wealth,29624,29640,negative,reduc*,"[[29610, 29620]]","would be slow, reflecting adverse labor market conditions and continuing adjustments to earlier reductions in household wealth. Some participants referred to the possibility that activity in the housing market might finally be approaching a trough. Indicators of new home sale"
2009-06-24,2009-06-24_0000,equity price*,equity prices,19377,19390,unclassified,,[],"ican Recovery and Reinvestment Act of 2009 boosted transfer payments and reduced personal taxes. In addition, equity prices recorded substantial gains in April and May, reversing a small portion of the prior wealth declines. Measures of consumer sentiment, while remaining "
2009-06-24,2009-06-24_0001,stock price*,stock price,29092,29103,unclassified,,[],"reacted to the large and rapid changes in MBS yields by widening bid-asked spreads on these securities. Broad stock price indexes rose, on net, over the intermeeting period, reflecting generally better-than-expected economic news and further declines in risk premiums. Th"
2009-06-24,2009-06-24_0002,s p 500 index,s p 500 index,29548,29561,negative,declin*,"[[29562, 29570]]","risk premium--narrowed noticeably but remained high by historical standards. Option-implied volatility on the s p 500 index declined but remained elevated. Yields on speculative-grade and investment-grade corporate bonds dropped, and spreads over yields on comparable-matur"
2009-06-24,2009-06-24_0003,stock price*,Stock price,31901,31912,unclassified,,[],"tions declined considerably over the intermeeting period, although they remained well above historical norms. Stock price indexes for the banking sector and the broader financial sectors rose significantly. The level of private-sector debt was estimated to have remained "
2009-06-24,2009-06-24_0004,household wealth,household wealth,32691,32707,unclassified,,[],"o have expanded moderately. The expansion of M2 slowed significantly in April and May, as the reallocation of household wealth toward the safety and liquidity of M2 assets evidently moderated. Retail money market mutual funds and small time deposits contracted in both months,"
2009-06-24,2009-06-24_0005,equity index*,equity indexes,34591,34605,positive,mov* high*,"[[34606, 34617]]"," The improved access to capital markets and better economic outlook buoyed bank stocks, which helped headline equity indexes move higher. Most stock markets in emerging market economies rose considerably, and mutual fund flows into those markets strengthened. The European C"
2009-06-24,2009-06-24_0006,stock market*,stock markets,34624,34637,unclassified,,[],"arkets and better economic outlook buoyed bank stocks, which helped headline equity indexes move higher. Most stock markets in emerging market economies rose considerably, and mutual fund flows into those markets strengthened. The European Central Bank lowered its main pol"
2009-06-24,2009-06-24_0007,equities,equities,35206,35214,unclassified,,[],"s from £75 billion to £125 billion. The Bank of Japan continued purchasing commercial paper, corporate bonds, equities, and government bonds. Chinese authorities held the renminbi nearly unchanged against the dollar, and several central banks intervened to purchase do"
2009-06-24,2009-06-24_0008,household wealth,Household wealth,36001,36017,positive,high*,"[[36022, 36028]]","mployment and industrial production, while still sizable, were smaller than those registered earlier in 2009. Household wealth was higher, corporate bond rates had fallen, the value of the dollar was lower, the outlook for foreign activity was better, and financial stress app"
2009-06-24,2009-06-24_0009,equity price*,equity prices,40551,40564,positive,increas* | favor*,"[[40538, 40547], [40569, 40578]]","t-backed securities also showed an increasing amount of activity, supported in part by the TALF. Increases in equity prices had favorable effects on household wealth and overall sentiment. Still, participants generally noted that the improvement in market conditions was in"
2009-06-24,2009-06-24_0010,household wealth,household wealth,40590,40606,unclassified,,[],"easing amount of activity, supported in part by the TALF. Increases in equity prices had favorable effects on household wealth and overall sentiment. Still, participants generally noted that the improvement in market conditions was in part due to ongoing support from various "
2009-06-24,2009-06-24_0011,asset price*,asset prices,41526,41538,negative,declin*,"[[41514, 41522]]","penditures mainly reflected falling employment, sharply lower wealth as a result of earlier steep declines in asset prices, and tight credit conditions. Because these factors were not seen as likely to dissipate quickly, most participants judged that consumer spending wou"
2009-06-24,2009-06-24_0012,household wealth,household wealth,42930,42946,negative,weigh* on,"[[42918, 42929]]","use prices down further and add to inventories of unsold homes, holding back housing activity and weighing on household wealth. Labor market conditions were of particular concern to meeting participants. Although some improvements were evident in new and continuing unemployme"
2009-08-12,2009-08-12_0000,household* net worth,household net worth,10320,10339,unclassified,,[],"ant strains on household income, and earlier declines in net worth were still holding back spending. However, household net worth received a boost from the rise in equity prices since their low in March. In addition, the July Senior Loan Officer Opinion Survey on Bank Lending Pr"
2009-08-12,2009-08-12_0001,equity price*,equity prices,10374,10387,positive,rise*,"[[10366, 10370]]","in net worth were still holding back spending. However, household net worth received a boost from the rise in equity prices since their low in March. In addition, the July Senior Loan Officer Opinion Survey on Bank Lending Practices indicated that the fraction of banks tig"
2009-08-12,2009-08-12_0002,stock price*,stock price,20667,20678,unclassified,,[],"ear Treasury note was little changed at elevated levels, although it was well below its peak last fall. Broad stock price indexes rose, on net, over the intermeeting period, as investors responded to strong second-quarter earnings reports and indications that the economy"
2009-08-12,2009-08-12_0003,s p 500 index,s p 500 index,21153,21166,unclassified,,[],"emium--narrowed a bit more but remained high by recent historical standards. Option-implied volatility on the s p 500 index also dropped a bit further. Yields on BBB-rated and speculative-grade corporate bonds declined over the intermeeting period. As a result, corporate b"
2009-08-12,2009-08-12_0004,equity price*,equity prices,21789,21802,positive,rose,"[[21803, 21807]]","by better-than-expected second-quarter earnings results at larger banking institutions. Over the period, bank equity prices rose, and credit default swap spreads on financial firms declined. Nonetheless, some investors commented that the positive upside surprises at large "
2009-08-12,2009-08-12_0005,stock market*,Stock markets,24814,24827,positive,rose,"[[24828, 24832]]","of soft foreign demand. The tone of financial markets abroad improved further during the intermeeting period. Stock markets rose globally, as positive US earnings reports and news of strong economic rebounds in emerging Asian economies reportedly lifted investor sentiment."
2009-08-12,2009-08-12_0006,household* net worth,household net worth,26734,26753,positive,high*,"[[26727, 26733]]","arters. But this negative influence on aggregate demand was roughly offset by other factors, including higher household net worth as a result of the rise in equity prices since March, lower corporate bond rates and spreads, a lower dollar, and a stronger forecast for foreign eco"
2009-08-12,2009-08-12_0007,equity price*,equity prices,26781,26794,positive,rise*,"[[26773, 26777]]","e demand was roughly offset by other factors, including higher household net worth as a result of the rise in equity prices since March, lower corporate bond rates and spreads, a lower dollar, and a stronger forecast for foreign economic activity. All told, the staff conti"
2009-08-12,2009-08-12_0008,equity price*,equity prices,30155,30168,positive,increas*,"[[30142, 30151]]","ns. These factors, along with past declines in wealth that had been only partly offset by recent increases in equity prices, would weigh on consumer spending. The data and business contacts indicated very substantial excess capacity in many sectors; this excess capacity, a"
2009-08-12,2009-08-12_0009,equity price*,equity prices,32642,32655,positive,high*,"[[32635, 32641]]","o showed improvement, and recent issuance had neared levels observed prior to the second half of 2008. Higher equity prices appeared to result not only from generally better-than-expected corporate earnings, which seemed largely to reflect aggressive cost cutting, but also"
2009-08-12,2009-08-12_0010,equity price*,equity prices,35926,35939,positive,rebound*,"[[35915, 35922]]","lf of 2008 and was essentially constant during May and June. Several participants noted the recent rebound in equity prices and thus household wealth as a factor that was likely to support consumer spending. Many noted, however, that households still faced considerable hea"
2009-08-12,2009-08-12_0011,household wealth,household wealth,35949,35965,unclassified,,[],"ntially constant during May and June. Several participants noted the recent rebound in equity prices and thus household wealth as a factor that was likely to support consumer spending. Many noted, however, that households still faced considerable headwinds, including reduced "
2009-09-23,2009-09-23_0000,asset price*,asset prices,4251,4263,unclassified,,[],"able stocks of securities. However, they also observed that the rate of new purchases could have an effect on asset prices, especially of MBS. Given this possibility, participants remarked that a gradual reduction in the pace at which the Federal Reserve buys agency debt "
2009-09-23,2009-09-23_0001,household* net worth,household net worth,13011,13030,negative,declin*,"[[12999, 13007]]","particular, the weak labor market continued to restrain growth in household income, and the prior declines in household net worth probably continued to weigh on spending. However, an increase in household net worth since March, a rise in nominal labor compensation in July, and i"
2009-09-23,2009-09-23_0002,household* net worth,household net worth,13096,13115,positive,increas*,"[[13084, 13092]]","nd the prior declines in household net worth probably continued to weigh on spending. However, an increase in household net worth since March, a rise in nominal labor compensation in July, and increases in various measures of consumer sentiment indicated some improvement in the "
2009-09-23,2009-09-23_0003,stock price*,stock price,23398,23409,unclassified,,[],"interest rates as well as further indications that the contraction in economic activity may have ended, broad stock price indexes rose, on net, over the intermeeting period. The spread between an estimate of the expected real equity return over the next 10 years for s p "
2009-09-23,2009-09-23_0004,s p 500 index,s p 500 index,23787,23800,negative,declin*,"[[23801, 23809]]","by historical standards. After having dropped significantly in prior months, option-implied volatility on the s p 500 index declined modestly, on balance, over the intermeeting period, but was still at a level comparable with that of previous recessions. Yields on corporat"
2009-09-23,2009-09-23_0005,equity price*,Equity prices,24406,24419,unclassified,,[],"owed. Changes in investor sentiment toward claims on financial firms were mixed over the intermeeting period. Equity prices for larger banks increased, but stock prices for regional and smaller banks were little changed. Market participants reportedly took note of the incr"
2009-09-23,2009-09-23_0006,stock price*,stock prices,24452,24464,unclassified,,[],"ims on financial firms were mixed over the intermeeting period. Equity prices for larger banks increased, but stock prices for regional and smaller banks were little changed. Market participants reportedly took note of the increased number of failures at regional and smal"
2009-09-23,2009-09-23_0007,stock index*,Stock indexes,27432,27445,unclassified,,[],"restrained. Global financial markets showed some further signs of stabilization over the intermeeting period. Stock indexes in Europe rose solidly, apparently reflecting an improved economic outlook, but the Japanese stock market declined modestly. In emerging markets, cre"
2009-09-23,2009-09-23_0008,stock market*,stock market,27539,27551,negative,declin*,"[[27552, 27560]]","d. Stock indexes in Europe rose solidly, apparently reflecting an improved economic outlook, but the Japanese stock market declined modestly. In emerging markets, credit default swap spreads on sovereign debt declined slightly, and equity prices in most countries rose mod"
2009-09-23,2009-09-23_0009,equity price*,equity prices,27661,27674,unclassified,,[]," declined modestly. In emerging markets, credit default swap spreads on sovereign debt declined slightly, and equity prices in most countries rose moderately; however, stock prices fell notably in China, partly driven by reports that authorities were taking actions to mode"
2009-09-23,2009-09-23_0010,stock price*,stock prices,27719,27731,negative,fell,"[[27732, 27736]]","ap spreads on sovereign debt declined slightly, and equity prices in most countries rose moderately; however, stock prices fell notably in China, partly driven by reports that authorities were taking actions to moderate loan growth. Despite fairly positive economic indica"
2009-09-23,2009-09-23_0011,house and equity price*,house and equity prices,29324,29347,positive,rise*,"[[29315, 29320]]","tentative signs of a recovery of economic activity were supported by other factors, including recent rises in house and equity prices that would support household net worth, declines in interest rates on corporate bonds and fixed-rate mortgages, and a stronger outlook for activity i"
2009-09-23,2009-09-23_0012,household* net worth,household net worth,29367,29386,unclassified,,[],"ctivity were supported by other factors, including recent rises in house and equity prices that would support household net worth, declines in interest rates on corporate bonds and fixed-rate mortgages, and a stronger outlook for activity in foreign economies. The staff expected"
2009-09-23,2009-09-23_0013,equity price*,equity prices,35802,35815,positive,rose,"[[35816, 35820]]","riskier assets. Markets for corporate debt continued to improve, private credit spreads narrowed further, and equity prices rose. Given the improved economic prospects, the decline in longer-term Treasury yields and the apparent marking down of the implied path for the pol"
2009-09-23,2009-09-23_0014,equity price*,equity prices,38625,38638,unclassified,,[],"as partly reflecting special factors like the cash-for-clunkers program. Recent increases in house prices and equity prices were positives, but participants generally expected no more than moderate growth in consumer spending over the near term. Households still faced cons"
2009-09-23,2009-09-23_0015,equity price*,equity prices,38952,38965,positive,rise*,"[[38944, 38948]]","s of debt, uncertain job prospects, and wealth levels that remained relatively low despite the recent rise in equity prices and stabilization in house prices. In that environment, households' saving behavior remained an important source of uncertainty in the outlook. The h"
2009-09-23,2009-09-23_0016,household* net worth,household net worth,39347,39366,negative,drop*,"[[39339, 39343]]","ain near its higher level; however, some participants noted that there was some chance that the sharp drop in household net worth over the past few years, reduced access to credit, and high household debt burdens could lead households to save a substantially larger fraction of t"
2009-09-23,2009-09-23_0017,household wealth,household wealth,41306,41322,unclassified,,[],"ll, a better outlook for house prices was an important input to the improved economic outlook; not only would household wealth benefit from a turnaround in such prices, but the exposure of lenders to real estate losses would be diminished. In contrast to developments in the r"
2009-11-04,2009-11-04_0000,household* net worth,household net worth,12246,12265,negative,declin*,"[[12234, 12242]]","in September, reflecting the weakness in the labor market. Poor labor market conditions and prior declines in household net worth appeared to have weighed on consumer sentiment, and the October Senior Loan Officer Opinion Survey on Bank Lending Practices (SLOOS) suggested that m"
2009-11-04,2009-11-04_0001,stock price*,stock price,19405,19416,unclassified,,[],"idence pointed to increased demand for Treasury securities that mature soon after the turn of the year. Broad stock price indexes were about unchanged, on net, over the intermeeting period despite initial third-quarter earnings reports that mostly beat analysts' forecast"
2009-11-04,2009-11-04_0002,s p 500 index,s p 500 index,19602,19615,positive,mov* up,"[[19616, 19624]]",initial third-quarter earnings reports that mostly beat analysts' forecasts. Option-implied volatility on the s p 500 index moved up slightly. The spread between an estimate of the expected real return on equity over the next 10 years for s p 500 firms and an estimate of t
2009-11-04,2009-11-04_0003,equity price*,equity prices,20418,20431,unclassified,,[]," toward the banking sector appeared to deteriorate over the intermeeting period. Bank share prices fell, with equity prices for large banks declining more than those for regional and smaller banks. Credit default swap spreads for large bank holding companies were about fla"
2009-11-04,2009-11-04_0004,stock index*,Stock indexes,22741,22754,negative,fell,"[[22755, 22759]]"," funds continued to contract. Meanwhile, currency increased amid moderate demand for US currency from abroad. Stock indexes fell over the intermeeting period in most major industrial economies, while 10-year sovereign yields declined in Europe and were little changed in Ja"
2009-11-04,2009-11-04_0005,equity price*,Equity prices,22920,22933,unclassified,,[],"ial economies, while 10-year sovereign yields declined in Europe and were little changed in Japan and Canada. Equity prices were mixed in emerging markets, and credit spreads on emerging market sovereign debt edged up. The trade-weighted index of the foreign exchange value"
2009-11-04,2009-11-04_0006,equity price*,equity prices,29822,29835,unclassified,,[],"et developments over recent months were generally regarded as supportive of continued economic recovery, with equity prices considerably higher, private credit spreads substantially lower, and financial markets generally performing significantly better than earlier in the "
2009-11-04,2009-11-04_0007,equity market*,equity markets,30753,30767,unclassified,,[],tor implied that financing conditions differed for large and small firms. Large firms with access to debt and equity markets for financing had relatively little difficulty in obtaining credit and in many cases also had high levels of retained earnings with which to fund the
2009-11-04,2009-11-04_0008,equity price*,equity prices,33088,33101,positive,rise*,"[[33080, 33084]]","me growth, and tight credit, as well as wealth levels that remained relatively low despite the recent rise in equity prices and stabilization in house prices, were seen as weighing on consumer confidence and the growth of consumer spending for some time to come. In such an"
2009-12-16,2009-12-16_0000,household* net worth,household net worth,11669,11688,negative,declin*,"[[11657, 11665]]"," the previous six months, apparently still weighed down by weak labor market conditions and prior declines in household net worth. Housing construction held fairly steady in recent months, while demand for housing continued to firm. Single-family housing starts remained roughly "
2009-12-16,2009-12-16_0001,stock price*,stock price,20001,20012,unclassified,,[]," December 31 drove yields on such issues to zero in some recent auctions. Over the intermeeting period, broad stock price indexes increased further. The rise in share prices likely reflected the improvement in the economic outlook and strong third-quarter earnings, which"
2009-12-16,2009-12-16_0002,s p 500 index,s p 500 index,20473,20486,negative,declin*,"[[20487, 20495]]", to express concerns about the future profitability of the banking industry. Option-implied volatility on the s p 500 index declined. The spread between an estimate of the expected real return on equity over the next 10 years and an estimate of the real 10-year Treasury yi
2009-12-16,2009-12-16_0003,stock price*,stock price,24189,24200,unclassified,,[],"anknotes appeared to ebb, consistent with the continued stabilization in most global financial markets. Broad stock price indexes in major advanced foreign economies rose, although generally somewhat less than those in the United States. Stock price indexes in major emer"
2009-12-16,2009-12-16_0004,stock price*,Stock price,24317,24328,unclassified,,[],"s in major advanced foreign economies rose, although generally somewhat less than those in the United States. Stock price indexes in major emerging markets increased as well, particularly in Brazil and Mexico, amid generally rising commodity prices and a better-than-expe"
2009-12-16,2009-12-16_0005,stock price*,stock prices,24511,24523,unclassified,,[],"zil and Mexico, amid generally rising commodity prices and a better-than-expected Mexican GDP report; Chinese stock prices also increased strongly. Long-term government bond yields declined in most advanced foreign economies, but increased in the United Kingdom. The dolla"
2009-12-16,2009-12-16_0006,equity price*,Equity prices,31898,31911,positive,rose,"[[31912, 31916]]","ally regarded as having become more supportive of continued economic recovery during the intermeeting period: Equity prices rose further, private credit spreads narrowed somewhat, and financial markets generally continued to function significantly better than early in the "
2009-12-16,2009-12-16_0007,asset valu*,asset values,32174,32186,unclassified,,[],"r. Participants noted, however, that securitization markets were still substantially impaired. In general, US asset values did not seem out of line with improving fundamentals. While investors evidently had become less cautious and more willing to bear risk, they appeared"
2009-12-16,2009-12-16_0008,equity price*,equity prices,35829,35842,positive,gain*,"[[35820, 35825]]","sonal saving rate--in the second and third quarters of this year. Those revisions, along with recent gains in equity prices, suggested a smaller probability that households would reduce spending to rebuild their savings more rapidly. However, uncertain job prospects, modes"
2009-12-16,2009-12-16_0009,equity price*,equity prices,36106,36119,positive,rise*,"[[36098, 36102]]","owth in real incomes, tight credit, and wealth levels that remained relatively low despite this years rise in equity prices and stabilization in house prices were seen as likely to weigh on consumer confidence and the growth of consumer spending for some time to come. Anec"
2009-12-16,2009-12-16_0010,asset market*,asset markets,43219,43232,unclassified,,[],"at maintaining very low short-term interest rates could raise inflation expectations or create instability in asset markets, they noted that it was important to remain alert to these risks. All agreed that the path of short-term rates going forward would depend on the evol"
2010-01-27,2010-01-27_0000,asset price*,asset prices,36870,36882,unclassified,,[],"monetary policy in a manner and at a pace that would keep inflation contained without having large effects on asset prices or market interest rates. A few suggested that the pace of asset sales, and potentially of purchases, could be adjusted over time in response to deve"
2010-01-27,2010-01-27_0001,stock price*,stock price,47829,47840,unclassified,,[],"ng expiration of a number of the facilities. After trending higher for most of the intermeeting period, broad stock price indexes subsequently reversed course amid elevated volatility, ending the period little changed on balance. The gap between the staff's estimate of t"
2010-01-27,2010-01-27_0002,equity price*,equity prices,51980,51993,unclassified,,[],"e raised concerns among investors. All major foreign central banks kept their policy rates unchanged. Foreign equity prices generally ended the intermeeting period down. European financial stocks declined substantially, as early profit reports for the fourth quarter from a"
2010-01-27,2010-01-27_0003,equity price*,equity prices,60751,60764,positive,increas*,"[[60765, 60774]]","s were, on balance, about as supportive of growth as when the Committee met in December. Though volatility in equity prices increased late in the intermeeting period, broad equity price indexes were about unchanged overall, private credit spreads narrowed somewhat, and fin"
2010-01-27,2010-01-27_0004,equity price index*,equity price indexes,60814,60834,unclassified,,[],"ommittee met in December. Though volatility in equity prices increased late in the intermeeting period, broad equity price indexes were about unchanged overall, private credit spreads narrowed somewhat, and financial markets generally continued to function significantly better th"
2010-03-16,2010-03-16_0000,household* net worth,household net worth,11524,11543,unclassified,,[],o estimates by the Bureau of Economic Analysis of wages and salaries in the second half of 2009. The ratio of household net worth to income was little changed in the fourth quarter after two consecutive quarters of appreciable gains. Activity in the housing sector appeared to ha
2010-03-16,2010-03-16_0001,stock price*,stock price,19158,19169,unclassified,,[],"the emergency lending facilities with no apparent adverse effects on financial markets or institutions. Broad stock price indexes rose, on net, over the intermeeting period, boosted in part by favorable earnings reports from the retail sector. Bank equity prices outperfo"
2010-03-16,2010-03-16_0002,equity price*,equity prices,19297,19310,unclassified,,[],"net, over the intermeeting period, boosted in part by favorable earnings reports from the retail sector. Bank equity prices outperformed the broader equity markets. Option-implied volatility on the s p 500 index dropped back to post-crisis lows after increasing earlier in "
2010-03-16,2010-03-16_0003,equity market*,equity markets,19336,19350,unclassified,,[],ted in part by favorable earnings reports from the retail sector. Bank equity prices outperformed the broader equity markets. Option-implied volatility on the s p 500 index dropped back to post-crisis lows after increasing earlier in the period on concerns about Chinese mon
2010-03-16,2010-03-16_0004,s p 500 index,s p 500 index,19385,19398,negative,drop*,"[[19399, 19406]]",e retail sector. Bank equity prices outperformed the broader equity markets. Option-implied volatility on the s p 500 index dropped back to post-crisis lows after increasing earlier in the period on concerns about Chinese monetary policy tightening and fiscal strains in Eu
2010-03-16,2010-03-16_0005,equity price*,Equity prices,25378,25391,unclassified,,[]," the end of January. In early March, the ECB announced several steps to normalize its provision of liquidity. Equity prices in most foreign countries were up moderately since the January FOMC meeting. Likely reflecting the concerns about Greece as well as weak economic dat"
2010-03-16,2010-03-16_0006,equity market*,equity markets,29145,29159,unclassified,,[],"arkets were near pre-crisis levels, and risk spreads on corporate bonds and measures of implied volatility in equity markets were broadly consistent with historical norms given the outlook for the economy. Participants were also reassured by the absence of any signs of rene"
2010-03-16,2010-03-16_0007,asset price*,asset prices,37355,37367,unclassified,,[],". Members noted the importance of continued close monitoring of financial markets and institutions--including asset prices, levels of leverage, and underwriting standards--to help identify significant financial imbalances at an early stage. At the time of the meeting the "
2010-04-28,2010-04-28_0000,equity index*,Equity indexes,21838,21852,positive,rose,"[[21853, 21857]]"," up in the final days of the intermeeting period. Spreads in the commercial paper market were little changed. Equity indexes rose, on balance, over the intermeeting period, with bank shares outperforming the broader market. Stock prices were supported by somewhat better-tha"
2010-04-28,2010-04-28_0001,stock price*,Stock prices,21952,21964,unclassified,,[],"ty indexes rose, on balance, over the intermeeting period, with bank shares outperforming the broader market. Stock prices were supported by somewhat better-than-expected macroeconomic data and a favorable response by investors to the initial batch of first-quarter earnin"
2010-04-28,2010-04-28_0002,s p 500 index,s p 500 index,22201,22214,unclassified,,[],"of first-quarter earnings reports, especially those of banking institutions. Option-implied volatility on the s p 500 index generally declined over the period but jumped at end of April on renewed concerns regarding the fiscal situation in Greece. The gap between the staff"
2010-04-28,2010-04-28_0003,equity market*,equity market,23516,23529,unclassified,,[],"ficant volume of debt securities in the first quarter and also raised a moderate amount of gross funds in the equity market, a pattern that appeared to continue in the first half of April. Credit quality in the commercial real estate sector continued to deteriorate as the "
2010-04-28,2010-04-28_0004,equity index*,equity indexes,26716,26730,positive,high*,"[[26736, 26742]]","t the Federal Reserve. Until the intensification of the Greek crisis near the end of the intermeeting period, equity indexes were higher in nearly all countries, and emerging-market risk spreads had generally declined. These moves appeared to reflect growing confidence that"
2010-04-28,2010-04-28_0005,stock price*,stock prices,32014,32026,positive,rising,"[[32007, 32013]]","ts were allowing low policy rates to be reflected more fully in the cost of capital. At the same time, rising stock prices and the apparent stabilization of house prices were helping to repair household balance sheets. As a result, consumers and firms were beginning to sa"
2010-06-23,2010-06-23_0000,equity price*,equity prices,13526,13539,negative,mov* down,"[[13540, 13550]]","loyment and hours worked as well as slightly higher real wages, but home values declined in recent months and equity prices moved down since the April meeting. Measures of consumer sentiment improved in May and early June but were still at relatively low levels. The antici"
2010-06-23,2010-06-23_0001,stock price*,stock price,23704,23715,unclassified,,[],"eported a pickup in demand for financing across several collateral types over the past three months. Broad US stock price indexes fell over the intermeeting period, in part reflecting deepening concerns about the European fiscal situation and its potential for adverse sp"
2010-06-23,2010-06-23_0002,s p 500 index,s p 500 index,23934,23947,unclassified,,[],"ituation and its potential for adverse spillovers to global economic growth. Option-implied volatility on the s p 500 index spiked in mid-May, to more than double its value at the time of the April FOMC meeting, but largely reversed its run-up by the time of the June meeti"
2010-06-23,2010-06-23_0003,equities,equities,24172,24180,unclassified,,[],un-up by the time of the June meeting. The spread between the staff's estimate of the expected real return on equities over the next 10 years and an estimate of the expected real return on a 10-year Treasury note--a measure of the equity risk premium--increased from i
2010-06-23,2010-06-23_0004,equity price*,equity prices,25692,25705,negative,declin*,"[[25680, 25688]]","of June. Gross equity issuance fell a bit, on net, in April and May, likely due in part to recent declines in equity prices and elevated market volatility. Measures of the credit quality of nonfinancial firms generally continued to improve, and first-quarter profits for fi"
2010-06-23,2010-06-23_0005,equity price*,equity prices,28472,28485,negative,declin*,"[[28460, 28468]]","ost of the intermeeting period. This retreat led to a broad appreciation of the dollar as well as declines in equity prices abroad and in yields on benchmark sovereign bonds. However, investor sentiment improved near the end of the period, leading to a partial reversal in "
2010-06-23,2010-06-23_0006,equity index*,equity indexes,28809,28823,negative,fell,"[[28824, 28828]]","below-investment-grade status in mid-June. On net, the dollar ended the intermeeting period up, most headline equity indexes fell, and benchmark government bond yields declined. Strains in euro-area bank funding markets reemerged during the period. In response, the ECB anno"
2010-06-23,2010-06-23_0007,equity price*,equity prices,31445,31458,negative,drop*,"[[31437, 31441]]"," some European countries contributed to an increase in the foreign exchange value of the dollar and a drop in equity prices, which seemed likely to damp somewhat the expansion of domestic demand. The implications of these less-favorable factors for US economic activity app"
2010-06-23,2010-06-23_0008,equity price*,equity prices,35228,35241,negative,fall*,"[[35246, 35252]]","f greater global financial market tensions. Risk spreads for many corporate borrowers had widened noticeably, equity prices had fallen appreciably, and the dollar had risen in value against a broad basket of other currencies. Participants saw these changes as likely to wei"
2010-06-23,2010-06-23_0009,stock price*,stock prices,37624,37636,negative,low*,"[[37618, 37623]]","ts of income growth and improved confidence as the economy recovers more than offsetting the effects of lower stock prices and housing wealth. However, continued labor market weakness could weigh on consumer sentiment, and households were still repairing their balance she"
2010-08-10,2010-08-10_0000,household* net worth,household net worth,9269,9288,unclassified,,[],"e upwardly revised level reported in the revisions to the national income and product accounts. Indicators of household net worth--such as stock prices and house prices--were little changed, on net, over the intermeeting period. Consumer confidence fell back in July, with househ"
2010-08-10,2010-08-10_0001,stock price*,stock prices,9298,9310,unclassified,,[],"rted in the revisions to the national income and product accounts. Indicators of household net worth--such as stock prices and house prices--were little changed, on net, over the intermeeting period. Consumer confidence fell back in July, with households expressing greate"
2010-08-10,2010-08-10_0002,equity price index*,equity price indexes,16417,16437,positive,increas*,"[[16438, 16447]]","ircuts on collateral for repurchase agreements involving Treasury and agency collateral held steady. Broad US equity price indexes increased slightly, on net, as generally positive corporate earnings news and an easing of investors' worries about the potential effects of fiscal s"
2010-08-10,2010-08-10_0003,s p 500 index,s p 500 index,16807,16820,negative,declin*,"[[16821, 16829]]", s p 500 reported second-quarter earnings that exceeded analysts' forecasts. Option-implied volatility on the s p 500 index declined but remained somewhat elevated by historical standards. The spread between the staff's estimate of the expected real return on equities over
2010-08-10,2010-08-10_0004,equities,equities,16957,16965,unclassified,,[],what elevated by historical standards. The spread between the staff's estimate of the expected real return on equities over the next 10 years and an estimate of the expected real return on a 10-year Treasury note--a rough measure of the equity risk premium--was little
2010-08-10,2010-08-10_0005,stock price*,stock prices,17156,17168,unclassified,,[],"Treasury note--a rough measure of the equity risk premium--was little changed at an elevated level. Financial stock prices moved about in line with broader indexes, and credit default swap spreads for large financial institutions narrowed moderately. Gross bond issuance b"
2010-08-10,2010-08-10_0006,equity price*,Equity prices,21721,21734,unclassified,,[],"hed on global sovereign bond yields, which declined on net in Canada, Germany, the United Kingdom, and Japan. Equity prices, while up in Europe over the intermeeting period, were little changed in Canada and down in Japan. By contrast, share prices rose in emerging markets"
2010-08-10,2010-08-10_0007,equity price*,equity prices,22777,22790,unclassified,,[],"ages moved down further over the intermeeting period; the dollar reversed its April to June appreciation; and equity prices edged higher. Over the medium term, the recovery in economic activity was expected to receive support from accommodative monetary policy, further imp"
2010-08-10,2010-08-10_0008,equity price*,equity prices,25251,25264,negative,declin*,"[[25240, 25247]]","Europe: Medium- and longer-term interest rates had fallen, some risk spreads had narrowed, and the decline in equity prices that had occurred in the months before the Committee's June meeting had been partly reversed. Moreover, participants saw some indications that credit"
2010-09-21,2010-09-21_0000,household* net worth,household net worth,8796,8815,unclassified,,[],"ving rate edged down in July but remained near the high level registered in the second quarter. Indicators of household net worth were mixed; home prices moved down in July, while equity prices inched up, on balance, over the intermeeting period. After falling back in July, cons"
2010-09-21,2010-09-21_0001,equity price*,equity prices,8866,8879,unclassified,,[],"ed in the second quarter. Indicators of household net worth were mixed; home prices moved down in July, while equity prices inched up, on balance, over the intermeeting period. After falling back in July, consumer confidence remained downbeat in August and early September,"
2010-09-21,2010-09-21_0002,stock price*,stock price,17378,17389,unclassified,,[],"t three months amid increased demand for funding for most types of securities covered in the survey. Broad US stock price indexes edged up, on balance, over the intermeeting period, and option-implied volatility on the s p 500 index was little changed on net. The spread "
2010-09-21,2010-09-21_0003,s p 500 index,s p 500 index,17487,17500,unclassified,,[]," stock price indexes edged up, on balance, over the intermeeting period, and option-implied volatility on the s p 500 index was little changed on net. The spread between the staff's estimate of the expected real return on equities over the next 10 years and an estimate of "
2010-09-21,2010-09-21_0004,equities,equities,17599,17607,unclassified,,[],p 500 index was little changed on net. The spread between the staff's estimate of the expected real return on equities over the next 10 years and an estimate of the expected real return on a 10-year Treasury note--a rough measure of the equity risk premium--remained a
2010-09-21,2010-09-21_0005,equity market*,equity market,17817,17830,unclassified,,[],"ugh measure of the equity risk premium--remained at an elevated level. Bank stocks underperformed the broader equity market and continued to be more volatile, while credit default swap spreads for large banking organizations edged up. The greater volatility in bank stocks "
2010-09-21,2010-09-21_0006,equity price*,equity prices,21404,21417,negative,drop*,"[[21395, 21400]]","mely low levels. In foreign markets, concerns about the global economic outlook prompted substantial drops in equity prices and benchmark sovereign bond yields in many countries in August, and the dollar appreciated broadly on safe-haven demands. In September, however, as "
2010-09-21,2010-09-21_0007,equity price*,equity prices,21635,21648,unclassified,,[],"-haven demands. In September, however, as better economic news led to some improvement in investor sentiment, equity prices and bond yields moved back up, and the dollar retraced its earlier appreciation. Yield spreads relative to German bunds on the 10-year sovereign bond"
2010-09-21,2010-09-21_0008,stock price*,stock prices,21905,21917,negative,fell,"[[21918, 21922]]","onds of Greece, Ireland, and Portugal widened to near-record levels over the period. Moreover, euro-area bank stock prices fell on continued concerns about the condition of some troubled institutions. With the yen at a 15-year high against the dollar in nominal terms, Jap"
2010-09-21,2010-09-21_0009,asset price*,Asset prices,27991,28003,unclassified,,[],"o financial markets, and there were some signs that credit conditions had begun to improve for smaller firms. Asset prices had been relatively sensitive to incoming economic data over the intermeeting period but generally ended the period little changed on net. Stresses i"
2010-11-03,2010-11-03_0000,equity price*,equity prices,10577,10590,positive,rising,"[[10570, 10576]]","o increase. Real personal consumption expenditures (PCE) rose at a moderate rate in the third quarter. Rising equity prices likely resulted in some further improvement in net worth over the same period. However, real disposable personal income, which rose strongly in the f"
2010-11-03,2010-11-03_0001,stock price*,stock price,19143,19154,unclassified,,[],"tions generally declined while changes in haircuts on different types of repo collateral were mixed. Broad US stock price indexes rose, on balance, over the intermeeting period, reflecting investor expectations of further monetary policy accommodation and better-than-exp"
2010-11-03,2010-11-03_0002,s p 500 index,s p 500 index,19372,19385,unclassified,,[],y policy accommodation and better-than-expected third-quarter earnings news; option-implied volatility on the s p 500 index was little changed. The spread between the staff's estimate of the expected real return on equities over the next 10 years and an estimate of the exp
2010-11-03,2010-11-03_0003,equities,equities,19477,19485,unclassified,,[], the s p 500 index was little changed. The spread between the staff's estimate of the expected real return on equities over the next 10 years and an estimate of the expected real return on a 10-year Treasury note--a rough measure of the equity risk premium--narrowed a
2010-11-03,2010-11-03_0004,equity index*,equity indexes,23898,23912,unclassified,,[],"ds moved higher on concerns over the fiscal burdens associated with losses in the Irish banking sector. Major equity indexes in the euro area and in the United Kingdom increased moderately, whereas the Nikkei index declined. Several emerging market central banks tightened m"
2010-11-03,2010-11-03_0005,asset market*,asset market,24813,24825,unclassified,,[]," FOMC meeting. However, the staff revised up its forecast for economic activity in 2011 and 2012. In light of asset market developments over the intermeeting period, which in large part appeared to reflect heightened expectations among investors that the Federal Reserve w"
2010-11-03,2010-11-03_0006,stock price*,stock prices,25118,25130,positive,high*,"[[25111, 25117]]","es of longer-term securities, the November forecast was conditioned on lower long-term interest rates, higher stock prices, and a lower foreign exchange value of the dollar than was the staff's previous forecast. These factors were expected to provide additional support t"
2010-11-03,2010-11-03_0007,equity price*,equity prices,31723,31736,positive,rose,"[[31737, 31741]]","onger-term nominal interest rates declined, real interest rates fell even more, credit spreads tightened, and equity prices rose, in part reflecting better-than-expected corporate earnings reports. Inflation compensation rose noticeably, returning to a level more typical o"
2010-11-03,2010-11-03_0008,asset price*,asset prices,35426,35438,positive,boost*,"[[35420, 35425]]",chasing additional longer-term securities would put downward pressure on longer-term interest rates and boost asset prices; some observed that it could also lead to a reduction in the foreign exchange value of the dollar. Most expected these changes in financial condition
2010-12-14,2010-12-14_0000,household* net worth,Household net worth,8926,8945,positive,rose,"[[8946, 8950]]","vised data on personal income indicated that it was stronger last spring and summer than previously reported. Household net worth rose further in the third quarter, as an increase in equity values more than offset the effect of a drop in house prices. Consumer sentiment turned m"
2010-12-14,2010-12-14_0001,equity valu*,equity values,8999,9012,positive,increas*,"[[8987, 8995]]","and summer than previously reported. Household net worth rose further in the third quarter, as an increase in equity values more than offset the effect of a drop in house prices. Consumer sentiment turned more positive in November and early December, retracing most of the "
2010-12-14,2010-12-14_0002,equity price index*,equity price indexes,18783,18803,positive,increas*,"[[18804, 18813]]","at low levels, as did the spreads of dollar Libor over OIS rates at one- and three-month maturities. Broad US equity price indexes increased moderately, on net, over the intermeeting period, in part reflecting incoming economic data that were read by investors as suggesting that "
2010-12-14,2010-12-14_0003,stock price*,Stock prices,19030,19042,unclassified,,[]," by investors as suggesting that the recovery could be gaining traction, at least outside the housing sector. Stock prices for domestic commercial banks were volatile but outperformed broad indexes on balance. Option-implied volatility on the s p 500 index fell modestly, "
2010-12-14,2010-12-14_0004,s p 500 index,s p 500 index,19163,19176,negative,fell,"[[19177, 19181]]","ic commercial banks were volatile but outperformed broad indexes on balance. Option-implied volatility on the s p 500 index fell modestly, and the spread between the staff's estimate of the expected real return on equity for s p 500 firms and the real 10-year Treasury yiel"
2010-12-14,2010-12-14_0005,stock price*,stock price,25276,25287,unclassified,,[],"elds increased significantly throughout the AFEs, although by less than yields in the United States. Headline stock price indexes in the AFEs generally ended the period higher, whereas bank stocks in Europe declined. The People's Bank of China raised the required reserve"
2010-12-14,2010-12-14_0006,stock index*,stock indexes,25684,25697,unclassified,,[],"tes. China's Shanghai Composite Index fell in the wake of Chinese policy actions, while other emerging market stock indexes were mixed over the period. In Latin America, Brazil's central bank also raised reserve requirements late in the period. The dollar appreciated sligh"
2010-12-14,2010-12-14_0007,household wealth,household wealth,30108,30124,negative,reduc*,"[[30099, 30107]]","ere contributing to a further decline in house prices. The lower house prices, in turn, were seen as reducing household wealth and thus restraining growth in consumer spending. A number of participants noted that their business contacts had become more optimistic about the ou"
2010-12-14,2010-12-14_0008,equity price*,equity prices,31418,31431,positive,rose,"[[31432, 31436]]","r maturities rose substantially over the intermeeting period, while credit spreads were roughly unchanged and equity prices rose moderately. Participants pointed to a number of factors that appeared to have contributed to the significant backup in yields, including an appa"
2011-01-26,2011-01-26_0000,household* net worth,household net worth,29754,29773,unclassified,,[],"ted that consumer spending was supported by gains in personal income in the fourth quarter of 2010. Moreover, household net worth appeared to have risen in the fourth quarter, as the large increase in equity prices more than offset further declines in house values. Consumer cred"
2011-01-26,2011-01-26_0001,equity price*,equity prices,29845,29858,positive,increas*,"[[29833, 29841]]","of 2010. Moreover, household net worth appeared to have risen in the fourth quarter, as the large increase in equity prices more than offset further declines in house values. Consumer credit started to increase again in October and November after having generally declined "
2011-01-26,2011-01-26_0002,stock price*,stock price,40008,40019,unclassified,,[],"variety of sources indicated that leverage remained well below the levels reached before the crisis. Broad US stock price indexes rose, on net, over the intermeeting period, extending their recent strong performance; bank stock prices modestly outperformed the broader ma"
2011-01-26,2011-01-26_0003,stock price*,stock prices,40120,40132,unclassified,,[],"ock price indexes rose, on net, over the intermeeting period, extending their recent strong performance; bank stock prices modestly outperformed the broader market. The increase in equity prices reflected the apparent firming of the economic recovery and favorable early r"
2011-01-26,2011-01-26_0004,equity price*,equity prices,40191,40204,positive,increas*,"[[40179, 40187]]", their recent strong performance; bank stock prices modestly outperformed the broader market. The increase in equity prices reflected the apparent firming of the economic recovery and favorable early reports on fourth-quarter corporate earnings. Option-implied volatility o
2011-01-26,2011-01-26_0005,s p 500 index,s p 500 index,40360,40373,unclassified,,[],c recovery and favorable early reports on fourth-quarter corporate earnings. Option-implied volatility on the s p 500 index remained at a relatively low level. The spread between the staff's estimate of the expected real equity return for s p 500 firms and the real 10-year
2011-01-26,2011-01-26_0006,equity price*,Equity prices,45856,45869,positive,increas*,"[[45870, 45879]]",ed higher in the core euro-area economies and the United Kingdom but were little changed in Japan and Canada. Equity prices increased in the AFEs and in many EMEs as market participants appeared to revise upward their outlook for the global economy. Financial market strain
2011-01-26,2011-01-26_0007,equity price*,equity prices,47795,47808,positive,high*,"[[47788, 47794]]"," conditioning assumptions underlying the forecast were little changed and roughly offsetting: Although higher equity prices and a lower foreign exchange value of the dollar were expected to be slightly more supportive of economic growth, the staff anticipated that these in"
2011-01-26,2011-01-26_0008,equity price*,equity prices,54464,54477,positive,rose,"[[54478, 54482]]","pments closely. Conditions in financial markets improved somewhat further over the intermeeting period. Broad equity prices rose, adding to their substantial gains since the middle of 2010. Yields on longer-term nominal Treasury securities were little changed, on balance, "
2011-03-15,2011-03-15_0000,household* net worth,Household net worth,8352,8371,positive,rose,"[[8372, 8376]]","a solid increase in real disposable income in January, reflecting in part the temporary cut in payroll taxes. Household net worth rose in the fourth quarter, as the increase in equity values during that period more than offset the further fall in house prices. However, consumer "
2011-03-15,2011-03-15_0001,equity valu*,equity values,8419,8432,positive,increas*,"[[8407, 8415]]","n part the temporary cut in payroll taxes. Household net worth rose in the fourth quarter, as the increase in equity values during that period more than offset the further fall in house prices. However, consumer sentiment dropped back in early March, retracing its increase"
2011-03-15,2011-03-15_0002,stock price*,stock price,15533,15544,unclassified,,[],"vernments seemed to diminish somewhat. Conditions in short-term funding markets were little changed. Broad US stock price indexes were about unchanged, on net, over the intermeeting period. Option-implied volatility on the s p 500 index rose sharply in mid-February in re"
2011-03-15,2011-03-15_0003,s p 500 index,s p 500 index,15646,15659,positive,rose,"[[15660, 15664]]","ck price indexes were about unchanged, on net, over the intermeeting period. Option-implied volatility on the s p 500 index rose sharply in mid-February in response to events in the MENA region and remained somewhat elevated thereafter. The staff's estimate of the spread b"
2011-03-15,2011-03-15_0004,equity price*,equity prices,19977,19990,positive,advanc*,"[[19998, 20006]]","uary, likely boosted by a strong expansion in foreign holdings of US bank notes. In financial markets abroad, equity prices in the advanced economies rose early in the intermeeting period, but they turned down in mid-February as oil prices increased and then fell sharply i"
2011-03-15,2011-03-15_0005,stock price*,stock prices,20246,20258,negative,down,"[[20264, 20268]]","ly in mid-March in the aftermath of the earthquake and tsunami in Japan. On net over the intermeeting period, stock prices were down in most of the advanced economies, with Japan's index having fallen most significantly. Emerging market equity price indexes, which had bee"
2011-03-15,2011-03-15_0006,equity price index*,equity price indexes,20373,20393,unclassified,,[]," down in most of the advanced economies, with Japan's index having fallen most significantly. Emerging market equity price indexes, which had been underperforming in previous months, generally ended the period lower as well, and emerging market equity funds experienced outflows. "
2011-03-15,2011-03-15_0007,equity price*,equity prices,20625,20638,unclassified,,[],"funds experienced outflows. Movements in 10-year sovereign bond yields in Europe and Canada mirrored those in equity prices, climbing early in the intermeeting period but falling later. In part because of downgrades by credit rating agencies, yields on the 10-year sovereig"
2011-03-15,2011-03-15_0008,household* net worth,household net worth,22555,22574,positive,high*,"[[22548, 22554]]","e restrictive than the staff had judged in January, but these negative factors were counterbalanced by higher household net worth and a slightly lower foreign exchange value of the dollar. As a result, as in the January forecast, real GDP was expected to rise at a moderate pace "
2011-03-15,2011-03-15_0009,household wealth,household wealth,26643,26659,unclassified,,[],"ed to be supporting growth in consumer spending. On the other hand, declining house prices remained a drag on household wealth and thus on consumer spending. In addition, sizable recent increases in oil and gasoline prices had reduced real incomes and weighed on consumer conf"
2011-04-27,2011-04-27_0000,stock price*,stock price,24100,24111,unclassified,,[],"loans moved up further. However, conditions in the municipal bond market remained somewhat strained. Broad US stock price indexes rose, on net, over the intermeeting period, as initial reports of better-than-expected first-quarter earnings lifted stock prices in late Apr"
2011-04-27,2011-04-27_0001,stock price*,stock prices,24237,24249,unclassified,,[],"n net, over the intermeeting period, as initial reports of better-than-expected first-quarter earnings lifted stock prices in late April. Option-implied volatility on the s p 500 index was moderately lower, on net, ending the intermeeting period at the low end of its rece"
2011-04-27,2011-04-27_0002,s p 500 index,s p 500 index,24298,24311,negative,moderate*,"[[24316, 24326]]","tter-than-expected first-quarter earnings lifted stock prices in late April. Option-implied volatility on the s p 500 index was moderately lower, on net, ending the intermeeting period at the low end of its recent range. Net debt financing by nonfinancial corporations rema"
2011-04-27,2011-04-27_0003,equity price*,equity prices,27482,27495,positive,rose,"[[27496, 27500]]","d by robust foreign demand for US bank notes. Foreign sovereign bond yields generally were little changed and equity prices rose, on net, over the intermeeting period, although equity prices in Japan remained below their pre-earthquake levels despite the record amounts of "
2011-04-27,2011-04-27_0004,equity price*,equity prices,27549,27562,unclassified,,[],"d yields generally were little changed and equity prices rose, on net, over the intermeeting period, although equity prices in Japan remained below their pre-earthquake levels despite the record amounts of liquidity injected by the Bank of Japan and the expansion of its as"
2011-04-27,2011-04-27_0005,equity price*,Equity prices,36655,36668,positive,rise*,"[[36673, 36678]]","irable than their former jobs. Financial market conditions continued to improve over the intermeeting period. Equity prices had risen, on balance, since the previous meeting, reflecting an improved outlook for earnings, and were up more substantially since the start of the"
2011-06-22,2011-06-22_0000,asset price*,asset prices,20471,20483,unclassified,,[],"out the federal debt ceiling attracted attention in financial markets, judging from Treasury yields and other asset prices, investors seemed to anticipate that the debt ceiling would be increased in time to avoid any significant market disruptions. Yields on corporate bon"
2011-06-22,2011-06-22_0001,stock price*,stock price,20971,20982,unclassified,,[],"d loans, conditions were little changed, with average bid prices for leveraged loans holding steady. Broad US stock price indexes declined, on net, over the intermeeting period, apparently in response to the downbeat economic data. Stock prices of financial firms underpe"
2011-06-22,2011-06-22_0002,stock price*,Stock prices,21093,21105,unclassified,,[],"indexes declined, on net, over the intermeeting period, apparently in response to the downbeat economic data. Stock prices of financial firms underperformed the broader market, reflecting the weaker economic outlook, potential credit rating downgrades, and heightened conc"
2011-06-22,2011-06-22_0003,s p 500 index,s p 500 index,21385,21398,positive,rose,"[[21399, 21403]]","ipated capital surcharge for systemically important financial institutions. Option-adjusted volatility on the s p 500 index rose somewhat on net. In the June 2011 Senior Credit Officer Opinion Survey on Dealer Financing Terms, dealers pointed to a continued gradual easing "
2011-06-22,2011-06-22_0004,equities,equities,21837,21845,unclassified,,[]," demand for funding had increased over the same period for a broad range of securities, with the exception of equities. More recently, however, against a backdrop of disappointing economic data, heightened uncertainty about the situation in Europe, and, possibly, conc"
2011-06-22,2011-06-22_0005,equity index*,equity indexes,25929,25943,unclassified,,[],"OMC meeting, the dollar rose modestly, on net, after depreciating over the preceding several months. Headline equity indexes abroad and foreign benchmark sovereign yields declined over the intermeeting period in apparent response to signs of a slowdown in the pace of global"
2011-06-22,2011-06-22_0006,equity market*,Equity markets,34549,34563,unclassified,,[],"cial market conditions since the April meeting suggested that investors had become more concerned about risk. Equity markets had seen a broad selloff, and risk spreads for many corporate borrowers had widened noticeably. Large businesses that have access to capital markets "
2011-08-09,2011-08-09_0000,asset market*,asset markets,12835,12848,unclassified,,[],"l euro-area countries appeared to have an effect on investor appetite for risk, leading to volatility in many asset markets. Late in the period, investor focus appeared to turn to the US debt ceiling and the potential for delayed debt service payments by the Treasury Depar"
2011-08-09,2011-08-09_0001,equity price*,equity prices,13440,13453,negative,fell,"[[13454, 13458]]","gislation to raise the debt ceiling and to cut the federal budget deficit was signed into law on August 2. US equity prices fell considerably in the last week of July and the first week of August, reportedly reflecting recent weaker-than-expected economic data releases, an"
2011-08-09,2011-08-09_0002,stock price*,stock price,14506,14517,unclassified,,[],"eeting period. The Federal Reserve's Treasury purchase program was completed on schedule on June 30. Broad US stock price indexes fell sharply, on net, over the intermeeting period, as increased concerns about economic growth appeared to overshadow generally strong secon"
2011-08-09,2011-08-09_0003,s p 500 index,s p 500 index,14738,14751,unclassified,,[],ed to overshadow generally strong second-quarter corporate earnings reports. Option-implied volatility on the s p 500 index jumped late in the period. Yields on both investment- and speculative-grade corporate bonds fell a little less than those on comparable-maturity Trea
2011-08-09,2011-08-09_0004,equity index*,equity indexes,18400,18414,unclassified,,[], at their custodian banks. The rise in currency moderated over those two months but remained robust. Headline equity indexes abroad and foreign benchmark sovereign yields declined over the intermeeting period in apparent response to signs of a slowdown in the pace of global
2011-08-09,2011-08-09_0005,stock price*,Stock prices,18885,18897,unclassified,,[],"to record highs relative to yields on German bunds, although later in the period, spreads fell back somewhat. Stock prices of European banks, which are significant investors in sovereign bonds issued by the peripheral euro-area countries, declined appreciably, and some of"
2011-08-09,2011-08-09_0006,stock price*,stock prices,28801,28813,negative,declin*,"[[28789, 28797]]","ituation and the negotiations regarding the debt ceiling in the United States. However, the broad declines in stock prices and interest rates over the intermeeting period were seen as mostly reflecting the incoming data pointing to a weaker outlook for growth both in the "
2011-09-21,2011-09-21_0000,equity price*,equity prices,20776,20789,unclassified,,[],"protected Treasury securities each fell to the low end of their ranges for this year. Since early August, the equity prices of large US financial institutions fell and their credit default swap (CDS) spreads widened. More-pronounced declines in equity prices and larger inc"
2011-09-21,2011-09-21_0001,equity price*,equity prices,20911,20924,negative,declin*,"[[20899, 20907]]", financial institutions fell and their credit default swap (CDS) spreads widened. More-pronounced declines in equity prices and larger increases in CDS spreads occurred for some European financial institutions. Though many large European banks found it increasingly difficu
2011-09-21,2011-09-21_0002,stock price*,stock price,22023,22034,unclassified,,[]," the Bank of Japan added to its previously announced program of three-month and seven-day dollar loans. Broad stock price indexes were volatile but increased, on net, since the August FOMC meeting, following sharp declines in the days just preceding that meeting. Gross p"
2011-09-21,2011-09-21_0003,equity price*,Equity prices,26801,26814,unclassified,,[],"sharply as market participants became increasingly concerned that Greece might default on its sovereign debt. Equity prices in the euro area decreased over the intermeeting period, following sharp declines in early August. After falling steeply before the August FOMC meeti"
2011-09-21,2011-09-21_0004,equity price*,equity prices,26984,26997,unclassified,,[],"llowing sharp declines in early August. After falling steeply before the August FOMC meeting, emerging market equity prices were little changed, on net, over the period. The European Central Bank continued to purchase, in the secondary market, sovereign debt of euro-area c"
2011-09-21,2011-09-21_0005,stock price*,stock prices,37768,37780,negative,pressure*,"[[37750, 37758]]","household loans had continued to improve. Nonetheless, some large US banks had seen further pressure on their stock prices and CDS spreads. Participants agreed that, if European policymakers did not respond effectively, European sovereign debt and banking problems could i"
2011-11-02,2011-11-02_0000,equity price*,equity prices,20260,20273,unclassified,,[],ar measures of longer-term inflation compensation were about unchanged. Credit default swap (CDS) spreads and equity prices of large US banking organizations were again volatile over the period. Investor sentiment toward these financial institutions was strongly influenced
2011-11-02,2011-11-02_0001,equity price*,equity prices,20679,20692,unclassified,,[],"institutions to Europe. Third-quarter US bank earnings reports generally met investors' expectations. On net, equity prices for US banking firms were not much changed over the period since the last FOMC meeting, while their CDS spreads were a bit higher. European bank CDS "
2011-11-02,2011-11-02_0002,equity market*,equity markets,20984,20998,unclassified,,[],"hese institutions continued to face somewhat strained conditions in short-term bank funding markets. Although equity markets were volatile, broad US equity price indexes ended the intermeeting period little changed. Earnings reports for nonfinancial firms generally came in "
2011-11-02,2011-11-02_0003,equity price index*,equity price indexes,21023,21043,unclassified,,[],"ewhat strained conditions in short-term bank funding markets. Although equity markets were volatile, broad US equity price indexes ended the intermeeting period little changed. Earnings reports for nonfinancial firms generally came in somewhat better than investors expected and a"
2011-11-02,2011-11-02_0004,equity market*,equity markets,21431,21445,unclassified,,[],"er and October, with a large number of firms shelving planned initial public offerings amid the volatility in equity markets. Yields on investment- and speculative-grade corporate bonds edged lower, on net, over the period, leaving their spreads to Treasury securities sligh"
2011-11-02,2011-11-02_0005,equity market*,equity market,25157,25170,unclassified,,[],"ors that contributed to M2 growth over the summer, such as concerns about European financial developments and equity market volatility, persisted and supported elevated levels of M2 deposits but did not trigger additional sizable inflows. The monetary base also grew modera"
2011-11-02,2011-11-02_0006,equity price*,equity prices,25617,25630,positive,rose,"[[25631, 25635]]"," many European financial institutions continued. After falling sharply in August and early September, foreign equity prices rose, with stocks in the euro area outperforming those in most other economies. For most of the period, market participants seemed heartened by Europ"
2011-11-02,2011-11-02_0007,stock price*,stock prices,25947,25959,negative,down,"[[25960, 25964]]","challenges present in the euro area, although the news late in the period on a possible Greek referendum sent stock prices down sharply. Benchmark sovereign yields increased over the period, but spreads of yields on 10-year sovereign bonds of the most vulnerable euro-area"
2011-12-13,2011-12-13_0000,asset market*,asset markets,11185,11198,unclassified,,[],in financial markets over the intermeeting period and contributed to heightened volatility in a wide range of asset markets. Investor concerns about developments in Europe intensified early in the period but subsequently eased a bit amid signs that European authorities wer
2011-12-13,2011-12-13_0001,equity price*,equity prices,13801,13814,unclassified,,[],"nding all types of securities decreased over the same reference period. Credit default swap (CDS) spreads and equity prices of large US banking organizations remained volatile over the intermeeting period. While the s p 500 index ended the period slightly higher, on net, e"
2011-12-13,2011-12-13_0002,s p 500 index,s p 500 index,13907,13920,unclassified,,[],"and equity prices of large US banking organizations remained volatile over the intermeeting period. While the s p 500 index ended the period slightly higher, on net, equity prices for most major US banking firms were lower and their CDS spreads widened. CDS spreads for Eur"
2011-12-13,2011-12-13_0003,equity price*,equity prices,13963,13976,unclassified,,[],"ined volatile over the intermeeting period. While the s p 500 index ended the period slightly higher, on net, equity prices for most major US banking firms were lower and their CDS spreads widened. CDS spreads for European banks remained elevated as these institutions face"
2011-12-13,2011-12-13_0004,equity price*,Equity prices,19263,19276,unclassified,,[]," declines in third-quarter profits, in part reflecting write-downs of their holdings of Greek sovereign debt. Equity prices in both advanced and emerging market economies fluctuated widely, with advanced country equities little changed, on net, and emerging market equities"
2011-12-13,2011-12-13_0005,equities,equities,19365,19373,unclassified,,[],"n debt. Equity prices in both advanced and emerging market economies fluctuated widely, with advanced country equities little changed, on net, and emerging market equities ending the period lower. The foreign exchange value of the dollar appreciated, on balance, over "
2011-12-13,2011-12-13_0006,equities,equities,19418,19426,unclassified,,[],"arket economies fluctuated widely, with advanced country equities little changed, on net, and emerging market equities ending the period lower. The foreign exchange value of the dollar appreciated, on balance, over the intermeeting period. With inflationary pressures "
2012-01-25,2012-01-25_0000,equity price*,Equity prices,40618,40631,unclassified,,[],"titutions took advantage of easing credit conditions by issuing significant quantities of new long-term debt. Equity prices of most large domestic financial institutions outperformed the broader market, on net, over the intermeeting period. Nonetheless, the ratio of the ma"
2012-01-25,2012-01-25_0001,equity price index*,equity price indexes,41195,41215,positive,increas*,"[[41216, 41225]]","edit exposures to other financial intermediaries, pointing to increased concern over counterparty risk. Broad equity price indexes increased more than 6 percent, on net, over the intermeeting period, and option-implied equity volatility declined notably. Yields on investment-grad"
2012-01-25,2012-01-25_0002,stock market*,stock markets,47060,47073,unclassified,,[],"meeting period. While the dollar fell against most other currencies, it appreciated against the euro. Foreign stock markets generally ended the period higher, with headline equity indexes in Europe and the emerging market economies up substantially, although emerging marke"
2012-01-25,2012-01-25_0003,equity index*,equity indexes,47123,47137,unclassified,,[],"cies, it appreciated against the euro. Foreign stock markets generally ended the period higher, with headline equity indexes in Europe and the emerging market economies up substantially, although emerging market equity and bond funds continued to experience outflows on net "
2012-01-25,2012-01-25_0004,equity price*,Equity prices,57391,57404,positive,rose,"[[57405, 57409]]","at financial conditions improved and financial market stresses eased somewhat during the intermeeting period: Equity prices rose, volatility declined, and bank lending conditions appeared to improve. Participants noted that the ECB's three-year refinancing operation had ap"
2012-03-13,2012-03-13_0000,household* net worth,households' net worth,5696,5717,unclassified,,[],"al disposable income increased, on balance, in December and January as labor earnings rose solidly. Moreover, households' net worth grew in the fourth quarter of last year and likely was boosted further by gains in equity values thus far this year. Nevertheless, real personal cons"
2012-03-13,2012-03-13_0001,equity valu*,equity values,5801,5814,positive,gain*,"[[5792, 5797]]","ver, households' net worth grew in the fourth quarter of last year and likely was boosted further by gains in equity values thus far this year. Nevertheless, real personal consumption expenditures (PCE) were reported to have been flat in December and January. Although hous"
2012-03-13,2012-03-13_0002,equity price index*,equity price indexes,12855,12875,positive,rose,"[[12876, 12880]]",that the risk appetite of most clients had changed relatively little over the previous three months. Broad US equity price indexes rose significantly over the intermeeting period; equity prices of large banking organizations increased about in line with the broader market. Aggreg
2012-03-13,2012-03-13_0003,equity price*,equity prices,12925,12938,unclassified,,[],ver the previous three months. Broad US equity price indexes rose significantly over the intermeeting period; equity prices of large banking organizations increased about in line with the broader market. Aggregate earnings per share for firms in the Standard and Poor's 5
2012-03-13,2012-03-13_0004,equity market*,equity markets,16399,16413,unclassified,,[]," Currency expanded robustly, and the monetary base also grew significantly over January and February. Foreign equity markets ended the period higher, particularly in Japan, and benchmark sovereign bond yields declined. Spreads of yields on euro-area peripheral sovereign deb"
2012-03-13,2012-03-13_0005,equity price*,equity prices,18999,19012,unclassified,,[],"k for economic activity abroad, a lower foreign exchange value for the dollar, and a higher projected path of equity prices. Nevertheless, the staff continued to forecast that real GDP growth would pick up only gradually in 2012 and 2013, supported by accommodative monetar"
2012-03-13,2012-03-13_0006,equity price*,Equity prices,21642,21655,positive,high*,"[[21661, 21667]]","vision to the outlook for 2013 and 2014. Financial conditions had improved notably since the January meeting: Equity prices were higher and risk spreads had declined. Nonetheless, a number of factors continued to be seen as likely to restrain the pace of economic expansion"
2012-03-13,2012-03-13_0007,equity price*,equity prices,28112,28125,positive,high*,"[[28105, 28111]]","e supportive of economic growth than at the time of the January meeting. Among the evidence cited were higher equity prices and better conditions in corporate credit markets, especially the markets for high-yield bonds and leveraged loans. Banking contacts were reporting s"
2012-04-25,2012-04-25_0000,asset price*,asset prices,12587,12599,unclassified,,[],"ituation Broad financial market conditions changed little, on balance, since the March FOMC meeting. However, asset prices fluctuated substantially over the period, apparently in response to the evolving views on the US and global economic outlook and changing expectation"
2012-04-25,2012-04-25_0001,stock price*,stock price,13913,13924,unclassified,,[],"o the seasonal reduction in Treasury bill issuance in April, but ended the period roughly unchanged. Broad US stock price indexes followed the general pattern observed across asset markets, rising early in the period on increased investor optimism and then falling later "
2012-04-25,2012-04-25_0002,asset market*,asset markets,13978,13991,unclassified,,[],"ended the period roughly unchanged. Broad US stock price indexes followed the general pattern observed across asset markets, rising early in the period on increased investor optimism and then falling later on, to end the period little changed on net. Equity prices of finan"
2012-04-25,2012-04-25_0003,equity price*,Equity prices,14119,14132,unclassified,,[],"the period on increased investor optimism and then falling later on, to end the period little changed on net. Equity prices of financial institutions increased, reportedly as investors interpreted the first-quarter earnings of several large banking organizations and the re"
2012-04-25,2012-04-25_0004,equity index*,equity indexes,17701,17715,negative,drop*,"[[17716, 17723]]","ondon interbank offered rate over the comparable OIS rate narrowed on balance over the period, euro-area bank equity indexes dropped sharply, driven by declines in the share prices of Spanish and Italian banks. Five-year credit default swap premiums rose for a broad range o"
2012-04-25,2012-04-25_0005,equity index*,equity indexes,17991,18005,negative,declin*,"[[18006, 18014]]","s, especially Spanish banks. Against the background of these increased stresses within the euro area, foreign equity indexes declined and corporate credit spreads widened. The staff's broad nominal index of the foreign exchange value of the dollar was about unchanged over t"
2012-04-25,2012-04-25_0006,household wealth,household wealth,24600,24616,positive,increas*,"[[24587, 24596]]","the desire for increased fuel efficiency in the wake of higher gasoline prices. Looking forward, increases in household wealth from the rise in equity prices, improving consumer sentiment, and a diminishing drag from household deleveraging were seen as helping to support cont"
2012-04-25,2012-04-25_0007,equity price*,equity prices,24634,24647,positive,rise*,"[[24626, 24630]]","ciency in the wake of higher gasoline prices. Looking forward, increases in household wealth from the rise in equity prices, improving consumer sentiment, and a diminishing drag from household deleveraging were seen as helping to support continued increases in household ex"
2012-04-25,2012-04-25_0008,equity price*,equity prices,30226,30239,positive,rise*,"[[30244, 30249]]"," demand were increasing, although commercial and residential real estate lending remained relatively weak. US equity prices had risen early in the intermeeting period but subsequently declined, ending the period little changed on net; investment-grade corporate bond yields"
2012-06-20,2012-06-20_0000,household* net worth,Households' net worth,10638,10659,positive,increas*,"[[10660, 10669]]","dued pace in the first quarter of this year, though it received some boost from lower energy prices in April. Households' net worth increased in the first quarter, but the decline in equity prices during the intermeeting period suggested that net worth may have fallen more recentl"
2012-06-20,2012-06-20_0001,equity price*,equity prices,10711,10724,negative,declin*,"[[10700, 10707]]","t from lower energy prices in April. Households' net worth increased in the first quarter, but the decline in equity prices during the intermeeting period suggested that net worth may have fallen more recently. Consumer sentiment was lower in early June than earlier in the"
2012-06-20,2012-06-20_0002,stock price*,stock price,17080,17091,unclassified,,[],"ecurities and sales of these securities by the Federal Reserve under its maturity extension program. Broad US stock price indexes declined, and option-implied volatility on the s p 500 index rose. Equity prices for large domestic banks significantly underperformed the br"
2012-06-20,2012-06-20_0003,s p 500 index,s p 500 index,17147,17160,positive,rose,"[[17161, 17165]]","r its maturity extension program. Broad US stock price indexes declined, and option-implied volatility on the s p 500 index rose. Equity prices for large domestic banks significantly underperformed the broad indexes amid uncertainty about the situation in Europe and the ou"
2012-06-20,2012-06-20_0004,equity price*,Equity prices,17167,17180,unclassified,,[],"sion program. Broad US stock price indexes declined, and option-implied volatility on the s p 500 index rose. Equity prices for large domestic banks significantly underperformed the broad indexes amid uncertainty about the situation in Europe and the outlook for the global"
2012-06-20,2012-06-20_0005,equity price*,equity prices,17644,17657,negative,weigh* on,"[[17629, 17639]]","end of June, as part of rating agencies' review of major financial institutions, may also have weighed on the equity prices of those banks. In the June 2012 Senior Credit Officer Opinion Survey on Dealer Financing Terms (SCOOS), respondents reported that terms in a variety"
2012-06-20,2012-06-20_0006,equity price*,equity prices,21827,21840,unclassified,,[],"iquidity swap lines with foreign central banks dropped to $242 billion over the intermeeting period. Although equity prices in many countries rallied modestly late in the intermeeting period, global equity prices declined, on balance, over the period, with especially large"
2012-06-20,2012-06-20_0007,equity price*,equity prices,21916,21929,negative,declin*,"[[21930, 21938]]","ing period. Although equity prices in many countries rallied modestly late in the intermeeting period, global equity prices declined, on balance, over the period, with especially large net decreases in Japan and many emerging market economies. Flight-to-safety flows helped"
2012-06-20,2012-06-20_0008,equities,equities,38457,38465,unclassified,,[]," during the intermeeting period, leading to higher risk spreads and lower prices for riskier assets including equities and to broad-based appreciation of the US dollar on foreign exchange markets. In contrast, a few participants observed that the marked drop in yields"
2012-08-01,2012-08-01_0000,equity price*,equity prices,16533,16546,positive,rose,"[[16547, 16551]]","markets, Treasury general collateral repurchase agreement rates rose slightly on balance. Broad indexes of US equity prices rose somewhat, on net, over the intermeeting period, with significant gains prompted in part by comments from European officials that apparently rais"
2012-08-01,2012-08-01_0001,s p 500 index,s p 500 index,16793,16806,positive,rose,"[[16807, 16811]]","parently raised investor expectations for near-term European policy actions. Option-implied volatility on the s p 500 index rose slightly. Stock prices for the large domestic bank holding companies posted mixed changes over the period, and credit default swap (CDS) spreads"
2012-08-01,2012-08-01_0002,stock price*,Stock prices,16822,16834,unclassified,,[],"ctations for near-term European policy actions. Option-implied volatility on the s p 500 index rose slightly. Stock prices for the large domestic bank holding companies posted mixed changes over the period, and credit default swap (CDS) spreads for those firms generally m"
2012-08-01,2012-08-01_0003,stock market*,stock markets,20223,20236,unclassified,,[]," later in July that the central bank might take further steps to support the monetary union. On net, European stock markets finished the period higher. Yield spreads on Spanish and Italian 10-year bonds over their German equivalents, which rose sharply over most of July, f"
2012-08-01,2012-08-01_0004,equity index*,equity indexes,31510,31524,unclassified,,[],"ownside risk to the domestic economic outlook. Several participants indicated that recent trends in euro-area equity indexes and sovereign debt yields had not been encouraging, and some noted that the uncertainty prevailing in global financial markets was showing through in"
2012-09-13,2012-09-13_0000,equity price*,equity prices,8037,8050,positive,increas*,"[[8025, 8033]]"," boosted in part by lower energy prices. The continued rise in house values through July, and the increase in equity prices during the intermeeting period, suggested that households' net worth may have improved a little in recent months. However, consumer sentiment remaine"
2012-09-13,2012-09-13_0001,household* net worth,households' net worth,8098,8119,positive,improv*,"[[8129, 8137]]","n house values through July, and the increase in equity prices during the intermeeting period, suggested that households' net worth may have improved a little in recent months. However, consumer sentiment remained more downbeat in August than earlier in the year. Housing market co"
2012-09-13,2012-09-13_0002,equities,equities,15065,15073,positive,rose,"[[15074, 15078]]","ondents noted greater demand for funding of agency and non-agency residential MBS. Broad price indexes for US equities rose moderately, on net, over the intermeeting period, prompted by generally better-than-expected readings on economic activity released early in the"
2012-09-13,2012-09-13_0003,s p 500 index,s p 500 index,15402,15415,negative,fell,"[[15416, 15420]]", some additional anticipation of monetary policy easing later in the period. Option-implied volatility on the s p 500 index fell in early August to levels not seen since the middle of 2007; it subsequently partially retraced. Equity prices for large domestic banks rose abo
2012-09-13,2012-09-13_0004,equity price*,Equity prices,15518,15531,unclassified,,[],"0 index fell in early August to levels not seen since the middle of 2007; it subsequently partially retraced. Equity prices for large domestic banks rose about in line with the broad equity price indexes, and credit default swap (CDS) spreads for the largest bank holding c"
2012-09-13,2012-09-13_0005,equity price index*,equity price indexes,15591,15611,unclassified,,[]," it subsequently partially retraced. Equity prices for large domestic banks rose about in line with the broad equity price indexes, and credit default swap (CDS) spreads for the largest bank holding companies continued to move down. Yields on investment-grade corporate bonds were"
2012-09-13,2012-09-13_0006,equity price*,equity prices,19246,19259,positive,mov* up,"[[19260, 19268]]"," demands eased with the lessening of concerns about the European situation. Most global benchmark indexes for equity prices moved up, and the equity prices of European banks rose sharply. Funding conditions for euro-area banks improved, although these conditions remained f"
2012-09-13,2012-09-13_0007,equity price*,equity prices,19278,19291,unclassified,,[],"g of concerns about the European situation. Most global benchmark indexes for equity prices moved up, and the equity prices of European banks rose sharply. Funding conditions for euro-area banks improved, although these conditions remained fragile, and draws on the Federal"
2012-09-13,2012-09-13_0008,asset market*,asset markets,20000,20013,unclassified,,[],"cts of the financial system vulnerable to a future rise in interest rates. The staff surveyed a wide range of asset markets and financial institutions for signs of excessive valuations, leverage, or risk-taking that could pose systemic risks. Valuations for broad asset cla"
2012-09-13,2012-09-13_0009,equity price*,equity prices,21139,21152,unclassified,,[],"cting a slight improvement in the outlook for the European situation and a somewhat higher projected path for equity prices. Nevertheless, with fiscal policy assumed to be tighter next year than this year, the staff expected that increases in real GDP would not materially "
2012-09-13,2012-09-13_0010,equity price*,equity prices,32038,32051,positive,rise*,"[[32056, 32061]]","cial markets remained favorable. Longer-term interest rates were low and supportive of economic growth, while equity prices had risen. One participant noted that, while there were few current signs of excessive risk-taking, low interest rates could ultimately lead to finan"
2012-10-24,2012-10-24_0000,household* net worth,households' net worth,10091,10112,unclassified,,[],"nsumer sentiment rose in September and early October, and continued modest increases in house prices added to households' net worth. Housing market conditions improved more generally in recent months. Starts and permits of both new single-family homes and multifamily units picked "
2012-10-24,2012-10-24_0001,index* of equity price*,Indexes of equity prices,15620,15644,unclassified,,[],"ntly. Indicators of the condition of domestic financial institutions were mixed over the intermeeting period. Indexes of equity prices for those institutions were modestly lower. But spreads on credit default swaps for large financial institutions declined in recent months, and third"
2012-10-24,2012-10-24_0002,equity price index*,equity price indexes,16193,16213,unclassified,,[],"uarter-end but subsequently more than retraced that move, ending the intermeeting period down slightly. Broad equity price indexes were a little lower, on balance, as gains following the September FOMC meeting and generally better-than-expected economic data releases were more th"
2012-10-24,2012-10-24_0003,s p 500 index,s p 500 index,16450,16463,negative,fell,"[[16464, 16468]]","a releases were more than offset by concerns about corporate profitability. Option-implied volatility for the s p 500 index fell noticeably following the September FOMC meeting but increased, on net, over the intermeeting period. Yields on investment-grade corporate bonds "
2012-10-24,2012-10-24_0004,equity index*,equity indexes,19771,19785,unclassified,,[]," monetary policy during the period, including those of Australia, Brazil, Japan, Korea, and Thailand. Foreign equity indexes, which generally rose following the September FOMC statement, ended the intermeeting period higher in most markets, although stock prices in the euro"
2012-10-24,2012-10-24_0005,stock price*,stock prices,19911,19923,unclassified,,[],"y rose following the September FOMC statement, ended the intermeeting period higher in most markets, although stock prices in the euro area were down on net. Ten-year sovereign yields in Germany and the United Kingdom moved down just a few basis points. After declining si"
2012-10-24,2012-10-24_0006,household wealth,household wealth,25223,25239,positive,increas*,"[[25210, 25219]]","addition, lower mortgage rates had spurred a rise in refinancing activity, which, along with the increases in household wealth attributable to higher home values and equity prices, would provide support for consumer spending going forward. Participants generally agreed that a"
2012-10-24,2012-10-24_0007,equity price*,equity prices,25279,25292,unclassified,,[],"inancing activity, which, along with the increases in household wealth attributable to higher home values and equity prices, would provide support for consumer spending going forward. Participants generally agreed that a recovery in housing activity now appeared to be unde"
2012-10-24,2012-10-24_0008,equity market*,equity markets,31773,31787,unclassified,,[],"still seemed quite high, citing the very low yields on longer-term TIPS and a large estimated risk premium in equity markets. Participants also discussed the efficacy and potential costs of the Committee's asset purchases. A number of participants offered the assessment tha"
2012-10-24,2012-10-24_0009,asset market*,asset markets,33655,33668,unclassified,,[],essed concerns that sizable asset purchases might eventually have adverse consequences for the functioning of asset markets or that they might complicate the Committee's ability to remove policy accommodation at the appropriate time and normalize the size and composition o
2012-12-12,2012-12-12_0000,household* net worth,household net worth,8813,8832,positive,increas*,"[[8833, 8842]]",". Moreover, consumer sentiment fell back in early December to about its level during the summer. In contrast, household net worth increased in the third quarter, partially a result of higher equity and home values. Conditions in the housing market continued to improve gradually,"
2012-12-12,2012-12-12_0001,equity and home valu*,equity and home values,8894,8916,positive,high*,"[[8887, 8893]]","ing the summer. In contrast, household net worth increased in the third quarter, partially a result of higher equity and home values. Conditions in the housing market continued to improve gradually, but construction activity was still at a low level, restrained by the considerable "
2012-12-12,2012-12-12_0002,equity price*,equity prices,13213,13226,negative,reduc*,"[[13200, 13209]]"," fiscal outlook and ongoing federal budget negotiations seemed to intensify, prompting a notable reduction in equity prices and yields on Treasury securities. But these concerns reportedly eased somewhat over subsequent weeks, and the initial move in equity prices was reve"
2012-12-12,2012-12-12_0003,equity price*,equity prices,13354,13367,unclassified,,[],"asury securities. But these concerns reportedly eased somewhat over subsequent weeks, and the initial move in equity prices was reversed. In contrast, yields on intermediate- and long-term nominal Treasury securities declined, on net, perhaps reflecting some increase in sa"
2012-12-12,2012-12-12_0004,equity price index*,equity price indexes,15375,15395,positive,edge* up,"[[15396, 15404]]","ically unchanged, they noted greater demand for funding of various types of securitization products. Broad US equity price indexes edged up, on net, over the intermeeting period, while equity prices of large domestic banks decreased a little. Nevertheless, the credit default swap"
2012-12-12,2012-12-12_0005,equity price*,equity prices,15450,15463,unclassified,,[]," securitization products. Broad US equity price indexes edged up, on net, over the intermeeting period, while equity prices of large domestic banks decreased a little. Nevertheless, the credit default swap spreads of most large domestic bank holding companies continued to "
2012-12-12,2012-12-12_0006,s p 500 index,s p 500 index,15659,15672,unclassified,,[],"eads of most large domestic bank holding companies continued to move lower. Option-implied volatility for the s p 500 index over the next month declined moderately, on balance, while measures of equity market volatility for longer maturities remained above their historical"
2012-12-12,2012-12-12_0007,equity market*,equity market,15744,15757,unclassified,,[],"plied volatility for the s p 500 index over the next month declined moderately, on balance, while measures of equity market volatility for longer maturities remained above their historical averages, excluding the financial crisis period. Yields on investment-grade corporat"
2012-12-12,2012-12-12_0008,asset price*,asset prices,18535,18547,unclassified,,[],"ment of the ongoing MBS purchases announced at the September FOMC meeting. In many foreign financial markets, asset prices fluctuated as sentiment regarding negotiations over both the US fiscal situation and official support for vulnerable euro-area countries shifted duri"
2012-12-12,2012-12-12_0009,equity price*,equity prices,19025,19038,positive,rose,"[[19039, 19043]]","However, spreads on Italian and Spanish bonds were little changed on balance over the period. On net, foreign equity prices rose slightly. The foreign exchange value of the dollar edged lower on balance. However, the dollar appreciated against the Brazilian real and the Ja"
2012-12-12,2012-12-12_0010,asset market*,asset markets,20386,20399,unclassified,,[],"possible adverse effects of the current environment of low interest rates, the staff surveyed a wide range of asset markets and financial institutions for signs of excessive valuations, leverage, or risk-taking that could pose systemic risks. Valuations for broad asset cla"
2012-12-12,2012-12-12_0011,household* net worth,household net worth,27823,27842,unclassified,,[],"t, together with rising home prices, had led to an improvement in household balance sheets; it was noted that household net worth was approaching levels seen before the financial crisis. Business contacts in many parts of the country were also said to be highly uncertain about t"
2013-01-30,2013-01-30_0000,asset market*,asset markets,6736,6749,unclassified,,[],"vels in the wake of a natural disaster, the risk of a broader, more systemic disruption to the functioning of asset markets could result. In this case, the prospect that repurchase operations could potentially alleviate some of the market strains might warrant immediate ac"
2013-01-30,2013-01-30_0001,stock price*,stock prices,40980,40992,positive,rose,"[[40993, 40997]]","ion of domestic financial institutions generally improved over the intermeeting period. A broad index of bank stock prices rose, and the median spread on credit default swaps of the largest banking organizations moved lower. Broad US equity price indexes increased on net "
2013-01-30,2013-01-30_0002,equity price index*,equity price indexes,41104,41124,positive,increas*,"[[41125, 41134]]","ose, and the median spread on credit default swaps of the largest banking organizations moved lower. Broad US equity price indexes increased on net over the intermeeting period, buoyed by many of the same factors that contributed to the rise in Treasury yields. In addition, the f"
2013-01-30,2013-01-30_0003,s p 500 index,s p 500 index,41475,41488,unclassified,,[],ere above analysts' expectations for a higher-than-average number of firms. Option-implied volatility for the s p 500 index over the near term dipped to its lowest level since early 2007. The option-implied price of insurance against downside risk on the index at longer ho
2013-01-30,2013-01-30_0004,equity price*,equity prices,44436,44449,positive,rose,"[[44450, 44454]]","licy legislation in the United States and to further progress in addressing euro-area strains. On net, global equity prices rose and euro-area peripheral spreads narrowed. As global risk sentiment improved, the dollar depreciated against the euro and most emerging market c"
2013-03-20,2013-03-20_0000,household* net worth,household net worth,6863,6882,unclassified,,[],"he beginning of the year and the previous pulling forward of taxable income from 2013 into 2012; in contrast, household net worth likely rose in recent months as a result of higher equity values and home prices. Consumer sentiment in the Thomson Reuters/University of Michigan Su"
2013-03-20,2013-03-20_0001,equity valu*,equity values,6934,6947,positive,high*,"[[6927, 6933]]","come from 2013 into 2012; in contrast, household net worth likely rose in recent months as a result of higher equity values and home prices. Consumer sentiment in the Thomson Reuters/University of Michigan Surveys of Consumers rose somewhat in February, but it declined in "
2013-03-20,2013-03-20_0002,equity price*,equity prices,13140,13153,positive,rose,"[[13154, 13158]]","ess tests and of the Comprehensive Capital Analysis and Review was limited. Overall, a broad index of US bank equity prices rose, on net, over the intermeeting period, and credit default swap spreads for most large domestic banks edged down on balance. Broad equity price i"
2013-03-20,2013-03-20_0003,equity price index*,equity price indexes,13289,13309,positive,increas*,"[[13310, 13319]]","termeeting period, and credit default swap spreads for most large domestic banks edged down on balance. Broad equity price indexes increased over the intermeeting period, bolstered by favorable incoming economic data. Option-implied volatility for the s p 500 index over the near "
2013-03-20,2013-03-20_0004,s p 500 index,s p 500 index,13431,13444,unclassified,,[],"ver the intermeeting period, bolstered by favorable incoming economic data. Option-implied volatility for the s p 500 index over the near term rose slightly but remained low, at levels last seen in early 2007. Fourth-quarter earnings per share for s p 500 firms were estima"
2013-03-20,2013-03-20_0005,stock price*,stock price,17109,17120,unclassified,,[],"yen depreciated further, 10-year Japanese government bond yields declined to near record lows, and the Nikkei stock price index rose substantially. Movements in the currencies of EMEs against the dollar were generally small. Although inflows into emerging market mutual f"
2013-03-20,2013-03-20_0006,equity index*,equity indexes,17331,17345,unclassified,,[],"l. Although inflows into emerging market mutual funds continued, they slowed notably in recent weeks, and EME equity indexes were, on average, slightly lower. Some EME central banks cut interest rates, citing concerns about economic growth. The staff also reported on potent"
2013-03-20,2013-03-20_0007,asset market*,asset markets,17842,17855,unclassified,,[]," adverse consequences for financial stability at some point in the future. The staff surveyed a wide range of asset markets and financial institutions for signs of excess valuations, leverage, or risk-taking that could pose systemic risks. Low interest rates likely have su"
2013-03-20,2013-03-20_0008,asset price*,asset prices,18022,18034,positive,gain*,"[[18013, 18018]]","s, leverage, or risk-taking that could pose systemic risks. Low interest rates likely have supported gains in asset prices and encouraged the flow of credit to households and businesses, but these changes to date do not appear to have been accompanied by significant finan"
2013-03-20,2013-03-20_0009,household wealth,household wealth,18989,19005,unclassified,,[],"llar were essentially offset by a brighter outlook for domestic energy production and a higher projection for household wealth, which reflected upward revisions to the projected paths for both equity prices and home prices. On balance, with fiscal policy expected to be tighte"
2013-03-20,2013-03-20_0010,equity price*,equity prices,19072,19085,unclassified,,[],"nd a higher projection for household wealth, which reflected upward revisions to the projected paths for both equity prices and home prices. On balance, with fiscal policy expected to be tighter in 2013 than in 2012, the staff expected that increases in real GDP this year "
2013-03-20,2013-03-20_0011,asset price*,asset prices,32360,32372,unclassified,,[]," Asset purchases were seen by some as having a potential to contribute to imbalances in financial markets and asset prices, which could undermine financial stability over time. Moreover, to the extent that asset purchases push down longer-term interest rates, they potenti"
2013-05-01,2013-05-01_0000,household* net worth,household net worth,7425,7444,unclassified,,[],"sing power and offset to some extent the effects of this year's higher payroll and income taxes. In addition, household net worth likely rose in recent months as a result of higher equity values and home prices. In contrast, consumer sentiment in the Thomson Reuters/University o"
2013-05-01,2013-05-01_0001,equity valu*,equity values,7496,7509,positive,high*,"[[7489, 7495]]","payroll and income taxes. In addition, household net worth likely rose in recent months as a result of higher equity values and home prices. In contrast, consumer sentiment in the Thomson Reuters/University of Michigan Surveys of Consumers was roughly flat, on balance, in "
2013-05-01,2013-05-01_0002,equity price*,Equity prices,11580,11593,positive,rose,"[[11594, 11598]]","es as well as policy actions by the Bank of Japan that were more accommodative than the markets had expected. Equity prices rose modestly, on net, supported in part by solid quarterly earnings reports. The expected path of the federal funds rate implied by market quotes sh"
2013-05-01,2013-05-01_0003,equity price index*,equity price indexes,13397,13417,positive,increas*,"[[13418, 13427]]","bank credit default swap spreads edged a bit higher, on average, across the larger firms in the sector. Broad equity price indexes increased, on net, over the intermeeting period, likely reflecting solid quarterly earnings reports, stable medium-term earnings expectations, and lo"
2013-05-01,2013-05-01_0004,s p 500 index,s p 500 index,13621,13634,unclassified,,[],"eports, stable medium-term earnings expectations, and lower interest rates. Option-implied volatility for the s p 500 index over the near term remained in a range that was low by historical standards. Yields on corporate bonds fell roughly in line with those on Treasury se"
2013-05-01,2013-05-01_0005,equity index*,equity indexes,17185,17199,unclassified,,[],"ded bank holiday in that country, but outside of Cyprus those movements generally proved temporary. Euro-area equity indexes, which fell as stresses in Cyprus intensified, ended the period up slightly. By contrast, stock prices in Japan rose sharply, as the Bank of Japan su"
2013-05-01,2013-05-01_0006,stock price*,stock prices,17290,17302,unclassified,,[],"area equity indexes, which fell as stresses in Cyprus intensified, ended the period up slightly. By contrast, stock prices in Japan rose sharply, as the Bank of Japan surprised investors with the scale of its new monetary policy program aimed at raising inflation to 2 per"
2013-05-01,2013-05-01_0007,stock price*,stock prices,18124,18136,unclassified,,[],"lar depreciated against most currencies, although it continued to appreciate against the yen. Emerging market stock prices changed little, on net, and emerging market equity mutual funds experienced modest outflows. Staff Economic Outlook In the economic forecast prepared"
2013-05-01,2013-05-01_0008,equity and housing price*,equity and housing prices,20485,20510,positive,rising,"[[20478, 20484]]","e remained elevated. Spending by consumers continued to expand, supported by better credit conditions, rising equity and housing prices, and lower energy prices; and the housing sector improved further. However, growth in business investment spending slowed somewhat, and fiscal policy"
2013-05-01,2013-05-01_0009,equity and house price*,equity and house prices,22233,22256,positive,rising,"[[22226, 22232]]","ported to be strong in a number of areas of the country and, more broadly, appeared to be supported by rising equity and house prices, improved household balance sheets, and easier credit conditions. However, concerns were expressed that this rate of growth in consumer expenditures "
2013-05-01,2013-05-01_0010,asset price*,asset prices,29453,29465,unclassified,,[],period as evidence that the purchases were having positive results for the economy. The effects on a range of asset prices of the Bank of Japan's recent announcement were cited as added evidence that large-scale asset purchases were effective in easing financial condition
2013-06-19,2013-06-19_0000,household* net worth,Households' net worth,9259,9280,unclassified,,[],"sed, households' real disposable income rose in April, in part reflecting a small decline in consumer prices. Households' net worth likely increased in recent months, as equity values and home prices rose further. Moreover, consumer sentiment in the Thomson Reuters/University of M"
2013-06-19,2013-06-19_0001,equity valu*,equity values,9319,9332,unclassified,,[],"rt reflecting a small decline in consumer prices. Households' net worth likely increased in recent months, as equity values and home prices rose further. Moreover, consumer sentiment in the Thomson Reuters/University of Michigan Surveys of Consumers improved notably, on ba"
2013-06-19,2013-06-19_0002,equity price*,Equity prices,17271,17284,unclassified,,[]," related in part to further reductions in nonperforming loans and growing confidence in the economic outlook. Equity prices for large domestic banks outperformed broad equity indexes over the intermeeting period, as did the equity prices for most other types of financial i"
2013-06-19,2013-06-19_0003,equity index*,equity indexes,17329,17343,unclassified,,[],"ans and growing confidence in the economic outlook. Equity prices for large domestic banks outperformed broad equity indexes over the intermeeting period, as did the equity prices for most other types of financial institutions. In contrast, equity prices for agency mortgage"
2013-06-19,2013-06-19_0004,equity price*,equity prices,17385,17398,unclassified,,[],"ty prices for large domestic banks outperformed broad equity indexes over the intermeeting period, as did the equity prices for most other types of financial institutions. In contrast, equity prices for agency mortgage real estate investment trusts declined, reflecting the"
2013-06-19,2013-06-19_0005,equity price*,equity prices,17460,17473,unclassified,,[],"he intermeeting period, as did the equity prices for most other types of financial institutions. In contrast, equity prices for agency mortgage real estate investment trusts declined, reflecting the rise in longer-term interest rates, the underperformance of agency MBS, an"
2013-06-19,2013-06-19_0006,equity market*,equity markets,20349,20363,unclassified,,[],"US Treasury securities higher, and volatility in sovereign bond markets rose, particularly in Japan. Japanese equity markets also displayed substantial volatility; equity prices fell sharply late in the period and erased the gains that had been registered since early April,"
2013-06-19,2013-06-19_0007,equity price*,equity prices,20403,20416,negative,fell,"[[20417, 20421]]","eign bond markets rose, particularly in Japan. Japanese equity markets also displayed substantial volatility; equity prices fell sharply late in the period and erased the gains that had been registered since early April, when the Bank of Japan announced that it would expan"
2013-06-19,2013-06-19_0008,equity index*,equity indexes,20654,20668,unclassified,,[],"ed that it would expand its asset purchases in order to nearly double the size of its balance sheet. European equity indexes were little changed, on net, over the period, and euro-area financial conditions remained relatively stable. Spreads of yields on Italian and Spanish"
2013-06-19,2013-06-19_0009,stock price*,stock prices,21347,21359,negative,declin*,"[[21360, 21368]]","rising US Treasury yields. Emerging market mutual funds experienced sharp outflows in recent weeks, while EME stock prices declined and EME credit spreads widened on net. The staff reported on potential risks to financial stability, including the stability of banking firm"
2013-06-19,2013-06-19_0010,asset market*,asset markets,21550,21563,unclassified,,[],"risks to financial stability, including the stability of banking firms, nonbank financial intermediaries, and asset markets. Most market-based measures of the health of the banking sector--such as banks' stock prices, credit default swap spreads, and equity correlations--p"
2013-06-19,2013-06-19_0011,stock price*,stock prices,21644,21656,unclassified,,[],"rmediaries, and asset markets. Most market-based measures of the health of the banking sector--such as banks' stock prices, credit default swap spreads, and equity correlations--pointed to an improvement in the stability of the banking sector, in part because of rising le"
2013-06-19,2013-06-19_0012,equity and home price*,equity and home prices,22580,22602,unclassified,,[],"staff's medium-term projection for real GDP was revised up somewhat. The staff raised its projected paths for equity and home prices, which pushed up expected consumer spending over the medium term, and boosted its outlook for domestic oil production, which reduced oil imports in t"
2013-06-19,2013-06-19_0013,stock market*,stock market,28642,28654,positive,gain*,"[[28629, 28634]]","oved over the intermeeting period, which some participants attributed to rising house prices and gains in the stock market. It was noted that the mutually reinforcing dynamic of rising confidence, declining risk premiums, improving credit availability, increasing spending"
2013-06-19,2013-06-19_0014,household wealth,household wealth,29527,29543,positive,boost*,"[[29518, 29526]]","pporting the broader economy through related spending and employment, with rising real estate values boosting household wealth, confidence, and access to credit. Participants generally were optimistic that the recovery in housing activity would be sustained, although a couple"
2013-06-19,2013-06-19_0015,stock market*,stock market,35487,35499,unclassified,,[],"t the economic outlook. It was noted that corporate credit spreads had not widened substantially and that the stock market had posted further gains, suggesting that the higher rates reflected, at least in part, increasing confidence that moderate economic growth would be "
2013-06-19,2013-06-19_0016,asset price*,asset prices,36466,36478,unclassified,,[],"rest rates would encourage investors to take on excessive credit or interest rate risk and would distort some asset prices. However, others suggested that the recent rise in rates might have reduced such incentives. While market volatility had increased of late, it was no"
2013-07-31,2013-07-31_0000,equity valu*,equity values,7857,7870,positive,gain*,"[[7848, 7853]]"," factors that tend to support household spending were more positive in recent months; in particular, gains in equity values and home prices boosted household net worth, and consumer sentiment in the Thomson Reuters/University of Michigan Surveys of Consumers rose in July t"
2013-07-31,2013-07-31_0001,household* net worth,household net worth,7895,7914,positive,boost*,"[[7887, 7894]]","d spending were more positive in recent months; in particular, gains in equity values and home prices boosted household net worth, and consumer sentiment in the Thomson Reuters/University of Michigan Surveys of Consumers rose in July to its highest level since the onset of the r"
2013-07-31,2013-07-31_0002,asset price*,asset price,12202,12213,unclassified,,[]," Federal Reserve communications and to incoming economic data and as market dynamics appeared to amplify some asset price moves. Broad equity price indexes ended the period higher, and longer-term interest rates rose significantly. Sizable increases in rates occurred fol"
2013-07-31,2013-07-31_0003,equity price index*,equity price indexes,12227,12247,unclassified,,[],"ations and to incoming economic data and as market dynamics appeared to amplify some asset price moves. Broad equity price indexes ended the period higher, and longer-term interest rates rose significantly. Sizable increases in rates occurred following the June FOMC meeting, as i"
2013-07-31,2013-07-31_0004,stock price*,Stock prices,14363,14375,unclassified,,[],"meeting period, as the largest banks reported second-quarter earnings that were above analysts' expectations. Stock prices of large domestic banks outperformed broader equity indexes, and credit default swap spreads for the largest bank holding companies moved about in li"
2013-07-31,2013-07-31_0005,equity index*,equity indexes,14421,14435,unclassified,,[],"er earnings that were above analysts' expectations. Stock prices of large domestic banks outperformed broader equity indexes, and credit default swap spreads for the largest bank holding companies moved about in line with trends in broad credit indexes. Municipal bond yield"
2013-07-31,2013-07-31_0006,equity price*,equity prices,18376,18389,unclassified,,[],"stent with the larger increase in US interest rates. The dollar was mixed against the EME currencies. Foreign equity prices generally increased, although equity prices in China declined amid investor concerns regarding further signs that the economy was slowing and over vo"
2013-07-31,2013-07-31_0007,equity price*,equity prices,18420,18433,unclassified,,[],"t rates. The dollar was mixed against the EME currencies. Foreign equity prices generally increased, although equity prices in China declined amid investor concerns regarding further signs that the economy was slowing and over volatility in Chinese interbank funding market"
2013-07-31,2013-07-31_0008,equity price*,equity prices,19628,19641,positive,high*,"[[19621, 19627]]"," output. The staff's projection for real GDP growth over the medium term was essentially unrevised, as higher equity prices were seen as offsetting the restrictive effects of the increase in longer-term interest rates. The staff continued to forecast that the rate of real "
2013-07-31,2013-07-31_0009,household wealth,household wealth,23290,23306,unclassified,,[],"tems other than motor vehicles was relatively soft. Recent high readings on consumer confidence and boosts to household wealth from increased equity and real estate prices suggested that consumer spending would gather momentum in the second half of the year. However, a few pa"
2013-07-31,2013-07-31_0010,household wealth,household wealth,23497,23513,positive,high*,"[[23490, 23496]]","uld gather momentum in the second half of the year. However, a few participants expressed concern that higher household wealth might not translate into greater consumer spending, cautioning that household income growth remained slow, that households might not treat the additi"
2013-07-31,2013-07-31_0011,equity price*,equity price,23697,23709,positive,increas*,"[[23710, 23719]]","hold income growth remained slow, that households might not treat the additions to wealth arising from recent equity price increases as lasting, or that households' scope to extract housing equity for the purpose of increasing their expenditures was less than in the past."
2013-07-31,2013-07-31_0012,asset market*,asset markets,27540,27553,unclassified,,[],"ed period and further supporting the case for highly accommodative monetary policy. Both domestic and foreign asset markets were volatile at times during the intermeeting period, reacting to policy communications and data releases. In discussing the increases in US longer-"
2013-07-31,2013-07-31_0013,equity price*,equity prices,29710,29723,positive,increas*,"[[29698, 29706]]","wever, judged that the rise in rates was likely to exert relatively little restraint, or that the increase in equity prices and easing in bank lending standards would largely offset the effects of the rise in longer-term interest rates. Some participants also stated that f"
2013-09-18,2013-09-18_0000,household* net worth,Households' net worth,8926,8947,unclassified,,[],"t motor vehicles rose notably. Recent information on key factors that influence consumer spending were mixed: Households' net worth likely expanded further as home prices posted additional gains through July, but real disposable incomes increased only a little in July and consumer"
2013-09-18,2013-09-18_0001,equity price*,equity prices,13366,13379,unclassified,,[],". Staff Review of the Financial Situation Longer-term interest rates rose over the intermeeting period, while equity prices were fairly volatile but ended the period modestly higher. The move in interest rates appeared to be importantly influenced by shifting expectations "
2013-09-18,2013-09-18_0002,stock price*,Stock prices,15341,15353,unclassified,,[],"nd extending into early July, liquidity and functioning had deteriorated in a number of fixed-income markets. Stock prices for financial-sector firms underperformed the broad equity market somewhat over the intermeeting period. However, spreads on credit default swaps (CD"
2013-09-18,2013-09-18_0003,equity market*,equity market,15406,15419,unclassified,,[],"iorated in a number of fixed-income markets. Stock prices for financial-sector firms underperformed the broad equity market somewhat over the intermeeting period. However, spreads on credit default swaps (CDS) for the largest bank holding companies remained stable at level"
2013-09-18,2013-09-18_0004,equity price*,Equity prices,18978,18991,unclassified,,[],"a broad set of currencies, but it appreciated notably against the currencies of India, Indonesia, and Turkey. Equity prices in Germany increased substantially and sovereign yields in the United Kingdom and Germany continued to rise as data on economic activity in Europe ge"
2013-09-18,2013-09-18_0005,equity and home price*,equity and home prices,20731,20753,unclassified,,[],"rm interest rates and the foreign exchange value of the dollar, along with slightly lower projected paths for equity and home prices. The staff still anticipated that the pace of expansion in real GDP this year would only moderately exceed the growth rate of potential output but co"
2013-09-18,2013-09-18_0006,asset price*,asset prices,30975,30987,unclassified,,[],"hat the increase in longer-term yields in recent months had not seemed to leave a meaningful imprint on other asset prices, suggesting that the effects on the economy were likely to be relatively muted. While recognizing the potentially significant impact of higher mortga"
2013-09-18,2013-09-18_0007,equity price*,equity prices,31211,31224,positive,high*,"[[31204, 31210]]"," significant impact of higher mortgage rates on the housing market, these same participants pointed to higher equity prices, the further gradual loosening of terms in bank lending, and the continued availability of credit at inexpensive terms in corporate debt markets as s"
2013-10-30,2013-10-30_0000,household* net worth,Households' net worth,8876,8897,unclassified,,[],"motor vehicles declined. Recent readings on key factors that influence consumer spending were somewhat mixed: Households' net worth likely expanded further as both equity values and home prices rose in recent months, and real disposable incomes increased solidly in August, but mea"
2013-10-30,2013-10-30_0001,equity valu*,equity values,8930,8943,unclassified,,[],"s that influence consumer spending were somewhat mixed: Households' net worth likely expanded further as both equity values and home prices rose in recent months, and real disposable incomes increased solidly in August, but measures of consumer sentiment declined in Septem"
2013-10-30,2013-10-30_0002,equity price*,equity prices,12597,12610,positive,rose,"[[12611, 12615]]","w of the Financial Situation On balance over the intermeeting period, longer-term interest rates declined and equity prices rose, largely in response to expectations for more-accommodative monetary policy. In addition, financial markets were affected for a time by uncertai"
2013-10-30,2013-10-30_0003,stock price*,stock prices,17093,17105,positive,rose,"[[17106, 17110]]","flows to deposits were estimated to have reversed shortly after the debt limit agreement was reached. Foreign stock prices rose, foreign yields and yield spreads declined, and the dollar depreciated against most other currencies. A large portion of these asset price chang"
2013-10-30,2013-10-30_0004,asset price*,asset price,17238,17249,unclassified,,[],"nd yield spreads declined, and the dollar depreciated against most other currencies. A large portion of these asset price changes occurred immediately following the September FOMC announcement. In addition, yields and the value of the dollar fell further after the debt c"
2013-10-30,2013-10-30_0005,equity price*,equity prices,18209,18222,unclassified,,[],"n exchange value of the dollar and longer-term interest rates, along with somewhat higher projected paths for equity prices and home values. The staff anticipated that the pace of expansion in real GDP this year would be about the same as the growth rate of potential outpu"
2013-10-30,2013-10-30_0006,household wealth,household wealth,21752,21768,positive,high*,"[[21745, 21751]]","easing of debt burdens, continued gains in employment, lower gasoline prices, higher real incomes, and higher household wealth boosted by rising home prices and equity values. Nonetheless, consumer sentiment remained unusually low, posing a downside risk to the forecast, and "
2013-10-30,2013-10-30_0007,equity valu*,equity values,21803,21816,unclassified,,[],"nt, lower gasoline prices, higher real incomes, and higher household wealth boosted by rising home prices and equity values. Nonetheless, consumer sentiment remained unusually low, posing a downside risk to the forecast, and uncertainty surrounding prospective fiscal delib"
2013-10-30,2013-10-30_0008,equity valu*,equity values,25740,25753,positive,increas*,"[[25727, 25736]]","ions eased notably over the intermeeting period, with declines in longer-term interest rates and increases in equity values. Financial quotes suggested that markets moved out the date at which they expected to see the Committee first increase the federal funds rate target."
2013-12-18,2013-12-18_0000,household* net worth,Households' net worth,11924,11945,unclassified,,[]," factors that support household spending was consistent with further solid gains in PCE in the coming months. Households' net worth likely expanded as equity values and home prices increased further in recent months; real disposable income rose, on net, in September and October; a"
2013-12-18,2013-12-18_0001,equity valu*,equity values,11965,11978,unclassified,,[],"was consistent with further solid gains in PCE in the coming months. Households' net worth likely expanded as equity values and home prices increased further in recent months; real disposable income rose, on net, in September and October; and consumer sentiment in the Thom"
2013-12-18,2013-12-18_0002,stock price*,Stock prices,18530,18542,unclassified,,[],"rrent-coupon yield on agency mortgage-backed securities increased a bit more than the 10-year Treasury yield. Stock prices were about unchanged, on net, over the intermeeting period, even though some broad equity price indexes temporarily touched all-time nominal highs. C"
2013-12-18,2013-12-18_0003,equity price index*,equity price indexes,18626,18646,unclassified,,[],"easury yield. Stock prices were about unchanged, on net, over the intermeeting period, even though some broad equity price indexes temporarily touched all-time nominal highs. Corporate risk spreads narrowed somewhat. Business finance flows were robust over the intermeeting period"
2013-12-18,2013-12-18_0004,stock price*,Stock prices,21594,21606,unclassified,,[],partially offset by declines in the outstanding balances of closed-end residential mortgages on banks' books. Stock prices for large and regional domestic banking firms outperformed the broad equity market over the intermeeting period amid better-than-expected economic da
2013-12-18,2013-12-18_0005,equity market*,equity market,21676,21689,unclassified,,[], mortgages on banks' books. Stock prices for large and regional domestic banking firms outperformed the broad equity market over the intermeeting period amid better-than-expected economic data and the settlement of mortgage-related litigation by some large banking organiza
2013-12-18,2013-12-18_0006,equity price*,equity prices,22654,22667,unclassified,,[],"icy abroad may have also boosted the exchange value of the dollar, most notably against the Japanese yen, and equity prices in Japan rose substantially further during the period. By contrast, equity prices declined in many emerging market economies; in some cases, those de"
2013-12-18,2013-12-18_0007,equity price*,equity prices,22736,22749,negative,declin*,"[[22750, 22758]]","ainst the Japanese yen, and equity prices in Japan rose substantially further during the period. By contrast, equity prices declined in many emerging market economies; in some cases, those declines were large and accompanied by sizable decreases in currency values and sove"
2013-12-18,2013-12-18_0008,equity price*,equity prices,22927,22940,unclassified,,[],"clines were large and accompanied by sizable decreases in currency values and sovereign bond prices. European equity prices were also lower over the period. Long-term benchmark sovereign yields in the United Kingdom and Canada increased, in line with, but somewhat less tha"
2013-12-18,2013-12-18_0009,asset market*,asset markets,23875,23888,unclassified,,[],"ial sector were seen as factors supporting financial stability in the current environment. Valuations in most asset markets seemed broadly in line with historical norms. However, the staff report noted that the complexity and interconnectedness of large financial instituti"
2013-12-18,2013-12-18_0010,equity valu*,equity values,24962,24975,unclassified,,[],"assumed would be enacted; a lower anticipated trajectory for longer-term interest rates; and higher paths for equity values and home prices. Those factors, in total, more than offset a higher path for the foreign exchange value of the dollar. The staff continued to project"
2013-12-18,2013-12-18_0011,household wealth,household wealth,30923,30939,positive,gain*,"[[30914, 30919]]","sts, and the recent improvement in consumer sentiment. More broadly, spending was being supported by gains in household wealth associated with rising house prices and equity values, the still-low level of interest rates, and the progress that households have made in reducing "
2013-12-18,2013-12-18_0012,equity valu*,equity values,30980,30993,unclassified,,[],"re broadly, spending was being supported by gains in household wealth associated with rising house prices and equity values, the still-low level of interest rates, and the progress that households have made in reducing debt and strengthening their balance sheets. These fav"
2013-12-18,2013-12-18_0013,household wealth,household wealth,31803,31819,positive,boost*,"[[31797, 31802]]","ectations that mortgage interest rates would remain relatively favorable, that rising home values would boost household wealth and further reduce the number of borrowers with underwater mortgages, that consumer incomes and confidence would continue to rise as employment expan"
2014-01-29,2014-01-29_0000,household* net worth,households' net worth,40849,40870,unclassified,,[],"pensation program at the end of 2013 was expected to reduce aggregate income growth early this year. However, households' net worth likely continued to expand in recent months as a result of rising equity prices and home values. Consumer sentiment in the Thomson Reuters/University"
2014-01-29,2014-01-29_0001,equity price*,equity prices,40937,40950,positive,rising,"[[40930, 40936]]","y this year. However, households' net worth likely continued to expand in recent months as a result of rising equity prices and home values. Consumer sentiment in the Thomson Reuters/University of Michigan Surveys of Consumers improved, on balance, in December and early Ja"
2014-01-29,2014-01-29_0002,equity price*,Equity prices,45798,45811,positive,increas*,"[[45812, 45821]]"," financial conditions in the United States remained supportive of growth in economic activity and employment: Equity prices increased a bit, longer-term interest rates declined, and the dollar appreciated against most other currencies. While investors were somewhat surpris"
2014-01-29,2014-01-29_0003,stock price*,stock prices,48524,48536,unclassified,,[]," Reflecting the improved outlook for economic activity and despite mixed fourth-quarter earnings results, the stock prices of bank holding companies rose notably and spreads on credit default swaps for the largest bank holding companies narrowed somewhat. According to the"
2014-01-29,2014-01-29_0004,equity price index*,equity price indexes,48961,48981,unclassified,,[],"also experienced an increase in demand, on net, in most major loan categories in the fourth quarter. Broad US equity price indexes edged higher, on net, over the intermeeting period, and equity issuance by nonfinancial corporations increased. Credit remained widely available to l"
2014-01-29,2014-01-29_0005,equity index*,equity indexes,51412,51426,positive,increas*,"[[51427, 51436]]","ing period generally became more supportive of growth. Long-term government bond yields declined and headline equity indexes increased, on net, in most of these countries, with bank stock prices in the euro area rising more than broader indexes. In addition, debt issuance b"
2014-01-29,2014-01-29_0006,stock price*,stock prices,51484,51496,unclassified,,[],"ent bond yields declined and headline equity indexes increased, on net, in most of these countries, with bank stock prices in the euro area rising more than broader indexes. In addition, debt issuance by both governments and banks in the European periphery picked up, and "
2014-01-29,2014-01-29_0007,stock price*,stock price,51843,51854,unclassified,,[],"od. In contrast, amid a ratcheting-up of financial market strains in some emerging market economies, headline stock price indexes in most emerging market economies declined, outflows from emerging market mutual funds continued, and yield spreads on dollar-denominated eme"
2014-01-29,2014-01-29_0008,household wealth,household wealth,57820,57836,unclassified,,[],"rowing confidence in the sustainability of the economic expansion, increasing payrolls, and the high ratio of household wealth to disposable income. Although the recovery in the housing sector had slowed somewhat in recent months, a number of participants reported solid activ"
2014-03-19,2014-03-19_0000,household* net worth,Households' net worth,6377,6398,unclassified,,[],"eather would return to seasonal norms, generally pointed toward additional gains in PCE in the coming months. Households' net worth probably continued to expand as equity prices and home values increased further, and consumer sentiment in the Thomson Reuters/University of Michigan"
2014-03-19,2014-03-19_0001,equity price*,equity prices,6431,6444,unclassified,,[],"ed toward additional gains in PCE in the coming months. Households' net worth probably continued to expand as equity prices and home values increased further, and consumer sentiment in the Thomson Reuters/University of Michigan Surveys of Consumers during February and earl"
2014-03-19,2014-03-19_0002,equity price*,equity prices,12866,12879,positive,rose,"[[12880, 12884]]","cted path of the federal funds rate was little changed, longer-term yields on Treasury securities edged down, equity prices rose, speculative-grade corporate bond spreads narrowed, and the foreign exchange value of the dollar depreciated slightly. FOMC communications over "
2014-03-19,2014-03-19_0003,stock price*,stock price,15641,15652,unclassified,,[]," over-the-counter derivatives markets and in credit terms applicable to most classes of counterparties. Broad stock price indexes rose over the intermeeting period, apparently boosted by a solid finish to the corporate earnings season. Equity prices were also supported b"
2014-03-19,2014-03-19_0004,equity price*,Equity prices,15767,15780,unclassified,,[],"xes rose over the intermeeting period, apparently boosted by a solid finish to the corporate earnings season. Equity prices were also supported by a broad increase in investors' willingness to take riskier positions, in part likely reflecting an easing of concerns about EM"
2014-03-19,2014-03-19_0005,equity price index*,equity price indexes,18300,18320,negative,fell,"[[18321, 18325]]","spect to the stresses that had developed in some EMEs just prior to the January FOMC meeting. Although global equity price indexes fell abruptly on March 3 amid the deepening of the political crisis in Ukraine, most markets quickly retraced those losses. Consistent with the gener"
2014-03-19,2014-03-19_0006,equity price index*,equity price indexes,18720,18740,unclassified,,[]," notable exception was the Chinese renminbi, which depreciated against the dollar. The performance of foreign equity price indexes was mixed, on net: Stock prices rose in the EMEs, but they were flat in Europe and declined substantially in Japan. Longer-term sovereign bond yields"
2014-03-19,2014-03-19_0007,stock price*,Stock prices,18760,18772,positive,rose,"[[18773, 18777]]","nbi, which depreciated against the dollar. The performance of foreign equity price indexes was mixed, on net: Stock prices rose in the EMEs, but they were flat in Europe and declined substantially in Japan. Longer-term sovereign bond yields in the advanced economies fell "
2014-03-19,2014-03-19_0008,equity market valu*,equity market valuations,30456,30480,unclassified,,[],dermine financial stability over time. One participant voiced concern about high levels of margin debt and of equity market valuations as well as a notable shift into commodity investments. Another participant stressed the growth in consumer credit to less creditworthy households. In
2014-04-30,2014-04-30_0000,household* net worth,household net worth,11188,11207,positive,bolster*,"[[11178, 11187]]"," disposable income continued to increase in the first quarter, further gains in house prices likely bolstered household net worth, and consumer sentiment in the Thomson Reuters/University of Michigan Surveys of Consumers improved, on balance, in March and April. The pace of acti"
2014-04-30,2014-04-30_0001,asset price*,asset prices,15889,15901,unclassified,,[],"ed to contain inflation pressures. Staff Review of the Financial Situation Despite some volatility in certain asset prices, financial conditions did not change appreciably, on net, over the intermeeting period. Asset prices moved in response to economic data releases that"
2014-04-30,2014-04-30_0002,asset price*,Asset prices,15990,16002,unclassified,,[]," certain asset prices, financial conditions did not change appreciably, on net, over the intermeeting period. Asset prices moved in response to economic data releases that were, on balance, a little stronger than expected and to Federal Reserve communications. The anticip"
2014-04-30,2014-04-30_0003,stock market index*,stock market indexes,18881,18901,negative,edge* down,"[[18902, 18912]]","ON RRP rate of 5 basis points. The s p 500 increased a bit, on net, over the intermeeting period, but broader stock market indexes edged down. The prices of social media and biotechnology stocks, which had risen substantially faster than the broader market over the previous year,"
2014-04-30,2014-04-30_0004,stock price*,stock prices,19522,19534,unclassified,,[],"tions companies, advanced. First-quarter earnings reports for large banking organizations were mixed, and the stock prices of such firms generally underperformed broad equity indexes. Credit flows to nonfinancial corporations remained robust, on balance, notwithstanding s"
2014-04-30,2014-04-30_0005,equity index*,equity indexes,19580,19594,unclassified,,[],"for large banking organizations were mixed, and the stock prices of such firms generally underperformed broad equity indexes. Credit flows to nonfinancial corporations remained robust, on balance, notwithstanding subdued bond issuance in April that was attributed to typical"
2014-04-30,2014-04-30_0006,equity index*,equity indexes,21552,21566,positive,rose,"[[21567, 21571]]"," consumer asset-backed securities market remained favorable, and issuance continued to be solid. Most foreign equity indexes rose over the period despite a global selloff of technology-related stocks, and 10-year sovereign bond yields in Canada, Germany, and the United King"
2014-04-30,2014-04-30_0007,equity index*,equity index,22393,22405,unclassified,,[]," and Poor's, contributed to a rise in Russia's 10-year sovereign bond yield and a sharp decline in its main equity index. Outside of that region, however, these building tensions left little imprint on global financial markets. The staff's periodic report on potential r"
2014-04-30,2014-04-30_0008,equity market*,equity market,23061,23074,unclassified,,[],"l financial stability. However, the staff report also highlighted valuation pressures in some segments of the equity market, continued strong demand for corporate debt instruments and associated pressures on underwriting standards, and liquidity risks associated with fixed"
2014-06-18,2014-06-18_0000,household* net worth,households' net worth,15846,15867,unclassified,,[],"g mostly pointed to gains in PCE in the coming months. Real disposable income continued to rise in April, and households' net worth likely increased as equity prices and home values advanced further; however, consumer sentiment in the Thomson Reuters/University of Michigan Surveys"
2014-06-18,2014-06-18_0001,equity price*,equity prices,15888,15901,unclassified,,[],"ming months. Real disposable income continued to rise in April, and households' net worth likely increased as equity prices and home values advanced further; however, consumer sentiment in the Thomson Reuters/University of Michigan Surveys of Consumers moved down somewhat "
2014-06-18,2014-06-18_0002,equity price*,equity prices,20810,20823,positive,rose,"[[20824, 20828]]","funds rate was slightly lower in the long run, yields on longer-term Treasury securities moved down modestly, equity prices rose, corporate bond spreads narrowed, and the foreign exchange value of the dollar was little changed. Federal Reserve communications over the inter"
2014-06-18,2014-06-18_0003,stock price*,stock price,23677,23688,unclassified,,[],"er of participants and the total amount awarded increased over the course of the first five operations. Broad stock price indexes rose over the intermeeting period, apparently boosted by a more optimistic assessment of near-term economic prospects and likely supported by"
2014-06-18,2014-06-18_0004,s p 500 index,s p 500 index,24159,24172,unclassified,,[],"ings per share for s p 500 firms. The VIX, an index of option-implied volatility for one-month returns on the s p 500 index, continued to decline and ended the period near its historical lows. Measures of uncertainty in other financial markets also declined; results from t"
2014-06-18,2014-06-18_0005,equity price*,equity prices,27042,27055,unclassified,,[],"erging market currencies. Consistent with some improvement in investor sentiment toward risky assets, foreign equity prices generally rose over the intermeeting period, and foreign sovereign and corporate bond spreads narrowed. In addition, both bond and equity emerging ma"
2014-06-18,2014-06-18_0006,household* net worth,household net worth,32808,32827,positive,gain*,"[[32799, 32804]]","conomic expansion were accommodative monetary policy, diminished drag from fiscal restraint, further gains in household net worth, improving credit conditions for households and businesses, and rising employment and wages. While inflation was still seen as running below the Comm"
2014-06-18,2014-06-18_0007,household* net worth,household net worth,33728,33747,positive,gain*,"[[33719, 33724]]","g. A couple of participants noted that, to date, consumer spending had been supported importantly by gains in household net worth while income gains had been held back by only modest increases in wages. In their view, an important element in the economic outlook was a pickup in "
2014-07-30,2014-07-30_0000,equity valu*,equity values,14361,14374,positive,gain*,"[[14352, 14357]]","factors that tend to influence household spending remained positive in recent months. In particular, gains in equity values and home prices boosted household net worth, and real disposable personal income continued to rise in the second quarter. Consumer sentiment in the T"
2014-07-30,2014-07-30_0001,household* net worth,household net worth,14399,14418,positive,boost*,"[[14391, 14398]]","ld spending remained positive in recent months. In particular, gains in equity values and home prices boosted household net worth, and real disposable personal income continued to rise in the second quarter. Consumer sentiment in the Thomson Reuters/University of Michigan Survey"
2014-07-30,2014-07-30_0002,equity price*,equity prices,18857,18870,positive,rose,"[[18871, 18875]]","litical risks weighed on investor sentiment at times. On net, yields on longer-term Treasury securities fell, equity prices rose, and the foreign exchange value of the dollar was little changed. Market participants characterized the Federal Reserve's monetary policy commun"
2014-07-30,2014-07-30_0003,s p 500 index,s p 500 index,21601,21614,positive,rose,"[[21615, 21619]]","es in offer rates and in the maximum individual award amounts generally resulted in higher participation. The s p 500 index rose about 1-1/2 percent over the intermeeting period, as earnings reports from a range of companies appeared to indicate that profits in the second "
2014-07-30,2014-07-30_0004,s p 500 index,s p 500 index,21902,21915,unclassified,,[],"ly relative to the first quarter. The VIX, an index of option-implied volatility for one-month returns on the s p 500 index, remained at low levels over the intermeeting period. Credit flows to nonfinancial corporations remained strong in the second quarter. Gross issuance"
2014-07-30,2014-07-30_0005,equity price index*,equity price indexes,24314,24334,unclassified,,[],"ropean financial markets, prompting yield spreads on peripheral sovereign bonds in the euro area to widen and equity price indexes for European banks to decline. Intermeeting data releases on euro-area industrial production came in below market expectations, also weighing on head"
2014-07-30,2014-07-30_0006,equity market*,equity markets,24489,24503,unclassified,,[],"data releases on euro-area industrial production came in below market expectations, also weighing on headline equity markets in the region. Mixed news from emerging market economies, including better-than-expected GDP growth in China and concerns about Argentina's scheduled"
2014-07-30,2014-07-30_0007,equity index*,equity indexes,24733,24747,unclassified,,[],"ns about Argentina's scheduled debt payments, generally had modest market effects. Changes in emerging market equity indexes were mixed over the period, and emerging market bond yields generally declined. The broad trade-weighted dollar was little changed, on net, over the "
2014-07-30,2014-07-30_0008,asset valu*,asset valuations,25513,25529,unclassified,,[],sening of underwriting standards in a number of markets raised somewhat the risk of an eventual correction in asset valuations. Staff Economic Outlook The data received since the staff prepared its forecast for the June FOMC meeting suggested that real GDP growth was even wea
2014-07-30,2014-07-30_0009,asset market*,asset markets,36752,36765,unclassified,,[],"scussion of financial stability issues, participants noted evidence of valuation pressures in some particular asset markets, but those pressures did not appear to be widespread and other measures of vulnerability in the financial system were at low to moderate levels. As a"
2014-09-17,2014-09-17_0000,household* net worth,households' net worth,16632,16653,unclassified,,[],"actors that influence consumer spending were positive: Real disposable incomes continued to increase in July, households' net worth likely edged up as equity prices and home values rose somewhat further, and consumer sentiment as measured by the Thomson Reuters/University of Michi"
2014-09-17,2014-09-17_0001,equity price*,equity prices,16673,16686,unclassified,,[],"ere positive: Real disposable incomes continued to increase in July, households' net worth likely edged up as equity prices and home values rose somewhat further, and consumer sentiment as measured by the Thomson Reuters/University of Michigan Surveys of Consumers improved"
2014-09-17,2014-09-17_0002,equity price*,equity prices,21510,21523,positive,edge* up,"[[21524, 21532]]","anticipated. Reflecting these and other developments, yields on nominal Treasury securities rose somewhat and equity prices edged up over the intermeeting period. On net, the conflicts in the Middle East and Ukraine and other geopolitical tensions had limited effects on do"
2014-09-17,2014-09-17_0003,equity price*,equity prices,22629,22642,positive,up,"[[22648, 22650]]","ecting the lower-than-expected CPI data in July and recent declines in oil prices. Broad measures of domestic equity prices were up modestly over the intermeeting period, with some reports suggesting that investors were interpreting incoming economic data as implying that "
2014-09-17,2014-09-17_0004,equity index*,equity indexes,25828,25842,unclassified,,[],"spreads of sovereign bonds from the euro-area periphery over German bunds narrowed considerably. Most foreign equity indexes ended the period modestly higher. Staff Economic Outlook In the economic forecast prepared by the staff for the September FOMC meeting, the projectio"
2014-09-17,2014-09-17_0005,household wealth,household wealth,31569,31585,positive,gain*,"[[31560, 31565]]","mong the favorable factors attending the outlook for consumer spending, participants cited continued gains in household wealth, improved household balance sheets, low delinquency rates, a high saving rate, or rising confidence in employment and income prospects. However, othe"
2014-09-17,2014-09-17_0006,household wealth,household wealth,32128,32144,positive,improv*,"[[32112, 32124]]","ut a few areas of the country despite relatively low mortgage rates, rising house prices, and improvements in household wealth. Contacts in a couple of Districts reported that new construction was being held back by shortages of materials, of lots available for development, a"
2014-09-17,2014-09-17_0007,stock market*,stock market,34402,34414,unclassified,,[],"financial stability over time were noted, including a deterioration in leveraged lending standards, stretched stock market valuations, and compressed risk spreads. However, one participant suggested that the leveraged loan market seemed to be moving into better balance, a"
2014-10-29,2014-10-29_0000,household* net worth,household net worth,12818,12837,unclassified,,[],"son Reuters/University of Michigan Surveys of Consumers improved in September and early October. In contrast, household net worth likely decreased because of a decline in equity prices. Housing market conditions seemed to be improving only slowly. Starts and permits of single-fa"
2014-10-29,2014-10-29_0001,equity price*,equity prices,12879,12892,negative,declin*,"[[12868, 12875]]","ved in September and early October. In contrast, household net worth likely decreased because of a decline in equity prices. Housing market conditions seemed to be improving only slowly. Starts and permits of single-family homes were little changed, on net, in recent month"
2014-10-29,2014-10-29_0002,equity price*,equity prices,16963,16976,negative,edge* down,"[[16977, 16987]]","igh on market sentiment somewhat at times. On net, yields on longer-term Treasury securities fell notably, US equity prices edged down, corporate bond spreads widened modestly, and the dollar appreciated moderately against most other currencies. Federal Reserve communicati"
2014-10-29,2014-10-29_0003,s p 500 index,s p 500 index,19234,19247,negative,decreas*,"[[19248, 19257]]"," both investment- and speculative-grade corporate bonds widened modestly relative to Treasury securities. The s p 500 index decreased about 1 percent, on net, over the intermeeting period. Option-implied volatility for the s p 500 index over the next month increased modera"
2014-10-29,2014-10-29_0004,s p 500 index,s p 500 index,19347,19360,unclassified,,[]," 500 index decreased about 1 percent, on net, over the intermeeting period. Option-implied volatility for the s p 500 index over the next month increased moderately, on balance, ending the period below its long-run historical average, though during the mid-October volatili"
2014-10-29,2014-10-29_0005,s p 500 index,s p 500 index,19601,19614,unclassified,,[],"id-October volatility spike, it briefly touched high levels last seen in 2011. About half of the firms in the s p 500 index reported earnings for the third quarter, with the reports generally viewed as positive. Overall, third-quarter earnings estimates continued to imply "
2014-10-29,2014-10-29_0006,equity index*,equity indexes,22228,22242,negative,down,"[[22248, 22252]]","arkets became more concerned, on balance, about prospects for global economic growth. On net over the period, equity indexes were down in most advanced and emerging market economies, and measures of implied volatility rose. Benchmark sovereign yields fell sharply, with Germ"
2014-10-29,2014-10-29_0007,asset price*,asset prices,23768,23780,negative,declin*,"[[23756, 23764]]","ancial markets highlighted the potential for shocks to trigger increases in market volatility and declines in asset prices that could undermine financial stability. Nevertheless, the US financial system appeared resilient to shocks of the magnitude seen recently due to th"
2014-10-29,2014-10-29_0008,asset valu*,asset valuation,24202,24217,negative,pressure*,"[[24218, 24227]]","ed use of short-term wholesale funding across the financial sector. However, the staff report also pointed to asset valuation pressures that were broadening, as well as a loosening of underwriting standards in the speculative corporate debt and CRE markets; it noted the need"
2014-10-29,2014-10-29_0009,equity price*,equity prices,24840,24853,negative,declin*,"[[24829, 24836]]","ise in the foreign exchange value of the dollar, a deterioration in global growth prospects, and a decline in equity prices, the staff revised down its projection for real GDP growth a little over the medium term. Even with the slower expansion of economic activity in this"
2014-12-17,2014-12-17_0000,household* net worth,households' net worth,11692,11713,unclassified,,[],"further solid PCE growth. Real disposable income rose further in October, energy prices continued to decline, households' net worth likely increased as home values advanced, and consumer sentiment in early December from the Thomson Reuters/University of Michigan Surveys of Consume"
2014-12-17,2014-12-17_0001,asset market*,asset markets,16075,16088,unclassified,,[],"s abroad. The sharp decline in oil prices weighed on inflation compensation and left a mixed imprint on other asset markets. On net, yields on longer-term Treasury securities fell, corporate bond spreads widened, equity prices were little changed, and the foreign exchange "
2014-12-17,2014-12-17_0002,equity price*,equity prices,16178,16191,unclassified,,[]," other asset markets. On net, yields on longer-term Treasury securities fell, corporate bond spreads widened, equity prices were little changed, and the foreign exchange value of the dollar appreciated. Economic data releases reinforced the views of market participants tha"
2014-12-17,2014-12-17_0003,equity price index*,equity price indexes,17386,17406,unclassified,,[]," reflecting, in part, the decline in oil prices and increased concerns about global economic growth. Broad US equity price indexes were about unchanged over the intermeeting period. Option-implied volatility for one-month returns on the s p 500 index--the VIX--rose sharply late i"
2014-12-17,2014-12-17_0004,s p 500 index,s p 500 index,17513,17526,unclassified,,[],xes were about unchanged over the intermeeting period. Option-implied volatility for one-month returns on the s p 500 index--the VIX--rose sharply late in the period to levels close to those in mid-October. Investment- and speculative-grade corporate bond spreads widened o
2014-12-17,2014-12-17_0005,stock price*,stock prices,20036,20048,unclassified,,[],"ds fell to new record lows, spreads of most euro-area peripheral bonds over those yields narrowed. Changes in stock prices abroad were mixed, on net, over the intermeeting period: There were large increases in Japan and China along with large decreases in oil-exporting co"
2014-12-17,2014-12-17_0006,equity price*,equity prices,21228,21241,unclassified,,[],"DP growth was revised up a little on net. The projected path for oil prices was lower, and the trajectory for equity prices was a bit higher. And although the projected path of the dollar was revised up, the staff revised down its estimate of how much the appreciation of t"
2014-12-17,2014-12-17_0007,asset price*,asset prices,31947,31959,unclassified,,[],"n compensation. In their discussion of financial market developments, participants observed that movements in asset prices over the intermeeting period appeared to have been importantly influenced by concerns about prospects for foreign economic growth and by associated e"
2015-01-28,2015-01-28_0000,household* net worth,Households' net worth,50188,50209,unclassified,,[],"r; since then, continued declines in energy prices likely raised the purchasing power of households' incomes. Households' net worth likely increased as home values and equity prices advanced, and consumer sentiment, as measured by the Thomson Reuters/University of Michigan Surveys"
2015-01-28,2015-01-28_0001,equity price*,equity prices,50246,50259,positive,advanc*,"[[50260, 50268]]","raised the purchasing power of households' incomes. Households' net worth likely increased as home values and equity prices advanced, and consumer sentiment, as measured by the Thomson Reuters/University of Michigan Surveys of Consumers, moved up in early January to its hi"
2015-01-28,2015-01-28_0002,equity market*,equity markets,56488,56502,unclassified,,[],"evel in a decade. Yields on 5- and 10-year TIPS moved lower over the period. Over the intermeeting period, US equity markets were volatile. Option-implied volatility for the s p 500 index declined, on balance, but remained in the upper half of the range seen over the past y"
2015-01-28,2015-01-28_0003,s p 500 index,s p 500 index,56552,56565,negative,declin*,"[[56566, 56574]]"," the period. Over the intermeeting period, US equity markets were volatile. Option-implied volatility for the s p 500 index declined, on balance, but remained in the upper half of the range seen over the past year. Broad US equity price indexes moved higher, while stock pr"
2015-01-28,2015-01-28_0004,equity price index*,equity price indexes,56666,56686,positive,mov* high*,"[[56687, 56699]]","500 index declined, on balance, but remained in the upper half of the range seen over the past year. Broad US equity price indexes moved higher, while stock prices for large domestic banking organizations moved lower on net. Corporate bond spreads were also volatile over the inte"
2015-01-28,2015-01-28_0005,stock price*,stock prices,56707,56719,unclassified,,[],"ned in the upper half of the range seen over the past year. Broad US equity price indexes moved higher, while stock prices for large domestic banking organizations moved lower on net. Corporate bond spreads were also volatile over the intermeeting period but were little c"
2015-01-28,2015-01-28_0006,equity market*,equity markets,60068,60082,unclassified,,[],". yields responding to a shift in expectations toward a later start of Bank of England policy firming. Global equity markets were broadly higher, rebounding from declines in mid-December. Several central banks announced monetary policy actions during the period. The ECB ann"
2015-01-28,2015-01-28_0007,asset market*,asset markets,61566,61579,negative,pressure*,"[[61548, 61557]]","bility of the financial system to adverse shocks. However, the staff report noted valuation pressures in some asset markets. Such pressures were most notable in corporate debt markets, despite some easing in recent months. In addition, valuation pressures appear to be buil"
2015-03-18,2015-03-18_0000,household* net worth,households' net worth,17896,17917,unclassified,,[],"continued to be supported by low energy prices, and real disposable income rose briskly in January. Moreover, households' net worth likely increased as equity prices and home values advanced further, and consumer sentiment in the University of Michigan Surveys of Consumers was sti"
2015-03-18,2015-03-18_0001,equity price*,equity prices,17938,17951,unclassified,,[],"ices, and real disposable income rose briskly in January. Moreover, households' net worth likely increased as equity prices and home values advanced further, and consumer sentiment in the University of Michigan Surveys of Consumers was still near its highest level since pr"
2015-03-18,2015-03-18_0002,asset price*,asset prices,21903,21915,unclassified,,[],and emerging market economies cut policy interest rates. Staff Review of the Financial Situation Movements in asset prices over the intermeeting period largely seemed to reflect receding concerns about downside risks to the global economic outlook. Two strong US employmen
2015-03-18,2015-03-18_0003,equity price*,Equity prices,22351,22364,positive,high*,"[[22370, 22376]]","ouraging economic news from Europe all appeared to contribute to the improved sentiment in financial markets. Equity prices were higher, on net, although they declined later in the period. Federal Reserve communications over the intermeeting period, including the minutes o"
2015-03-18,2015-03-18_0004,equity price index*,equity price indexes,23784,23804,positive,mov* up,"[[23805, 23813]]","d amid rising oil prices but ended the period little changed, on net, after oil prices dropped back. Broad US equity price indexes moved up, on balance, over the intermeeting period, and one-month option-implied volatility on the s p 500 index moved down on net. Spreads of 10-yea"
2015-03-18,2015-03-18_0005,s p 500 index,s p 500 index,23904,23917,negative,mov* down,"[[23918, 23928]]","ce indexes moved up, on balance, over the intermeeting period, and one-month option-implied volatility on the s p 500 index moved down on net. Spreads of 10-year corporate bond yields over those on comparable-maturity Treasury securities for both BBB-rated and speculative-"
2015-03-18,2015-03-18_0006,equity price*,Equity prices,27747,27760,positive,rose,"[[27761, 27765]]","epo) rate was reduced in February to below zero for the first time, and a further cut was announced in March. Equity prices rose in most of the advanced foreign economies, with euro-area stocks rallying both before and after the early March commencement of sovereign bond p"
2015-03-18,2015-03-18_0007,stock market*,Stock market,27946,27958,unclassified,,[],"ing both before and after the early March commencement of sovereign bond purchases by the ECB under its PSPP. Stock market performance in the emerging market economies was more varied, with net losses in some and net gains in others. Yields on German government securities"
2015-04-29,2015-04-29_0000,equity price*,equity prices,11258,11271,unclassified,,[]," quarter, buoyed in part by earlier declines in energy prices. In addition, further gains in house values and equity prices likely raised households' net worth, and the index of consumer sentiment in the University of Michigan Surveys of Consumers remained near its highest"
2015-04-29,2015-04-29_0001,household* net worth,households' net worth,11286,11307,positive,rais*,"[[11279, 11285]]","earlier declines in energy prices. In addition, further gains in house values and equity prices likely raised households' net worth, and the index of consumer sentiment in the University of Michigan Surveys of Consumers remained near its highest level since prior to the most recen"
2015-04-29,2015-04-29_0002,equity price*,equity prices,15606,15619,positive,increas*,"[[15620, 15629]]","e March employment report, also pushed interest rates lower. On net, measures of inflation compensation rose, equity prices increased somewhat, and the foreign exchange value of the dollar declined. The expected path of the federal funds rate moved down following the March"
2015-04-29,2015-04-29_0003,equity price index*,equity price indexes,17229,17249,positive,rose,"[[17250, 17254]]","years ahead also increased but remained at the lower end of its range over the past few years. On balance, US equity price indexes rose somewhat and option-implied volatility for the s p 500 index over the next month declined. Energy firms' stock prices retraced a small portion o"
2015-04-29,2015-04-29_0004,s p 500 index,s p 500 index,17302,17315,unclassified,,[],"r the past few years. On balance, US equity price indexes rose somewhat and option-implied volatility for the s p 500 index over the next month declined. Energy firms' stock prices retraced a small portion of their substantial drop since mid-2014. Spreads of yields on 10-y"
2015-04-29,2015-04-29_0005,stock price*,stock prices,17360,17372,unclassified,,[],rose somewhat and option-implied volatility for the s p 500 index over the next month declined. Energy firms' stock prices retraced a small portion of their substantial drop since mid-2014. Spreads of yields on 10-year speculative-grade corporate bonds over those on compa
2015-04-29,2015-04-29_0006,s p 500 index,s p 500 index,17700,17713,unclassified,,[],"rther decrease in spreads on speculative-grade bonds issued by energy firms. About 40 percent of firms in the s p 500 index had reported earnings for the first quarter, with those reports generally viewed as better than anticipated. Nonetheless, first-quarter earnings per "
2015-04-29,2015-04-29_0007,equity price*,Equity prices,20240,20253,unclassified,,[]," creditors continued. Spillovers from Greek markets into other peripheral financial markets remained limited. Equity prices in most advanced foreign economies moved higher, buoyed in part by ongoing monetary policy accommodation. Equity prices also rose in most emerging ma"
2015-04-29,2015-04-29_0008,equity price*,Equity prices,20360,20373,unclassified,,[],"ces in most advanced foreign economies moved higher, buoyed in part by ongoing monetary policy accommodation. Equity prices also rose in most emerging market economies, with the stock market in China outperforming. The staff provided its latest report on potential risks to"
2015-04-29,2015-04-29_0009,stock market*,stock market,20428,20440,unclassified,,[],"by ongoing monetary policy accommodation. Equity prices also rose in most emerging market economies, with the stock market in China outperforming. The staff provided its latest report on potential risks to financial stability. A number of factors appeared to limit the vul"
2015-04-29,2015-04-29_0010,equities,equities,20969,20977,negative,mov* down,"[[20978, 20988]]","ggested that valuations remained stretched for some asset classes. An estimate of the expected real return on equities moved down, reflecting an increase in stock prices and downward revisions to forecasts of corporate earnings, and corporate bond spreads declined som"
2015-04-29,2015-04-29_0011,stock price*,stock prices,21016,21028,positive,increas*,"[[21004, 21012]]","some asset classes. An estimate of the expected real return on equities moved down, reflecting an increase in stock prices and downward revisions to forecasts of corporate earnings, and corporate bond spreads declined somewhat. The staff also noted changes in the structur"
2015-06-17,2015-06-17_0000,household* net worth,households' net worth,10374,10395,positive,gain*,"[[10365, 10370]]","April. Among the factors that influence household spending, real disposable income rose in April and gains in households' net worth were supported by further advances in home values. Moreover, consumer sentiment in the University of Michigan Surveys of Consumers in early June rema"
2015-06-17,2015-06-17_0001,equity price index*,equity price indexes,17184,17204,negative,mov* down,"[[17205, 17215]]","at might occur, was similar to that reported in the April survey. Over the intermeeting period, most broad US equity price indexes moved down a bit, on net, amid mixed macroeconomic news and little information on earnings. Option-implied volatility on the s p 500 index over the n"
2015-06-17,2015-06-17_0002,s p 500 index,s p 500 index,17330,17343,unclassified,,[],"t, on net, amid mixed macroeconomic news and little information on earnings. Option-implied volatility on the s p 500 index over the next month increased, on balance, but remained near the lower end of its historical range. Spreads on 10-year triple-B-rated corporate bonds"
2015-06-17,2015-06-17_0003,equity price*,equity prices,19687,19700,negative,declin*,"[[19701, 19709]]","yields was to be expected. Against this backdrop and with a step-up in concerns about developments in Greece, equity prices declined in most countries. Stock prices in Japan and especially in China were the main exceptions. The foreign exchange value of the dollar increase"
2015-06-17,2015-06-17_0004,stock price*,Stock prices,19729,19741,unclassified,,[],"ckdrop and with a step-up in concerns about developments in Greece, equity prices declined in most countries. Stock prices in Japan and especially in China were the main exceptions. The foreign exchange value of the dollar increased a bit, on balance, during the intermeet"
2015-07-29,2015-07-29_0000,household* net worth,households' net worth,13720,13741,positive,gain*,"[[13711, 13716]]"," robust. Among the factors that influence household spending, real disposable income rose in May and gains in households' net worth were supported by further advances in home values. Moreover, consumer sentiment in the University of Michigan Surveys of Consumers in early July rema"
2015-07-29,2015-07-29_0001,equity price*,equity prices,18532,18545,unclassified,,[],"es of inflation compensation over the next 5 years based on Treasury Inflation-Protected Securities declined, equity prices were little changed, and the foreign exchange value of the dollar rose modestly. The expected path of the federal funds rate moved down following the"
2015-07-29,2015-07-29_0002,equity price index*,equity price indexes,19970,19990,unclassified,,[]," in oil prices,whereas inflation compensation 5 to 10 years ahead was relatively stable. On balance, broad US equity price indexes were little changed over the intermeeting period. Option-implied volatility on the s p 500 index over the next month increased for a time in response"
2015-07-29,2015-07-29_0003,s p 500 index,s p 500 index,20074,20087,unclassified,,[],ad US equity price indexes were little changed over the intermeeting period. Option-implied volatility on the s p 500 index over the next month increased for a time in response to foreign developments before falling back to the lower end of its range over recent years. Bas
2015-07-29,2015-07-29_0004,s p 500 index,s p 500 index,20289,20302,unclassified,,[]," back to the lower end of its range over recent years. Based on reports from about 40 percent of firms in the s p 500 index, earnings per share in the second quarter were about unchanged or slightly higher than their first-quarter levels. Spreads on 10-year triple-B-rated "
2015-07-29,2015-07-29_0005,stock price*,stock prices,22666,22678,negative,fell,"[[22679, 22683]]","ads narrowed, on net, over the intermeeting period as news emerged of progress toward an agreement. In China, stock prices fell substantially, prompting a number of policy and regulatory actions by Chinese officials to support the stock market. While these developments at"
2015-07-29,2015-07-29_0006,stock market*,stock market,22787,22799,unclassified,,[],"s fell substantially, prompting a number of policy and regulatory actions by Chinese officials to support the stock market. While these developments attracted investor attention, reaction in asset markets outside Greece and China was limited on balance. Sovereign bond yie"
2015-07-29,2015-07-29_0007,asset market*,asset markets,22868,22881,unclassified,,[],"ese officials to support the stock market. While these developments attracted investor attention, reaction in asset markets outside Greece and China was limited on balance. Sovereign bond yields and monetary policy expectations in the United Kingdom changed little, on net,"
2015-07-29,2015-07-29_0008,stock market*,Stock markets,23378,23391,unclassified,,[],"f the US dollar increased during the intermeeting period against the currencies of major US trading partners. Stock markets in most advanced foreign economies ended the period higher. Equity prices in emerging market economies, however, generally moved lower on net. The st"
2015-07-29,2015-07-29_0009,equity price*,Equity prices,23452,23465,unclassified,,[],"ncies of major US trading partners. Stock markets in most advanced foreign economies ended the period higher. Equity prices in emerging market economies, however, generally moved lower on net. The staff provided its latest report on potential risks to financial stability. "
2015-07-29,2015-07-29_0010,household* net worth,household net worth,28854,28873,positive,high*,"[[28849, 28853]]","ected consumer spending to rise moderately over the near term. Continued gains in employment and income, high household net worth, and low gasoline prices were viewed as factors that should support consumer spending in coming months. Consumer credit conditions were also seen as "
2015-07-29,2015-07-29_0011,stock market*,stock market,32234,32246,negative,declin*,"[[32247, 32254]]","lenges and that Greek economic progress was likely to be limited over the near term. While the recent Chinese stock market decline seemed to have had limited implications to date for the growth outlook in China, several participants noted that a material slowdown in Chine"
2015-09-17,2015-09-17_0000,wealth to income ratio,wealth-to-income ratio,9763,9785,unclassified,,[],p in both months. Household spending was supported by moderate growth in real disposable income in July and a wealth-to-income ratio that remained high even after recent declines in equity values. Consumer sentiment in the University of Michigan Surveys of Consumers decreased in ea
2015-09-17,2015-09-17_0001,equity valu*,equity values,9835,9848,negative,declin*,"[[9823, 9831]]"," real disposable income in July and a wealth-to-income ratio that remained high even after recent declines in equity values. Consumer sentiment in the University of Michigan Surveys of Consumers decreased in early September, reportedly in part because of the recent decline"
2015-09-17,2015-09-17_0002,stock market price*,stock market prices,10002,10021,negative,declin*,"[[9991, 9998]]","chigan Surveys of Consumers decreased in early September, reportedly in part because of the recent decline in stock market prices, but it remained above its year-earlier level. Activity in the housing sector remained on a gradual upward trend. Starts of new single-family homes r"
2015-09-17,2015-09-17_0003,stock market index*,Stock market indexes,14664,14684,unclassified,,[],increase in financial market volatility and a deterioration in risk sentiment during the intermeeting period. Stock market indexes in most advanced and emerging market economies ended the period sharply lower. Tighter financial market conditions and greater volatility contributed
2015-09-17,2015-09-17_0004,equity market*,equity markets,16320,16334,unclassified,,[],"ected path of the federal funds rate, on balance, over the intermeeting period. Despite the decline in global equity markets and the downward shift in the expected path of the federal funds rate, yields on nominal Treasury securities moved up modestly, with some market part"
2015-09-17,2015-09-17_0005,equity price index*,equity price indexes,16814,16834,positive,high*,"[[16840, 16846]]",on compensation based on Treasury Inflation-Protected Securities fell to near their historical lows. Broad US equity price indexes were highly correlated with foreign equity indexes over the intermeeting period and posted net declines. Although concerns about global economic grow
2015-09-17,2015-09-17_0006,equity index*,equity indexes,16871,16885,unclassified,,[],urities fell to near their historical lows. Broad US equity price indexes were highly correlated with foreign equity indexes over the intermeeting period and posted net declines. Although concerns about global economic growth likely contributed to the declines in domestic e
2015-09-17,2015-09-17_0007,equity price*,equity prices,17034,17047,unclassified,,[],"d net declines. Although concerns about global economic growth likely contributed to the declines in domestic equity prices, investors may also have reassessed valuations and risk in equity markets. Domestic equity indexes were quite volatile in late August and early Septe"
2015-09-17,2015-09-17_0008,equity market*,equity markets,17107,17121,unclassified,,[],"tributed to the declines in domestic equity prices, investors may also have reassessed valuations and risk in equity markets. Domestic equity indexes were quite volatile in late August and early September, and one-month-ahead option-implied volatility on the s p 500 index r"
2015-09-17,2015-09-17_0009,equity index*,equity indexes,17132,17146,unclassified,,[],"in domestic equity prices, investors may also have reassessed valuations and risk in equity markets. Domestic equity indexes were quite volatile in late August and early September, and one-month-ahead option-implied volatility on the s p 500 index reached levels last seen i"
2015-09-17,2015-09-17_0010,s p 500 index,s p 500 index,17256,17269,unclassified,,[]," were quite volatile in late August and early September, and one-month-ahead option-implied volatility on the s p 500 index reached levels last seen in 2011. Spreads on 10-year triple-B-rated and speculative-grade corporate bonds over comparable-maturity Treasury securitie"
2015-09-17,2015-09-17_0011,equity price*,equity prices,20427,20440,negative,declin*,"[[20441, 20449]]"," July FOMC meeting. Recent information on real US economic activity was generally stronger than expected, but equity prices declined, the foreign exchange value of the dollar appreciated further, and indicators of foreign economic growth were generally weak. The staff left"
2015-09-17,2015-09-17_0012,equity price*,equity prices,32437,32450,negative,fell,"[[32451, 32455]]","mmodities, which were likely to hold down US consumer price inflation in the near term. In the United States, equity prices fell, on balance, amid significant volatility, and risk spreads for businesses widened. Many participants judged that the effects of these developmen"
2015-09-17,2015-09-17_0013,equity price*,equity prices,33015,33028,negative,declin*,"[[33004, 33011]]"," period could augment the restraint on US net exports. Some participants commented that the recent decline in equity prices needed to be viewed in the context of overall valuation levels, which they saw as relatively high, and a couple noted that volatility had begun to su"
2015-09-17,2015-09-17_0014,asset price*,asset prices,33313,33325,unclassified,,[],"ssion of economic conditions and monetary policy, participants indicated that they did not see the changes in asset prices during the intermeeting period as bearing significantly on their policy choice except insofar as they affected the outlook for achieving the Committe"
2015-10-28,2015-10-28_0000,household* net worth,Households' net worth,12857,12878,unclassified,,[],"tor vehicles rose to a new high for the year. Real disposable income grew at a solid pace in July and August. Households' net worth was boosted by recent gains in home values and the net increase in equity prices over the intermeeting period. Moreover, consumer sentiment in the Un"
2015-10-28,2015-10-28_0001,equity price*,equity prices,12946,12959,positive,increas*,"[[12934, 12942]]"," in July and August. Households' net worth was boosted by recent gains in home values and the net increase in equity prices over the intermeeting period. Moreover, consumer sentiment in the University of Michigan Surveys of Consumers improved in early October. Activity in "
2015-10-28,2015-10-28_0002,equity price index*,equity price indexes,18852,18872,negative,fell,"[[18873, 18877]]",inflation compensation based on Treasury Inflation-Protected Securities moved slightly lower on net. Broad US equity price indexes fell in the first few weeks after the September FOMC meeting but subsequently more than retraced those declines. Spreads of yields on triple-B-rated 
2015-10-28,2015-10-28_0003,equity price*,equity prices,22026,22039,unclassified,,[],"ayed robust. Continued concerns about the outlook for global economic growth weighed on commodity and foreign equity prices early in the intermeeting period. These declines subsequently were reversed, and foreign equity price indexes ended the period higher, pushed up by e"
2015-10-28,2015-10-28_0004,equity price index*,equity price indexes,22129,22149,unclassified,,[],"oreign equity prices early in the intermeeting period. These declines subsequently were reversed, and foreign equity price indexes ended the period higher, pushed up by expectations of additional monetary policy accommodation in major foreign economies and some favorable economic"
2015-10-28,2015-10-28_0005,price* of risk* asset*,prices of some risky assets,23270,23297,negative,declin*,"[[23254, 23262]]","and potential implications for advanced economies. This volatility was accompanied by sizable declines in the prices of some risky assets, and an increase in risk aversion eased valuation pressures in the corporate bond market. Issuance of speculative-grade corporate bonds and leveraged"
2015-10-28,2015-10-28_0006,equity price*,equity prices,34123,34136,unclassified,,[],"lity. They noted that volatility in global financial markets had abated since the previous FOMC meeting, with equity prices in the United States largely retracing the declines experienced late in the summer. The US financial system appeared to have weathered the turbulence"
2015-12-16,2015-12-16_0000,household* net worth,households' net worth,8427,8448,positive,bolster*,"[[8453, 8462]]","gh. Household spending was supported by strong growth in real disposable income in September and October, and households' net worth was bolstered by recent gains in home values. In addition, consumer sentiment in the University of Michigan Surveys of Consumers improved a little in"
2015-12-16,2015-12-16_0001,equity price*,equity prices,14103,14116,negative,declin*,"[[14117, 14125]]"," oil prices and the credit quality of high-yield bonds evidently increased. In reaction, broad measures of US equity prices declined, with a steep selloff in energy-sector stocks, and the one-month-ahead option-implied volatility on the s p 500 index, the VIX, climbed. In "
2015-12-16,2015-12-16_0002,s p 500 index,s p 500 index,14230,14243,unclassified,,[],"lined, with a steep selloff in energy-sector stocks, and the one-month-ahead option-implied volatility on the s p 500 index, the VIX, climbed. In addition, strains in the high-yield bond market increased notably after a mutual fund that specialized in very low-rated and un"
2015-12-16,2015-12-16_0003,equity index*,Equity indexes,17791,17805,negative,declin*,"[[17806, 17814]]","abroad, and substantial declines in commodity prices. The broad nominal index of the dollar rose appreciably. Equity indexes declined in many advanced and emerging market economies amid concerns about corporate earnings and falling oil and metals prices. Short-term sovereig"
2016-01-27,2016-01-27_0000,household* net worth,Households' net worth,45297,45318,unclassified,,[],"nsumer spending were generally favorable. Growth in real disposable income continued to be solid in November. Households' net worth was supported by further strong gains in home values through November, although equity prices declined in recent months. Also, consumer sentiment in "
2016-01-27,2016-01-27_0001,equity price*,equity prices,45399,45412,negative,declin*,"[[45413, 45421]]","vember. Households' net worth was supported by further strong gains in home values through November, although equity prices declined in recent months. Also, consumer sentiment in the University of Michigan Surveys of Consumers remained at an elevated level in early January"
2016-01-27,2016-01-27_0002,equity price*,equity prices,50036,50049,negative,declin*,"[[50025, 50032]]","lback from risky assets. The increased reluctance to hold risky assets was associated with a sharp decline in equity prices and a notable widening in risk spreads on corporate bonds. Treasury yields declined across maturities, reflecting a downward revision in the expected"
2016-01-27,2016-01-27_0003,equity price index*,equity price indexes,51630,51650,negative,declin*,"[[51651, 51659]]","tion compensation based on Treasury Inflation-Protected Securities and inflation swaps fell further. Broad US equity price indexes declined sharply over the intermeeting period, exhibiting a high correlation with movements in crude oil prices and foreign equity indexes. Domestic "
2016-01-27,2016-01-27_0004,equity index*,equity indexes,51775,51789,unclassified,,[],"ly over the intermeeting period, exhibiting a high correlation with movements in crude oil prices and foreign equity indexes. Domestic equity indexes were quite volatile in January, and one-month-ahead option-implied volatility on the s p 500 index climbed to the upper end "
2016-01-27,2016-01-27_0005,equity index*,equity indexes,51800,51814,unclassified,,[],"period, exhibiting a high correlation with movements in crude oil prices and foreign equity indexes. Domestic equity indexes were quite volatile in January, and one-month-ahead option-implied volatility on the s p 500 index climbed to the upper end of its range of the past "
2016-01-27,2016-01-27_0006,s p 500 index,s p 500 index,51900,51913,unclassified,,[]," Domestic equity indexes were quite volatile in January, and one-month-ahead option-implied volatility on the s p 500 index climbed to the upper end of its range of the past few years. Spreads on corporate bonds over comparable-maturity Treasury securities widened over the"
2016-01-27,2016-01-27_0007,equity price*,Equity prices,54787,54800,unclassified,,[],"kets and the further decrease in crude oil prices appeared to increase concerns about global economic growth. Equity prices in emerging market economies (EMEs) and in advanced foreign economies (AFEs) fell sharply, and 10-year sovereign yields in the AFEs decreased substan"
2016-01-27,2016-01-27_0008,equity price*,equity prices,56622,56635,unclassified,,[],"ance, than the previous forecast. The staff estimated that the negative effects of a lower projected path for equity prices and a higher assumed trajectory for the foreign exchange value of the dollar would be mostly offset by the positive effects of a lower path for crude"
2016-01-27,2016-01-27_0009,equity valu*,equity values,63517,63530,unclassified,,[]," of 2015 might suggest an elevated degree of caution about the economic outlook or that the recent retreat in equity values, if sustained, might damp spending. Nonetheless, a couple of others pointed out that information from surveys of consumer sentiment suggested that ho"
2016-01-27,2016-01-27_0010,equity price*,equity prices,70763,70776,negative,declin*,"[[70751, 70759]]"," events as indicative of tighter financial conditions in the United States; these events included declines in equity prices, a widening in credit spreads, a further rise in the exchange value of the dollar, and an increase in financial market volatility. Some participants "
2016-01-27,2016-01-27_0011,equity price*,equity prices,71930,71943,negative,declin*,"[[71919, 71926]]","ming information on US economic developments. A couple of participants pointed out that the recent decline in equity prices could be viewed as bringing equity valuations more in line with historical norms. Additionally, a few participants cautioned that valuations in CRE m"
2016-01-27,2016-01-27_0012,equity valu*,equity valuations,71972,71989,unclassified,,[],"ts. A couple of participants pointed out that the recent decline in equity prices could be viewed as bringing equity valuations more in line with historical norms. Additionally, a few participants cautioned that valuations in CRE markets should be closely monitored. The effect"
2016-03-16,2016-03-16_0000,household* net worth,Households' net worth,9698,9719,unclassified,,[], real PCE over the first half of the year. Gains in real disposable income picked up in December and January. Households' net worth was supported both by a rebound in equity prices following declines earlier in the year and by further increases in home values through January. Also
2016-03-16,2016-03-16_0001,equity price*,equity prices,9755,9768,positive,rebound*,"[[9744, 9751]]","disposable income picked up in December and January. Households' net worth was supported both by a rebound in equity prices following declines earlier in the year and by further increases in home values through January. Also, consumer sentiment in the University of Michiga"
2016-03-16,2016-03-16_0002,stock price*,Stock prices,14934,14946,positive,rose,"[[14947, 14951]]"," mid-February, and domestic financial conditions generally eased, on balance, since the January FOMC meeting: Stock prices rose, equity price volatility declined, and credit spreads on corporate bonds narrowed. The dollar depreciated against most foreign currencies, and l"
2016-03-16,2016-03-16_0003,equity price*,equity price,14953,14965,unclassified,,[],"domestic financial conditions generally eased, on balance, since the January FOMC meeting: Stock prices rose, equity price volatility declined, and credit spreads on corporate bonds narrowed. The dollar depreciated against most foreign currencies, and long-term sovereign "
2016-03-16,2016-03-16_0004,equity market index*,equity market indexes,16369,16390,positive,increas*,"[[16391, 16400]]","FOMC's target range for the federal funds rate this year, one fewer than they had projected in January. Broad equity market indexes increased, on balance, over the intermeeting period and continued to exhibit a high correlation with crude oil prices. Reflecting the improvement in "
2016-03-16,2016-03-16_0005,equity price*,equity prices,18883,18896,unclassified,,[],"eriod, foreign financial conditions improved on net. After deteriorating further early in the period, foreign equity prices bounced back and credit spreads on emerging market bonds narrowed, in both cases returning to December levels in most countries. Since the January FO"
2016-03-16,2016-03-16_0006,equity price index*,equity price indexes,20230,20250,unclassified,,[]," over Treasury securities little changed over the period between mid-December and mid-March. Similarly, broad equity price indexes ended this interval only a bit lower, and one-month-ahead option-implied volatility on the s p 500 index, the VIX, declined on balance. The broad ind"
2016-03-16,2016-03-16_0007,s p 500 index,s p 500 index,20342,20355,unclassified,,[],"uity price indexes ended this interval only a bit lower, and one-month-ahead option-implied volatility on the s p 500 index, the VIX, declined on balance. The broad index of the foreign exchange value of the dollar was also roughly unchanged, on net, since the December mee"
2016-03-16,2016-03-16_0008,equity price*,equity prices,20998,21011,unclassified,,[],"crease slightly faster than in the previous forecast, largely reflecting a somewhat higher projected path for equity prices and a lower assumed trajectory for the foreign exchange value of the dollar. The staff continued to project that real GDP would expand at a somewhat "
2016-03-16,2016-03-16_0009,equity price*,equity prices,25272,25285,negative,fall*,"[[25286, 25293]]","c outlook appeared to trigger a sharp reduction in their risk-taking. Financial conditions deteriorated, with equity prices falling and credit spreads on riskier corporate bonds widening. Subsequently, investor sentiment rebounded, and domestic and global financial conditi"
2016-03-16,2016-03-16_0010,household wealth,household wealth,27675,27691,unclassified,,[],"r spending to continue to rise moderately. Solid gains in employment and income, the relatively high ratio of household wealth to income, low gasoline prices, and a high level of consumer confidence were seen as factors that should contribute to moderate growth in consumer sp"
2016-03-16,2016-03-16_0011,asset price*,asset price,35152,35163,unclassified,,[]," had become available in recent weeks had been mostly consistent with their expectations. Moreover, the sharp asset price movements that occurred earlier in the year had been reversed to a large extent, but longer-term interest rates and market participants' expectations"
2016-04-27,2016-04-27_0000,household* net worth,Households' net worth,12712,12733,unclassified,,[],"p in real PCE growth in the coming months. Gains in real disposable income continued to be solid in February. Households' net worth was boosted by the rise in equity prices over the intermeeting period and by further strong increases in home values through February. Also, consumer"
2016-04-27,2016-04-27_0001,equity price*,equity prices,12761,12774,positive,rise*,"[[12753, 12757]]","in real disposable income continued to be solid in February. Households' net worth was boosted by the rise in equity prices over the intermeeting period and by further strong increases in home values through February. Also, consumer sentiment as measured by the University "
2016-04-27,2016-04-27_0002,asset price*,asset prices,18044,18056,unclassified,,[],"y and higher oil prices. Domestic economic data releases over the period had, on balance, a limited effect on asset prices. Federal Reserve communications following the March FOMC meeting were interpreted by market participants as more accommodative than expected. In part"
2016-04-27,2016-04-27_0003,equity price index*,equity price indexes,19641,19661,positive,mov* up,"[[19662, 19670]]","e situation facing Puerto Rico and its creditors deteriorated further. Over the intermeeting period, broad US equity price indexes moved up, on net, likely because of investors' views that monetary policy would be more accommodative than previously expected along with an improvem"
2016-04-27,2016-04-27_0004,stock price*,Stock prices,19834,19846,positive,increas*,"[[19847, 19856]]","tary policy would be more accommodative than previously expected along with an improvement in risk sentiment. Stock prices increased broadly across industries, including the energy sector. One-month-ahead implied volatility on the s p 500 index--the VIX--moved down and en"
2016-04-27,2016-04-27_0005,s p 500 index,s p 500 index,19955,19968,unclassified,,[],"s increased broadly across industries, including the energy sector. One-month-ahead implied volatility on the s p 500 index--the VIX--moved down and ended the period below its historical median. Spreads on 10-year corporate bond yields over yields on comparable-maturity Tr"
2016-04-27,2016-04-27_0006,s p 500 index,s p 500 index,20422,20435,unclassified,,[],"rnings deteriorated somewhat over the period. In light of available earnings reports of some companies in the s p 500 index along with equity analysts' forecasts for companies that had not yet issued reports, corporate earnings in the first quarter appeared to have decreas"
2016-04-27,2016-04-27_0007,stock price*,stock prices,24421,24433,positive,rose,"[[24434, 24438]]","t was also likely boosted by the release of generally favorable foreign economic data. Against this backdrop, stock prices rose in most countries, with the equity indexes of the EMEs outperforming those of the AFEs. Changes in longer-term yields in the AFEs were mixed: Te"
2016-04-27,2016-04-27_0008,equity index*,equity indexes,24467,24481,unclassified,,[],"nerally favorable foreign economic data. Against this backdrop, stock prices rose in most countries, with the equity indexes of the EMEs outperforming those of the AFEs. Changes in longer-term yields in the AFEs were mixed: Ten-year sovereign yields decreased slightly in Ge"
2016-04-27,2016-04-27_0009,price* of risk* asset*,prices of risky assets,25381,25403,negative,fell,"[[25404, 25408]]","ient, as did the absence of a significant increase in funding stresses or margin calls earlier this year when prices of risky assets fell and volatility rose sharply. Since then, prices of risky assets rebounded notably, and valuation pressures rose somewhat. Term premiums remained"
2016-04-27,2016-04-27_0010,price* of risk* asset*,prices of risky assets,25450,25472,positive,rebound*,"[[25473, 25482]]","s or margin calls earlier this year when prices of risky assets fell and volatility rose sharply. Since then, prices of risky assets rebounded notably, and valuation pressures rose somewhat. Term premiums remained very low, and CRE valuations were elevated. In addition, corporate d"
2016-04-27,2016-04-27_0011,equity price*,equity prices,26189,26202,unclassified,,[]," slightly faster than in the previous forecast, largely reflecting a somewhat higher projected trajectory for equity prices and lower assumed paths for both longer-term interest rates and the foreign exchange value of the dollar. The staff continued to project that real GD"
2016-04-27,2016-04-27_0012,level* of household wealth,level of household wealth,30498,30523,positive,high*,"[[30493, 30497]]","he recent data on spending and production. Notably, solid job gains and real income growth, along with a high level of household wealth and relatively upbeat consumer sentiment, were expected to support a pickup in consumer spending after its slowdown in the first quarter. In addition"
2016-04-27,2016-04-27_0013,level* of household wealth,level of household wealth,33089,33114,unclassified,,[],"going strong gains in employment and low energy prices were boosting aggregate household real income, and the level of household wealth was relatively high. It was noted that the slowdown in consumer spending early this year was primarily due to weaker expenditures for goods while out"
2016-04-27,2016-04-27_0014,equity index*,equity indexes,41460,41474,positive,rise*,"[[41452, 41456]]",". US and global financial conditions improved significantly over the intermeeting period, marked by a rise in equity indexes, more positive risk sentiment, and a decline in financial market volatility. During their discussion of these developments, participants cited severa"
2016-04-27,2016-04-27_0015,equity price*,Equity prices,44170,44183,positive,rose,"[[44184, 44188]]","aggregate demand and suggesting that market participants saw some reduction in downside risks to the outlook: Equity prices rose further, credit spreads declined somewhat, and the dollar depreciated over the intermeeting period. Taking these developments into account, part"
2016-06-15,2016-06-15_0000,household* net worth,households' net worth,10541,10562,unclassified,,[],"nce consumer spending. Gains in real disposable personal income continued to be solid in March and April, and households' net worth was boosted by further strong increases in home values through April. Also, consumer sentiment as measured by the University of Michigan Surveys of C"
2016-06-15,2016-06-15_0001,equity price index*,Equity price indexes,15041,15061,unclassified,,[],"Financial Situation Domestic financial market conditions remained accommodative over the intermeeting period. Equity price indexes and corporate bond spreads were little changed, on net, and, in aggregate, corporations continued to tap credit markets at a solid pace. Credit also "
2016-06-15,2016-06-15_0002,stock price*,stock price,17943,17954,unclassified,,[],"S-based measures might have been driven by elevated demand for longer-term nominal Treasury securities. Broad stock price indexes moved within narrow ranges but were modestly lower, on net, over the intermeeting period. However, one-month-ahead option-implied volatility "
2016-06-15,2016-06-15_0003,s p 500 index,s p 500 index,18111,18124,unclassified,,[],"destly lower, on net, over the intermeeting period. However, one-month-ahead option-implied volatility on the s p 500 index--the VIX--rose notably from fairly low levels and ended the period close to its historical median level. Spreads of 10-year triple-B-rated corporate "
2016-06-15,2016-06-15_0004,equity index*,equity indexes,22167,22181,negative,decreas*,"[[22154, 22163]]"," following polls showing an increase in support for the ""leave"" vote in the upcoming referendum. Decreases in equity indexes in the AFEs, particularly in Europe, also reportedly reflected concerns about the possibility of a successful ""leave"" vote. Most EME equity markets a"
2016-06-15,2016-06-15_0005,equity market*,equity markets,22315,22329,unclassified,,[],"ly in Europe, also reportedly reflected concerns about the possibility of a successful ""leave"" vote. Most EME equity markets also edged lower. Staff Economic Outlook In the US economic forecast prepared by the staff for the June FOMC meeting, real GDP growth was estimated t"
2016-07-27,2016-07-27_0000,equity price*,equity prices,10759,10772,negative,declin*,"[[10773, 10781]]","ty indicated a preference to leave the European Union (EU), yields on US Treasury securities fell sharply, US equity prices declined, and the foreign exchange value of the dollar increased. However, these changes generally reversed in subsequent weeks. On balance, Treasury"
2016-07-27,2016-07-27_0001,equity price*,equity prices,10984,10997,positive,high*,"[[11003, 11009]]","versed in subsequent weeks. On balance, Treasury yields were down only slightly over the intermeeting period, equity prices were higher, and the foreign exchange value of the dollar was little changed. Al­though the expected path of the federal funds rate implied by market"
2016-07-27,2016-07-27_0002,household* net worth,households' net worth,15606,15627,unclassified,,[],"factors that influence consumer spending, including continued gains in real disposable personal income and in households' net worth. Also, consumer sentiment as measured by the University of Michigan Surveys of Consumers remained reasonably upbeat in the second quarter and in earl"
2016-07-27,2016-07-27_0003,equity price index*,Equity price indexes,19842,19862,positive,increas*,"[[19863, 19872]]","of the Financial Situation Domestic financial conditions remained accommodative over the intermeeting period. Equity price indexes increased, on net, despite an initial sharp decline following the Brexit vote, and corporate bond spreads declined on balance. Conditions in business"
2016-07-27,2016-07-27_0004,asset price*,asset prices,20271,20283,unclassified,,[]," net, but fluctuated notably over the intermeeting period. In the days immediately following the Brexit vote, asset prices were volatile, and some financial markets, particularly certain foreign exchange markets, experienced brief periods of strained liquidity. Global sto"
2016-07-27,2016-07-27_0005,stock index*,stock indexes,20430,20443,negative,fell,"[[20444, 20448]]","rkets, particularly certain foreign exchange markets, experienced brief periods of strained liquidity. Global stock indexes fell notably, credit spreads widened, and safe-haven assets appreciated substantially. However, broad-based market dislocations did not develop, appa"
2016-07-27,2016-07-27_0006,stock price*,stock price,23296,23307,unclassified,,[],"ds of yields on agency mortgage-backed securities over yields on Treasury securities narrowed slightly. Broad stock price indexes increased, on net, over the intermeeting period. One-month-ahead option-implied volatility on the s p 500 index--the VIX--fell, returning to "
2016-07-27,2016-07-27_0007,s p 500 index,s p 500 index,23414,23427,unclassified,,[],"ice indexes increased, on net, over the intermeeting period. One-month-ahead option-implied volatility on the s p 500 index--the VIX--fell, returning to the lower end of its distribution of the past few years. US bank stock prices dropped sharply after the Brexit vote but "
2016-07-27,2016-07-27_0008,stock price*,stock prices,23522,23534,negative,drop*,"[[23535, 23542]]","e s p 500 index--the VIX--fell, returning to the lower end of its distribution of the past few years. US bank stock prices dropped sharply after the Brexit vote but then retraced that decrease, buoyed by better-than-expected earnings reports from some of the largest domes"
2016-07-27,2016-07-27_0009,stock price*,stock prices,23721,23733,unclassified,,[],d by better-than-expected earnings reports from some of the largest domestic banks. Declines in European bank stock prices following the Brexit vote also reversed later in the intermeeting period. Spreads of yields on investment-grade corporate bonds over those on compara
2016-07-27,2016-07-27_0010,price* of risk* asset*,Prices of risky assets,28595,28617,unclassified,,[],"or currencies, while the US dollar and the Japanese yen strengthened on what appeared to be safe-haven flows. Prices of risky assets and advanced-economy bond yields also fell in response to the heightened uncertainty and expectations of slower economic growth. Later in the period,"
2016-07-27,2016-07-27_0011,equity index*,equity indexes,29269,29283,unclassified,,[]," yields remained low on expectations of slower growth there and further monetary policy accommodation. Global equity indexes ended higher, on net, over the intermeeting period. However, European bank equities, especially those of Italian banks, underperformed, reflecting in"
2016-07-27,2016-07-27_0012,equities,equities,29359,29367,unclassified,,[],"commodation. Global equity indexes ended higher, on net, over the intermeeting period. However, European bank equities, especially those of Italian banks, underperformed, reflecting investor fears that lower interest rates will continue to weigh on profitability. Emer"
2016-07-27,2016-07-27_0013,asset price*,asset prices,29529,29541,unclassified,,[]," reflecting investor fears that lower interest rates will continue to weigh on profitability. Emerging market asset prices were generally resilient over the intermeeting period; the dollar was weaker against most emerging market currencies, and flows into emerging market "
2016-07-27,2016-07-27_0014,household wealth,household wealth,31721,31737,unclassified,,[],"ed, as the positive effects of a slightly lower assumed path for interest rates and a stronger trajectory for household wealth were mostly offset by the restraint from a weaker outlook for foreign GDP growth and a slightly stronger path for the foreign exchange value of the d"
2016-07-27,2016-07-27_0015,asset price*,asset prices,34908,34920,unclassified,,[],"s of longer-run inflation expectations were little changed, on balance, in recent months. Domestic and global asset prices were volatile early in the intermeeting period following the vote by the United Kingdom to leave the EU, but they subsequently recovered their earlie"
2016-07-27,2016-07-27_0016,equity valu*,equity values,36915,36928,unclassified,,[],"rs that had likely been supporting household spending, including solid real income growth, gains in house and equity values, low gasoline prices, and favorable levels of consumer confidence. Residential investment posted a strong increase in the first quarter of the year, "
2016-07-27,2016-07-27_0017,risk* asset price*,risk asset prices,43447,43464,negative,declin*,"[[43435, 43443]]","ssues related to financial stability. The vote by the United Kingdom to leave the EU led to sharp declines in risk asset prices and a spike in volatility in financial markets early in the intermeeting period. But those price moves were subsequently reversed, likely in response"
2016-07-27,2016-07-27_0018,equity index*,equity indexes,44244,44258,positive,rose,"[[44259, 44263]]"," orderly functioning of markets. Overall, US financial conditions eased during the intermeeting period: Major equity indexes rose, longer-term interest rates fell, credit spreads narrowed, and the broad index of the foreign exchange value of the dollar was little changed. I"
2016-07-27,2016-07-27_0019,equity price*,equity prices,44671,44684,negative,declin*,"[[44653, 44661]]"," European banks, particularly Italian banks, were under pressure--as evidenced by the sharp declines in their equity prices--from a weaker economic outlook for that region, thin interest margins, and concerns about the quality of their loan portfolios. In US markets, overa"
2016-07-27,2016-07-27_0020,level* of equity valu*,level of equity values,45176,45198,positive,elevat*,"[[45167, 45175]]","ipants commented on a few developments, including potential overvaluation in the market for CRE, the elevated level of equity values relative to expected earnings, and the incentives for investors to reach for yield in an environment of continued low interest rates. Regarding CRE, "
2016-09-21,2016-09-21_0000,household* net worth,households' net worth,25525,25546,unclassified,,[],"r the third quarter as a whole, including continued gains in employment, real disposable personal income, and households' net worth. In addition, consumer sentiment as measured by the University of Michigan Surveys of Consumers remained relatively upbeat through early September. R"
2016-09-21,2016-09-21_0001,asset price*,Asset prices,30263,30275,unclassified,,[],"view of Financial Situation Domestic financial conditions remained accommodative since the July FOMC meeting. Asset prices moved within a fairly narrow range for much of the intermeeting period, al­though volatility increased somewhat in the last few days of the period as"
2016-09-21,2016-09-21_0002,stock price*,stock price,32836,32847,unclassified,,[],"Inflation-Protected Securities rose slightly but remained near the lower end of their historical range. Broad stock price indexes moved down, on net, since the July FOMC meeting. Realized and implied volatilities in various asset markets were relatively low during most o"
2016-09-21,2016-09-21_0003,asset market*,asset markets,32950,32963,unclassified,,[],"k price indexes moved down, on net, since the July FOMC meeting. Realized and implied volatilities in various asset markets were relatively low during most of the intermeeting period but increased somewhat in the last few days before the meeting as market participants reac"
2016-09-21,2016-09-21_0004,risk* asset price*,risk asset prices,35799,35816,unclassified,,[],"y. Consumer loan balances continued to increase, with credit card balances expanding at a robust pace. Global risk asset prices broadly increased amid improving sentiment among investors and low volatility. Capital flows to EMEs continued, and sovereign debt spreads in these e"
2016-09-21,2016-09-21_0005,equity price*,equity prices,36133,36146,positive,increas*,"[[36147, 36156]]"," narrowed further. European financial markets remained resilient following the Brexit vote, and European bank equity prices increased on net. Announcements by foreign central banks garnered investor attention and contributed to somewhat higher asset price volatility later "
2016-09-21,2016-09-21_0006,asset price*,asset price,36267,36278,positive,high*,"[[36260, 36266]]",on net. Announcements by foreign central banks garnered investor attention and contributed to somewhat higher asset price volatility later in the period. The European Central Bank left its policy rates and asset purchase program unchanged at its September meeting. Global
2016-09-21,2016-09-21_0007,asset market*,asset markets,41785,41798,unclassified,,[],"m inflation expectations were little changed, on balance, in recent months. Volatility in domestic and global asset markets was relatively low over most of the intermeeting period, and US financial conditions were broadly accommodative. Participants generally expected that"
2016-11-02,2016-11-02_0000,household* net worth,households' net worth,15856,15877,unclassified,,[],"e pace in the third quarter, supported by continued gains in employment, real disposable personal income, and households' net worth. Consumer spending increased in September, partly because of an increase in outlays for motor vehicles. Indeed, unit sales of light motor vehicles ro"
2016-11-02,2016-11-02_0001,asset price*,Asset prices,20780,20792,unclassified,,[],"l Situation Domestic financial markets were relatively calm over the period since the September FOMC meeting. Asset prices were little changed, and volatility was mostly low. Market expectations for an increase in the target range for the federal funds rate before the end"
2016-11-02,2016-11-02_0002,stock price*,stock price,23061,23072,unclassified,,[],"cerns about the risk of very low inflation outcomes, as implied by quotes on inflation caps and floors. Broad stock price indexes were little changed, on net, since the September FOMC meeting. Realized and implied volatility in equity markets remained relatively low. Spr"
2016-11-02,2016-11-02_0003,equity market*,equity markets,23179,23193,unclassified,,[],"ice indexes were little changed, on net, since the September FOMC meeting. Realized and implied volatility in equity markets remained relatively low. Spreads of yields on nonfinancial investment-grade and speculative-grade corporate bonds over those of comparable-maturity T"
2016-11-02,2016-11-02_0004,equity index*,equity indexes,23747,23761,unclassified,,[],"hird quarter, reflecting improvements across a wide range of industries, including the energy sector. Foreign equity indexes broadly increased over the intermeeting period. Nonetheless, foreign financial markets were sensitive to news about upcoming negotiations between the"
2016-11-02,2016-11-02_0005,asset price*,asset prices,29875,29887,unclassified,,[],"s with very high credit scores. Monetary policy announcements by foreign central banks had limited effects on asset prices. At its September monetary policy meeting, the Bank of Japan (BOJ) announced that it will purchase Japanese government bonds (JGBs) to keep the yield"
2016-11-02,2016-11-02_0006,asset market*,asset markets,34421,34434,unclassified,,[],"s of longer-term inflation expectations had changed little, on balance, in recent months. Domestic and global asset markets remained relatively calm over the intermeeting period, and US financial conditions continued to be broadly accommodative. Participants generally indi"
2016-11-02,2016-11-02_0007,household wealth,household wealth,36579,36595,positive,increas*,"[[36566, 36575]]","rimarily reflecting solid growth in consumer spending, consistent with ongoing employment gains, increases in household wealth, and low interest rates. Participants continued to expect economic activity in the coming quarters to be supported by a pickup in business investment"
2016-12-14,2016-12-14_0000,equity index*,equity indexes,5431,5445,positive,increas*,"[[5446, 5455]]","ields and an increase in inflation compensation. The value of the dollar on foreign exchange markets rose, US equity indexes increased considerably, and credit spreads on US corporate bonds narrowed. Market pricing and survey results indicated that market participants had c"
2016-12-14,2016-12-14_0001,equity valu*,equity valuations,6118,6135,unclassified,,[]," most important reasons, among several factors, for the increase in longer-term Treasury yields, the climb in equity valuations, and the rise in the dollar. The manager also reported on developments in money markets and open market operations. Market interest rates on overnigh"
2016-12-14,2016-12-14_0002,household* net worth,households' net worth,10491,10512,unclassified,,[],"that influence consumer spending--such as continued gains in employment, real disposable personal income, and households' net worth--were consistent with moderate real PCE growth for the fourth quarter as a whole. In addition, consumer sentiment as measured by the University of Mi"
2016-12-14,2016-12-14_0003,asset price*,Asset price,15041,15052,unclassified,,[],cipants' expectations for an increase in the target range for the federal funds rate at the December meeting. Asset price movements as well as changes in the expected path for US monetary policy beyond December appeared to be driven largely by expectations of more expans
2016-12-14,2016-12-14_0004,equity price index*,equity price indexes,15443,15463,positive,increas*,"[[15464, 15473]]","nflation compensation based on Treasury Inflation-Protected Securities continued to move up. Meanwhile, broad equity price indexes increased, and credit spreads on corporate bonds narrowed. Most private borrowing rates increased somewhat, but financing conditions for nonfinancial"
2016-12-14,2016-12-14_0005,equity price index*,equity price indexes,17441,17461,positive,rose,"[[17462, 17466]]","oil prices, with a notable jump after OPEC's agreement at its November 30 meeting to cut production. Broad US equity price indexes rose over the intermeeting period, apparently boosted by investors' expectations of stronger earnings growth and improved risk sentiment, with much o"
2016-12-14,2016-12-14_0006,stock price*,stock prices,17731,17743,unclassified,,[],"y coming after the US elections. Share prices for the financial sector outperformed the broader market, while stock prices in sectors that typically benefit from lower interest rates, such as utilities, underperformed. Implied volatility in equity markets decreased, and y"
2016-12-14,2016-12-14_0007,equity market*,equity markets,17862,17876,negative,decreas*,"[[17877, 17886]]","rs that typically benefit from lower interest rates, such as utilities, underperformed. Implied volatility in equity markets decreased, and yield spreads of nonfinancial corporate bonds over those of comparable-maturity Treasury securities narrowed for both investment- and "
2016-12-14,2016-12-14_0008,s p 500 index,s p 500 index,18110,18123,positive,increas*,"[[18124, 18133]]"," for both investment- and speculative-grade firms. Available reports suggested that earnings for firms in the s p 500 index increased in the third quarter on a seasonally adjusted basis, and the improvement in earnings was broad based across sectors. Money market flows con"
2016-12-14,2016-12-14_0009,equity price*,equity prices,22102,22115,unclassified,,[],"cy changes resulting from the US elections on foreign economies. Spillovers from US markets lifted yields and equity prices in most AFEs, but higher yields in the United States seemed to weigh on investor sentiment toward EMEs, where prices of risky assets declined. On a t"
2016-12-14,2016-12-14_0010,price* of risk* asset*,prices of risky assets,22226,22248,negative,declin*,"[[22249, 22257]]","in most AFEs, but higher yields in the United States seemed to weigh on investor sentiment toward EMEs, where prices of risky assets declined. On a trade-weighted basis, the dollar appreciated notably against both AFE and EME currencies. In particular, the dollar strengthened about"
2016-12-14,2016-12-14_0011,risk* asset price*,risky asset prices,22510,22528,unclassified,,[],0 percent against the Japanese yen and 5 percent against the Mexican peso. The declines in EME currencies and risky asset prices were reportedly driven by higher US yields as well as by uncertainty about possible changes in US trade policies. Currency weakness prompted some EME
2016-12-14,2016-12-14_0012,household wealth,household wealth,31361,31377,unclassified,,[],"nd income, and household balance sheets had improved. The personal saving rate was still relatively high, and household wealth had been boosted by ongoing gains in housing and equity prices. In the housing market, recent data on starts and permits for new residential construc"
2016-12-14,2016-12-14_0013,housing and equity price*,housing and equity prices,31415,31440,positive,gain*,"[[31406, 31411]]","The personal saving rate was still relatively high, and household wealth had been boosted by ongoing gains in housing and equity prices. In the housing market, recent data on starts and permits for new residential construction suggested a firming in residential investment after two qu"
2016-12-14,2016-12-14_0014,equity price*,equity prices,38464,38477,positive,rise*,"[[38456, 38460]]","ng period--including the increase in longer-term interest rates, the strengthening of the dollar, the rise in equity prices, and the narrowing of credit spreads--to expectations for more expansionary fiscal policies in coming years or to possible reductions in corporate ta"
2017-02-01,2017-02-01_0000,asset price*,asset prices,33969,33981,unclassified,,[]," US and global financial markets during the period since the Committee met on December 13-14, 2016. Financial asset prices were little changed since the December meeting. Market participants continued to report substantial uncertainty about potential changes in fiscal, re"
2017-02-01,2017-02-01_0001,asset price*,asset prices,34227,34239,unclassified,,[]," in fiscal, regulatory, and other government policies. Nonetheless, measures of implied volatility of various asset prices remained low. Emerging market currencies were generally resilient in recent weeks, reportedly benefiting from investors' anticipation of stronger glo"
2017-02-01,2017-02-01_0002,household* net worth,households' net worth,38796,38817,unclassified,,[],"that influence consumer spending--including further gains in employment, real disposable personal income, and households' net worth--were consistent with moderate increases in real PCE in early 2017. In addition, consumer sentiment, as measured by the University of Michigan Survey"
2017-02-01,2017-02-01_0003,equity price index*,equity price indexes,43205,43225,unclassified,,[]," Domestic financial conditions were mostly little changed, on balance, since the December FOMC meeting. Broad equity price indexes fluctuated in a relatively narrow range and ended the intermeeting period about unchanged. Nominal Treasury yields moved up across most maturities in"
2017-02-01,2017-02-01_0004,equity price index*,equity price indexes,45681,45701,unclassified,,[],"ns in November. TIPS-based measures of inflation compensation edged up over the intermeeting period. Broad US equity price indexes fluctuated in a relatively narrow range and were little changed, on net, over the intermeeting period. However, equity prices remained notably higher"
2017-02-01,2017-02-01_0005,equity price*,equity prices,45814,45827,unclassified,,[],"uctuated in a relatively narrow range and were little changed, on net, over the intermeeting period. However, equity prices remained notably higher than just before the November elections, apparently reflecting investors' expectations that fiscal and other policy changes w"
2017-02-01,2017-02-01_0006,s p 500 index,s p 500 index,46074,46087,negative,edge* down,"[[46088, 46098]]",icy changes would boost corporate profits and economic activity in the medium term. Implied volatility on the s p 500 index edged down since the December meeting and remained relatively low. Corporate bond spreads for both investment- and speculative-grade firms continued 
2017-02-01,2017-02-01_0007,equity price*,equity prices,50601,50614,unclassified,,[],"er measures to support struggling banks. Reflecting the improved sentiment and positive economic news, global equity prices and longer-term sovereign yields in most AFEs increased moderately over the period. Yield spreads on EME sovereign bonds narrowed somewhat, and flows"
2017-02-01,2017-02-01_0008,asset valu*,asset valuation,51300,51315,ambiguous,increas* | pressure*,"[[51288, 51296], [51316, 51325]]","s of the US financial system as moderate on balance. The staff's assessment took into account the increase in asset valuation pressures since the November elections, the overall low level of financial leverage, the strong capital positions at banks, and the subdued growth of"
2017-02-01,2017-02-01_0009,level* of household wealth,levels of household wealth,57396,57422,positive,high*,"[[57391, 57395]]","ved higher, household spending would continue to be supported by rising employment and income as well as high levels of household wealth. The recent improvement in consumer sentiment was also viewed as a potentially positive factor in the outlook for spending, although several particip"
2017-02-01,2017-02-01_0010,equity price*,Equity prices,64301,64314,positive,rise*,"[[64319, 64324]]","tighter resource utilization. Financial conditions appeared to have changed little, on net, in recent months: Equity prices had risen and credit spreads had narrowed, but longer-term interest rates had increased and the dollar had appreciated further. In their discussion, "
2017-02-01,2017-02-01_0011,equity price*,equity prices,64845,64858,positive,increas*,"[[64833, 64841]]"," maturity and liquidity transformation had declined. A few participants commented that the recent increase in equity prices might in part reflect investors' anticipation of a boost to earnings from a cut in corporate taxes or more expansionary fiscal policy, which might no"
2017-02-01,2017-02-01_0012,equity market*,equity markets,65095,65109,unclassified,,[]," policy, which might not materialize. They also expressed concern that the low level of implied volatility in equity markets appeared inconsistent with the considerable uncertainty attending the outlook for such policy initiatives. Recent reforms had diminished the risk of "
2017-02-01,2017-02-01_0013,asset valu*,asset values,65435,65447,negative,declin*,"[[65448, 65456]]"," other risks to financial stability might arise as the structure of funding markets evolved or if real estate asset values declined sharply. More broadly, it was pointed out that an environment of low interest rates and a relatively flat yield curve, if it persisted, had "
2017-03-15,2017-03-15_0000,equity price*,equity prices,4611,4624,unclassified,,[],"global financial markets during the period since the Committee met on January 31 and February 1, 2017. Global equity prices generally increased further, credit spreads on corporate debt and emerging market bonds narrowed, and yields on Treasury securities rose somewhat. In"
2017-03-15,2017-03-15_0001,asset price*,asset prices,4912,4924,unclassified,,[],"rticipants again reported elevated uncertainty about the outlook for US economic policies and about financial asset prices, but various measures of implied volatility nonetheless declined further. The monetary policies of other advanced-economy central banks remained quit"
2017-03-15,2017-03-15_0002,household* net worth,households' net worth,15278,15299,unclassified,,[],"that influence consumer spending--including further gains in employment, real disposable personal income, and households' net worth--were consistent with moderate increases in real PCE in early 2017. In addition, consumer sentiment, as measured by the University of Michigan Survey"
2017-03-15,2017-03-15_0003,equity price index*,equity price indexes,19910,19930,positive,rose,"[[19931, 19935]]","t range for the federal funds rate unchanged at the January-February FOMC meeting was well anticipated. Broad equity price indexes rose further, leaving some standard measures of valuations above historical norms. Treasury yields rose late in the intermeeting period, following mo"
2017-03-15,2017-03-15_0004,equity price index*,equity price indexes,21902,21922,positive,increas*,"[[21923, 21932]]","reasury Inflation-Protected Securities were little changed, on net, since the February FOMC meeting. Broad US equity price indexes increased over the intermeeting period, and some measures of valuations, such as price-to-earnings ratios, rose further above historical norms. A sta"
2017-03-15,2017-03-15_0005,stock price*,Stock prices,22222,22234,positive,rose,"[[22235, 22239]]"," edged lower, declining into the lower quartile of its historical distribution of the previous three decades. Stock prices rose across most industries, and equity prices for financial firms outperformed broader indexes. Meanwhile, spreads of yields on bonds issued by nonf"
2017-03-15,2017-03-15_0006,equity price*,equity prices,22268,22281,unclassified,,[],"e of its historical distribution of the previous three decades. Stock prices rose across most industries, and equity prices for financial firms outperformed broader indexes. Meanwhile, spreads of yields on bonds issued by nonfinancial corporations over those on comparable-"
2017-03-15,2017-03-15_0007,equity price*,equity prices,22617,22630,positive,increas*,"[[22631, 22640]]","eting, better-than-expected economic data and earnings releases abroad also supported risk sentiment: Foreign equity prices increased, flows to emerging market mutual funds picked up, and emerging market bond spreads narrowed. Consistent with improved sentiment toward the "
2017-03-15,2017-03-15_0008,equity price*,equity prices,26703,26716,unclassified,,[],"ffect of this timing change on projected real GDP growth through 2019 was offset by a higher assumed path for equity prices and by a lower assumed path for the exchange value of the dollar. All told, the staff's forecast for the level of real GDP at the end of 2019 was ess"
2017-03-15,2017-03-15_0009,level* of household wealth,levels of household wealth,34218,34244,positive,high*,"[[34211, 34217]]","ds. In addition, conditions conducive to growth in consumer spending, such as a strong labor market or higher levels of household wealth, were expected to persist. A number of participants also cited buoyant consumer confidence as potentially supporting household expenditures, al­thoug"
2017-03-15,2017-03-15_0010,equity price*,equity prices,40025,40038,positive,rise*,"[[40017, 40021]]","ed to support the expansion of economic activity. Many participants discussed the implications of the rise in equity prices over the past few months, with several of them citing it as contributing to an easing of financial conditions. A few participants attributed the rece"
2017-03-15,2017-03-15_0011,equity price*,equity price,40191,40203,unclassified,,[],them citing it as contributing to an easing of financial conditions. A few participants attributed the recent equity price appreciation to expectations for corporate tax cuts or to increased risk tolerance among investors rather than to expectations of stronger economic g
2017-03-15,2017-03-15_0012,equity price*,equity prices,40385,40398,unclassified,,[],"k tolerance among investors rather than to expectations of stronger economic growth. Some participants viewed equity prices as quite high relative to standard valuation measures. It was observed that prices of other risk assets, such as emerging market stocks, high-yield c"
2017-05-03,2017-05-03_0000,equity market*,equity markets,5073,5087,negative,declin*,"[[5088, 5096]]","ad, spreads on some European sovereign debt securities narrowed noticeably. Measures of implied volatility in equity markets declined, on net, to levels that were historically very low. Market pricing and survey evidence indicated that investors anticipated no change in the"
2017-05-03,2017-05-03_0001,household* net worth,households' net worth,11828,11849,unclassified,,[],"h in real PCE in coming quarters, including further gains in employment, real disposable personal income, and households' net worth. Moreover, consumer sentiment, as measured by the University of Michigan Surveys of Consumers, remained upbeat in March and April. Residential invest"
2017-05-03,2017-05-03_0002,price* of risk* asset*,Prices of risky assets,16131,16153,positive,increas*,"[[16154, 16163]]","Situation Domestic financial market conditions remained generally accommodative over the intermeeting period. Prices of risky assets increased a bit on net, Treasury yields declined, and the dollar depreciated. The decline in Treasury yields reportedly was driven in part by investo"
2017-05-03,2017-05-03_0003,equity price index*,equity price indexes,18530,18550,positive,increas*,"[[18551, 18560]]","he lower-than-expected March CPI release, far-term inflation compensation was little changed on net. Broad US equity price indexes increased slightly, on net, since the March FOMC meeting. One-month-ahead option-implied volatility on the s p 500 index--the VIX--rose appreciably i"
2017-05-03,2017-05-03_0004,s p 500 index,s p 500 index,18658,18671,unclassified,,[],"es increased slightly, on net, since the March FOMC meeting. One-month-ahead option-implied volatility on the s p 500 index--the VIX--rose appreciably in mid-April, reflecting in part increased investor concerns about geopolitical factors and foreign political developments"
2017-05-03,2017-05-03_0005,equity index*,Equity indexes,24097,24111,unclassified,,[]," than US yields, contributing to a modest depreciation of the dollar against both the AFE and EME currencies. Equity indexes in most advanced and emerging economies rose. Flows to emerging market mutual funds remained strong, and spreads on emerging market debt were little "
2017-05-03,2017-05-03_0006,asset valu*,asset valuation,24701,24716,negative,pressure*,"[[24717, 24726]]","nsformation in the financial sector were low, that leverage in the nonfinancial sector was moderate, and that asset valuation pressures in some markets were notable. Although these assessments were unchanged from January's assessment, vulnerabilities appeared to have increas"
2017-05-03,2017-05-03_0007,asset valu*,asset valuation,24873,24888,ambiguous,increas* | pressure*,"[[24859, 24868], [24889, 24898]]","gh these assessments were unchanged from January's assessment, vulnerabilities appeared to have increased for asset valuation pressures, though not by enough to warrant raising the assessment of these vulnerabilities to elevated. Staff Economic Outlook In the US economic for"
2017-05-03,2017-05-03_0008,household* net worth,households' net worth,25591,25612,unclassified,,[],"spring, which would be more consistent with ongoing gains in employment, real disposable personal income, and households' net worth. In addition, the sharp decrease in the contribution to GDP growth from the change in inventory investment in the first quarter was not expected to b"
2017-06-14,2017-06-14_0000,equity price*,equity prices,5386,5399,unclassified,,[],"ting. Yields on Treasury securities and the foreign exchange value of the dollar had declined modestly, while equity prices had continued to rise, contributing to a further easing of financial conditions according to some measures. Moreover, realized and implied volatility"
2017-06-14,2017-06-14_0001,household* net worth,households' net worth,14476,14497,unclassified,,[],"otal real PCE in the near term, including continued gains in employment, real disposable personal income, and households' net worth. Moreover, consumer sentiment, as measured by the University of Michigan Surveys of Consumers, remained upbeat in May. Residential investment appeare"
2017-06-14,2017-06-14_0002,equity price*,equity prices,18764,18777,positive,increas*,"[[18778, 18787]]","uation Domestic financial market conditions remained generally accommodative over the intermeeting period. US equity prices increased over the period, longer-term Treasury yields declined, and the dollar depreciated. A decline in the perceived likelihood of a significant f"
2017-06-14,2017-06-14_0003,price* of risk* asset*,prices of risk assets,19179,19200,unclassified,,[],. Market participants' perceptions of an improved global economic outlook appeared to provide some support to prices of risk assets. FOMC communications over the intermeeting period were viewed as broadly in line with investors' expectations that the Committee would continue to re
2017-06-14,2017-06-14_0004,equity price index*,equity price indexes,21233,21253,positive,increas*,"[[21254, 21263]]","IPS-based inflation compensation declined, in part reflecting the below-expectations inflation data. Broad US equity price indexes increased. One-month-ahead option-implied volatility on the s p 500 index--the VIX--was little changed, on net, and remained near the lower end of it"
2017-06-14,2017-06-14_0005,s p 500 index,s p 500 index,21314,21327,unclassified,,[],"ons inflation data. Broad US equity price indexes increased. One-month-ahead option-implied volatility on the s p 500 index--the VIX--was little changed, on net, and remained near the lower end of its historical range. Conditions in short-term funding markets were stable o"
2017-06-14,2017-06-14_0006,equity index*,equity indexes,24933,24947,unclassified,,[],"y incoming economic data and by political developments both abroad and in the United States. Most AFE and EME equity indexes edged higher, supported by robust first-quarter earnings reports and generally positive data releases overseas. The broad US dollar depreciated about"
2017-06-14,2017-06-14_0007,equity price*,equity prices,38555,38568,positive,rose,"[[38569, 38573]]","ussion of recent developments in financial markets, participants observed that, over the intermeeting period, equity prices rose, longer-term interest rates declined, and volatility in financial markets was generally low. They also noted that, according to some measures, f"
2017-06-14,2017-06-14_0008,equity price*,equity prices,39067,39080,positive,high*,"[[39086, 39090]]"," tightened. Corporate earnings growth had been robust; nevertheless, in the assessment of a few participants, equity prices were high when judged against standard valuation measures. Longer-term Treasury yields had declined since earlier in the year and remained low. Parti"
2017-06-14,2017-06-14_0009,asset price*,asset prices,39542,39554,positive,elevat*,"[[39533, 39541]]",". Some participants suggested that increased risk tolerance among investors might be contributing to elevated asset prices more broadly; a few participants expressed concern that subdued market volatility, coupled with a low equity premium, could lead to a buildup of risk"
2017-07-26,2017-07-26_0000,equity price*,Equity prices,4699,4712,positive,rose,"[[4713, 4717]]","of the dollar on foreign exchange markets decreased. Implied volatility in fixed-income markets remained low. Equity prices rose further, with notable advances in indexes for emerging markets. The increase in the FOMC's target range for the federal funds rate at the June m"
2017-07-26,2017-07-26_0001,household* net worth,households' net worth,9706,9727,unclassified,,[],"at influence consumer spending--including continued gains in employment, real disposable personal income, and households' net worth--pointed to solid growth in total real PCE in the near term. Consumer sentiment, as measured by the University of Michigan Surveys of Consumers, rema"
2017-07-26,2017-07-26_0002,equity price*,equity prices,13583,13596,positive,rose,"[[13597, 13601]]","uation Domestic financial market conditions remained generally accommodative over the intermeeting period. US equity prices rose, longer-term Treasury yields increased slightly, and the dollar depreciated. The Committee's decision to raise the target range for the federal "
2017-07-26,2017-07-26_0003,equity price index*,equity price indexes,15723,15743,positive,rose,"[[15744, 15748]]",icies abroad and possibly by declines in the long-term neutral real interest rate over recent years. Broad US equity price indexes rose. One-month-ahead option-implied volatility of the s p 500 index--the VIX--remained at historically low levels. Spreads of yields on investment- 
2017-07-26,2017-07-26_0004,s p 500 index,s p 500 index,15799,15812,unclassified,,[], rate over recent years. Broad US equity price indexes rose. One-month-ahead option-implied volatility of the s p 500 index--the VIX--remained at historically low levels. Spreads of yields on investment- and speculative-grade nonfinancial corporate bonds over comparable-ma
2017-07-26,2017-07-26_0005,equity index*,equity indexes,19367,19381,unclassified,,[],"te in July. Sovereign yields increased notably in Canada, Germany, and the United Kingdom. Changes in foreign equity indexes were mixed over the intermeeting period: European equities edged lower, Japanese equities were little changed, and EME equities increased. European p"
2017-07-26,2017-07-26_0006,equities,equities,19432,19440,unclassified,,[],", and the United Kingdom. Changes in foreign equity indexes were mixed over the intermeeting period: European equities edged lower, Japanese equities were little changed, and EME equities increased. European peripheral sovereign bond spreads narrowed over the period, "
2017-07-26,2017-07-26_0007,equities,equities,19463,19471,unclassified,,[],"es in foreign equity indexes were mixed over the intermeeting period: European equities edged lower, Japanese equities were little changed, and EME equities increased. European peripheral sovereign bond spreads narrowed over the period, reflecting in part positive sen"
2017-07-26,2017-07-26_0008,equities,equities,19501,19509,positive,increas*,"[[19510, 19519]]","d over the intermeeting period: European equities edged lower, Japanese equities were little changed, and EME equities increased. European peripheral sovereign bond spreads narrowed over the period, reflecting in part positive sentiment related to the outcomes of the "
2017-07-26,2017-07-26_0009,asset valu*,asset valuation,20110,20125,negative,pressure*,"[[20126, 20135]]","ssessment incorporated the staff's judgment that, since the April assessment, vulnerabilities associated with asset valuation pressures had edged up from notable to elevated, as asset prices remained high or climbed further, risk spreads narrowed, and expected and actual vol"
2017-07-26,2017-07-26_0010,asset price*,asset prices,20178,20190,unclassified,,[],"sessment, vulnerabilities associated with asset valuation pressures had edged up from notable to elevated, as asset prices remained high or climbed further, risk spreads narrowed, and expected and actual volatility remained muted in a range of financial markets. However, "
2017-07-26,2017-07-26_0011,equity price*,equity prices,32543,32556,positive,increas*,"[[32530, 32539]]","ke on excessive risk in a search for higher returns. Several participants noted that the further increases in equity prices, together with continued low longer-term interest rates, had led to an easing of financial conditions. However, different assessments were expressed "
2017-07-26,2017-07-26_0012,equity price*,equity prices,33174,33187,positive,rise*,"[[33165, 33170]]",", and that a tighter monetary policy than otherwise was warranted. According to another view, recent rises in equity prices might be part of a broad-based adjustment of asset prices to changes in longer-term financial conditions, importantly including a lower neutral real "
2017-07-26,2017-07-26_0013,asset price*,asset prices,33233,33245,unclassified,,[],"ranted. According to another view, recent rises in equity prices might be part of a broad-based adjustment of asset prices to changes in longer-term financial conditions, importantly including a lower neutral real interest rate, and, therefore, the recent equity price inc"
2017-07-26,2017-07-26_0014,equity price*,equity price,33379,33391,positive,increas*,"[[33392, 33401]]","rm financial conditions, importantly including a lower neutral real interest rate, and, therefore, the recent equity price increases might not provide much additional impetus to aggregate spending on goods and services. Participants also considered equity valuations in th"
2017-07-26,2017-07-26_0015,equity valu*,equity valuations,33518,33535,unclassified,,[],not provide much additional impetus to aggregate spending on goods and services. Participants also considered equity valuations in their discussion of financial stability. A couple of participants noted that favorable macroeconomic factors provided backing for current equity v
2017-07-26,2017-07-26_0016,equity valu*,equity valuations,33677,33694,unclassified,,[],"l stability. A couple of participants noted that favorable macroeconomic factors provided backing for current equity valuations; in addition, as recent equity price increases did not seem to stem importantly from greater use of leverage by investors, these increases might not "
2017-07-26,2017-07-26_0017,equity price*,equity price,33719,33731,positive,increas*,"[[33732, 33741]]","d that favorable macroeconomic factors provided backing for current equity valuations; in addition, as recent equity price increases did not seem to stem importantly from greater use of leverage by investors, these increases might not pose appreciable risks to financial s"
2017-07-26,2017-07-26_0018,asset price*,asset prices,35572,35584,unclassified,,[],in reducing the degree to which variations in lending to the private sector intensify cycles in output and in asset prices. Participants agreed that it would not be desirable for the current regulatory framework to be changed in ways that allowed a reemergence of the type
2017-07-26,2017-07-26_0019,asset price*,asset prices,38723,38735,positive,elevat*,"[[38714, 38722]]"," of other domestic and global factors that had contributed to the easing of financial conditions and elevated asset prices, and whether and how much the neutral rate of interest would rise as the economy continued to expand. Participants also discussed the appropriate tim"
2017-09-20,2017-09-20_0000,equity price index*,equity price indexes,5518,5538,positive,increas*,"[[5543, 5552]]","erm Treasury securities had fallen modestly, the foreign exchange value of the dollar had declined, and broad equity price indexes had increased. Survey responses suggested that the vast majority of market participants expected the FOMC to announce a change in SOMA reinvestment p"
2017-09-20,2017-09-20_0001,household* net worth,households' net worth,11790,11811,unclassified,,[],"at influence consumer spending--including continued gains in employment, real disposable personal income, and households' net worth--remained supportive of solid growth in real PCE. Consumer sentiment, as measured by the University of Michigan Surveys of Consumers, was upbeat thro"
2017-09-20,2017-09-20_0002,equity price*,equity prices,15935,15948,positive,increas*,"[[15949, 15958]]","uation Domestic financial market conditions remained generally accommodative over the intermeeting period. US equity prices increased, longer-term Treasury yields declined, and the dollar depreciated. Investors' interpretations of FOMC communications, market perceptions of"
2017-09-20,2017-09-20_0003,equity price index*,equity price indexes,18774,18794,positive,increas*,"[[18795, 18804]]","n-expected CPI data for August, while inflation compensation 5 to 10 years ahead was little changed. Broad US equity price indexes increased over the intermeeting period. One-month-ahead option-implied volatility of the s p 500 index--the VIX--remained at historically low levels "
2017-09-20,2017-09-20_0004,s p 500 index,s p 500 index,18884,18897,unclassified,,[],equity price indexes increased over the intermeeting period. One-month-ahead option-implied volatility of the s p 500 index--the VIX--remained at historically low levels despite brief spikes associated with increased investor concerns about geopolitical tensions and politi
2017-09-20,2017-09-20_0005,asset price*,asset price,19981,19992,unclassified,,[]," agreement facility ran somewhat lower than in the previous intermeeting period. Since the July FOMC meeting, asset price movements in global financial markets were driven by geopolitical tensions in the Korean peninsula, improving economic prospects abroad, communicatio"
2017-09-20,2017-09-20_0006,equity price*,equity prices,21134,21147,unclassified,,[],"hough the ECB kept its policy stance unchanged. Despite generally better-than-expected earnings releases, AFE equity prices were mixed over the period, with bank stocks underperforming broader indexes. Outside South Korea, most emerging market asset prices were little affe"
2017-09-20,2017-09-20_0007,asset price*,asset prices,21268,21280,unclassified,,[]," over the period, with bank stocks underperforming broader indexes. Outside South Korea, most emerging market asset prices were little affected by the recent escalation of geopolitical concerns. Net flows to emerging market mutual funds briefly turned negative in early Au"
2017-09-20,2017-09-20_0008,equity price*,equity prices,41098,41111,positive,increas*,"[[41112, 41121]]","r-term interest rates and the foreign exchange value of the dollar declined over the intermeeting period, and equity prices increased. It was noted that US financial conditions recently appeared to be responding as much or more to economic and financial news from abroad as"
2017-11-01,2017-11-01_0000,equity price index*,equity price indexes,4523,4543,unclassified,,[],"A) reported on developments in domestic and foreign financial markets since the September FOMC meeting. Broad equity price indexes extended earlier increases, yields on longer-term Treasury securities rose, yield spreads on corporate bonds declined, and the foreign exchange value"
2017-11-01,2017-11-01_0001,household* net worth,households' net worth,9102,9123,unclassified,,[],"dings on key factors that influence consumer spending--including gains in real disposable personal income and households' net worth--remained supportive of solid increases in real PCE in the near term. Consumer sentiment in October, as measured by the University of Michigan Survey"
2017-11-01,2017-11-01_0002,asset price*,asset prices,12881,12893,unclassified,,[],"ward pressure on inflation in Mexico. Staff Review of the Financial Situation Movements in domestic financial asset prices over the intermeeting period reflected FOMC communications that were read as slightly less accommodative than expected, economic data releases that w"
2017-11-01,2017-11-01_0003,equity price*,equity prices,13197,13210,positive,mov* up,"[[13211, 13219]]","arket perceptions that US tax reform was becoming more likely. On net, Treasury yields increased modestly, US equity prices moved up, and the dollar appreciated. There was no discernible reaction in financial markets to the widely anticipated announcement of the FOMC's cha"
2017-11-01,2017-11-01_0004,equity price index*,equity price indexes,16164,16184,positive,rose,"[[16185, 16189]]"," somewhat following the slightly lower-than-expected September CPI data but were little changed on net. Broad equity price indexes rose notably, reportedly reflecting in part investors' perceptions that tax reform was becoming more likely. One-month-ahead option-implied volatilit"
2017-11-01,2017-11-01_0005,s p 500 index,s p 500 index,16343,16356,unclassified,,[],stors' perceptions that tax reform was becoming more likely. One-month-ahead option-implied volatility on the s p 500 index--the VIX--remained near historically low levels. Spreads of yields on both investment- and speculative-grade corporate bonds over comparable-maturity
2017-11-01,2017-11-01_0006,equity index*,equity indexes,20489,20503,positive,increas*,"[[20504, 20513]]"," held down in part by uncertainty about negotiations on the North American Free Trade Agreement. Most foreign equity indexes increased. In Japan, equity indexes rose notably in advance of parliamentary elections that resulted in a strong victory for Prime Minister Abe's rul"
2017-11-01,2017-11-01_0007,equity index*,equity indexes,20525,20539,positive,rose,"[[20540, 20544]]","out negotiations on the North American Free Trade Agreement. Most foreign equity indexes increased. In Japan, equity indexes rose notably in advance of parliamentary elections that resulted in a strong victory for Prime Minister Abe's ruling coalition, a development seen by"
2017-11-01,2017-11-01_0008,asset valu*,Asset valuation,20933,20948,negative,moderate* | pressure*,"[[20923, 20931], [20949, 20958]]","ties of the US financial system. The staff continued to judge that the overall vulnerabilities were moderate: Asset valuation pressures across markets were judged to have increased slightly, on balance, since the previous assessment in July and to have remained elevated; lev"
2017-11-01,2017-11-01_0009,asset valu*,asset valuations,34124,34140,positive,elevat*,"[[34115, 34123]]","ve despite the recent increases in the exchange value of the dollar and Treasury yields. In light of elevated asset valuations and low financial market volatility, several participants expressed concerns about a potential buildup of financial imbalances. They worried that a s"
2017-11-01,2017-11-01_0010,asset price*,asset prices,34307,34319,unclassified,,[],"s expressed concerns about a potential buildup of financial imbalances. They worried that a sharp reversal in asset prices could have damaging effects on the economy. It was noted, however, that elevated asset prices could be partly explained by a low neutral rate of inte"
2017-11-01,2017-11-01_0011,asset price*,asset prices,34401,34413,positive,elevat*,"[[34392, 34400]]","arp reversal in asset prices could have damaging effects on the economy. It was noted, however, that elevated asset prices could be partly explained by a low neutral rate of interest. It was also observed that regulatory changes had contributed to an appreciable strengthe"
2017-12-13,2017-12-13_0000,equity price*,Equity prices,4277,4290,positive,mov* high*,"[[4291, 4303]]","(SOMA) reported on developments in domestic and international financial markets over the intermeeting period. Equity prices moved higher over the period, with market participants pointing to the likely passage of tax reform legislation as an important factor contributing t"
2017-12-13,2017-12-13_0001,household* net worth,households' net worth,8918,8939,unclassified,,[],"factors that influence consumer spending--including gains in employment, real disposable personal income, and households' net worth--continued to be supportive of moderate real PCE growth in the fourth quarter. Consumer sentiment in early December, as measured by the University of"
2017-12-13,2017-12-13_0002,asset price*,asset prices,12443,12455,unclassified,,[],"ed in most AFEs and moderate in EMEs. Staff Review of the Financial Situation Movements in domestic financial asset prices over the intermeeting period reflected slightly stronger-than-expected economic data releases, announcements related to Treasury debt issuance, and a"
2017-12-13,2017-12-13_0003,equity price*,equity prices,12739,12752,positive,mov* up,"[[12753, 12761]]","ved probability that the Congress would enact tax legislation. On net, the Treasury yield curve flattened, US equity prices moved up, and the foreign exchange value of the dollar was little changed. Financing conditions for businesses and households remained broadly suppor"
2017-12-13,2017-12-13_0004,equity price index*,equity price indexes,14464,14484,positive,rose,"[[14485, 14489]]","sury and agency MBS markets to the implementation of reductions in reinvestments of the SOMA portfolio. Broad equity price indexes rose over the intermeeting period, likely reflecting in part investors' perceptions of increased odds for the passage of federal tax legislation and "
2017-12-13,2017-12-13_0005,s p 500 index,s p 500 index,14736,14749,unclassified,,[],"ion and an associated potential boost to corporate earnings. One-month-ahead option-implied volatility on the s p 500 index--the VIX--was little changed, on net, at levels close to historical lows. Spreads on both investment- and speculative-grade corporate bond yields ove"
2017-12-13,2017-12-13_0006,equity index*,equity indexes,17487,17501,negative,mov* lower,"[[17502, 17513]]"," the dollar was little changed, longer-term sovereign bond yields in AFEs declined modestly, and most foreign equity indexes moved lower over the intermeeting period. The euro appreciated modestly against the US dollar, in part because of strong economic data for the euro a"
2017-12-13,2017-12-13_0007,household* net worth,households' net worth,23775,23796,positive,improv*,"[[23759, 23771]]","sumer spending in the near term, underpinned by ongoing strength in the labor market, further improvements in households' net worth, and buoyant consumer sentiment. Business contacts in a few Districts reported strong pre-holiday sales. Many participants expected the proposed cuts"
2017-12-13,2017-12-13_0008,asset valu*,asset valuations,24180,24196,positive,increas*,"[[24167, 24176]]",have already raised consumer spending somewhat to the extent that those expectations had spurred increases in asset valuations and household net worth. A number of participants expressed uncertainty about the magnitude of the effects of tax reform on consumer spending. Distri
2017-12-13,2017-12-13_0009,household* net worth,household net worth,24201,24220,unclassified,,[],onsumer spending somewhat to the extent that those expectations had spurred increases in asset valuations and household net worth. A number of participants expressed uncertainty about the magnitude of the effects of tax reform on consumer spending. District contacts were optimis
2017-12-13,2017-12-13_0010,equity valu*,equity values,29617,29630,positive,high*,"[[29612, 29616]]","emained accommodative, citing a range of indicators including low interest rates, narrow credit spreads, high equity values, a lower dollar, and some evidence of easier terms for lending to risky borrowers. In light of elevated asset valuations and low financial market vol"
2017-12-13,2017-12-13_0011,asset valu*,asset valuations,29735,29751,positive,elevat*,"[[29726, 29734]]","alues, a lower dollar, and some evidence of easier terms for lending to risky borrowers. In light of elevated asset valuations and low financial market volatility, a couple of participants expressed concern that the persistence of highly accommodative financial conditions cou"
2018-01-31,2018-01-31_0000,equity price*,equity prices,32156,32169,unclassified,,[], yields on safe assets such as US Treasury securities moved up some while corporate risk spreads narrowed and equity prices recorded further significant gains. Breakeven measures of inflation compensation derived from Treasury Inflation Protected Securities (TIPS) moved up
2018-01-31,2018-01-31_0001,household* net worth,households' net worth,43524,43545,unclassified,,[],"factors that influence consumer spending--including gains in employment, real disposable personal income, and households' net worth--continued to be supportive of further solid growth of real PCE in the near term. Consumer sentiment in early January, as measured by the University "
2018-01-31,2018-01-31_0002,equity price*,equity prices,47345,47358,unclassified,,[],"ited States and abroad, along with recently enacted tax legislation, appeared to boost investor sentiment. US equity prices, Treasury yields, and market-based measures of inflation compensation rose, and spreads of yields on investment- and speculative-grade nonfinancial c"
2018-01-31,2018-01-31_0003,equity price index*,equity price indexes,49554,49574,positive,rose,"[[49575, 49579]]","ed to levels seen in early 2017 before the string of generally weaker-than-expected inflation readings. Broad equity price indexes rose substantially over the intermeeting period, with investors pointing to a stronger global economic outlook and the supportive effect of the recen"
2018-01-31,2018-01-31_0004,s p 500 index,s p 500 index,49847,49860,unclassified,,[],"ax legislation on risk sentiment. The VIX, an index of option-implied volatility for one-month returns on the s p 500 index, increased but remained low by historical standards. Spreads of both investment- and speculative-grade corporate bond yields over comparable-maturity"
2018-01-31,2018-01-31_0005,equity price*,equity prices,51050,51063,unclassified,,[],"ronounced against AFE currencies, but the dollar depreciated notably against most EME currencies as well. EME equity prices registered substantial gains, in part supported by a significant rise in commodity prices; emerging market bond spreads narrowed moderately, and flow"
2018-01-31,2018-01-31_0006,asset valu*,asset valuation,54988,55003,negative,pressure*,"[[55004, 55013]]","te on balance. This overall assessment incorporated the staff's judgment that vulnerabilities associated with asset valuation pressures continued to be elevated; asset valuation pressures apparently reflected, in part, a broad-based appetite for risk among investors. The sta"
2018-01-31,2018-01-31_0007,asset valu*,asset valuation,55040,55055,negative,pressure*,"[[55056, 55065]]","the staff's judgment that vulnerabilities associated with asset valuation pressures continued to be elevated; asset valuation pressures apparently reflected, in part, a broad-based appetite for risk among investors. The staff judged that vulnerabilities from leverage in the "
2018-01-31,2018-01-31_0008,equity price*,equity prices,55937,55950,unclassified,,[],"revised up, reflecting a reassessment of the recently enacted tax cuts, along with higher projected paths for equity prices and foreign economic growth and a lower assumed path for the foreign exchange value of the dollar. Real GDP was projected to increase at a somewhat f"
2018-01-31,2018-01-31_0009,household wealth,household wealth,60189,60205,positive,increas*,"[[60179, 60188]]","solid growth in consumer spending to continue, supported by further gains in employment and income, increased household wealth resulting from higher asset prices, and high levels of consumer confidence. It was noted that spending on durable goods to replace those damaged duri"
2018-01-31,2018-01-31_0010,asset price*,asset prices,60228,60240,positive,high*,"[[60221, 60227]]","ntinue, supported by further gains in employment and income, increased household wealth resulting from higher asset prices, and high levels of consumer confidence. It was noted that spending on durable goods to replace those damaged during the hurricanes in September may "
2018-01-31,2018-01-31_0011,household wealth,household wealth,60682,60698,positive,rise*,"[[60674, 60678]]"," to its lowest level since 2005, likely driven by buoyant consumer sentiment or expectations that the rise in household wealth would be sustained. Participants characterized their business contacts as generally upbeat about the economy; their contacts cited the recent tax cut"
2018-01-31,2018-01-31_0012,equity price*,equity prices,65680,65693,positive,rise*,"[[65672, 65676]]",period; these participants generally viewed the economic effects of the decline in the dollar and the rise in equity prices as more than offsetting the effects of the increase in nominal Treasury yields. One participant reported that financial market contacts did not see t
2018-01-31,2018-01-31_0013,asset price*,asset prices,66323,66335,negative,declin*,"[[66312, 66319]]","d put the financial system in a better position to withstand adverse shocks, such as a substantial decline in asset prices, than in the past. However, amid elevated asset valuations and an increased use of debt by nonfinancial corporations, several participants cautioned "
2018-01-31,2018-01-31_0014,asset valu*,asset valuations,66378,66394,positive,elevat*,"[[66369, 66377]]","stand adverse shocks, such as a substantial decline in asset prices, than in the past. However, amid elevated asset valuations and an increased use of debt by nonfinancial corporations, several participants cautioned that imbalances in financial markets may begin to emerge as"
2018-03-21,2018-03-21_0000,equity market*,equity markets,4550,4564,unclassified,,[],nced a notable bout of volatility early in the intermeeting period; volatility was particularly pronounced in equity markets. Market participants pointed to incoming economic data released in early February--particularly data on average hourly earnings--as raising concerns 
2018-03-21,2018-03-21_0001,equity price*,equity prices,4842,4855,negative,declin*,"[[4831, 4838]]",s for higher inflation and higher interest rates. These concerns reportedly contributed to a steep decline in equity prices and an associated rise in measures of volatility. Some reports suggested that the increase in volatility was amplified by the unwinding of trading po
2018-03-21,2018-03-21_0002,equity market*,equity market,5082,5095,unclassified,,[],"ed by the unwinding of trading positions based on various types of volatility trading strategies. Measures of equity market volatility declined over subsequent weeks but remained above levels that prevailed earlier in the year, and stock prices finished lower, on net, over"
2018-03-21,2018-03-21_0003,stock price*,stock prices,5204,5216,unclassified,,[],"t volatility declined over subsequent weeks but remained above levels that prevailed earlier in the year, and stock prices finished lower, on net, over the intermeeting period. Interest rates rose modestly over the period. Respondents to the Open Market Desk's surveys of "
2018-03-21,2018-03-21_0004,equity price*,equity prices,13554,13567,negative,declin*,"[[13568, 13576]]","cial markets were turbulent over the intermeeting period, and market volatility increased notably. On net, US equity prices declined, corporate bond spreads widened, and nominal Treasury yields rose. Broad equity price indexes decreased over the intermeeting period. Market"
2018-03-21,2018-03-21_0005,equity price index*,equity price indexes,13650,13670,negative,decreas*,"[[13671, 13680]]","y. On net, US equity prices declined, corporate bond spreads widened, and nominal Treasury yields rose. Broad equity price indexes decreased over the intermeeting period. Market participants pointed to a larger-than-expected increase in average hourly earnings in the January empl"
2018-03-21,2018-03-21_0006,equity price*,equity prices,14012,14025,negative,declin*,"[[14001, 14008]]","nd the associated pace of interest rate increases. Those concerns appeared to induce a substantial decline in equity prices. The decline may have been exacerbated by broader concerns about the level of stock market valuations. On February 5, the VIX--an index of option-imp"
2018-03-21,2018-03-21_0007,level* of stock market*,level of stock market,14095,14116,unclassified,,[],"e a substantial decline in equity prices. The decline may have been exacerbated by broader concerns about the level of stock market valuations. On February 5, the VIX--an index of option-implied volatility for one-month returns on the s p 500 index--rose to its highest level since"
2018-03-21,2018-03-21_0008,s p 500 index,s p 500 index,14220,14233,positive,rose,"[[14235, 14239]]","market valuations. On February 5, the VIX--an index of option-implied volatility for one-month returns on the s p 500 index--rose to its highest level since 2015, reportedly driven in part by the unwinding of investment strategies designed to profit from low volatility. Su"
2018-03-21,2018-03-21_0009,equity price*,equity prices,14395,14408,unclassified,,[],"riven in part by the unwinding of investment strategies designed to profit from low volatility. Subsequently, equity prices recovered about half of their decline, and the VIX partially retraced its earlier increase. Monetary policy communications over the intermeeting peri"
2018-03-21,2018-03-21_0010,equity market*,equity market,15922,15935,unclassified,,[],"were little changed on net. Option-implied volatility on longer-term rates rose notably following the jump in equity market volatility on February 5 but mostly retraced that increase by the end of the intermeeting period. On balance, spreads on investment- and speculative-"
2018-03-21,2018-03-21_0011,equity price*,equity prices,19005,19018,unclassified,,[],"w signs of a significant restriction in credit supply for auto loans. Since the January FOMC meeting, foreign equity prices moved notably lower, on net, and generally declined more in the AFEs than in the United States. Longer-term yields on sovereign debt in AFEs either d"
2018-03-21,2018-03-21_0012,equities,equities,32647,32655,unclassified,,[],pments over the intermeeting period highlighted some downside risks associated with still-high valuations for equities or from market volatility more generally . A few participants expressed concern that a lengthy period in which the economy operates beyond potential 
2018-05-02,2018-05-02_0000,equity price*,equity prices,4394,4407,negative,low*,"[[4408, 4413]]","e intermeeting period. Broad measures of financial conditions had tightened somewhat in recent weeks, with US equity prices lower, the foreign exchange value of the dollar moderately higher, and longer-term Treasury yields up a little. Market participants pointed to a rang"
2018-05-02,2018-05-02_0001,stock price*,stock prices,4601,4613,negative,declin*,"[[4590, 4597]]","Treasury yields up a little. Market participants pointed to a range of factors contributing to the decline in stock prices, including concerns about the outlook for trade policy both in the United States and abroad, the potential for increased regulatory oversight of US t"
2018-05-02,2018-05-02_0002,equity price*,Equity prices,17932,17945,negative,declin*,"[[17946, 17954]]","ets, but these concerns subsequently seemed to recede amid stronger-than-expected corporate earnings reports. Equity prices declined, nominal Treasury yields increased modestly, and market-based measures of inflation compensation ticked up on net. Meanwhile, financing cond"
2018-05-02,2018-05-02_0003,s p 500 index,s p 500 index,19658,19671,negative,decreas*,"[[19672, 19681]]","st rates continued to decline over the intermeeting period after their marked increase earlier this year. The s p 500 index decreased over the period on net. Equity prices declined early in the intermeeting period, reportedly in response to trade tensions between the Unite"
2018-05-02,2018-05-02_0004,equity price*,Equity prices,19706,19719,negative,declin*,"[[19720, 19728]]","ing period after their marked increase earlier this year. The s p 500 index decreased over the period on net. Equity prices declined early in the intermeeting period, reportedly in response to trade tensions between the United States and China as well as negative news abou"
2018-05-02,2018-05-02_0005,equity price*,equity prices,19903,19916,unclassified,,[],"e tensions between the United States and China as well as negative news about the technology sector. However, equity prices subsequently retraced some of the earlier declines as concerns about trade policy seemed to ease and corporate earnings reports for the first quarter"
2018-05-02,2018-05-02_0006,s p 500 index,s p 500 index,20150,20163,unclassified,,[],"orts for the first quarter of 2018 generally came in stronger than expected. Option-implied volatility on the s p 500 index at the one-month horizon--the VIX--declined but remained at elevated levels relative to 2017, ending the period at approximately 15 percent. On net, "
2018-05-02,2018-05-02_0007,equity market*,equity markets,21072,21086,unclassified,,[],"mained elevated. Money market dynamics over quarter-end were muted relative to previous quarter-ends. Foreign equity markets were mixed over the intermeeting period, with investors attuned to developments related to US and Chinese trade policies and to news about the US tec"
2018-05-02,2018-05-02_0008,equity index*,equity indexes,21280,21294,unclassified,,[],"ated to US and Chinese trade policies and to news about the US technology sector. Broad Japanese and European equity indexes outperformed their US counterparts, ending the period somewhat higher. Market-based measures of policy expectations and longer-term yields were littl"
2018-05-02,2018-05-02_0009,asset valu*,asset valuation,25043,25058,negative,pressure*,"[[25059, 25068]]","te on balance. This overall assessment incorporated the staff's judgment that vulnerabilities associated with asset valuation pressures, while having come down a little in recent months, nonetheless continued to be elevated. The staff judged vulnerabilities from financial-se"
2018-05-02,2018-05-02_0010,asset valu*,asset valuation,25641,25656,ambiguous,elevat* | pressure*,"[[25632, 25640], [25657, 25666]]","e while highlighting specific issues in some foreign economies, including--depending on the country--elevated asset valuation pressures, high private or sovereign debt burdens, and political uncertainties. Staff Economic Outlook The staff projection for US economic activity "
2018-05-02,2018-05-02_0011,equity price*,equity prices,36840,36853,unclassified,,[],"a bit of the depreciation of the dollar since its 2016 peak. With their decline over the intermeeting period, equity prices were about unchanged, on net, since the beginning of the year but were still near their historical highs. Longer-term Treasury yields rose, but somew"
2018-05-02,2018-05-02_0012,asset valu*,asset valuations,37423,37439,unclassified,,[],"y environment may have become less prevalent, and that some investors may have become more cautious. However, asset valuations across a range of markets and leverage in the nonfinancial corporate sector remained elevated relative to historical norms, leaving some borrowers vu"
2018-06-13,2018-06-13_0000,household* net worth,households' net worth,10784,10805,unclassified,,[],"factors that influence consumer spending--including gains in employment, real disposable personal income, and households' net worth--continued to be supportive of solid real PCE growth in the near term. In addition, the lower tax withholding resulting from the tax cuts enacted lat"
2018-06-13,2018-06-13_0001,stock price*,stock price,15013,15024,unclassified,,[],"notably as a range of AFE and EME currencies and sovereign bonds came under pressure. However, broad domestic stock price indexes increased, on net, as generally strong corporate earnings reports helped support prices. Meanwhile, financing conditions for nonfinancial bus"
2018-06-13,2018-06-13_0002,equity price*,equity prices,16059,16072,unclassified,,[],"vulnerabilities. EME mutual funds saw slight net outflows, and, on balance, EME sovereign spreads widened and equity prices edged lower. In the AFEs, sovereign spreads in some peripheral European countries widened and European bank shares came under pressure, as investors "
2018-06-13,2018-06-13_0003,equity index*,equity indexes,16272,16286,unclassified,,[]," and European bank shares came under pressure, as investors focused on political developments in Italy. Broad equity indexes in the euro area, with the exception of Italy, ended the period little changed, while those in Canada, the United Kingdom, and Japan edged higher. Ma"
2018-06-13,2018-06-13_0004,asset market*,asset markets,16766,16779,unclassified,,[],g period--including the May FOMC statement and the May FOMC meeting minutes--elicited only minor reactions in asset markets. Quotes on federal funds futures contracts suggested that the probability of an increase in the target range for the federal funds rate occurring at 
2018-06-13,2018-06-13_0005,equity price index*,equity price indexes,17380,17400,positive,increas*,"[[17401, 17410]]","n compensation derived from Treasury Inflation-Protected Securities were also little changed on net. Broad US equity price indexes increased about 5 percent, on net, since the May FOMC meeting, boosted in part by the stronger-than-expected May Employment Situation report. Stock p"
2018-06-13,2018-06-13_0006,stock price*,Stock prices,17543,17555,unclassified,,[],"t, since the May FOMC meeting, boosted in part by the stronger-than-expected May Employment Situation report. Stock prices also appeared to have been buoyed by first-quarter earnings reports that generally beat expectations--particularly for the technology sector, which o"
2018-06-13,2018-06-13_0007,equity price*,equity prices,17841,17854,negative,weigh* on,"[[17830, 17840]]","rket. However, the turbulence abroad and, to a lesser degree, mounting concerns about trade policy weighed on equity prices at times. Option-implied volatility on the s p 500 at the one-month horizon--the VIX--was down somewhat, on net, remaining just a couple of percentag"
2018-08-01,2018-08-01_0000,asset price*,Asset prices,11820,11832,unclassified,,[],"MA) provided a summary of developments in domestic and global financial markets over the intermeeting period. Asset prices were influenced by a number of factors, including reports concerning trade tensions among the United States and its major trading partners, foreign m"
2018-08-01,2018-08-01_0001,equity price*,equity prices,12365,12378,unclassified,,[],tes and the European Union to continue talks to resolve their trade disputes provided some support for global equity prices. The manager summarized recent policy announcements by the European Central Bank (ECB) and the Bank of Japan (BOJ). European yields moved lower follo
2018-08-01,2018-08-01_0002,household* net worth,households' net worth,18127,18148,unclassified,,[],"factors that influence consumer spending--including gains in employment, real disposable personal income, and households' net worth--continued to be supportive of solid real PCE growth in the near term. Consumer sentiment, as measured by the University of Michigan Surveys of Consu"
2018-08-01,2018-08-01_0003,equity market*,equity markets,21946,21960,unclassified,,[],"weighed on market sentiment at times over the intermeeting period, prompting notable declines in some foreign equity markets but leaving only a modest imprint on domestic asset prices on net. Meanwhile, FOMC communications were viewed by market participants as slightly less"
2018-08-01,2018-08-01_0004,asset price*,asset prices,22007,22019,unclassified,,[],"riod, prompting notable declines in some foreign equity markets but leaving only a modest imprint on domestic asset prices on net. Meanwhile, FOMC communications were viewed by market participants as slightly less accommodative than expected, and domestic economic data re"
2018-08-01,2018-08-01_0005,asset price*,asset prices,22579,22591,unclassified,,[],"cial businesses and households remained supportive of economic activity on balance. Although the reactions of asset prices to FOMC communications during the period were generally modest, market participants reportedly interpreted the June FOMC statement and Summary of Eco"
2018-08-01,2018-08-01_0006,equity price index*,equity price indexes,23704,23724,unclassified,,[],"riod, but sentiment was buoyed later by positive corporate earnings releases for the second quarter. Broad US equity price indexes displayed mixed results since the June FOMC meeting. Option-implied volatility on the s p 500 index at the one-month horizon--the VIX--was little cha"
2018-08-01,2018-08-01_0007,s p 500 index,s p 500 index,23811,23824,unclassified,,[],"US equity price indexes displayed mixed results since the June FOMC meeting. Option-implied volatility on the s p 500 index at the one-month horizon--the VIX--was little changed, on net, and remained only a bit above the very low levels that prevailed before early February"
2018-08-01,2018-08-01_0008,equity price*,equity prices,24933,24946,negative,low*,"[[24947, 24952]]","ons contributed to an unusually sharp depreciation of the Chinese renminbi. Trade tensions also drove foreign equity prices lower, but there was a modest reversal late in the intermeeting period following an agreement between the United States and the European Union to hol"
2018-08-01,2018-08-01_0009,equity price*,equity prices,25160,25173,unclassified,,[],"he United States and the European Union to hold off on tariff increases pending further negotiations. On net, equity prices were little changed in the AFEs, while they declined in the EMEs, led largely by a steep drop in China. Outflows from dedicated emerging market funds"
2018-08-01,2018-08-01_0010,asset valu*,asset valuation,29593,29608,negative,pressure*,"[[29609, 29618]]","te on balance. This overall assessment incorporated the staff's judgment that vulnerabilities associated with asset valuation pressures continued to be elevated, with no major asset class exhibiting valuations below their historical midpoints. Additionally, the staff judged "
2018-08-01,2018-08-01_0011,equity price*,equity prices,40770,40783,unclassified,,[],"meeting period, only a small change in overall financial conditions occurred, with modest movements on net in equity prices and in the foreign exchange value of the dollar. The yield curve had flattened further over the intermeeting period. Participants who commented on fi"
2018-08-01,2018-08-01_0012,asset valu*,asset valuations,40962,40978,unclassified,,[], flattened further over the intermeeting period. Participants who commented on financial stability noted that asset valuations remained elevated and corporate borrowing terms remained easy. They also noted that regulatory changes introduced in the past decade had helped to re
2018-09-26,2018-09-26_0000,equity market*,equity markets,4686,4700,unclassified,,[],"nts. In global markets, strains in emerging market economies (EMEs) contributed to volatility in currency and equity markets over the period. In addition, concerns about trade tensions between the United States and China were the focus of a great deal of attention among mar"
2018-09-26,2018-09-26_0001,equity market*,equity markets,5272,5286,unclassified,,[],"to counter significant renminbi depreciation. Regarding domestic financial markets, the manager noted that US equity markets had posted strong gains, spurred by optimism regarding the US economic outlook and rising corporate earnings. Longer-term Treasury yields moved highe"
2018-09-26,2018-09-26_0002,household* net worth,households' net worth,11156,11177,unclassified,,[],"factors that influence consumer spending--including gains in employment, real disposable personal income, and households' net worth--continued to be supportive of solid real PCE growth in the near term. Moreover, consumer sentiment, as measured by the University of Michigan Survey"
2018-09-26,2018-09-26_0003,stock price*,stock prices,15275,15287,positive,rose,"[[15288, 15292]]","ications over the period were largely in line with expectations and elicited little market reaction. Domestic stock prices rose, buoyed in part by positive news about corporate earnings, while foreign equity indexes declined and the broad dollar index moved up. Financing "
2018-09-26,2018-09-26_0004,equity index*,equity indexes,15366,15380,negative,declin*,"[[15381, 15389]]","reaction. Domestic stock prices rose, buoyed in part by positive news about corporate earnings, while foreign equity indexes declined and the broad dollar index moved up. Financing conditions for nonfinancial businesses and households remained supportive of economic activit"
2018-09-26,2018-09-26_0005,equity price*,equity prices,16194,16207,unclassified,,[],"om dedicated emerging market funds, and EME sovereign bond spreads widened. Trade tensions weighed on foreign equity prices, as the United States continued its trade negotiations with Canada and placed additional tariffs on Chinese products. FOMC communications elicited li"
2018-09-26,2018-09-26_0006,equity price index*,equity price indexes,17530,17550,positive,increas*,"[[17551, 17560]]","on-Protected Securities over the next 5 years ticked up and were little changed 5 to 10 years ahead. Broad US equity price indexes increased about 4 percent since the August FOMC meeting, as positive news about corporate earnings and the domestic economy outweighed negative inter"
2018-09-26,2018-09-26_0007,stock price*,Stock prices,17723,17735,positive,increas*,"[[17736, 17745]]","sitive news about corporate earnings and the domestic economy outweighed negative international developments. Stock prices increased for many sectors in the s p 500 index, as the second-quarter earnings reports for firms that reported later in the earnings cycle came in s"
2018-09-26,2018-09-26_0008,s p 500 index,s p 500 index,17770,17783,unclassified,,[],"mestic economy outweighed negative international developments. Stock prices increased for many sectors in the s p 500 index, as the second-quarter earnings reports for firms that reported later in the earnings cycle came in strong. However, concerns about economic prospect"
2018-09-26,2018-09-26_0009,s p 500 index,s p 500 index,18116,18129,unclassified,,[],"o weigh on stocks in the energy and basic materials sectors, which declined. Option-implied volatility on the s p 500 index at the one-month horizon--the VIX--moved down but remained somewhat above the extremely low levels seen in late 2017. Spreads of investment- and spec"
2018-09-26,2018-09-26_0010,equity price*,equity prices,31689,31702,positive,increas*,"[[31676, 31685]]","in interest rates and appreciation of the dollar over the intermeeting period had been offset by increases in equity prices, and broader measures continued to point to accommodative financial conditions. Some participants commented about the continued growth in leveraged l"
2018-11-08,2018-11-08_0000,equity market*,equity market,13759,13772,unclassified,,[]," System Open Market Account (SOMA) reviewed recent developments in domestic and global financial markets. The equity market was quite volatile over the intermeeting period, with US stock prices down as much as 10 percent at one point before recovering somewhat. Investors p"
2018-11-08,2018-11-08_0001,stock price*,stock prices,13830,13842,negative,down,"[[13843, 13847]]","stic and global financial markets. The equity market was quite volatile over the intermeeting period, with US stock prices down as much as 10 percent at one point before recovering somewhat. Investors pointed to a number of uncertainties in the global outlook that may hav"
2018-11-08,2018-11-08_0002,stock price*,stock prices,14024,14036,negative,declin*,"[[14013, 14020]]","estors pointed to a number of uncertainties in the global outlook that may have contributed to the decline in stock prices, including ongoing trade tensions between the United States and China, growing concerns about the fiscal position of the Italian government and its b"
2018-11-08,2018-11-08_0003,equity price*,equity prices,14498,14511,negative,pressure*,"[[14486, 14494]]"," an increase in longer-term Treasury yields over recent weeks as factors contributing to downward pressure on equity prices. The volatility in equity markets was accompanied by a rise in risk spreads on corporate debt, although the widening in risk spreads was not as notab"
2018-11-08,2018-11-08_0004,equity market*,equity markets,14531,14545,unclassified,,[],"ury yields over recent weeks as factors contributing to downward pressure on equity prices. The volatility in equity markets was accompanied by a rise in risk spreads on corporate debt, although the widening in risk spreads was not as notable as in some past stock market do"
2018-11-08,2018-11-08_0005,stock market*,stock market,14680,14692,unclassified,,[],"e in risk spreads on corporate debt, although the widening in risk spreads was not as notable as in some past stock market downturns. On balance, the turbulence in equity markets did not leave much imprint on near-term US monetary policy expectations. Respondents to the O"
2018-11-08,2018-11-08_0006,equity market*,equity markets,14734,14748,unclassified,,[],"ning in risk spreads was not as notable as in some past stock market downturns. On balance, the turbulence in equity markets did not leave much imprint on near-term US monetary policy expectations. Respondents to the Open Market Desk's recent Survey of Primary Dealers and S"
2018-11-08,2018-11-08_0007,stock price*,stock price,15634,15645,unclassified,,[],"lowing of economic expansion and the implications of continued trade tensions with the United States. Chinese stock price indexes declined further over the intermeeting period and were off nearly 20 percent on the year to date. The renminbi continued to depreciate, movin"
2018-11-08,2018-11-08_0008,equity price*,equity prices,22095,22108,positive,increas*,"[[22082, 22091]]","er spending--including solid gains in real disposable personal income and the effects of earlier increases in equity prices and home values on households' net worth--continued to be supportive of solid real PCE growth in the near term. Consumer sentiment, as measured by th"
2018-11-08,2018-11-08_0009,household* net worth,households' net worth,22128,22149,unclassified,,[],"s in real disposable personal income and the effects of earlier increases in equity prices and home values on households' net worth--continued to be supportive of solid real PCE growth in the near term. Consumer sentiment, as measured by the University of Michigan Surveys of Consu"
2018-11-08,2018-11-08_0010,equity market*,equity market,25875,25888,unclassified,,[]," ongoing international trade tensions, the global growth outlook, and rising interest rates weighed on global equity market sentiment over the intermeeting period. Domestic stock prices declined considerably, on net, and equity market implied volatility rose. Nominal Treas"
2018-11-08,2018-11-08_0011,stock price*,stock prices,25938,25950,negative,declin*,"[[25951, 25959]]","k, and rising interest rates weighed on global equity market sentiment over the intermeeting period. Domestic stock prices declined considerably, on net, and equity market implied volatility rose. Nominal Treasury yields ended the period higher amid some moderate volatili"
2018-11-08,2018-11-08_0012,equity market*,equity market,25986,25999,unclassified,,[],"quity market sentiment over the intermeeting period. Domestic stock prices declined considerably, on net, and equity market implied volatility rose. Nominal Treasury yields ended the period higher amid some moderate volatility, and the broad dollar index moved up. Financin"
2018-11-08,2018-11-08_0013,equity price index*,equity price indexes,26299,26319,negative,declin*,"[[26320, 26328]]"," and households remained supportive of economic activity on balance. During the intermeeting period, broad US equity price indexes declined considerably, on net, amid somewhat elevated day-to-day volatility. Various factors appeared to weigh on investor sentiment including news r"
2018-11-08,2018-11-08_0014,stock price*,Stock prices,26602,26614,unclassified,,[],"national trade tensions and investors' concerns about the sustainability of strong corporate earnings growth. Stock prices in the basic materials and industrial sectors underperformed the broader market, reportedly reflecting an increase in trade tensions with China. More"
2018-11-08,2018-11-08_0015,equity valu*,equity valuations,26803,26820,unclassified,,[],"t, reportedly reflecting an increase in trade tensions with China. More broadly, investors seemed to reassess equity valuations that appeared elevated. Investors also reacted to some large firms raising concerns about the effect of rising costs on their future profitability in"
2018-11-08,2018-11-08_0016,s p 500 index,s p 500 index,27035,27048,unclassified,,[],"rising costs on their future profitability in their latest earnings reports. Option-implied volatility on the s p 500 index at the one-month horizon--the VIX--increased, though it remained below the levels seen in early February. Despite the considerable declines in domest"
2018-11-08,2018-11-08_0017,stock price*,stock prices,27201,27213,unclassified,,[],"ed, though it remained below the levels seen in early February. Despite the considerable declines in domestic stock prices, spreads of investment- and speculative-grade corporate bonds over comparable-maturity Treasury yields widened only modestly. FOMC communications ove"
2018-11-08,2018-11-08_0018,equity price*,equity prices,28685,28698,unclassified,,[],"t reverse repo facility remained low. Over the intermeeting period, global investors focused on changes in US equity prices and interest rates, ongoing trade tensions between the United States and China, and uncertainty regarding budget negotiations between the Italian gov"
2018-11-08,2018-11-08_0019,equity price*,equity prices,28888,28901,unclassified,,[], and uncertainty regarding budget negotiations between the Italian government and the European Union. Foreign equity prices posted notable net declines; option-implied measures of foreign equity volatility spiked in October but remained well below levels seen in February a
2018-11-08,2018-11-08_0020,asset valu*,asset valuation,32603,32618,negative,pressure*,"[[32619, 32628]]","te on balance. This overall assessment incorporated the staff's judgment that vulnerabilities associated with asset valuation pressures continued to be elevated, that vulnerabilities from financial-sector leverage and maturity and liquidity transformation remained low, and t"
2018-11-08,2018-11-08_0021,equity price*,equity prices,34408,34421,unclassified,,[],"P growth was only a bit weaker than in the previous forecast, primarily reflecting a lower projected path for equity prices, leaving the unemployment rate forecast little revised. With labor market conditions already tight, the staff continued to assume that projected empl"
2018-11-08,2018-11-08_0022,equity price*,equity prices,43185,43198,negative,declin*,"[[43199, 43207]]","cial developments, participants observed that financial conditions tightened over the intermeeting period, as equity prices declined, longer-term yields and borrowing costs for most sectors increased, and the foreign exchange value of the dollar rose. Despite these develop"
2018-12-19,2018-12-19_0000,asset price*,Asset prices,13663,13675,unclassified,,[],"n Market Operations The SOMA manager reviewed developments in financial markets over the intermeeting period. Asset prices were volatile in recent weeks, reportedly reflecting a pullback from risk-taking by investors. In part, the deterioration in risk sentiment appeared "
2018-12-19,2018-12-19_0001,stock price*,stock prices,14142,14154,negative,down,"[[14160, 14164]]"," of Brexit negotiations, and uncertainties about the political situation in Europe. Against this backdrop, US stock prices were down nearly 8 percent on the period. Risk spreads on corporate bonds widened appreciably, with market participants reportedly focusing on the po"
2018-12-19,2018-12-19_0002,equity price*,equity prices,20145,20158,positive,increas*,"[[20132, 20141]]"," spending--including ongoing gains in real disposable personal income and the effects of earlier increases in equity prices and home values on households' net worth--continued to be supportive of solid real PCE growth in the near term. Consumer sentiment, as measured by th"
2018-12-19,2018-12-19_0003,household* net worth,households' net worth,20178,20199,unclassified,,[],"s in real disposable personal income and the effects of earlier increases in equity prices and home values on households' net worth--continued to be supportive of solid real PCE growth in the near term. Consumer sentiment, as measured by the University of Michigan Surveys of Consu"
2018-12-19,2018-12-19_0004,equity price*,equity prices,24677,24690,negative,declin*,"[[24691, 24699]]",oreign economies and growing concerns over escalating trade frictions. Both nominal US Treasury yields and US equity prices declined notably over the period. Financing conditions for businesses and households tightened a bit but generally remained supportive of economic gr
2018-12-19,2018-12-19_0005,equity price*,equity prices,26122,26135,unclassified,,[],y of corporate earnings growth were among the factors that appeared to contribute to a significant drop in US equity prices. The declines were largest in the technology and retail sectors. One-month option-implied volatility on the s p 500 index--the VIX--increased over th
2018-12-19,2018-12-19_0006,s p 500 index,s p 500 index,26244,26257,unclassified,,[],"s. The declines were largest in the technology and retail sectors. One-month option-implied volatility on the s p 500 index--the VIX--increased over the period and corporate credit spreads widened, consistent with the selloff in equities. Over the intermeeting period, fore"
2018-12-19,2018-12-19_0007,equities,equities,26363,26371,unclassified,,[],"ndex--the VIX--increased over the period and corporate credit spreads widened, consistent with the selloff in equities. Over the intermeeting period, foreign financial markets were affected by perceived increases in downside risks to the global growth outlook and ongo"
2018-12-19,2018-12-19_0008,equity market*,Equity markets,26703,26717,unclassified,,[],"a. Investors also focused on the state of negotiations over Brexit and the Italian government budget deficit. Equity markets in AFEs posted notable declines, and Europe-dedicated bond and equity funds reported strong outflows. Equity declines in EMEs were more modest, and e"
2018-12-19,2018-12-19_0009,stock market*,stock market,29073,29085,unclassified,,[],"nce through both seasoned and initial offerings moderated, consistent with the weakness and volatility in the stock market. In the commercial real estate (CRE) sector, financing conditions remained accommodative. Commercial mortgage-backed securities (CMBS) spreads widene"
2018-12-19,2018-12-19_0010,equity price*,equity prices,30197,30210,negative,declin*,"[[30186, 30193]]","ming data on economic activity and the recent tightening in financial conditions, particularly the decline in equity prices, the US economic forecast prepared by the staff for the December FOMC meeting was little revised on balance. The staff continued to expect that real "
2018-12-19,2018-12-19_0011,equity price*,equity prices,34689,34702,negative,declin*,"[[34677, 34685]]","ial markets were volatile and conditions had tightened over the intermeeting period, with sizable declines in equity prices and notably wider corporate credit spreads coinciding with a continued flattening of the Treasury yield curve; in part, these changes in financial co"
2018-12-19,2018-12-19_0012,equity price*,equity prices,41038,41051,negative,declin*,"[[41052, 41060]]","t financial markets had been volatile and financial conditions had tightened over the intermeeting period, as equity prices declined, corporate credit spreads widened, and the Treasury yield curve continued to flatten. Some participants commented that these developments ma"
2019-01-30,2019-01-30_0000,risk* asset price*,risk asset prices,32796,32813,negative,declin*,"[[32784, 32792]]","cipants pointed to a number of factors as contributing to the heightened volatility and sustained declines in risk asset prices and interest rates over recent months including a weaker outlook and greater uncertainties for foreign economies (particularly for Europe and China),"
2019-01-30,2019-01-30_0001,stock price*,stock prices,34034,34046,unclassified,,[],"olicy and that it would be flexible in managing the reduction of securities holdings in the SOMA. On balance, stock prices finished the period up almost 5 percent while corporate risk spreads narrowed, reversing a portion of the changes in these variables since the Septem"
2019-01-30,2019-01-30_0002,equity market*,equity markets,37040,37054,unclassified,,[],"t runoff and associated ""quantitative tightening"" had been an important factor contributing to the selloff in equity markets in the closing months of last year. While respondents assessed that the reduction of securities held in the SOMA would put some modest upward pressur"
2019-01-30,2019-01-30_0003,risk* asset price*,risky asset prices,37613,37631,negative,pressure*,"[[37601, 37609]]","the runoff of the Federal Reserve's securities holdings was a factor putting significant downward pressure on risky asset prices, and the investment decisions of these investors, particularly in thin market conditions around the year-end, might have had an outsized effect on ma"
2019-01-30,2019-01-30_0004,household* net worth,households' net worth,52472,52493,unclassified,,[]," consumer spending--including ongoing gains in real disposable personal income and still-elevated measures of households' net worth--continued to be supportive of solid real PCE growth in the near term. Consumer sentiment, as measured by the University of Michigan Surveys of Consu"
2019-01-30,2019-01-30_0005,equity index*,equity indexes,57339,57353,negative,declin*,"[[57354, 57362]]","articipants as contributing to a deterioration in risk sentiment early in the period. During this time, broad equity indexes declined substantially amid a sharp rise in financial market volatility, and corporate bond spreads widened notably. Subsequently, positive signals r"
2019-01-30,2019-01-30_0006,s p 500 index,s p 500 index,57652,57665,positive,rose,"[[57666, 57670]]","data releases, and communications from FOMC participants led to an improvement in risk sentiment. On net, the s p 500 index rose, option-implied volatility--the VIX--fell, Treasury yields declined, and corporate spreads narrowed over the intermeeting period. Despite the in"
2019-01-30,2019-01-30_0007,asset market*,asset markets,59800,59813,unclassified,,[],"he period; both measures were down significantly from levels prevailing in the fall of last year. In US risky asset markets, the s p 500 equity index was down as much as 8 percent at one point during the period but ended the period notably higher. On net, the VIX fell subs"
2019-01-30,2019-01-30_0008,equity index*,equity index,59827,59839,negative,down,"[[59844, 59848]]","re down significantly from levels prevailing in the fall of last year. In US risky asset markets, the s p 500 equity index was down as much as 8 percent at one point during the period but ended the period notably higher. On net, the VIX fell substantially while corporate "
2019-01-30,2019-01-30_0009,equity price*,equity prices,60626,60639,positive,mov* up,"[[60640, 60648]]","oreign financial markets followed the same general pattern as those in the United States. On balance, foreign equity prices moved up moderately and sovereign credit spreads in EMEs narrowed. Moreover, inflows to dedicated emerging market funds resumed after two quarters of"
2019-01-30,2019-01-30_0010,asset valu*,asset valuation,64881,64896,negative,pressure*,"[[64897, 64906]]","viewed as substantial and as likely exacerbated by thin year-end liquidity, among other factors. Staff judged asset valuation pressures in equity and corporate debt markets to have abated somewhat in the period since the assessment presented in the November 2018 financial st"
2019-01-30,2019-01-30_0011,equity price*,equity prices,65841,65854,unclassified,,[],"eting was revised down a little, on balance, primarily reflecting somewhat lower projected paths for domestic equity prices and foreign economic growth. The staff estimated that US real GDP growth was solid in the fourth quarter of last year, bolstered by consumer spending"
2019-01-30,2019-01-30_0012,equity price*,equity prices,75983,75996,negative,low*,"[[75977, 75982]]","n volatile and financial conditions were materially tighter than they had been several months ago, with lower equity prices and wider corporate risk spreads. Several participants also noted that the slope of the Treasury yield curve was unusually flat by historical standar"
2019-01-30,2019-01-30_0013,asset price*,asset prices,76286,76298,unclassified,,[],"n been associated with a deterioration in future macroeconomic performance. Participants noted that financial asset prices appeared to be sensitive to information regarding trade policy tensions, domestic fiscal and monetary policy, and global economic growth prospects. A"
2019-01-30,2019-01-30_0014,asset valu*,asset valuations,81524,81540,unclassified,,[],"lower end of the range of estimates of the neutral policy rate. Moreover, inflation pressures were muted, and asset valuations were less stretched than they had been a few months earlier. Many participants suggested that it was not yet clear what adjustments to the target ran"
2019-03-20,2019-03-20_0000,equity index*,equity indexes,16056,16070,positive,mov* high*,"[[16071, 16083]]","e SOMA discussed developments in global financial markets over the intermeeting period. In the United States, equity indexes moved higher and credit spreads tightened. Market participants attributed these moves largely to a perceived shift in the FOMC's approach to policy f"
2019-03-20,2019-03-20_0001,equity market*,equity markets,16689,16703,unclassified,,[],"cement of another round of targeted long-term refinancing operations, were followed by a decline in euro-area equity markets, particularly bank stocks, as well as declines in euro-area rates. Market contacts attributed the price reaction to a perception that the measures we"
2019-03-20,2019-03-20_0002,household* net worth,households' net worth,24635,24656,unclassified,,[],"--including a low unemployment rate, ongoing gains in real labor compensation, and still elevated measures of households' net worth--were supportive of a pickup in consumer spending to a solid pace in the near term. In addition, consumer sentiment, as measured by the University of"
2019-03-20,2019-03-20_0003,equity price index*,equity price indexes,29462,29482,positive,increas*,"[[29483, 29492]]","sm for a trade deal between the United States and China as factors that contributed to the improvement. Broad equity price indexes increased notably, corporate bond spreads narrowed, and measures of equity market volatility declined. Meanwhile, financing conditions for businesses"
2019-03-20,2019-03-20_0004,equity market*,equity market,29551,29564,unclassified,,[],"e improvement. Broad equity price indexes increased notably, corporate bond spreads narrowed, and measures of equity market volatility declined. Meanwhile, financing conditions for businesses and households improved slightly and generally remained supportive of economic ac"
2019-03-20,2019-03-20_0005,equity price index*,equity price indexes,31356,31376,positive,increas*,"[[31377, 31386]]","rotected Securities increased modestly, on net, al­though they remained below levels seen last fall. Major US equity price indexes increased over the intermeeting period, with broad-based gains across sectors. Improved prospects for a trade deal between the United States and Chin"
2019-03-20,2019-03-20_0006,stock price*,stock prices,31785,31797,unclassified,,[],"urth quarter of 2018 and earnings projections for 2019. Consistent with reports about a potential trade deal, stock prices of firms with greater exposure to China generally outperformed the s p 500 index. Option- implied volatility on the s p 500 index at the one-month ho"
2019-03-20,2019-03-20_0007,s p 500 index,s p 500 index,31865,31878,unclassified,,[],"about a potential trade deal, stock prices of firms with greater exposure to China generally outperformed the s p 500 index. Option- implied volatility on the s p 500 index at the one-month horizon--the VIX--declined and reached its lowest point this year. Spreads on inves"
2019-03-20,2019-03-20_0008,s p 500 index,s p 500 index,31914,31927,unclassified,,[],ms with greater exposure to China generally outperformed the s p 500 index. Option- implied volatility on the s p 500 index at the one-month horizon--the VIX--declined and reached its lowest point this year. Spreads on investment- and speculative-grade corporate bonds narr
2019-03-20,2019-03-20_0009,equity price*,equity prices,32112,32125,positive,gain*,"[[32103, 32108]]","his year. Spreads on investment- and speculative-grade corporate bonds narrowed, consistent with the gains in equity prices, but were still wider than levels observed last fall. Conditions in short-term funding markets generally remained stable over the intermeeting period"
2019-03-20,2019-03-20_0010,equity price*,equity prices,33204,33217,unclassified,,[],"s and more than offset the effects of continued concerns about foreign economic growth. In particular, global equity prices generally ended the period higher, and dedicated emerging market funds continued to see inflows. At the same time, long-term AFE yields declined some"
2019-03-20,2019-03-20_0011,stock market*,stock market,34931,34943,unclassified,,[],"of gross equity issuance was sluggish in January but ticked up in February, consistent with the uptick in the stock market. In the commercial real estate (CRE) sector, financing conditions continued to be generally accommodative. Commercial mortgage-backed securities (CMB"
2019-03-20,2019-03-20_0012,equity price*,equity prices,36316,36329,unclassified,,[]," and foreign economic growth that were only partially offset by a somewhat higher projected path for domestic equity prices and a lower projected trajectory for interest rates. The staff forecast that US real GDP growth would slow markedly in the first quarter, reflecting "
2019-03-20,2019-03-20_0013,asset valu*,asset valuations,49357,49373,unclassified,,[], seen as an important contributor to the recent improvements in financial conditions. Participants noted that asset valuations had recovered strongly and also discussed the decline that had occurred in recent months in yields on longer-term Treasury securities. Several partic
2019-05-01,2019-05-01_0000,equities,equities,15041,15049,unclassified,,[],"OMA reviewed developments in financial markets over the intermeeting period. In the United States, prices for equities and other risk assets reportedly were buoyed by perceptions of an accommodative stance of monetary policy, incoming economic data pointing to continu"
2019-05-01,2019-05-01_0001,household* net worth,households' net worth,25353,25374,unclassified,,[],"g-including a low unemployment rate, ongoing gains in real labor compensation, and still elevated measures of households' net worth-were supportive of solid near-term gains in consumer expenditures. In addition, consumer sentiment, as measured by the University of Michigan Surveys"
2019-05-01,2019-05-01_0002,household wealth,household wealth,25660,25676,unclassified,,[],in April but was still upbeat. The staff reported preliminary analysis of the levels of and trends in average household wealth by racial and ethnic groups as measured by the Federal Reserve Board's Distributional Financial Accounts initiative. Real residential investment decl
2019-05-01,2019-05-01_0003,equity price index*,equity price indexes,30364,30384,positive,rose,"[[30385, 30389]]","Review of the Financial Situation Investor sentiment continued to improve over the intermeeting period. Broad equity price indexes rose notably and corporate bond spreads narrowed amid a decline in market volatility, and financing conditions for businesses and households also eas"
2019-05-01,2019-05-01_0004,equity price index*,equity price indexes,32127,32147,positive,increas*,"[[32148, 32157]]","n Protected Securities were changed little, on net, and remained below their early fall 2018 levels. Major US equity price indexes increased over the intermeeting period, with the s p 500 equity index returning to the levels it reached before its decline in the last quarter of 20"
2019-05-01,2019-05-01_0005,equity index*,equity index,32205,32217,unclassified,,[],"arly fall 2018 levels. Major US equity price indexes increased over the intermeeting period, with the s p 500 equity index returning to the levels it reached before its decline in the last quarter of 2018. Following the March FOMC meeting, bank stock prices declined, repo"
2019-05-01,2019-05-01_0006,stock price*,stock prices,32340,32352,negative,declin*,"[[32353, 32361]]"," the levels it reached before its decline in the last quarter of 2018. Following the March FOMC meeting, bank stock prices declined, reportedly on concerns about the potential effects of a flat or inverted yield curve on bank profits; bank stocks subsequently retraced thi"
2019-05-01,2019-05-01_0007,equity price*,equity prices,33397,33410,positive,increas*,"[[33411, 33420]]","rum. Global sovereign yields declined along with US Treasury yields following the March FOMC meeting. Foreign equity prices increased, on balance, amid optimism around trade negotiations between the United States and China, stronger-than-expected Chinese data, and accommod"
2019-05-01,2019-05-01_0008,asset valu*,asset valuation,36546,36561,negative,pressure*,"[[36562, 36571]]",". The staff provided an update on its assessments of potential risks to financial stability. The staff judged asset valuation pressures in equity and corporate debt markets to have increased significantly this year, though not quite to the elevated levels that prevailed for "
2019-05-01,2019-05-01_0009,equity price*,equity prices,37965,37978,unclassified,,[],"as revised up, primarily reflecting a lower assumed path for interest rates, a slightly higher trajectory for equity prices, and somewhat less appreciation of the broad real dollar. The staff's lower path for interest rates reflected a methodological change in how the staf"
2019-05-01,2019-05-01_0010,asset valu*,asset valuations,48973,48989,unclassified,,[],"elp support financial and macroeconomic stability over the longer run. A couple of participants observed that asset valuations in some markets appeared high, relative to fundamentals. A few participants commented on the positive role that the Board's semi-annual Financial Sta"
2019-06-19,2019-06-19_0000,equity price*,Equity prices,11208,11221,unclassified,,[],elopments reportedly led many market participants to take a more pessimistic view of the US economic outlook. Equity prices and interest rates fell noticeably after the announcement of higher tariffs on Chinese imports in early May and then again after news that tariffs mi
2019-06-19,2019-06-19_0001,household* net worth,households' net worth,18333,18354,unclassified,,[],"ng-including a low unemployment rate, further gains in real disposable income, and still elevated measures of households' net worth-were supportive of solid real PCE growth in the near term. In addition, the Michigan survey measure of consumer sentiment edged down in the prelimina"
2019-06-19,2019-06-19_0002,equity price*,Equity prices,22698,22711,negative,declin*,"[[22712, 22720]]","ury yields posted notable declines and the expected path of policy shifted down considerably over the period. Equity prices declined, on net, and corporate bond spreads widened. However, financing conditions for businesses and households generally remained supportive of ec"
2019-06-19,2019-06-19_0003,equity price index*,equity price indexes,24245,24265,negative,declin*,"[[24266, 24274]]","ation-Protected Securities also decreased notably over the period along with declines in oil prices. Major US equity price indexes declined, on net, over the intermeeting period. Equity prices fell notably over the first few weeks of the period, primarily in response to the escal"
2019-06-19,2019-06-19_0004,equity price*,Equity prices,24314,24327,negative,fell,"[[24328, 24332]]","ng with declines in oil prices. Major US equity price indexes declined, on net, over the intermeeting period. Equity prices fell notably over the first few weeks of the period, primarily in response to the escalation of trade tensions with China and Mexico. Firms with high"
2019-06-19,2019-06-19_0005,stock price*,stock prices,24674,24686,unclassified,,[],"ndustrials, communication services, and banks-posted particularly large losses. However, later in the period, stock prices regained a significant portion of their losses amid an easing of trade tensions with Mexico and expectations of a more accommodative stance of policy"
2019-06-19,2019-06-19_0006,s p 500 index,s p 500 index,24881,24894,unclassified,,[]," Mexico and expectations of a more accommodative stance of policy. One-month option-implied volatility on the s p 500 index-the VIX-increased over the period, and corporate credit spreads widened. Conditions in short-term funding markets remained stable over the intermeeti"
2019-06-19,2019-06-19_0007,equity price index*,equity price indexes,25622,25642,negative,declin*,"[[25643, 25651]]","alation of trade tensions and soft economic data also weighed on foreign financial markets. Most major global equity price indexes declined, on net, and EME sovereign spreads widened modestly. In the AFEs, policy expectations and sovereign yields declined notably, in part reflect"
2019-06-19,2019-06-19_0008,asset valu*,asset valuations,40379,40395,positive,high*,"[[40374, 40378]]","few participants pointed to the growth in debt issuance by nonfinancial corporations and still generally high asset valuations as developments that warranted continued monitoring. In their discussion of monetary policy decisions at this meeting, participants noted that, under"
2019-07-31,2019-07-31_0000,risk* asset price*,risk asset prices,18553,18570,unclassified,,[],"educed concern among market participants about important risks to the global outlook also appeared to support risk asset prices. Following the G-20 (Group of Twenty) meeting in late June, fewer Desk contacts and respondents to the Desk surveys expected a significant escalation"
2019-07-31,2019-07-31_0001,household* net worth,households' net worth,25012,25033,unclassified,,[],"spending-including a low unemployment rate, further gains in real disposable income, and elevated measures of households' net worth-were supportive of solid real PCE growth in the near term. In addition, the preliminary July reading on the Michigan survey measure of consumer senti"
2019-07-31,2019-07-31_0002,equity price*,Equity prices,29458,29471,positive,increas*,"[[29472, 29481]]","ding trade partially offset these declines. Yields on nominal Treasury securities were little changed on net. Equity prices increased, corporate bond spreads narrowed, and inflation compensation rose modestly. Financing conditions for businesses and households were little "
2019-07-31,2019-07-31_0003,stock price*,stock price,31256,31267,unclassified,,[],"increased geopolitical tensions with Iran-contributed to the upward pressure on inflation compensation. Broad stock price indexes increased, on net, over the intermeeting period, with notable increases following the June FOMC communications, the Chair's July Monetary Pol"
2019-07-31,2019-07-31_0004,equity price*,Equity price,31627,31639,positive,increas*,"[[31640, 31649]]","itionally, there was a slight positive reaction to news of an agreement on the federal budget and debt limit. Equity price increases were broad based across major sectors, with technology, financial, and communication services firms outperforming broad indexes. One-month "
2019-07-31,2019-07-31_0005,s p 500 index,s p 500 index,31822,31835,unclassified,,[],"ial, and communication services firms outperforming broad indexes. One-month option-implied volatility on the s p 500 index-the VIX-decreased slightly, on net, and corporate credit spreads narrowed. Conditions in domestic short-term funding markets remained fairly stable. "
2019-07-31,2019-07-31_0006,equity index*,equity indexes,32667,32681,positive,increas*,"[[32682, 32691]]","d some easing of trade tensions generally supported foreign risky assets over the intermeeting period. Global equity indexes increased modestly, while emerging market sovereign spreads narrowed. On balance, the broad dollar index ended the period modestly lower. Notably, th"
2019-07-31,2019-07-31_0007,asset valu*,asset valuation,35900,35915,negative,pressure*,"[[35916, 35925]]","to financial stability. On balance, the staff continued to view vulnerabilities as moderate. The staff judged asset valuation pressures to be notable in a number of markets, supported in part by the low level of Treasury yields. In assessing vulnerabilities stemming from lev"
2019-07-31,2019-07-31_0008,equity price*,equity prices,37633,37646,unclassified,,[],"DP growth over the medium term was a little stronger, supported by the effects of a higher projected path for equity prices and a lower trajectory for interest rates. Real GDP was forecast to expand at a rate a little above the staff's estimate of potential output growth i"
2019-07-31,2019-07-31_0009,stock price*,stock prices,49105,49117,unclassified,,[],"pants observed that financial conditions remained supportive of economic growth, with borrowing rates low and stock prices near all-time highs. Participants observed that current financial conditions appeared to be premised importantly on expectations that the Federal Res"
2019-07-31,2019-07-31_0010,asset market*,asset markets,50336,50349,unclassified,,[],"d on financial stability, most highlighted recent credit market developments, the elevated valuations in some asset markets, and the high level of nonfinancial corporate indebtedness. Several participants noted that high levels of corporate debt and leveraged lending posed"
2019-07-31,2019-07-31_0011,asset price*,asset prices,51022,51034,unclassified,,[],"so elevated. A couple of participants noted that the low level of Treasury yields-a factor seen as supporting asset prices across a range of markets-was a potential source of risk if yields moved sharply higher. However, these participants judged that in the near term, su"
2019-07-31,2019-07-31_0012,asset price*,asset prices,60104,60116,positive,elevat*,"[[60121, 60129]]",t target. One member also noted that a further easing in policy at a time when the economy is very strong and asset prices are elevated could have adverse implications for financial stability. Members agreed that in determining the timing and size of future adjustments to
2019-07-31,2019-07-31_0013,equity price*,equity prices,67734,67747,unclassified,,[],"the Committee's 2 percent target, and financial stability concerns were elevated, as indicated by near-record equity prices and corporate leverage. Consistent with the Committee's decision to lower the target range for the federal funds rate to 2 to 2-1/4 percent, the Boar"
2019-09-18,2019-09-18_0000,risk* asset price*,risk asset prices,16441,16458,negative,fell,"[[16459, 16463]]","s and the global growth outlook. In the weeks following the July FOMC meeting, US yields declined sharply and risk asset prices fell amid a spate of largely negative news about risks to the global economic outlook. These price moves reversed to some degree in September as deve"
2019-09-18,2019-09-18_0001,level* of household* net worth,levels of households' net worth,24442,24473,positive,high*,"[[24437, 24441]]"," influence consumer spending-including a low unemployment rate, further gains in real disposable income, high levels of households' net worth, and generally low borrowing rates-were supportive of solid real PCE growth in the near term. The preliminary September reading on the Michigan surve"
2019-09-18,2019-09-18_0002,equity price index*,equity price indexes,29829,29849,negative,down,"[[29855, 29859]]",ve headlines about trade policy. The market-implied path of the federal funds rate shifted down on net. Broad equity price indexes were down as much as 6 percent in early August but almost fully recovered by the end of the intermeeting period. Spreads on investment-grade corporat
2019-09-18,2019-09-18_0003,stock price*,stock price,32005,32016,unclassified,,[],"easures of inflation compensation derived from Treasury Inflation-Protected Securities declined on net. Broad stock price indexes decreased slightly, on net, over the intermeeting period amid heightened volatility. The escalation of trade tensions between China and the U"
2019-09-18,2019-09-18_0004,equity price*,equity prices,32190,32203,negative,weigh* on,"[[32179, 32189]]","d amid heightened volatility. The escalation of trade tensions between China and the United States weighed on equity prices, but investors' expectations that major central banks would shift toward more accommodative monetary policies provided some support. Equity prices we"
2019-09-18,2019-09-18_0005,equity price*,Equity prices,32337,32350,unclassified,,[],tions that major central banks would shift toward more accommodative monetary policies provided some support. Equity prices were also boosted by better-than-anticipated corporate earnings and retail-sector data. Stock prices of firms with high exposure to China underperfor
2019-09-18,2019-09-18_0006,stock price*,Stock prices,32439,32451,unclassified,,[],"upport. Equity prices were also boosted by better-than-anticipated corporate earnings and retail-sector data. Stock prices of firms with high exposure to China underperformed the broader market somewhat, as did bank stocks amid downward revisions to banks' earnings foreca"
2019-09-18,2019-09-18_0007,stock price*,stock prices,32622,32634,unclassified,,[],"der market somewhat, as did bank stocks amid downward revisions to banks' earnings forecasts. Conversely, the stock prices of utilities and real estate firms increased noticeably, reportedly benefiting from demand by investors reaching for less cyclical and higher-yieldin"
2019-09-18,2019-09-18_0008,s p 500 index,s p 500 index,32837,32850,unclassified,,[],"y investors reaching for less cyclical and higher-yielding assets. One-month option-implied volatility on the s p 500 index-the VIX-was little changed, on net, over the intermeeting period and remained at the lower end of its historical distribution after retracing a sharp"
2019-09-18,2019-09-18_0009,equities,equities,33910,33918,negative,declin*,"[[33919, 33927]]","d. Early in the intermeeting period, bond yields in the advanced foreign economies (AFEs) plunged and foreign equities declined notably following an increase in US-China trade tensions. Some weakness in foreign economic data, growing concerns about global growth, and "
2019-09-18,2019-09-18_0010,equity price*,equity prices,34233,34246,unclassified,,[],"ad contributed to further declines in yields. Later in the period, AFE yields partially rebounded and foreign equity prices fully recovered on some easing of US­-China trade tensions, as well as perceptions of reduced political uncertainty in the United Kingdom and Italy. "
2019-09-18,2019-09-18_0011,equity price*,equity prices,50677,50690,unclassified,,[],"dged that a prolonged inversion of the yield curve could be a matter of concern. Participants also noted that equity prices had exhibited volatility but had been largely flat, on balance, over the intermeeting period. Several participants cited considerations that led them"
2019-09-18,2019-09-18_0012,asset price*,asset prices,63123,63135,ambiguous,elevat* | adverse,"[[63114, 63122], [63147, 63154]]",rs also suggested that providing further accommodation during a period of high economic activity and elevated asset prices could have adverse consequences for financial stability. One member preferred a reduction in the target range of 50 basis points in the federal funds
2019-09-18,2019-09-18_0013,price* of risk* asset*,prices of risky assets,69748,69770,unclassified,,[], needed for an economy in which labor markets are already tight and could pose risks of further inflating the prices of risky assets and encouraging households and firms to take on too much leverage. Consistent with the Committee's decision to lower the target range for the federal
2019-10-30,2019-10-30_0000,level* of household* net worth,levels of households' net worth,32267,32298,positive,high*,"[[32262, 32266]]","nfluence consumer spending-including the low unemployment rate, further gains in real disposable income, high levels of households' net worth, and generally low borrowing rates-were supportive of solid real PCE growth in the near term. The Michigan survey measure of consumer sentiment rose "
2019-10-30,2019-10-30_0001,equity price*,equity prices,36706,36719,unclassified,,[],"sm regarding ongoing trade negotiations between the United States and China and positive Brexit news. On net, equity prices and corporate bond spreads were little changed, and the Treasury yield curve steepened a bit. Financing conditions for businesses and households rema"
2019-10-30,2019-10-30_0002,stock price*,stock price,38296,38307,unclassified,,[],"ad based on Treasury Inflation-Protected Securities inched down and remained near multiyear low levels. Broad stock price indexes fell by as much as 4 percent during the first half of the intermeeting period but recovered afterward, ending the period roughly unchanged. O"
2019-10-30,2019-10-30_0003,s p 500 index,s p 500 index,38489,38502,negative,declin*,"[[38503, 38511]]","meeting period but recovered afterward, ending the period roughly unchanged. Option-implied volatility on the s p 500 index declined slightly and ended the period below the middle of its historical distribution. On net, corporate credit spreads were little changed. Domesti"
2019-10-30,2019-10-30_0004,price* of risk* asset*,prices of risky assets,71499,71521,unclassified,,[],arkets are very tight. He judged that providing additional accommodation posed risks of further inflating the prices of risky assets and encouraging households and firms to take on too much leverage. Consistent with the Committee's decision to lower the target range for the federal
2019-12-11,2019-12-11_0000,level* of household* net worth,levels of households' net worth,24813,24844,positive,high*,"[[24808, 24812]]","uence consumer spending-including the low unemployment rate, the upward trend in real disposable income, high levels of households' net worth, and generally low interest rates-were supportive of solid real PCE growth in the near term. The Michigan survey measure of consumer sentiment rose a"
2019-12-11,2019-12-11_0001,equity price*,equity prices,28964,28977,positive,increas*,"[[28978, 28987]]","meeting period largely in response to ongoing trade negotiations between the United States and China. On net, equity prices increased moderately while corporate bond spreads narrowed slightly. Yields on nominal Treasury securities were little changed. Financing conditions "
2019-12-11,2019-12-11_0002,stock price*,stock price,30127,30138,unclassified,,[],ead based on Treasury Inflation-Protected Securities increased slightly from near multiyear low levels. Broad stock price indexes increased moderately over the intermeeting period amid movements largely attributed to trade-related developments and stronger-than-expected 
2019-12-11,2019-12-11_0003,s p 500 index,s p 500 index,30344,30357,positive,increas*,"[[30358, 30367]]","trade-related developments and stronger-than-expected US employment reports. Option-implied volatility on the s p 500 index increased modestly but remained near the low end of its historical distribution. On net, corporate credit spreads narrowed slightly. Conditions in sh"
2019-12-11,2019-12-11_0004,equity price index*,equity price indexes,31273,31293,unclassified,,[],"ment in foreign financial markets fluctuated in response to news on US-China trade negotiations. Most foreign equity price indexes and long-term sovereign yields in Germany, the United Kingdom, and Japan increased modestly on net. The broad dollar index ended the period little ch"
2019-12-11,2019-12-11_0005,equity price*,equity prices,34408,34421,unclassified,,[],"ium term was also revised up a bit, on balance, primarily in response to a somewhat higher projected path for equity prices. Nevertheless, real GDP growth was still expected to slow modestly in the coming years, largely because of a fading boost from fiscal policy. Output "
2020-01-29,2020-01-29_0000,asset price*,asset prices,30557,30569,unclassified,,[]," staff reported that the available empirical evidence suggests that the effects of changes in policy rates on asset prices and risk premiums tend to be modest relative to the historical fluctuations in those measures. However, there may be circumstances in which a persist"
2020-01-29,2020-01-29_0001,risk* asset price*,risk asset prices,39968,39985,positive,rose,"[[39986, 39990]]","SOMA manager reviewed developments in financial markets over the intermeeting period. For most of the period, risk asset prices rose as market participants focused on a perceived reduction in downside risks to the economic outlook, favorable data on foreign economic activity, "
2020-01-29,2020-01-29_0002,risk* asset price*,risk asset prices,40438,40455,unclassified,,[],"uarter to maintain ample reserve levels might have contributed to some degree to the rise in equity and other risk asset prices. Over the final few days of the intermeeting period, financial markets responded to news of the spread of the coronavirus that started in China, whic"
2020-01-29,2020-01-29_0003,equity price*,equity prices,40695,40708,unclassified,,[],"arted in China, which reportedly contributed to downward moves in Treasury yields and, to a lesser extent, US equity prices. On balance, US financial conditions became more accommodative over the intermeeting period, with equity prices rising notably. Despite signs of redu"
2020-01-29,2020-01-29_0004,equity price*,equity prices,40807,40820,positive,rising,"[[40821, 40827]]","uity prices. On balance, US financial conditions became more accommodative over the intermeeting period, with equity prices rising notably. Despite signs of reduced risks to the outlook and of some stabilization in economic activity abroad, financial market participants' v"
2020-01-29,2020-01-29_0005,level* of household* net worth,levels of households' net worth,49233,49264,positive,high*,"[[49228, 49232]]","uence consumer spending-including the low unemployment rate, the upward trend in real disposable income, high levels of households' net worth, and generally low interest rates-remained supportive of solid real PCE growth in the near term. In addition, recent readings on consumer confidence "
2020-01-29,2020-01-29_0006,price* of risk* asset*,prices of risky assets,54098,54120,negative,declin*,"[[54082, 54090]]","ut its potential economic effect weighed negatively on investor sentiment and led to moderate declines in the prices of risky assets. On net, equity prices increased notably over the intermeeting period, while corporate bond spreads were little changed and yields on nominal Treasur"
2020-01-29,2020-01-29_0007,equity price*,equity prices,54130,54143,positive,increas*,"[[54144, 54153]]"," weighed negatively on investor sentiment and led to moderate declines in the prices of risky assets. On net, equity prices increased notably over the intermeeting period, while corporate bond spreads were little changed and yields on nominal Treasury securities declined. "
2020-01-29,2020-01-29_0008,stock price*,stock price,55512,55523,unclassified,,[]," Treasury Inflation-Protected Securities decreased, on net, but remained above their October 2019 lows. Broad stock price indexes increased notably, on balance, over the intermeeting period, with gains largely attributed to improved market sentiment about trade negotiati"
2020-01-29,2020-01-29_0009,equity price*,equity prices,55755,55768,unclassified,,[],"timent about trade negotiations and a perceived lower probability of a disorderly Brexit. Late in the period, equity prices retraced some of their gains, as concerns about the spread of the coronavirus weighed negatively on risk sentiment. Overall movements in stock prices"
2020-01-29,2020-01-29_0010,stock price*,stock prices,55906,55918,unclassified,,[],"s, as concerns about the spread of the coronavirus weighed negatively on risk sentiment. Overall movements in stock prices varied widely across economic sectors, with stocks of firms in the information technology and utilities sectors significantly outperforming aggregate"
2020-01-29,2020-01-29_0011,stock price*,stock prices,56084,56096,unclassified,,[],"irms in the information technology and utilities sectors significantly outperforming aggregate indexes, while stock prices of firms in the energy sector declined markedly. Option-implied volatility on the s p 500 index increased a bit, on balance, while corporate credit s"
2020-01-29,2020-01-29_0012,s p 500 index,s p 500 index,56179,56192,positive,increas*,"[[56193, 56202]]","indexes, while stock prices of firms in the energy sector declined markedly. Option-implied volatility on the s p 500 index increased a bit, on balance, while corporate credit spreads were little changed. Conditions in domestic short-term funding markets, including in secu"
2020-01-29,2020-01-29_0013,equity price*,equity prices,56865,56878,positive,rose,"[[56879, 56883]]"," year-end. The Desk's open market operations proceeded smoothly. For most of the intermeeting period, foreign equity prices rose amid progress on US-China trade negotiations, generally favorable data on global economic activity, and the reduced risk of a disorderly Brexit "
2020-01-29,2020-01-29_0014,equity index*,equity indexes,57201,57215,positive,increas*,"[[57216, 57225]]","r, concerns about the coronavirus outbreak in China weighed on risk sentiment. On balance, most major foreign equity indexes increased modestly, and AFE long-term sovereign yields ended the period somewhat lower. U.K. and Canadian yields declined more than elsewhere against"
2020-01-29,2020-01-29_0015,asset valu*,asset valuation,60766,60781,negative,pressure*,"[[60782, 60791]]",he financial vulnerabilities of the US financial system were characterized as moderate. The staff judged that asset valuation pressures had increased in recent months to an elevated level. Asset valuation pressures were characterized as fairly widespread across a number of m
2020-01-29,2020-01-29_0016,asset valu*,Asset valuation,60845,60860,negative,pressure*,"[[60861, 60870]]","oderate. The staff judged that asset valuation pressures had increased in recent months to an elevated level. Asset valuation pressures were characterized as fairly widespread across a number of markets, similar to the situation in much of 2017 and 2018. In assessing vulnera"
2020-03-15,2020-03-15_0000,s p 500 index,s p 500 index,3954,3967,negative,declin*,"[[3968, 3976]]"," of the coronavirus and uncertainty regarding its effects. Since the meeting of the FOMC in late January, the s p 500 index declined 18 percent, nominal US Treasury yields moved 60 to 100 basis points lower, and market-based measures of inflation compensation fell 75 to 10"
2020-03-15,2020-03-15_0001,equity price*,Equity prices,15518,15531,unclassified,,[],"coronavirus outbreak dominated financial market developments at home and abroad over the intermeeting period. Equity prices, sovereign yields, and the market-implied expected trajectory of the federal funds rate all plummeted, and the volatility of asset prices soared. Lat"
2020-03-15,2020-03-15_0002,asset price*,asset prices,15657,15669,unclassified,,[],"ds, and the market-implied expected trajectory of the federal funds rate all plummeted, and the volatility of asset prices soared. Late in the intermeeting period, short-term funding markets showed signs of stress, with elevated demand for repo funding and increased short"
2020-03-15,2020-03-15_0003,stock price*,stock price,17959,17970,unclassified,,[]," cash and futures markets broken. Market depth was extremely thin, and bid-ask spreads widened sharply. Broad stock price indexes plummeted because of a flight to safety amid escalating concerns about global economic activity. Although the declines were broad based, the "
2020-03-15,2020-03-15_0004,stock price*,Stock price,18187,18198,unclassified,,[],"lthough the declines were broad based, the airline, energy, and bank sectors were among the worst performers. Stock price indexes were extremely volatile, and the one-month option-implied volatility on the s p 500 index soared, sometimes reaching levels not seen since th"
2020-03-15,2020-03-15_0005,s p 500 index,s p 500 index,18283,18296,unclassified,,[],"t performers. Stock price indexes were extremely volatile, and the one-month option-implied volatility on the s p 500 index soared, sometimes reaching levels not seen since the fall of 2008. Corporate bond spreads over comparable-maturity Treasury yields widened significan"
2020-03-15,2020-03-15_0006,risk* asset price*,risk asset prices,19280,19297,negative,plummet*,"[[19298, 19307]]","rations increased substantially for both overnight and term operations. Over the intermeeting period, foreign risk asset prices plummeted amid a rapid deterioration of investor sentiment due to the global spread of the coronavirus. Major foreign equity indexes dropped sharply "
2020-03-15,2020-03-15_0007,equity index*,equity indexes,19416,19430,negative,drop*,"[[19431, 19438]]","d amid a rapid deterioration of investor sentiment due to the global spread of the coronavirus. Major foreign equity indexes dropped sharply over the intermeeting period, while option-implied volatility measures climbed to their highest levels since the Global Financial Cri"
2020-03-15,2020-03-15_0008,risk* asset price*,risk asset prices,57154,57171,unclassified,,[],"ce mid-February when concerns about the spread of the coronavirus beyond China had begun to intensify, global risk asset prices and sovereign yields had declined sharply. US and global equity indexes were lower than at the time of the Committee's meeting in January and implied"
2020-03-15,2020-03-15_0009,equity index*,equity indexes,57229,57243,negative,low*,"[[57249, 57254]]","ina had begun to intensify, global risk asset prices and sovereign yields had declined sharply. US and global equity indexes were lower than at the time of the Committee's meeting in January and implied equity market volatility had risen to levels not seen since 2015. The d"
2020-03-15,2020-03-15_0010,equity market*,equity market,57322,57335,unclassified,,[],y. US and global equity indexes were lower than at the time of the Committee's meeting in January and implied equity market volatility had risen to levels not seen since 2015. The deterioration in risk sentiment had also been reflected in a significant widening in US and E
2020-04-29,2020-04-29_0000,equity price index*,Equity price indexes,4774,4794,positive,up,"[[4800, 4802]]","ssed developments in financial markets. Financial conditions had shown notable improvement over recent weeks. Equity price indexes were up substantially from the lows of late March, safe-haven demands for the dollar had receded, and measures of realized and implied volatility acr"
2020-04-29,2020-04-29_0001,price* of risk* asset*,prices of risky assets,17534,17556,negative,declin*,"[[17518, 17526]]"," of the Financial Situation In the middle part of March, financial markets experienced record declines in the prices of risky assets, widespread illiquidity, and elevated volatility, as uncertainty regarding the effects of the coronavirus outbreak on the global economy jumped. Howe"
2020-04-29,2020-04-29_0002,s p 500 index,s p 500 index,18154,18167,positive,rose,"[[18168, 18172]]","quidity subsided and prices of most risky assets increased notably. Over the intermeeting period, on net, the s p 500 index rose, option-implied volatility fell, and Treasury yields declined, while corporate bond spreads widened somewhat. Financing conditions for businesse"
2020-04-29,2020-04-29_0003,stock price*,Stock price,20424,20435,unclassified,,[],"tly in the second half of March, supported by the Federal Reserve's additional purchases of these securities. Stock price indexes were exceptionally volatile early in the intermeeting period, and one-month option-implied volatility on the s p 500 index reached a record h"
2020-04-29,2020-04-29_0004,s p 500 index,s p 500 index,20553,20566,unclassified,,[]," were exceptionally volatile early in the intermeeting period, and one-month option-implied volatility on the s p 500 index reached a record high. Equity market volatility moved down substantially over the remainder of the intermeeting period but remained elevated, and equ"
2020-04-29,2020-04-29_0005,equity market*,Equity market,20590,20603,unclassified,,[]," the intermeeting period, and one-month option-implied volatility on the s p 500 index reached a record high. Equity market volatility moved down substantially over the remainder of the intermeeting period but remained elevated, and equity prices more than retraced their e"
2020-04-29,2020-04-29_0006,equity price*,equity prices,20713,20726,unclassified,,[]," volatility moved down substantially over the remainder of the intermeeting period but remained elevated, and equity prices more than retraced their earlier declines to end the intermeeting period notably higher. Broad stock price index increases over the intermeeting peri"
2020-04-29,2020-04-29_0007,stock price*,stock price,20822,20833,unclassified,,[]," equity prices more than retraced their earlier declines to end the intermeeting period notably higher. Broad stock price index increases over the intermeeting period were led by the energy, consumer discretionary, basic materials, and health-care sectors. Broad equity p"
2020-04-29,2020-04-29_0008,equity price index*,equity price indexes,20975,20995,unclassified,,[],"eeting period were led by the energy, consumer discretionary, basic materials, and health-care sectors. Broad equity price indexes remained, however, markedly below peaks registered earlier this year. Corporate bond spreads over comparable-maturity Treasury yields widened sharply"
2020-04-29,2020-04-29_0009,equity index*,equity indexes,22801,22815,unclassified,,[],"abroad. Many foreign financial markets experienced severe illiquidity and substantial volatility, and foreign equity indexes posted large declines. However, extraordinary monetary and fiscal policy actions in the United States and abroad helped improve market sentiment, and"
2020-04-29,2020-04-29_0010,equity index*,equity indexes,22985,22999,unclassified,,[],"fiscal policy actions in the United States and abroad helped improve market sentiment, and most major foreign equity indexes subsequently rebounded notably. That said, compared with early this year, foreign equity indexes stayed sharply lower, and option-implied equity vola"
2020-04-29,2020-04-29_0011,equity index*,equity indexes,23082,23096,unclassified,,[],"ajor foreign equity indexes subsequently rebounded notably. That said, compared with early this year, foreign equity indexes stayed sharply lower, and option-implied equity volatility abroad remained elevated. Advanced-economy sovereign yields were also volatile, but most s"
2020-06-10,2020-06-10_0000,risk* asset price*,Risk asset prices,19184,19201,unclassified,,[],Market Account (SOMA) manager first discussed developments in financial markets over the intermeeting period. Risk asset prices were buoyed by optimism about the potential for increased economic activity associated with reopenings as parts of the United States and other countr
2020-06-10,2020-06-10_0001,equity price*,equity prices,19696,19709,unclassified,,[],"ying a foundation for the improvement in risk sentiment. Against this backdrop, staff analysis suggested that equity prices had been supported by expectations for a strong rebound in earnings next year, low risk-free rates and positive risk sentiment. Despite this improvem"
2020-06-10,2020-06-10_0002,equity price*,Equity prices,31329,31342,positive,rose,"[[31343, 31347]]","alth experts that openings may have been premature, and renewed tensions between the United States and China. Equity prices rose, and corporate bond spreads narrowed notably. The Treasury yield curve steepened, and the market-implied expected path of the federal funds rate"
2020-06-10,2020-06-10_0003,stock price*,stock price,33308,33319,unclassified,,[],th measures stood roughly halfway between their mid-March lows and typical levels seen in recent years. Broad stock price indexes moved higher. One-month implied volatility on the s p 500 index declined somewhat but still stood at the 85th percentile of its distribution 
2020-06-10,2020-06-10_0004,s p 500 index,s p 500 index,33378,33391,negative,declin*,"[[33392, 33400]]",ical levels seen in recent years. Broad stock price indexes moved higher. One-month implied volatility on the s p 500 index declined somewhat but still stood at the 85th percentile of its distribution since 1990. Spreads on investment- and speculative-grade corporate bonds
2020-06-10,2020-06-10_0005,equity market*,equity markets,36049,36063,unclassified,,[],"ign bond yields rose moderately, while fiscal stimulus in Japan and Europe boosted prices in their respective equity markets. Euro-area peripheral bond spreads narrowed after the European Commission proposed that the European Union be given the authority to borrow €750 bill"
2020-06-10,2020-06-10_0006,asset price*,asset prices,36457,36469,positive,boost*,"[[36449, 36456]]","rging markets, the rise in oil prices since late April and overall improvements in investor sentiment boosted asset prices, even as the coronavirus outbreak worsened in some countries. Outflows from emerging market funds slowed and then turned into small inflows later in "
2020-07-29,2020-07-29_0000,equity price index*,equity price indexes,6517,6537,unclassified,,[],"nancial market developments. Over the intermeeting period, overall financial conditions eased slightly. Broad equity price indexes were roughly flat even as concerns about the resurgence in the coronavirus (COVID-19) in the United States grew. At the same time, Treasury yields an"
2020-07-29,2020-07-29_0001,s p 500 index,s p 500 index,6825,6838,unclassified,,[],"lined, and the US dollar weakened. Overall, volatility remained subdued relative to recent periods. While the s p 500 index was little changed, the effect of renewed outbreaks was evident in the differentiated performance across s p industry sectors. Virus-sensitive sector"
2020-07-29,2020-07-29_0002,s p 500 index,s p 500 index,7342,7355,unclassified,,[],"rovisions and compressed net interest margins-continued to underperform. As the SOMA manager highlighted, the s p 500 index has been supported by its significant share of technology firms, many of which have been relatively resilient to virus containment measures. In contr"
2020-07-29,2020-07-29_0003,asset price*,asset prices,20143,20155,unclassified,,[]," expectations remained subdued. Staff Review of the Financial Situation Amid sizable fluctuations, changes in asset prices over the intermeeting period were mixed on net. Financial market sentiment was boosted by better-than-expected economic data for the United States, C"
2020-07-29,2020-07-29_0004,equity price index*,equity price indexes,20522,20542,unclassified,,[],"ic spread of the coronavirus and its uncertain effects on the future course of the economy. On balance, broad equity price indexes were roughly unchanged, Treasury yields declined and the yield curve flattened, corporate and municipal bond spreads narrowed, and the dollar weakene"
2020-07-29,2020-07-29_0005,stock price*,stock price,22192,22203,unclassified,,[],"ed that investors generally did not expect the FOMC to lower the federal funds target range below zero. Broad stock price indexes fluctuated substantially, largely in reaction to news about the pandemic and economic activity, and ended the intermeeting period roughly unc"
2020-07-29,2020-07-29_0006,equity price*,equity prices,22431,22444,unclassified,,[]," intermeeting period roughly unchanged. Technology stocks continued to outperform the broader market, whereas equity prices in the bank and energy sectors fell notably over the period. One-month option-implied volatility on the s p 500 index-the VIX-rose markedly earlier i"
2020-07-29,2020-07-29_0007,s p 500 index,s p 500 index,22549,22562,unclassified,,[],rices in the bank and energy sectors fell notably over the period. One-month option-implied volatility on the s p 500 index-the VIX-rose markedly earlier in the period but subsequently declined and ended the period lower. Equity market volatility remained elevated relative
2020-07-29,2020-07-29_0008,equity market*,Equity market,22661,22674,unclassified,,[],p 500 index-the VIX-rose markedly earlier in the period but subsequently declined and ended the period lower. Equity market volatility remained elevated relative to its normal range over the past several years. Spreads of investment- and speculative-grade corporate bond yi
2020-07-29,2020-07-29_0009,equity price*,equity prices,24646,24659,unclassified,,[],of countries against improving economic data releases and ongoing fiscal and monetary policy support. Foreign equity prices generally declined on net. A resurgence of geopolitical tensions between the United States and China weighed on investor sentiment late in the period
2020-07-29,2020-07-29_0010,asset valu*,asset valuation,30642,30657,negative,pressure*,"[[30658, 30667]]","e, while noting an unusually high level of uncertainty associated with this assessment. The staff judged that asset valuation pressures were notable. In particular, high-yield and investment-grade corporate bond spreads were within historical norms, and commercial real estat"
2020-09-16,2020-09-16_0000,equity price*,Equity prices,11151,11164,positive,rose,"[[11165, 11169]]","discussed developments in financial markets. On net, financial conditions eased over the intermeeting period. Equity prices rose and the broad dollar continued to depreciate from its crisis-driven peak in March. Yields on Treasury inflation-protected securities fell, while"
2020-09-16,2020-09-16_0001,asset valu*,asset valuations,12039,12055,positive,elevat*,"[[12030, 12038]]"," brightened, market participants continued to see significant risks ahead. Some noted concerns about elevated asset valuations in certain sectors. Many also cited geopolitical events as heightening uncertainty. In addition, most forecasters were assuming that an additional pa"
2020-09-16,2020-09-16_0002,asset price*,asset prices,13001,13013,unclassified,,[]," growing expectations for the Committee to adopt a flexible average-inflation-targeting regime had influenced asset prices over recent months. In particular, these expectations were viewed as contributing to the recent rise in far-forward measures of inflation compensatio"
2020-09-16,2020-09-16_0003,stock price*,stock price,22991,23002,unclassified,,[],"ed States and stronger-than-anticipated corporate earnings reports and domestic economic data releases. Broad stock price indexes rose, on net, despite notable declines late in the intermeeting period. Inflation compensation increased further, reaching pre-pandemic level"
2020-09-16,2020-09-16_0004,asset price*,asset prices,23172,23184,unclassified,,[],"intermeeting period. Inflation compensation increased further, reaching pre-pandemic levels. Changes in other asset prices were generally more modest but were consistent with improved sentiment: The Treasury yield curve steepened a little, spreads on speculative-grade cor"
2020-09-16,2020-09-16_0005,stock price*,stock price,25433,25444,unclassified,,[]," revised consensus statement had been a factor boosting TIPS inflation compensation over recent months. Broad stock price indexes rose, on net, during the intermeeting period, consistent with generally better-than-expected news on both the economy and second-quarter corp"
2020-09-16,2020-09-16_0006,equity market*,equity markets,25752,25766,unclassified,,[],"ity on the s p 500-the VIX-was roughly unchanged, on net, al­though measures of longer-term downside risks in equity markets, such as the option-implied cost of insuring against a 10 percent decline in the s p 500 index in three months, increased somewhat. Spreads of invest"
2020-09-16,2020-09-16_0007,s p 500 index,s p 500 index,25848,25861,negative,declin*,"[[25833, 25840]]","side risks in equity markets, such as the option-implied cost of insuring against a 10 percent decline in the s p 500 index in three months, increased somewhat. Spreads of investment- and speculative-grade corporate bond yields over comparable-maturity Treasury yields narr"
2020-09-16,2020-09-16_0008,asset price*,asset price,27500,27511,unclassified,,[],"gs of Treasury securities and agency MBS at the same pace as during the previous intermeeting period. Foreign asset price movements were generally muted, with market participants likely weighing concerns over rising infection rates in some countries against the prospect "
2020-09-16,2020-09-16_0009,equity market*,equity markets,27727,27741,unclassified,,[],"ates in some countries against the prospect of a COVID-19 vaccine. In emerging market economies (EMEs), Asian equity markets significantly outperformed Latin American counterparts, with Chinese equities showing particular strength. In most AFEs, equity indexes rose modestly"
2020-09-16,2020-09-16_0010,equities,equities,27811,27819,unclassified,,[],"t economies (EMEs), Asian equity markets significantly outperformed Latin American counterparts, with Chinese equities showing particular strength. In most AFEs, equity indexes rose modestly and long-term sovereign yields edged higher. In line with the modest improvem"
2020-09-16,2020-09-16_0011,equity index*,equity indexes,27863,27877,positive,rose,"[[27878, 27882]]","ly outperformed Latin American counterparts, with Chinese equities showing particular strength. In most AFEs, equity indexes rose modestly and long-term sovereign yields edged higher. In line with the modest improvement in risk sentiment, the staff's broad dollar index decl"
2020-09-16,2020-09-16_0012,equity market*,equity market,29037,29050,positive,gain*,"[[29051, 29056]]","ked up slightly in July but remained below the levels observed during the same period last year. Amid notable equity market gains in August, gross equity issuance was robust, as seasoned offerings strengthened to about double their typical pace. Commercial and industrial l"
2020-11-05,2020-11-05_0000,equity price*,equity prices,5485,5498,unclassified,,[],"S fiscal policy as well as stronger-than-expected economic data and corporate earnings reports helped support equity prices. Later in the intermeeting period, however, rising COVID-19 cases in Europe and the United States weighed on the outlook, and equity prices reversed "
2020-11-05,2020-11-05_0001,equity price*,equity prices,5625,5638,unclassified,,[],"termeeting period, however, rising COVID-19 cases in Europe and the United States weighed on the outlook, and equity prices reversed some of their earlier gains. Implied volatility in the equity market moved higher during the intermeeting period, reflecting uncertainties a"
2020-11-05,2020-11-05_0002,equity market*,equity market,5703,5716,positive,mov* high*,"[[5717, 5729]]","tes weighed on the outlook, and equity prices reversed some of their earlier gains. Implied volatility in the equity market moved higher during the intermeeting period, reflecting uncertainties associated with the US election and the future path of fiscal policy as well as"
2020-11-05,2020-11-05_0003,equity price index*,equity price indexes,24621,24641,positive,increas*,"[[24642, 24651]]","ope. On net, the Treasury yield curve steepened modestly, corporate bond spreads narrowed somewhat, and broad equity price indexes increased. Inflation compensation increased a little further, remaining close to pre-pandemic levels. Financing conditions for businesses with access"
2020-11-05,2020-11-05_0004,stock price*,stock price,26109,26120,unclassified,,[]," 2023. Survey-based expectations favored the first increase in the federal funds rate to occur in 2024. Broad stock price indexes increased, on balance, over the intermeeting period amid volatility associated with market participants' reactions to news on the US election"
2020-11-05,2020-11-05_0005,asset price*,asset price,28487,28498,unclassified,,[],"ertainty about additional US fiscal stimulus and the outcome of the US presidential election also caused some asset price volatility abroad. On net, most foreign equity indexes declined, option-implied volatility in the euro area increased a bit, and most AFE long-term s"
2020-11-05,2020-11-05_0006,equity index*,equity indexes,28539,28553,negative,declin*,"[[28554, 28562]]"," outcome of the US presidential election also caused some asset price volatility abroad. On net, most foreign equity indexes declined, option-implied volatility in the euro area increased a bit, and most AFE long-term sovereign yields fell. Overall, the broad dollar index w"
2020-11-05,2020-11-05_0007,equity valu*,equity valuations,29406,29423,positive,high*,"[[29401, 29405]]"," continued to be broadly accommodative over the intermeeting period, supported by low interest rates and high equity valuations. With historically low corporate bond yields, gross issuance of both investment- and speculative-grade corporate bonds remained solid in September, m"
2020-11-05,2020-11-05_0008,asset valu*,asset valuations,34333,34349,unclassified,,[],"ssessment of the stability of the financial system. The staff judged that, accounting for low interest rates, asset valuations appeared moderate, with measures of compensation for risk generally in the middle of their historical ranges. However, uncertainty regarding the pand"
2020-11-05,2020-11-05_0009,asset price*,asset prices,34576,34588,negative,declin*,"[[34564, 34572]]","r, uncertainty regarding the pandemic and economic outlook has been high, and the risk of sizable declines in asset prices, should adverse shocks materialize, has remained significant. CRE prices had started to decline in some sectors, while market conditions, including r"
2020-12-16,2020-12-16_0000,equity price index*,equity price indexes,5268,5288,unclassified,,[],"election and positive vaccine news outweighed the anticipated effect of the ongoing surge in the pandemic. US equity price indexes reached all-time highs, with the largest gains registered in sectors that have underperformed during the pandemic. Corporate credit spreads tightened"
2020-12-16,2020-12-16_0001,equity price index*,equity price indexes,5739,5759,unclassified,,[],"n inflation compensation. The positive vaccine news also supported risk sentiment abroad, leading many global equity price indexes to advance and the US dollar to depreciate further. Market participants had highlighted that uncertainty nevertheless remained high and had pointed t"
2020-12-16,2020-12-16_0002,equity price index*,equity price indexes,18331,18351,positive,rose,"[[18352, 18356]]","19 cases and the potential effects of ensuing restrictions. Corporate bond spreads narrowed, and major global equity price indexes rose on net. The prospect of additional fiscal stimulus likely contributed to a steeper US Treasury yield curve, increased inflation compensation, an"
2020-12-16,2020-12-16_0003,stock price*,stock price,19797,19808,unclassified,,[],"market expectations regarding the federal funds rate target range did not show a tightening until 2024. Broad stock price indexes increased over the intermeeting period, led by steep stock price gains in cyclical sectors and buoyed by the prospect of successful vaccines "
2020-12-16,2020-12-16_0004,stock price*,stock price,19870,19881,positive,gain*,"[[19882, 19887]]"," show a tightening until 2024. Broad stock price indexes increased over the intermeeting period, led by steep stock price gains in cyclical sectors and buoyed by the prospect of successful vaccines and lower post-election uncertainty. One-month s p 500 option-implied vol"
2020-12-16,2020-12-16_0005,stock price*,stock prices,20129,20141,unclassified,,[],"-implied volatility-the VIX-declined, reversing a pre-election increase. Consistent with the optimism driving stock prices, spreads of corporate bond yields over comparable-maturity Treasury yields narrowed markedly across the credit spectrum, most notably for debt securi"
2020-12-16,2020-12-16_0006,equity valu*,equity valuations,22320,22337,positive,high*,"[[22315, 22319]]","conditions in capital markets continued to be broadly accommodative, supported by low interest rates and high equity valuations. With historically low corporate bond yields, gross issuance of both investment- and speculative-grade bonds remained solid in October. Much of the r"
2020-12-16,2020-12-16_0007,equity price*,equity prices,37732,37745,positive,rose,"[[37746, 37750]]","owers. Financing conditions eased further for large corporations that were able to access capital markets, as equity prices rose and corporate credit spreads continued to narrow, but smaller firms and some households reliant on bank lending continued to face tight lending "
2021-01-27,2021-01-27_0000,equities,equities,34301,34309,unclassified,,[],"Overall financial conditions eased further, on net, as the recent rally in risk assets continued. Gains in US equities again centered on cyclical sectors and smaller-capitalization firms most sensitive to growth. Credit spreads narrowed further, especially for riskier"
2021-01-27,2021-01-27_0001,risk* asset price*,risk asset prices,44827,44844,positive,mov* high*,"[[44845, 44857]]","ed subdued in most foreign economies. Staff Review of the Financial Situation Investor sentiment improved and risk asset prices moved higher over the intermeeting period on greater prospects for additional fiscal stimulus. Domestic and foreign equity prices increased notably, "
2021-01-27,2021-01-27_0002,equity price*,equity prices,44961,44974,positive,increas*,"[[44975, 44984]]","higher over the intermeeting period on greater prospects for additional fiscal stimulus. Domestic and foreign equity prices increased notably, and spreads on corporate and municipal bonds narrowed. The nominal Treasury yield curve steepened, partly reflecting an increase i"
2021-01-27,2021-01-27_0003,stock price*,stock price,46694,46705,unclassified,,[],"spects for additional fiscal stimulus and an associated improvement in the longer-run economic outlook. Broad stock price indexes increased, on net, over the intermeeting period, boosted by gains in the share prices of banks and companies in more cyclically sensitive sec"
2021-01-27,2021-01-27_0004,stock price*,stock prices,47139,47151,unclassified,,[],"ing modestly elevated relative to its range over the past several years. Consistent with the optimism driving stock prices, spreads on corporate bond yields over comparable-maturity Treasury yields narrowed somewhat. Spreads on municipal bond yields narrowed notably in Ja"
2021-01-27,2021-01-27_0005,equity price*,equity prices,48997,49010,positive,increas*,"[[49011, 49020]]","ighed investor concerns around new virus strains and the sluggish global vaccine rollout. On balance, foreign equity prices increased moderately, with notable outperformance in some Asian indexes, and capital inflows into mutual funds dedicated to emerging markets continue"
2021-01-27,2021-01-27_0006,equity valu*,equity valuations,49788,49805,positive,high*,"[[49783, 49787]]","ancing conditions in capital markets remained broadly accommodative, supported by low interest rates and high equity valuations. Gross corporate bond issuance was fairly strong in November and December, and seasoned and initial public offerings in the equity markets were robus"
2021-01-27,2021-01-27_0007,equity market*,equity markets,49930,49944,unclassified,,[],"te bond issuance was fairly strong in November and December, and seasoned and initial public offerings in the equity markets were robust. Gross institutional leveraged loan issuance was also strong in December, as issuance volumes excluding refinancing topped their averages"
2021-01-27,2021-01-27_0008,asset valu*,asset valuation,55153,55168,negative,pressure*,"[[55169, 55178]]","alance, characterized the financial vulnerabilities of the US financial system as notable. The staff assessed asset valuation pressures as elevated. In particular, corporate bond spreads had declined to pre-pandemic levels, which were at the lower ends of their historical di"
2021-01-27,2021-01-27_0009,asset valu*,asset valuations,69650,69666,unclassified,,[],"portant for the appropriate regulatory bodies to address these financial stability vulnerabilities. Regarding asset valuations, some participants commented that equity valuations had risen further, that initial public offering activity was elevated, or that valuations might h"
2021-01-27,2021-01-27_0010,equity valu*,equity valuations,69701,69718,positive,rise*,"[[69723, 69728]]","dress these financial stability vulnerabilities. Regarding asset valuations, some participants commented that equity valuations had risen further, that initial public offering activity was elevated, or that valuations might have been affected by retail investors trading throug"
2021-03-17,2021-03-17_0000,equity price index*,equity price indexes,8216,8236,positive,increas*,"[[8237, 8246]]","ed substantial enough to warrant a change in the pace of purchases. Alongside the rise in US yields, broad US equity price indexes increased moderately, with the largest gains in cyclically sensitive sectors. The rise in US yields was also accompanied by increases in sovereign yi"
2021-03-17,2021-03-17_0001,equity market*,equity market,24442,24455,unclassified,,[],"-term real yields, al­though measures of inflation compensation also increased further. Despite the spikes in equity market volatility early in the intermeeting period, spurred by heavy trading concentrated in a few specific stocks and subsequent concerns over the rapid ri"
2021-03-17,2021-03-17_0002,equity price index*,equity price indexes,24645,24665,positive,rose,"[[24666, 24670]]","ted in a few specific stocks and subsequent concerns over the rapid rise in longer-term interest rates, broad equity price indexes rose on net. Consistent with the stronger outlook, spreads on high-yield corporate bonds narrowed. Financing conditions for businesses with access to"
2021-03-17,2021-03-17_0003,stock price*,stock price,26093,26104,unclassified,,[],"he first quarter of 2023, about three quarters sooner than expected at the time of the January meeting. Broad stock price indexes increased, on net, over the intermeeting period, consistent with increased investor optimism about the economic outlook and the enactment of "
2021-03-17,2021-03-17_0004,asset price*,asset prices,27886,27898,unclassified,,[],"imism about the eventual lifting of social-distancing and related restrictions globally were major drivers of asset prices abroad, spurring sizable increases in sovereign yields in advanced foreign economies. In response to rising yields, the Reserve Bank of Australia inc"
2021-03-17,2021-03-17_0005,equity index*,equity indexes,28524,28538,positive,increas*,"[[28539, 28548]]","ields in advanced economies. However, flows into dedicated EME equity funds remained strong. Overall, foreign equity indexes increased slightly in most major markets. Financing conditions for nonfinancial businesses in capital markets remained broadly accommodative over the"
2021-03-17,2021-03-17_0006,equity valu*,equity valuations,28751,28768,positive,high*,"[[28746, 28750]]","markets remained broadly accommodative over the intermeeting period, supported by low interest rates and high equity valuations. Gross and net corporate bond issuances were solid in January and February. Gross issuance of leveraged loans was strong in January, driven mainly by"
2021-04-28,2021-04-28_0000,equity price*,Equity prices,5925,5938,positive,rose,"[[5939, 5943]]","ts continued to focus on progress toward economic reopening as well as supportive monetary and fiscal policy. Equity prices rose, with the s p 500 index reaching a record high, while Treasury yields, the dollar, and credit spreads declined modestly. The equity gains were b"
2021-04-28,2021-04-28_0001,s p 500 index,s p 500 index,5954,5967,unclassified,,[],"ress toward economic reopening as well as supportive monetary and fiscal policy. Equity prices rose, with the s p 500 index reaching a record high, while Treasury yields, the dollar, and credit spreads declined modestly. The equity gains were broad based across sectors, th"
2021-04-28,2021-04-28_0002,equity price*,equity prices,6286,6299,unclassified,,[],"index, declined. News regarding losses associated with a highly levered family investment office affected the equity prices of some large financial firms, but the broader financial market effects appeared limited. After rising sharply in recent months, longer-term Treasury"
2021-04-28,2021-04-28_0003,equity price*,equity prices,25029,25042,positive,increas*,"[[25043, 25052]]","rospects for infrastructure spending, and stronger-than-expected labor market and retail sales data. Domestic equity prices increased notably amid declining equity market volatility, and corporate bond spreads narrowed. The nominal Treasury yield curve was little changed, "
2021-04-28,2021-04-28_0004,equity market*,equity market,25076,25089,negative,declin*,"[[25066, 25075]]","ger-than-expected labor market and retail sales data. Domestic equity prices increased notably amid declining equity market volatility, and corporate bond spreads narrowed. The nominal Treasury yield curve was little changed, as were measures of inflation compensation. A s"
2021-04-28,2021-04-28_0005,stock price*,stock price,25750,25761,unclassified,,[],"s for commercial and industrial (C and I) and consumer loans remained tighter than pre-pandemic levels. Broad stock price indexes increased over the intermeeting period, with outperformance by technology stocks and stocks sensitive to consumer discretionary spending. One"
2021-04-28,2021-04-28_0006,equity index*,equity indexes,27529,27543,positive,rose,"[[27544, 27548]]"," in a number of countries-appeared less concerning to global investors over the intermeeting period. Most AFE equity indexes rose modestly, and most AFE sovereign bond yields were little changed. In emerging market economies (EMEs), market optimism was tempered in part by r"
2021-04-28,2021-04-28_0007,equity price index*,equity price index,27729,27747,unclassified,,[],"merging market economies (EMEs), market optimism was tempered in part by rising COVID-19 cases. The broad EME equity price index was little changed, while credit spreads widened somewhat in the most vulnerable EMEs. After robust inflows earlier this year, flows into EME-dedicat"
2021-04-28,2021-04-28_0008,equity market*,equity markets,28181,28195,unclassified,,[]," over the intermeeting period, as reflected in low corporate bond yields and high price-to-earnings ratios in equity markets. Gross corporate bond issuance and gross leveraged loan issuance were robust in February and March. Equity raised through traditional initial public "
2021-04-28,2021-04-28_0009,equity market*,equity market,32430,32443,unclassified,,[],"er, and nonprice measures, such as high IPO volume, also indicated elevated investor appetite for risk in the equity market. Valuation pressures for CRE remained high, although information related to CRE continued to be noisier than usual due to pandemic-induced declines i"
2021-04-28,2021-04-28_0010,stock market*,stock market,33374,33386,unclassified,,[],"ose notably through the fourth quarter of last year, reflecting elevated hedge fund leverage related to their stock market activities. The staff highlighted recent episodes underlining the opacity of risk exposures among some leveraged entities. With regard to funding ris"
2021-04-28,2021-04-28_0011,asset valu*,asset valuations,44383,44399,unclassified,,[],"tuted in response to the pandemic could be masking vulnerabilities among households and businesses. Regarding asset valuations, several participants noted that risk appetite in capital markets was elevated, as equity valuations had risen further, IPO activity remained high, a"
2021-04-28,2021-04-28_0012,equity valu*,equity valuations,44483,44500,positive,rise*,"[[44505, 44510]]","Regarding asset valuations, several participants noted that risk appetite in capital markets was elevated, as equity valuations had risen further, IPO activity remained high, and risk spreads on corporate bonds were at the bottom of their historical distribution. A couple of p"
2021-04-28,2021-04-28_0013,asset price*,asset prices,44735,44747,negative,drop*,"[[44727, 44731]]","stribution. A couple of participants remarked that, should investor risk appetite fall, an associated drop in asset prices coupled with high business and financial leverage could have adverse implications for the real economy. A number of participants commented on valuati"
2021-06-16,2021-06-16_0000,equities,Equities,13746,13754,positive,rose,"[[13755, 13759]]","ignificant component of the declines, as reflected by lower implied volatility on longer-term interest rates. Equities rose slightly, the broad dollar weakened, and credit spreads were little changed at historically tight levels. Over the period, market participants f"
2021-06-16,2021-06-16_0001,level* of household* net worth,levels of household net worth,23393,23422,positive,high*,"[[23388, 23392]]"," influence consumer spending-including increasing job gains, the upward trend in real disposable income, high levels of household net worth, and low interest rates-pointed to strong real PCE growth over the rest of the year. Housing demand continued to be robust, with construction of sing"
2021-06-16,2021-06-16_0002,equity price*,equity prices,28076,28089,positive,edge* up,"[[28090, 28098]]","tion over the medium term would stay contained, and that monetary policy would remain accommodative. Domestic equity prices edged up, and corporate bond spreads narrowed a little. Yields on nominal Treasury securities declined modestly since the previous FOMC meeting. Meas"
2021-06-16,2021-06-16_0003,stock price*,stock price,29279,29290,unclassified,,[]," path over the medium term, as implied by OIS quotes unadjusted for term premiums, declined moderately. Broad stock price indexes increased slightly over the intermeeting period, with stocks in cyclically sensitive sectors generally outperforming. One-month option-implie"
2021-06-16,2021-06-16_0004,equity index*,Equity indexes,31108,31122,positive,increas*,"[[31123, 31132]]","erging markets, credit spreads narrowed a bit, and capital flows into EME funds continued at a moderate pace. Equity indexes increased somewhat in both emerging and advanced foreign economies. Financing conditions for nonfinancial firms through capital markets remained high"
2021-06-16,2021-06-16_0005,equity market*,equity markets,31412,31426,unclassified,,[], in historically low corporate bond and leveraged loan yields as well as high price-to-earnings ratios in the equity markets. Gross issuance of corporate bonds and leveraged loans was solid. Equity raised through traditional initial public offerings was robust in April but 
2021-07-28,2021-07-28_0000,asset price*,asset prices,5041,5053,unclassified,,[]," turned first to a discussion of developments in financial markets. Although there were notable moves in some asset prices over the intermeeting period, overall financial conditions ended the period little changed at historically accommodative levels. Market participants "
2021-07-28,2021-07-28_0001,equity price*,equity prices,28697,28710,positive,rose,"[[28711, 28715]]","lines in real yields, while longer-horizon forward measures of inflation compensation also declined. Domestic equity prices rose moderately, and corporate bond spreads remained near the low end of their historical ranges. Short-term funding markets were stable, while parti"
2021-07-28,2021-07-28_0002,stock market price*,stock market prices,29764,29783,positive,rose,"[[29784, 29788]]","icy rate was little changed for horizons up to late 2023, while it shifted lower beyond those horizons. Broad stock market prices rose moderately over the intermeeting period, supported in part by some strong second-quarter earnings reports that bolstered investor risk sentiment"
2021-07-28,2021-07-28_0003,stock price*,stock prices,30124,30136,unclassified,,[],ely with economic conditions-such as stocks for smaller companies and for firms in cyclical industries-as did stock prices for firms in sectors such as airlines and hotels that were negatively affected by the pandemic. Bank stock prices also fell. One-month option-implied
2021-07-28,2021-07-28_0004,stock price*,stock prices,30238,30250,unclassified,,[],"k prices for firms in sectors such as airlines and hotels that were negatively affected by the pandemic. Bank stock prices also fell. One-month option-implied volatility on the s p 500-the VIX-spiked to reach a two-month high. For the intermeeting period as a whole, howev"
2021-07-28,2021-07-28_0005,equity index*,equity indexes,32046,32060,negative,declin*,"[[32061, 32069]]","appreciated, longer-term yields in major advanced foreign economies decreased notably, and most major foreign equity indexes declined moderately. Equity markets in China and Hong Kong underperformed notably amid increased regulatory uncertainty in China. In addition, EME so"
2021-07-28,2021-07-28_0006,equity market*,Equity markets,32082,32096,unclassified,,[],"ajor advanced foreign economies decreased notably, and most major foreign equity indexes declined moderately. Equity markets in China and Hong Kong underperformed notably amid increased regulatory uncertainty in China. In addition, EME sovereign credit spreads widened sligh"
2021-07-28,2021-07-28_0007,asset valu*,asset valuation,38040,38055,negative,pressure*,"[[38056, 38065]]","nce, characterized the financial vulnerabilities of the US financial system as notable. The staff judged that asset valuation pressures were elevated. In particular, the forward price-to-earnings ratio for the s p 500 index stood at the upper end of its historical distributi"
2021-07-28,2021-07-28_0008,s p 500 index,s p 500 index,38140,38153,unclassified,,[],"dged that asset valuation pressures were elevated. In particular, the forward price-to-earnings ratio for the s p 500 index stood at the upper end of its historical distribution; high-yield corporate bond spreads tightened further and were near the low end of their histori"
2021-07-28,2021-07-28_0009,asset valu*,asset valuations,50947,50963,positive,elevat*,"[[50938, 50946]]","few participants highlighted scenarios in which a prolonged period of low interest rates and broadly elevated asset valuations could generate imbalances, which could increase financial stability risks. Some participants commented on the housing market and noted that ongoing r"
2021-09-22,2021-09-22_0000,asset price*,asset prices,17012,17024,unclassified,,[],", about a heavily indebted Chinese property developer appeared to have only marginal net effects on financial asset prices. The incoming domestic economic data were generally viewed as mixed. Yields on Treasury securities of intermediate maturities increased modestly, the"
2021-09-22,2021-09-22_0001,equity price*,equity prices,17241,17254,unclassified,,[],"rmediate maturities increased modestly, the market-implied path of the federal funds rate steepened, domestic equity prices were unchanged, and speculative-grade corporate bond spreads narrowed modestly. Short-term funding markets were stable. Market-based financing condit"
2021-09-22,2021-09-22_0002,stock market price*,stock market prices,17887,17906,unclassified,,[],"e effective federal funds rate for the ends of 2023 and 2024 rose 12 and 17 basis points, respectively. Broad stock market prices were about unchanged, on net, over the intermeeting period. Early in the period, concerns over the Delta variant were a headwind for stock prices. Pr"
2021-09-22,2021-09-22_0003,stock price*,stock prices,18040,18052,unclassified,,[],"n net, over the intermeeting period. Early in the period, concerns over the Delta variant were a headwind for stock prices. Prices recovered following the FDA's first full approval of a COVID-19 vaccine and signs that the Delta variant surge was starting to abate. Over th"
2021-09-22,2021-09-22_0004,stock market price*,stock market prices,18549,18568,negative,fell,"[[18569, 18573]]","ds of municipal bond indexes increased slightly but remained well below pre-pandemic levels. On September 20, stock market prices fell notably and speculative-grade yield spreads widened amid rising concerns about the creditworthiness of a Chinese property developer, but these m"
2021-09-22,2021-09-22_0005,stock market*,stock market,18790,18802,unclassified,,[],"hinese property developer, but these moves were mostly reversed during the following day, particularly in the stock market. Short-term funding markets were stable over the intermeeting period. The effective federal funds rate declined slightly, from 10 basis points at the"
2021-09-22,2021-09-22_0006,asset price*,asset prices,19583,19595,unclassified,,[],ons increased from an average of $808 billion over the previous intermeeting period to $108 trillion. Foreign asset prices fluctuated moderately over the intermeeting period as market participants continued to assess the effect of the Delta variant on global growth and in
2021-09-22,2021-09-22_0007,equity index*,equity indexes,20010,20024,unclassified,,[],"nsified later in the period, but effects on broader financial markets were limited. On balance, major foreign equity indexes were mixed, the broad dollar appreciated a touch, and sovereign yields in most major AFEs increased moderately. In the euro area and the United Kingd"
2021-09-22,2021-09-22_0008,asset valu*,asset valuations,37281,37297,positive,high*,"[[37276, 37280]]","nting both upside and downside risks. In addition, some participants mentioned the risks associated with high asset valuations in the United States and abroad, and a number of participants commented on the importance of resolving the issues involving the federal government bu"
2021-11-03,2021-11-03_0000,equity index*,equity indexes,7309,7323,positive,rose,"[[7324, 7328]]","easury securities and agency mortgage-backed securities (MBS), respectively. Over the intermeeting period, US equity indexes rose and the one-month option-implied volatility on the s p 500-the VIX-fell to post-pandemic lows. Continued strong earnings underpinned the rise in"
2021-11-03,2021-11-03_0001,equity price*,equity prices,7474,7487,positive,rise*,"[[7466, 7470]]","latility on the s p 500-the VIX-fell to post-pandemic lows. Continued strong earnings underpinned the rise in equity prices, with firms posting profits near historical highs. Despite signs of robust risk appetite, market participants continued to note prominent risks to th"
2021-11-03,2021-11-03_0002,equity index*,equity indexes,16805,16819,positive,increas*,"[[16820, 16829]]","ry yields. Long-term sovereign yields in AFEs also increased notably. Despite these pressures, broad domestic equity indexes increased, on net, supported by strong earnings reports. Spreads of corporate bonds were little changed overall. Short-term funding markets were stab"
2021-11-03,2021-11-03_0003,equity index*,equity indexes,17602,17616,positive,increas*,"[[17617, 17626]]","lso contributed to increases in Treasury yields, with 2-, 5-, and 10-year yields rising notably on net. Broad equity indexes increased, on net, over the intermeeting period. Perceptions of increased risks related to inflation were more than offset by a short-term resolution"
2021-11-03,2021-11-03_0004,equity index*,equity indexes,19253,19267,positive,increas*,"[[19268, 19277]]","vesting in China slowed, but the effects on broader financial markets were limited. On balance, major foreign equity indexes increased moderately, and the broad dollar appreciated a touch. In domestic credit markets, financing conditions faced by nonfinancial firms in capit"
2021-11-03,2021-11-03_0005,asset valu*,asset valuations,23176,23192,unclassified,,[],"staff provided an update on indicators related to the stability of the financial system. The staff noted that asset valuations remained generally high relative to historical norms. In particular, bond and leveraged loan spreads remained narrow, while equity prices continued t"
2021-11-03,2021-11-03_0006,equity price*,equity prices,23317,23330,unclassified,,[],"ally high relative to historical norms. In particular, bond and leveraged loan spreads remained narrow, while equity prices continued to increase, supported by strong earnings expectations, still-low Treasury yields, and high risk appetite. House prices rose rapidly, outpa"
2021-11-03,2021-11-03_0007,asset valu*,asset valuations,37986,38002,positive,elevat*,"[[37977, 37985]]","d a number of factors representing potential vulnerabilities to the financial system: These included elevated asset valuations prevailing widely across asset classes, the growing exposure of banks to nonbank financial firms, and the risk of a sudden reduction in the liquidity"
2021-12-15,2021-12-15_0000,equities,equities,5598,5606,unclassified,,[],"deral Reserve policy accommodation lifted short-term interest rates and supported the dollar. While prices of equities that are sensitive to COVID-19 risks declined significantly, the s p 500 index was little changed. Over the period, market participants considered po"
2021-12-15,2021-12-15_0001,s p 500 index,s p 500 index,5672,5685,unclassified,,[],"pported the dollar. While prices of equities that are sensitive to COVID-19 risks declined significantly, the s p 500 index was little changed. Over the period, market participants considered potential drivers of the notable decline in far-forward sovereign yields in the U"
2021-12-15,2021-12-15_0002,risk* asset price*,risky asset prices,27459,27477,negative,weigh* on,"[[27448, 27458]]"," Pandemic-related fears as well as concerns about inflation and tighter monetary policy apparently weighed on risky asset prices despite continued robust economic data. In domestic markets, broad equity price indexes were little changed, equity market volatility increased marke"
2021-12-15,2021-12-15_0003,equity price index*,equity price indexes,27545,27565,unclassified,,[],"y apparently weighed on risky asset prices despite continued robust economic data. In domestic markets, broad equity price indexes were little changed, equity market volatility increased markedly, and spreads on corporate bonds widened moderately. In AFEs, sovereign yields declin"
2021-12-15,2021-12-15_0004,equity market*,equity market,27587,27600,unclassified,,[]," despite continued robust economic data. In domestic markets, broad equity price indexes were little changed, equity market volatility increased markedly, and spreads on corporate bonds widened moderately. In AFEs, sovereign yields declined, and major equity indexes edged "
2021-12-15,2021-12-15_0005,equity index*,equity indexes,27729,27743,negative,edge* down,"[[27744, 27754]]","ed markedly, and spreads on corporate bonds widened moderately. In AFEs, sovereign yields declined, and major equity indexes edged down. Short-term funding markets were stable, while participation in the ON RRP facility increased further. Overall, financing conditions for b"
2021-12-15,2021-12-15_0006,equity index*,equity indexes,28973,28987,unclassified,,[],"ing period despite stronger-than-anticipated data on economic activity and surprisingly high inflation. Broad equity indexes were little changed, on net, since the previous FOMC meeting, as strong economic data appeared to offset concerns regarding monetary policy, inflatio"
2021-12-15,2021-12-15_0007,asset price*,asset prices,29637,29649,unclassified,,[]," 5 basis points. Participation in ON RRP operations increased slightly to an average of $15 trillion. Foreign asset prices fluctuated over the intermeeting period in response to central bank communications, headlines regarding COVID-related restrictions in some countries,"
2021-12-15,2021-12-15_0008,equity index*,equity indexes,29892,29906,unclassified,,[],"n some countries, and the spread of the Omicron variant. On net, AFE sovereign yields declined, major foreign equity indexes generally edged down, and the broad dollar index increased modestly. Emerging market economy (EME) sovereign spreads widened, and capital flows into "
2021-12-15,2021-12-15_0009,asset price*,asset prices,30304,30316,unclassified,,[],"redit agency declared two heavily indebted Chinese property developers to be in ""restricted default,"" hurting asset prices in China's real estate sector, but spillovers to broader financial markets were limited. In domestic credit markets, financing conditions for nonfina"
2022-01-26,2022-01-26_0000,s p 500 index,s p 500 index,37368,37381,negative,declin*,"[[37382, 37390]]","ad, as well as an easing of COVID-related concerns, were cited as contributing to the increase in yields. The s p 500 index declined around 5 percent, with sharp moves toward the end of the period, reportedly prompted by concerns about the implications of a tighter path of"
2022-01-26,2022-01-26_0001,equity index*,equity indexes,54234,54248,negative,decreas*,"[[54249, 54258]]","ributed to increases in Treasury yields. Long-term sovereign yields in AFEs also rose notably. Broad domestic equity indexes decreased markedly, and spreads of corporate bonds widened modestly. Short-term funding markets were stable, while participation in the overnight rev"
2022-01-26,2022-01-26_0002,equity index*,equity indexes,55103,55117,negative,decreas*,"[[55118, 55127]]","ields. Inflation compensation implied by Treasury Inflation-Protected Securities rose slightly, on net. Broad equity indexes decreased markedly, on net, particularly in the latter part of the intermeeting period, as shifts in expectations about the pace of monetary policy t"
2022-01-26,2022-01-26_0003,equity price*,equity prices,55371,55384,negative,weigh* on,"[[55360, 55370]]","licy tightening, global inflationary pressures, and escalating tensions between Russia and Ukraine weighed on equity prices. The one-month option-implied volatility on the s p 500-the VIX-increased considerably, on net, to above the 90th percentile of its historical distri"
2022-01-26,2022-01-26_0004,asset price*,asset prices,56248,56260,unclassified,,[]," inflows and accounted for the majority of ON RRP take-up. Over the intermeeting period, movements in foreign asset prices responded to waning concerns about the Omicron variant's potential economic effects and firming views that monetary accommodation in several advanced"
2022-01-26,2022-01-26_0005,equity index*,equity indexes,56665,56679,negative,declin*,"[[56680, 56688]]","ed to Russia as contributing to the moves. On net, AFE sovereign yields increased notably, most major foreign equity indexes declined moderately, and the broad dollar index decreased modestly. EME sovereign spreads widened, and capital flows into EME-dedicated bond funds re"
2022-01-26,2022-01-26_0006,asset valu*,asset valuation,60609,60624,negative,pressure*,"[[60625, 60634]]","nce, characterized the financial vulnerabilities of the US financial system as notable. The staff judged that asset valuation pressures remained elevated. In particular, the forward price-to-earnings ratio for the s p 500 index stood at the upper end of its historical distri"
2022-01-26,2022-01-26_0007,s p 500 index,s p 500 index,60713,60726,unclassified,,[]," that asset valuation pressures remained elevated. In particular, the forward price-to-earnings ratio for the s p 500 index stood at the upper end of its historical distribution; high-yield corporate bond spreads and the excess loan premium for leveraged loans remained at "
2022-01-26,2022-01-26_0008,asset valu*,asset valuations,74751,74767,positive,elevat*,"[[74773, 74781]]",factors that could represent potential vulnerabilities to the financial system. A few participants noted that asset valuations were elevated across a range of markets and raised the concern that a major realignment of asset prices could contribute to a future downturn. A coup
2022-01-26,2022-01-26_0009,asset price*,asset prices,74859,74871,unclassified,,[],t asset valuations were elevated across a range of markets and raised the concern that a major realignment of asset prices could contribute to a future downturn. A couple of these participants judged that prolonged accommodative financial conditions could be contributing 
2022-01-26,2022-01-26_0010,asset valu*,asset valuations,75104,75120,positive,elevat*,"[[75095, 75103]]","ions could be contributing to financial imbalances. A couple of other participants cited reasons why elevated asset valuations might prove to be less of a threat to financial stability than in past reversals of asset prices. In particular, they noted the relatively healthy ba"
2022-01-26,2022-01-26_0011,asset price*,asset prices,75205,75217,unclassified,,[],"elevated asset valuations might prove to be less of a threat to financial stability than in past reversals of asset prices. In particular, they noted the relatively healthy balance sheet positions of households and nonfinancial firms, the well-capitalized and liquid banki"
2022-03-16,2022-03-16_0000,equities,equities,5352,5360,unclassified,,[],"the dollar. Prices of dollar-denominated Russian bonds plunged 80 to 90 percent, and local trading of Russian equities was suspended after a precipitous decline in Russian stock price indexes. Global financial conditions tightened, reflecting declines in equity prices"
2022-03-16,2022-03-16_0001,stock price*,stock price,5414,5425,unclassified,,[]," 80 to 90 percent, and local trading of Russian equities was suspended after a precipitous decline in Russian stock price indexes. Global financial conditions tightened, reflecting declines in equity prices, increases in sovereign yields and credit spreads, and-for the U"
2022-03-16,2022-03-16_0002,equity price*,equity prices,5497,5510,negative,declin*,"[[5485, 5493]]","ipitous decline in Russian stock price indexes. Global financial conditions tightened, reflecting declines in equity prices, increases in sovereign yields and credit spreads, and-for the United States-an appreciation of the dollar. Prices of commodities that Russia exports"
2022-03-16,2022-03-16_0003,equity price*,equity prices,6099,6112,negative,declin*,"[[6113, 6121]]","ncreased sharply across advanced economies. In Eastern European countries, currencies depreciated notably and equity prices declined, but most emerging market currencies outside of Eastern Europe depreciated only modestly or rose. Sovereign spreads for emerging market econ"
2022-03-16,2022-03-16_0004,equity index*,equity indexes,25044,25058,negative,declin*,"[[25059, 25067]]","e viewed as implying a more rapid removal of monetary policy accommodation than previously expected. Domestic equity indexes declined modestly, while those in Europe fell noticeably. Financing conditions remained accommodative, although borrowing costs increased further. In"
2022-03-16,2022-03-16_0005,equity index*,equity indexes,26104,26118,negative,declin*,"[[26119, 26127]]","storical distributions. Spreads of municipal bonds also widened significantly across credit categories. Broad equity indexes declined modestly, on net, amid significant fluctuations. Equity prices increased early in the period because of stronger-than-anticipated corporate "
2022-03-16,2022-03-16_0006,equity price*,Equity prices,26177,26190,positive,increas*,"[[26191, 26200]]","ntly across credit categories. Broad equity indexes declined modestly, on net, amid significant fluctuations. Equity prices increased early in the period because of stronger-than-anticipated corporate earnings and economic data releases, but they retraced these gains as in"
2022-03-16,2022-03-16_0007,asset price*,asset prices,26585,26597,positive,high*,"[[26603, 26609]]","d briefly immediately following the invasion but ended the intermeeting period slightly lower on net. Foreign asset prices were highly volatile over the intermeeting period in response to geopolitical developments, central bank communications, and rising inflation concern"
2022-03-16,2022-03-16_0008,equity index*,equity indexes,26853,26867,unclassified,,[],"cerns. News related to Russia's invasion of Ukraine, in particular, contributed to decreases in major foreign equity indexes, especially in Europe, and a moderate increase in the broad dollar index. Despite downward pressure from the geopolitical events, AFE sovereign yield"
2022-03-16,2022-03-16_0009,equity price*,equity prices,28249,28262,unclassified,,[],"he volatility of price moves and may have contributed to the particularly large swings in Treasury yields and equity prices late in the intermeeting period. Short-term funding markets were mostly stable over the intermeeting period, although spreads in some segments widene"
2022-05-04,2022-05-04_0000,equity index*,Equity indexes,6599,6613,unclassified,,[],"higher, with 30-year fixed-rate mortgage rates rising above 5 percent to the highest levels in over a decade. Equity indexes ended the period substantially lower, on net. These indexes moved up earlier in the period in connection with a perceived reduction in tail risks ste"
2022-05-04,2022-05-04_0001,equity price index*,equity price indexes,16184,16204,negative,declin*,"[[16205, 16213]]","r coming months. Sovereign yields in advanced foreign economies (AFEs) also increased notably. Broad domestic equity price indexes declined on net, and the one-month option-implied volatility on the s p 500 index-the VIX-remained elevated. Short-term funding markets were stable, "
2022-05-04,2022-05-04_0002,s p 500 index,s p 500 index,16273,16286,unclassified,,[],"ably. Broad domestic equity price indexes declined on net, and the one-month option-implied volatility on the s p 500 index-the VIX-remained elevated. Short-term funding markets were stable, while participation in the ON RRP facility increased further. Amid the increase in"
2022-05-04,2022-05-04_0003,equity index*,equity indexes,17031,17045,negative,decreas*,"[[17046, 17055]]","th-implied by a straight read of overnight index swap quotes-rose notably since the March FOMC meeting. Broad equity indexes decreased over the intermeeting period. Early in the period, equity prices increased, supported by the robust pace of economic activity and reduced m"
2022-05-04,2022-05-04_0004,equity price*,equity prices,17107,17120,positive,increas*,"[[17121, 17130]]","nce the March FOMC meeting. Broad equity indexes decreased over the intermeeting period. Early in the period, equity prices increased, supported by the robust pace of economic activity and reduced market concerns about the implications for the global economy of Russia's in"
2022-05-04,2022-05-04_0005,stock price*,stock prices,17316,17328,positive,gain*,"[[17307, 17312]]","rns about the implications for the global economy of Russia's invasion of Ukraine. The initial sharp gains in stock prices were followed by larger declines later in the period, as longer-term interest rates rose substantially and as some disappointing earnings reports tow"
2022-05-04,2022-05-04_0006,equity price*,equity prices,17528,17541,negative,weigh* on,"[[17517, 17527]]","substantially and as some disappointing earnings reports toward the end of the intermeeting period weighed on equity prices. The VIX declined substantially early in the period but ended the period little changed on net, remaining at elevated levels. Similarly, spreads on i"
2022-05-04,2022-05-04_0007,price* of risk* asset*,prices of risky assets,19372,19394,negative,weigh* on,"[[19361, 19371]]","s in US Treasury yields. Prospects of tighter monetary policy and COVID-related lockdowns in China weighed on prices of risky assets, but investor concerns surrounding the economic effects of the war in Ukraine seemed to abate partially. On balance, major foreign equity indexes reg"
2022-05-04,2022-05-04_0008,equity index*,equity indexes,19526,19540,unclassified,,[],"s surrounding the economic effects of the war in Ukraine seemed to abate partially. On balance, major foreign equity indexes registered mixed and relatively modest changes. The US dollar generally strengthened, with a more pronounced dollar appreciation against AFE currenci"
2022-06-15,2022-06-15_0000,asset price*,asset prices,4831,4843,unclassified,,[],"rst to a discussion of financial developments. Over the intermeeting period, there were significant swings in asset prices, and financial conditions tightened, on net, as market participants assessed incoming information about the economy. In the United States, near-term "
2022-06-15,2022-06-15_0001,equity price*,equity prices,6464,6477,unclassified,,[],"rket functioning had held up. Responding to higher interest rates and some concerns about the growth outlook, equity prices moved substantially lower over the period. The manager turned next to a discussion of developments related to foreign central banks. Most major forei"
2022-06-15,2022-06-15_0002,equity price index*,equity price indexes,15582,15602,negative,declin*,"[[15603, 15611]]","asury yields and the market-implied federal funds rate path moved substantially higher on net. Broad domestic equity price indexes declined considerably, on balance, amid elevated market volatility. In most advanced foreign economies (AFEs), sovereign yields also increased furthe"
2022-06-15,2022-06-15_0003,equity price index*,equity price indexes,15767,15787,negative,mov* lower,"[[15788, 15799]]","t volatility. In most advanced foreign economies (AFEs), sovereign yields also increased further, and foreign equity price indexes moved lower. Despite further increases in borrowing costs, financing conditions in domestic credit markets remained generally accommodative. The cred"
2022-06-15,2022-06-15_0004,equity price index*,equity price indexes,16904,16924,negative,fell,"[[16925, 16929]]","counterparts, while inflation compensation implied by Treasury Inflation-Protected Securities declined. Broad equity price indexes fell sharply over the intermeeting period on net. The stock price declines were largely associated with mixed corporate earnings news early in the pe"
2022-06-15,2022-06-15_0005,stock price*,stock price,16979,16990,negative,declin*,"[[16991, 16999]]",otected Securities declined. Broad equity price indexes fell sharply over the intermeeting period on net. The stock price declines were largely associated with mixed corporate earnings news early in the period and increasing concerns about the economic outlook amid globa
2022-06-15,2022-06-15_0006,s p 500 index,s p 500 index,17204,17217,unclassified,,[],"concerns about the economic outlook amid global policy tightening. One-month option-implied volatility on the s p 500 index-the VIX-increased moderately, on balance, remaining elevated relative to its historical distribution and significantly above average pre-pandemic lev"
2022-06-15,2022-06-15_0007,equity price*,equity prices,19461,19474,negative,weigh* on,"[[19450, 19460]]","ith increased uncertainty about the path of policy rates. Concerns about the global growth outlook weighed on equity prices, and the broad dollar edged up. Implied equity price volatility remained at elevated levels. Japanese yields and equity prices, however, ended the pe"
2022-06-15,2022-06-15_0008,equity price*,equity price,19515,19527,unclassified,,[],"es. Concerns about the global growth outlook weighed on equity prices, and the broad dollar edged up. Implied equity price volatility remained at elevated levels. Japanese yields and equity prices, however, ended the period about unchanged, as the BOJ reaffirmed its accom"
2022-06-15,2022-06-15_0009,equity price*,equity prices,19588,19601,unclassified,,[],"d the broad dollar edged up. Implied equity price volatility remained at elevated levels. Japanese yields and equity prices, however, ended the period about unchanged, as the BOJ reaffirmed its accommodative monetary policy stance. Sovereign bond spreads over German bund y"
2022-07-27,2022-07-27_0000,equity price index*,equity price indexes,14487,14507,positive,high*,"[[14513, 14519]]","ed federal funds rate path for the next few meetings rose but moved down noticeably at longer horizons. Broad equity price indexes were higher, on net, while credit spreads widened. Major foreign equity price indexes edged higher, on net, and the exchange value of the dollar cont"
2022-07-27,2022-07-27_0001,equity price index*,equity price indexes,14573,14593,unclassified,,[]," longer horizons. Broad equity price indexes were higher, on net, while credit spreads widened. Major foreign equity price indexes edged higher, on net, and the exchange value of the dollar continued to appreciate. Amid the decline in Treasury yields, longer-term borrowing costs "
2022-07-27,2022-07-27_0002,equity price index*,equity price indexes,14940,14960,positive,high*,"[[14966, 14972]]","ilability remained generally available, it appeared to tighten for most businesses and some households. Broad equity price indexes were higher over the intermeeting period, amid heightened volatility. Declines in interest rates likely supported stock prices over the period, while"
2022-07-27,2022-07-27_0003,stock price*,stock prices,15075,15087,unclassified,,[]," higher over the intermeeting period, amid heightened volatility. Declines in interest rates likely supported stock prices over the period, while some positive earnings releases suggested to investors a less pessimistic corporate outlook. One-month option-implied volatili"
2022-07-27,2022-07-27_0004,s p 500 index,s p 500 index,15247,15260,unclassified,,[],"eases suggested to investors a less pessimistic corporate outlook. One-month option-implied volatility on the s p 500 index-the VIX-decreased but remained significantly above its pre-pandemic levels. Yields on corporate bonds declined notably across the credit spectrum, bu"
2022-07-27,2022-07-27_0005,equity price index*,equity price indexes,17282,17302,unclassified,,[]," Instrument that could be activated to counter disorderly conditions in euro-area bond markets. Major foreign equity price indexes were volatile but generally edged higher, on net, supported by declines in sovereign yields. The dollar appreciated somewhat further against most cur"
2022-07-27,2022-07-27_0006,equities,equities,23601,23609,unclassified,,[],"funds and life insurance companies remained relatively high. Market liquidity had deteriorated in the oil and equities markets since January, but market functioning continued to be orderly. Yields offered by MMMFs were well above those offered by banks, and the staff "
2022-07-27,2022-07-27_0007,asset valu*,asset valuations,39874,39890,negative,eas*,"[[39895, 39900]]","s. Several of the participants who commented on issues related to financial stability noted that, on balance, asset valuations had eased from elevated levels in recent months. High levels of capital and liquidity overall in the banking system, healthy household balance sheets"
2022-07-27,2022-07-27_0008,asset market*,asset markets,41058,41071,unclassified,,[],"essive leverage-similar to those associated with more traditional assets. While the recent turmoil in digital asset markets had not spread to other asset classes, these participants saw digital assets' rising importance and growing interconnectedness with other segments of"
2022-09-21,2022-09-21_0000,equity price*,Equity prices,6190,6203,unclassified,,[],"he policy rate. Treasury yields climbed substantially, with most of the upward move reflected in real yields. Equity prices initially rose amid second-quarter earnings reports that were better than feared but later retraced those gains in response to the shifting policy ou"
2022-09-21,2022-09-21_0001,equity price index*,equity price indexes,15024,15044,negative,decreas*,"[[15045, 15054]]","eeting period, US Treasury yields and the market-implied federal funds rate path moved higher. Broad domestic equity price indexes decreased slightly, on balance, but market volatility remained elevated. Credit remained widely available to most types of borrowers, but increases i"
2022-09-21,2022-09-21_0002,equity price index*,equity price indexes,16231,16251,negative,decreas*,"[[16252, 16261]]","tantially at short horizons and remained relatively little changed at medium- and longer-term horizons. Broad equity price indexes decreased slightly, on net, as substantial early gains arising from investors' improved perceptions about the inflation outlook and better-than-feare"
2022-09-21,2022-09-21_0003,equity price*,equity prices,19076,19089,unclassified,,[],"ning interest rate differentials between the United States and Japan. Growth concerns also weighed on foreign equity prices, which declined moderately. Outflows from funds dedicated to emerging markets continued at a modest pace, and credit spreads in emerging market econo"
2022-11-02,2022-11-02_0000,equity price*,equity prices,15088,15101,unclassified,,[]," US Treasury yields and the market-implied federal funds rate path moved substantially higher. Broad domestic equity prices were little changed, on net, amid high market volatility, while corporate bond yields increased notably. The rise in borrowing costs appeared to have"
2022-11-02,2022-11-02_0001,equity price index*,equity price indexes,15988,16008,negative,fell,"[[16009, 16013]]","ere primarily accounted for by higher real yields, though inflation compensation measures rose as well. Broad equity price indexes fell significantly early in the intermeeting period, with inflation news and monetary policy expectations likely being the main drivers of stock pric"
2022-11-02,2022-11-02_0002,stock price*,stock price,16148,16159,unclassified,,[],"he intermeeting period, with inflation news and monetary policy expectations likely being the main drivers of stock price movements. However, equity prices later rebounded and ended the period essentially unchanged on net. One-month option-implied volatility on the s p 5"
2022-11-02,2022-11-02_0003,equity price*,equity prices,16180,16193,unclassified,,[],"lation news and monetary policy expectations likely being the main drivers of stock price movements. However, equity prices later rebounded and ended the period essentially unchanged on net. One-month option-implied volatility on the s p 500-the VIX-declined slightly, on n"
2022-11-02,2022-11-02_0004,asset price*,asset prices,17231,17243,unclassified,,[],"g with the rise in administered rates, while retail bank deposit rates increased modestly on balance. Foreign asset prices were volatile over the intermeeting period as investors grappled with the combination of a deteriorating global growth outlook and synchronous policy"
2022-11-02,2022-11-02_0005,equity price*,equity prices,17669,17682,unclassified,,[],"ft little net imprint. On balance, sovereign bond yields in most advanced foreign economies rose modestly and equity prices were mixed. The US dollar appreciated against most major currencies, driven by widening yield differentials between the United States and the rest of"
2022-11-02,2022-11-02_0006,price* of risk* asset*,prices of risky assets,22575,22597,unclassified,,[],"ncial, and geopolitical risks had risen across the globe. Amid this weaker outlook and higher interest rates, prices of risky assets generally fell, though real estate valuations remained elevated. Household borrowing was moderate, and mortgage performance remained strong. Nonfinan"
2022-12-14,2022-12-14_0000,equity market*,Equity markets,7118,7132,positive,mov* high*,"[[7133, 7145]]"," suggested that a drop in term premiums accounted for much of the decline in Treasury yields over the period. Equity markets moved higher. However, equity market contacts noted risks to growth ahead, and earnings expectations for coming quarters had been marked down. In for"
2022-12-14,2022-12-14_0001,equity market*,equity market,7156,7169,unclassified,,[],"s accounted for much of the decline in Treasury yields over the period. Equity markets moved higher. However, equity market contacts noted risks to growth ahead, and earnings expectations for coming quarters had been marked down. In foreign exchange markets, moderating con"
2022-12-14,2022-12-14_0002,stock market index*,Stock market indexes,16059,16079,positive,rose,"[[16080, 16084]]","n compensation declined, on net, and the implied path of the federal funds rate in 2023 ended modestly lower. Stock market indexes rose, on balance, likely reflecting reduced concerns about the inflation outlook, and market volatility declined notably. Borrowing costs declined, o"
2022-12-14,2022-12-14_0003,stock price*,stock price,17077,17088,unclassified,,[],"ion compensation measures based on inflation swaps declined notably, especially for shorter maturities. Broad stock price indexes increased, likely reflecting reduced concerns about the inflation outlook and the associated implications for the future path of policy. On n"
2022-12-14,2022-12-14_0004,risk* asset price*,risky asset prices,18850,18868,unclassified,,[],"nced economies. Investors reacted positively to news of an easing of COVID restrictions in China, which drove risky asset prices significantly higher despite near-term challenges associated with the health policy shift. Emerging market fund outflows moderated and turned to infl"
2022-12-14,2022-12-14_0005,equity valu*,equity values,24676,24689,unclassified,,[],"s were projected to be somewhat less restrictive than previously assumed, as the effects of a higher path for equity values and a lower path for the dollar more than offset a higher medium-term trajectory for interest rates. Nevertheless, the forecast for US real GDP growt"
2023-02-01,2023-02-01_0000,stock market index*,Stock market indexes,19531,19551,unclassified,,[]," Nominal Treasury yields were little changed, while swaps-based inflation compensation measures fell notably. Stock market indexes were slightly higher, and market volatility declined but remained slightly elevated. Businesses and households continued to face elevated borrowing c"
2023-02-01,2023-02-01_0001,stock price*,stock price,20097,20108,unclassified,,[],"y yields were roughly unchanged, and swaps-market-implied inflation compensation measures fell notably. Broad stock price indexes ended the intermeeting period only slightly higher despite sizable fluctuations. Equity prices fell sharply following the December FOMC state"
2023-02-01,2023-02-01_0002,equity price*,Equity prices,20198,20211,negative,fell,"[[20212, 20216]]",y. Broad stock price indexes ended the intermeeting period only slightly higher despite sizable fluctuations. Equity prices fell sharply following the December FOMC statement but recovered over the remainder of the period in response to data releases. The VIX-the one-month
2023-02-01,2023-02-01_0003,risk* asset price*,risky asset prices,21787,21805,unclassified,,[]," investor perceptions of an improved economic outlook in China and Europe contributed to increases in foreign risky asset prices and weighed on the exchange value of the dollar. Global equity indexes rose, supported in part by lower European natural gas prices and China's decis"
2023-02-01,2023-02-01_0004,equity index*,equity indexes,21862,21876,positive,rose,"[[21877, 21881]]","ontributed to increases in foreign risky asset prices and weighed on the exchange value of the dollar. Global equity indexes rose, supported in part by lower European natural gas prices and China's decision to abandon its zero-COVID policy. Sovereign yields increased notabl"
2023-02-01,2023-02-01_0005,asset valu*,asset valuation,27510,27525,negative,pressure*,"[[27526, 27535]]","ce, characterized the financial vulnerabilities of the US financial system as moderate. The staff judged that asset valuation pressures remained notable. In particular, the staff noted that measures of valuations in both residential and commercial property markets remained h"
2023-02-01,2023-02-01_0006,equity price*,equity prices,27892,27905,negative,declin*,"[[27881, 27888]]"," the forward price-to-earnings ratio for s p 500 firms remained above its median value despite the decline in equity prices over the past year. The staff assessed that valuation pressures had eased for corporate bonds and leveraged loans, as spreads in both markets had inc"
2023-03-22,2023-03-22_0000,equity price*,equity prices,6524,6537,negative,low*,"[[6538, 6543]]","od. Early in the period, firmer-than-expected data and policy communications pushed interest rates higher and equity prices lower. Developments in the banking sector later in the period were met with sharp reductions in Treasury yields, particularly at shorter tenors. Trea"
2023-03-22,2023-03-22_0001,equity price*,equity prices,7250,7263,unclassified,,[],"ould not be reflected in most common financial conditions indexes. Following the banking-sector developments, equity prices for large US banks underperformed the broad market; equity prices for US regional banks generally underperformed by relatively more. Regarding the ou"
2023-03-22,2023-03-22_0002,equity price*,equity prices,7316,7329,unclassified,,[]," Following the banking-sector developments, equity prices for large US banks underperformed the broad market; equity prices for US regional banks generally underperformed by relatively more. Regarding the outlook for inflation in the United States, market-based measures of"
2023-03-22,2023-03-22_0003,stock market price*,stock market price,15513,15531,unclassified,,[],"h steepening, nominal Treasury yields rising, near-term inflation compensation measures increasing, and broad stock market price indexes declining. Financing conditions for businesses, households, and municipalities had tightened during this period and were moderately restricti"
2023-03-22,2023-03-22_0004,stock price*,stock price,16290,16301,unclassified,,[],"nts in the banking sector. Treasury yields and policy rate expectations moved down significantly, while broad stock price indexes rose somewhat. The market-implied policy rate path shifted down sizably, with the federal funds rate expected to peak in May before decreasin"
2023-03-22,2023-03-22_0005,stock price*,stock prices,17243,17255,negative,declin*,"[[17256, 17264]]","ury Inflation-Protected Securities due to strong safe-haven demands. Late in the intermeeting period, US bank stock prices declined notably. Regional banks with unusually large reliance on uninsured deposits and holdings of securities with significant unrealized mark-to-m"
2023-03-22,2023-03-22_0006,stock price*,stock prices,17449,17461,negative,declin*,"[[17437, 17445]]","s and holdings of securities with significant unrealized mark-to-market losses experienced larger declines in stock prices. Broad equity prices rose somewhat after the closures of Silicon Valley Bank and Signature Bank, reportedly driven by investors' reassessment of the "
2023-03-22,2023-03-22_0007,equity price*,equity prices,17469,17482,positive,rose,"[[17483, 17487]]","curities with significant unrealized mark-to-market losses experienced larger declines in stock prices. Broad equity prices rose somewhat after the closures of Silicon Valley Bank and Signature Bank, reportedly driven by investors' reassessment of the outlook for interest "
2023-03-22,2023-03-22_0008,asset market*,asset markets,18162,18175,unclassified,,[],"g this period, reflecting increased uncertainty about the interest rate outlook. Some of the pricing moves in asset markets may have been amplified by impaired liquidity conditions. Despite deteriorating liquidity conditions in Treasury, bond, and equity markets, market fu"
2023-03-22,2023-03-22_0009,equity market*,equity markets,18300,18314,unclassified,,[],"amplified by impaired liquidity conditions. Despite deteriorating liquidity conditions in Treasury, bond, and equity markets, market functioning remained orderly. Over the intermeeting period, foreign financial markets were volatile as investors' focus shifted from resilien"
2023-03-22,2023-03-22_0010,equity index*,equity indexes,19180,19194,unclassified,,[],"ar index rose moderately, corporate and emerging market economy sovereign credit spreads widened, and foreign equity indexes generally moved lower, with bank equities falling notably. US unsecured funding markets showed some signs of pressure later in the intermeeting perio"
2023-03-22,2023-03-22_0011,equities,equities,19228,19236,negative,fall*,"[[19237, 19244]]"," market economy sovereign credit spreads widened, and foreign equity indexes generally moved lower, with bank equities falling notably. US unsecured funding markets showed some signs of pressure later in the intermeeting period. Issuance of commercial paper (CP) and n"
2023-05-03,2023-05-03_0000,asset price*,Asset prices,6128,6140,unclassified,,[],Markets and Open Market Operations The manager turned first to a review of developments in financial markets. Asset prices were less volatile and financial market conditions eased somewhat over the intermeeting period as investor sentiment around the banking system stabil
2023-05-03,2023-05-03_0001,equities,equities,6338,6346,unclassified,,[]," period as investor sentiment around the banking system stabilized. On net, nominal Treasury yields declined, equities appreciated, credit spreads tightened, and the trade-weighted value of the dollar depreciated. Measures of implied volatility declined across markets"
2023-05-03,2023-05-03_0002,equity price*,equity prices,7589,7602,unclassified,,[],"olatility. Deposit outflows from small and mid-sized banks largely stopped in late March and April. Al­though equity prices for regional banks fell further over the period, for the vast majority of banks these declines appeared primarily to reflect expectations for lower p"
2023-05-03,2023-05-03_0003,equity price index*,equity price indexes,15898,15918,positive,increas*,"[[15919, 15928]]","eclined. The market-implied path for the federal funds rate in 2023 increased modestly over the period. Broad equity price indexes increased, al­though equity prices of some regional banks were lower, and equity market volatility declined. Financing conditions continued to be res"
2023-05-03,2023-05-03_0004,equity price*,equity prices,15940,15953,unclassified,,[],"ederal funds rate in 2023 increased modestly over the period. Broad equity price indexes increased, al­though equity prices of some regional banks were lower, and equity market volatility declined. Financing conditions continued to be restrictive, and borrowing costs remai"
2023-05-03,2023-05-03_0005,equity market*,equity market,15993,16006,unclassified,,[]," period. Broad equity price indexes increased, al­though equity prices of some regional banks were lower, and equity market volatility declined. Financing conditions continued to be restrictive, and borrowing costs remained elevated. Over the intermeeting period, the marke"
2023-05-03,2023-05-03_0006,stock price*,stock price,16780,16791,unclassified,,[],"e path of interest rates declined modestly but remained substantially elevated by historical standards. Broad stock price indexes increased moderately, and the VIX-the one-month option-implied volatility on the s p 500-decreased notably over the intermeeting period. Howe"
2023-05-03,2023-05-03_0007,equity price*,Equity prices,17020,17033,unclassified,,[],"r the intermeeting period. However, market participants remained attentive to developments at regional banks. Equity prices at such banks broadly declined over the intermeeting period in part because of higher funding costs, as well as concerns about profitability and a po"
2023-05-03,2023-05-03_0008,equity index*,equity indexes,17454,17468,unclassified,,[],"eeting period amid reduced investor concerns about the banking sector, leading to moderate increases in broad equity indexes and declines in option-implied measures of equity volatility. That said, equity prices for euro-area banks declined somewhat, on net, and remained si"
2023-05-03,2023-05-03_0009,equity price*,equity prices,17542,17555,unclassified,,[],"te increases in broad equity indexes and declines in option-implied measures of equity volatility. That said, equity prices for euro-area banks declined somewhat, on net, and remained significantly lower than their levels before the onset of banking stresses in early March"
2023-05-03,2023-05-03_0010,asset valu*,asset valuation,23657,23672,negative,pressure*,"[[23673, 23682]]","king system was sound and resilient despite concerns about profitability at some banks. The staff judged that asset valuation pressures remained moderate. In particular, the staff noted that the equity risk premium and corporate bond spreads declined over the past few months"
2023-06-14,2023-06-14_0000,equity price*,equity prices,6172,6185,positive,rose,"[[6186, 6190]]","he increase in nominal yields primarily reflected higher real rates rather than inflation compensation. Broad equity prices rose, al­though the outperformance was concentrated in a handful of companies with a large market capitalization. Cyclical sectors fared better than "
2023-06-14,2023-06-14_0001,equity price*,Equity prices,6583,6596,unclassified,,[], about the banking sector improved as perceived tail risks regarding regional banks appeared to have receded. Equity prices for regional banks rose over the intermeeting period but were still well below early March levels. Financial conditions indexes were roughly unchange
2023-06-14,2023-06-14_0002,equity price*,equity prices,6809,6822,positive,high*,"[[6802, 6808]]","ancial conditions indexes were roughly unchanged, as higher rates and a stronger dollar were offset by higher equity prices and narrower credit spreads. The vast majority of respondents to the Open Market Desk's Surveys of Primary Dealers and Market Participants expected n"
2023-06-14,2023-06-14_0003,equity price*,equity prices,15519,15532,unclassified,,[],"yields and the expected future path for the federal funds rate shifted upward significantly. Meanwhile, broad equity prices also increased notably. Financing conditions remained moderately restrictive, but credit availability generally remained solid. The expected path of "
2023-06-14,2023-06-14_0004,stock price*,stock price,16538,16549,unclassified,,[],"s of uncertainty about the path of interest rates remained very elevated by historical standards. The s p 500 stock price index increased sizably, on net, over the intermeeting period, led by technology-related stocks. The VIX-the one-month option-implied volatility on t"
2023-06-14,2023-06-14_0005,s p 500 index,s p 500 index,16702,16715,negative,edge* down,"[[16716, 16726]]","intermeeting period, led by technology-related stocks. The VIX-the one-month option-implied volatility on the s p 500 index-edged down, on balance, and ended the period near the 30th percentile of its historical distribution. Bank equity price indexes moved up notably, on "
2023-06-14,2023-06-14_0006,equity price index*,equity price indexes,16823,16843,positive,mov* up,"[[16844, 16852]]","ex-edged down, on balance, and ended the period near the 30th percentile of its historical distribution. Bank equity price indexes moved up notably, on net, over the intermeeting period. Stock prices for large banks were only somewhat below their levels before the failure of Sili"
2023-06-14,2023-06-14_0007,stock price*,Stock prices,16900,16912,unclassified,,[],"ts historical distribution. Bank equity price indexes moved up notably, on net, over the intermeeting period. Stock prices for large banks were only somewhat below their levels before the failure of Silicon Valley Bank (SVB), while those for regional banks remained below "
2023-06-14,2023-06-14_0008,equity price*,equity prices,17395,17408,unclassified,,[],"ived as pointing to more restrictive policy than expected. Notwithstanding the rise in global yields, foreign equity prices, credit spreads, and risk sentiment in foreign markets were little changed over the intermeeting period. The staff's trade-weighted broad dollar inde"
2023-06-14,2023-06-14_0009,household wealth,household wealth,28513,28529,unclassified,,[],"consumer spending so far this year had been stronger than expected. Several participants noted that aggregate household wealth remained high, as equity and home prices had not declined much from their recent highs. A few participants mentioned that while, overall, the househo"
2023-06-14,2023-06-14_0010,equity and home price*,equity and home prices,28548,28570,positive,not declin*,"[[28575, 28587]]","had been stronger than expected. Several participants noted that aggregate household wealth remained high, as equity and home prices had not declined much from their recent highs. A few participants mentioned that while, overall, the household sector still retained much of the exce"
2023-07-26,2023-07-26_0000,equity price*,equity prices,5987,6000,positive,gain*,"[[5978, 5983]]","restrictive expected policy path, broader financial conditions eased a bit, reflecting in large part gains in equity prices and tighter credit spreads. Notably, share prices for bank equity also appreciated over the intermeeting period as concerns about the banking sector "
2023-07-26,2023-07-26_0001,equity price*,equity prices,14209,14222,positive,increas*,"[[14223, 14232]]","ds rate rose modestly, and nominal Treasury yields increased somewhat at shorter maturities. Meanwhile, broad equity prices increased, and spreads on investment- and speculative-grade corporate bonds narrowed moderately. Financing conditions continued to be generally restr"
2023-07-26,2023-07-26_0002,stock price*,stock price,15089,15100,unclassified,,[],h of the policy rate derived from interest rate options remained very elevated by historical standards. Broad stock price indexes increased and spreads on investment- and speculative-grade corporate bonds narrowed moderately over the intermeeting period. The VIX-the one-
2023-07-26,2023-07-26_0003,equity price*,equity prices,15391,15404,positive,increas*,"[[15405, 15414]]", on the s p 500-edged down and ended the period near the 25th percentile of its historical distribution. Bank equity prices increased and outperformed the s p 500 modestly. Stock prices for the largest banks fully recovered from their declines in the immediate wake of the 
2023-07-26,2023-07-26_0004,stock price*,Stock prices,15454,15466,unclassified,,[],"ercentile of its historical distribution. Bank equity prices increased and outperformed the s p 500 modestly. Stock prices for the largest banks fully recovered from their declines in the immediate wake of the failure of Silicon Valley Bank, while those for regional banks"
2023-07-26,2023-07-26_0005,equity index*,equity indexes,16050,16064,positive,increas*,"[[16065, 16075]]","nflation and PMIs from some economies. Risk sentiment in foreign markets improved somewhat, with most foreign equity indexes increasing and foreign corporate and emerging market sovereign bond spreads narrowing. The staff's trade-weighted broad dollar index declined moderat"
2023-07-26,2023-07-26_0006,asset valu*,asset valuation,21918,21933,negative,pressure*,"[[21934, 21943]]","nce, characterized the financial vulnerabilities of the US financial system as notable. The staff judged that asset valuation pressures remained notable. In particular, measures of valuations in both residential and commercial property markets remained high relative to funda"
2023-09-20,2023-09-20_0000,equity price*,equity prices,6000,6013,negative,fell,"[[6014, 6018]]"," increases. Ten-year Treasury yields ended the period more than 40 basis points higher, and broad measures of equity prices fell. Bank equity prices underperformed over the period, but taking a somewhat longer view, investor sentiment toward the banking sector appeared to "
2023-09-20,2023-09-20_0001,equity price*,equity prices,6025,6038,unclassified,,[],"sury yields ended the period more than 40 basis points higher, and broad measures of equity prices fell. Bank equity prices underperformed over the period, but taking a somewhat longer view, investor sentiment toward the banking sector appeared to have largely stabilized, "
2023-09-20,2023-09-20_0002,equity price*,equity price,6217,6229,unclassified,,[],"nvestor sentiment toward the banking sector appeared to have largely stabilized, with less differentiation of equity price movements across bank types. The dollar broadly appreciated against advanced-economy currencies over the period, as stronger US data supported modera"
2023-09-20,2023-09-20_0003,equity price*,equity prices,6817,6830,negative,low*,"[[6811, 6816]]","ed concern about China-related risks. US financial conditions tightened, with higher longer-term rates, lower equity prices, and a stronger dollar contributing roughly equally to the increase in various financial conditions indexes. In addressing the increase in nominal yi"
2023-09-20,2023-09-20_0004,stock price*,Stock prices,14255,14267,negative,declin*,"[[14268, 14276]]","l Treasury securities rose more substantially, mainly reflecting higher term premiums and higher real yields. Stock prices declined somewhat, but spreads on investment- and speculative-grade corporate bonds were little changed. Financing conditions tightened somewhat, and"
2023-09-20,2023-09-20_0005,equity price index*,equity price indexes,15054,15074,negative,declin*,"[[15075, 15083]]","meeting, and the expected path further out, implied by overnight index swap contracts, rose moderately. Broad equity price indexes declined somewhat, and the one-month option-implied volatility on the s p 500 index edged up slightly, on net, and stood near the 25th percentile of "
2023-09-20,2023-09-20_0006,s p 500 index,s p 500 index,15145,15158,positive,edge* up,"[[15159, 15167]]"," moderately. Broad equity price indexes declined somewhat, and the one-month option-implied volatility on the s p 500 index edged up slightly, on net, and stood near the 25th percentile of its historical distribution. Conditions in domestic short-term funding markets remai"
2023-09-20,2023-09-20_0007,equity price*,equity prices,16129,16142,negative,declin*,"[[16143, 16151]]","he decision by the Bank of Japan to effectively widen its target range for the 10-year Japanese yield. Global equity prices declined moderately, reflecting higher long-term yields and increased concerns about the foreign economic outlook. Bond and equity funds focused on e"
2023-11-01,2023-11-01_0000,equity price*,equity prices,6133,6146,negative,low*,"[[6127, 6132]]","Financial conditions continued to tighten, driven by higher yields on Treasury securities as well as by lower equity prices and a stronger dollar, which themselves partly reflected higher interest rates. Because earnings expectations had held up well in recent months, the "
2023-11-01,2023-11-01_0001,equity price*,equity prices,6331,6344,unclassified,,[],"ates. Because earnings expectations had held up well in recent months, the effect of higher interest rates on equity prices likely took place largely through valuations. The rise since July in yields on longer-dated nominal Treasury securities was mostly attributable to in"
2023-11-01,2023-11-01_0002,equity price*,equity prices,13839,13852,negative,decreas*,"[[13853, 13862]]","data seemed to increase the uncertainty regarding how long policy rates might need to remain high. Meanwhile, equity prices decreased, and spreads on investment- and speculative-grade corporate bonds widened. Financing conditions tightened further, and borrowing costs cont"
2023-11-01,2023-11-01_0003,stock price*,stock price,14512,14523,unclassified,,[],"termeeting period, largely following the changes in energy prices, but ended the period modestly lower. Broad stock price indexes declined over the intermeeting period. Equity prices in interest rate-sensitive sectors, such as real estate and utilities, underperformed th"
2023-11-01,2023-11-01_0004,equity price*,Equity prices,14571,14584,unclassified,,[],"prices, but ended the period modestly lower. Broad stock price indexes declined over the intermeeting period. Equity prices in interest rate-sensitive sectors, such as real estate and utilities, underperformed the broader market. Stock prices of banks also declined more th"
2023-11-01,2023-11-01_0005,stock price*,Stock prices,14691,14703,unclassified,,[],"ces in interest rate-sensitive sectors, such as real estate and utilities, underperformed the broader market. Stock prices of banks also declined more than broader equity indexes. The one-month option-implied volatility on the s p 500 index increased notably over the inte"
2023-11-01,2023-11-01_0006,equity index*,equity indexes,14745,14759,unclassified,,[],"state and utilities, underperformed the broader market. Stock prices of banks also declined more than broader equity indexes. The one-month option-implied volatility on the s p 500 index increased notably over the intermeeting period but remained below the peaks observed in"
2023-11-01,2023-11-01_0007,s p 500 index,s p 500 index,14808,14821,positive,increas*,"[[14822, 14831]]","rices of banks also declined more than broader equity indexes. The one-month option-implied volatility on the s p 500 index increased notably over the intermeeting period but remained below the peaks observed in the first quarter of 2023. Over the intermeeting period, fore"
2023-11-01,2023-11-01_0008,asset price*,asset prices,14975,14987,unclassified,,[],"iod but remained below the peaks observed in the first quarter of 2023. Over the intermeeting period, foreign asset prices were largely driven by spillovers from the rise in longer-term US Treasury yields. Longer-term sovereign bond yields for advanced foreign economies r"
2023-11-01,2023-11-01_0009,equity price*,equity prices,15150,15163,negative,declin*,"[[15164, 15172]]","onger-term US Treasury yields. Longer-term sovereign bond yields for advanced foreign economies rose, foreign equity prices declined, foreign credit spreads generally widened, and investors continued to withdraw from emerging market economy funds. Stronger-than-expected US"
2023-11-01,2023-11-01_0010,asset valu*,asset valuation,20252,20267,negative,pressure*,"[[20268, 20277]]","e, judged that the financial vulnerabilities of the US financial system were notable. The staff characterized asset valuation pressures as notable. In particular, the staff noted that valuations in equities, housing, and CRE were high. The forward price-to-earnings ratio for"
2023-11-01,2023-11-01_0011,equities,equities,20340,20348,unclassified,,[],"e staff characterized asset valuation pressures as notable. In particular, the staff noted that valuations in equities, housing, and CRE were high. The forward price-to-earnings ratio for s p 500 firms increased to the upper quartile of its historical distribution. Ho"
2023-12-13,2023-12-13_0000,equity price*,equity prices,5567,5580,positive,increas*,"[[5555, 5563]]","er the intermeeting period. Financial conditions eased, driven by a decline in interest rates, an increase in equity prices, and a depreciation in the dollar. The rise in equity prices was supported by the decline in Treasury yields and by earnings growth that exceeded con"
2023-12-13,2023-12-13_0001,equity price*,equity prices,5628,5641,positive,rise*,"[[5620, 5624]]","n by a decline in interest rates, an increase in equity prices, and a depreciation in the dollar. The rise in equity prices was supported by the decline in Treasury yields and by earnings growth that exceeded consensus expectations. Implied volatility for equities diminish"
2023-12-13,2023-12-13_0002,equities,equities,5774,5782,unclassified,,[],ecline in Treasury yields and by earnings growth that exceeded consensus expectations. Implied volatility for equities diminished notably. The easing in financial conditions reversed some of the tightening that occurred over the summer and much of the fall. Yields on 
2023-12-13,2023-12-13_0003,equity price index*,equity price indexes,14818,14838,unclassified,,[]," market-implied path for the federal funds rate beyond the next few months shifted downward. Meanwhile, broad equity price indexes were boosted by many of the same factors that lowered Treasury yields, and spreads on investment- and speculative-grade corporate bonds narrowed. Fin"
2023-12-13,2023-12-13_0004,stock price*,stock price,16072,16083,unclassified,,[],"nsistent with the tempering of concerns about inflation, but remained elevated by historical standards. Broad stock price indexes increased markedly over the intermeeting period, and spreads on investment-grade bonds narrowed moderately, while those on speculative-grade "
2023-12-13,2023-12-13_0005,equity price*,equity prices,16626,16639,positive,increas*,"[[16640, 16650]]","clines in foreign yields. These declines were accompanied by an improvement in market sentiment, with foreign equity prices increasing, foreign credit spreads narrowing, and outflows from funds investing in emerging market economies slowing notably. The improvement in sent"
2024-01-31,2024-01-31_0000,equity price*,equity prices,10699,10712,unclassified,,[],"ntinued to suggest a near-term path of inflation consistent with a return to 2 percent later this year. Broad equity prices reached new highs over the intermeeting period, but they were driven mostly by the strong gains of large-capitalization technology companies; broader"
2024-01-31,2024-01-31_0001,equity valu*,equity valuations,10875,10892,unclassified,,[],"they were driven mostly by the strong gains of large-capitalization technology companies; broader measures of equity valuations were more subdued. Still, equities appeared priced for continued economic resilience. The manager turned next to expectations for monetary policy. Ma"
2024-01-31,2024-01-31_0002,equities,equities,10919,10927,unclassified,,[],"of large-capitalization technology companies; broader measures of equity valuations were more subdued. Still, equities appeared priced for continued economic resilience. The manager turned next to expectations for monetary policy. Market participants broadly viewed re"
2024-01-31,2024-01-31_0003,stock price*,stock price,19069,19080,unclassified,,[],"n. Market-based measures of interest rate uncertainty remained highly elevated by historical standards. Broad stock price indexes increased, and spreads on investment- and speculative-grade bonds narrowed modestly over the intermeeting period. The one-month option-implie"
2024-01-31,2024-01-31_0004,asset price*,asset prices,19432,19444,unclassified,,[],"l standards. Movements in foreign markets over the intermeeting period were modest, on net, with most foreign asset prices and the exchange value of the dollar little changed. Market participants generally considered current levels of most AFE policy rates to be at the pe"
2024-01-31,2024-01-31_0005,equity index*,equity indexes,19832,19846,positive,increas*,"[[19847, 19856]]"," step-down in short-term yields in most AFEs, while longer-term foreign yields were little changed. Major AFE equity indexes increased slightly. Conditions in short-term funding markets remained stable over the intermeeting period, with typical dynamics observed surrounding"
2024-01-31,2024-01-31_0006,asset valu*,asset valuation,23546,23561,negative,pressure*,"[[23562, 23571]]","ystem and, on balance, characterized the system's financial vulnerabilities as notable. The staff judged that asset valuation pressures remained notable, as valuations across a range of markets appeared high relative to fundamentals. House prices increased to the upper end o"
2024-03-20,2024-03-20_0000,equity price*,equity prices,6740,6753,positive,high*,"[[6733, 6739]]","e intermeeting period. US financial conditions had eased modestly since the January FOMC meeting, with higher equity prices more than offsetting increases in interest rates. Nominal Treasury yields had risen over the intermeeting period. At shorter maturities, most of the "
2024-03-20,2024-03-20_0001,equity price*,equity prices,9238,9251,unclassified,,[],alance sheet size at the end of runoff than respondents had previously assessed. The manager noted that broad equity prices had reached new highs over the intermeeting period. This growth was again driven primarily by the strong increases in valuations of large-capitalizat
2024-03-20,2024-03-20_0002,equity price*,equity price,9441,9453,positive,gain*,"[[9454, 9459]]","n primarily by the strong increases in valuations of large-capitalization technology companies, while broader equity price gains were more measured. Recent bank equity price behavior reflected renewed market attention on the challenges faced by the regional banking sector"
2024-03-20,2024-03-20_0003,equity price*,equity price,9492,9504,unclassified,,[],"f large-capitalization technology companies, while broader equity price gains were more measured. Recent bank equity price behavior reflected renewed market attention on the challenges faced by the regional banking sector, particularly that sector's exposures to commercia"
2024-03-20,2024-03-20_0004,stock price*,stock price,23129,23140,unclassified,,[],"ng investors' continued uncertainty about the path of policy rates. Despite the rise in interest rates, broad stock price indexes increased notably amid upbeat corporate earnings reports, particularly for the largest firms. Yield spreads on investment-grade corporate bon"
2024-03-20,2024-03-20_0005,s p 500 index,s p 500 index,23417,23430,positive,increas*,"[[23431, 23440]]","anged, and those on speculative-grade bonds narrowed slightly. The one-month option-implied volatility on the s p 500 index increased slightly over the period but remained low by historical standards. Changes in foreign financial asset prices over the intermeeting period w"
2024-03-20,2024-03-20_0006,asset price*,asset prices,23537,23549,unclassified,,[],"dex increased slightly over the period but remained low by historical standards. Changes in foreign financial asset prices over the intermeeting period were largely driven by spillovers from US financial markets. Risk appetite generally improved, leading to increases in f"
2024-03-20,2024-03-20_0007,equity index*,equity indexes,23706,23720,unclassified,,[],"en by spillovers from US financial markets. Risk appetite generally improved, leading to increases in foreign equity indexes and a narrowing of EME credit spreads. Short-term yields in the AFEs were also boosted by less-accommodative-than-expected communications by European"
2024-05-01,2024-05-01_0000,equity price*,equity prices,7217,7230,negative,fell,"[[7231, 7235]]","e, but mostly at shorter horizons. Longer-term inflation expectations appeared to remain well anchored. Broad equity prices fell over the period, as higher interest rates weighed on valuations, while recent earnings reports, which were generally solid, provided some suppor"
2024-05-01,2024-05-01_0001,equity price*,equity prices,7538,7551,negative,low*,"[[7532, 7537]]","ntral banks were expected to start easing policy before the Federal Reserve. Overall, higher yields and lower equity prices, together with the stronger dollar, resulted in a tightening of financial conditions over the period. The manager then discussed expectations regardi"
2024-05-01,2024-05-01_0002,stock price*,stock price,15033,15044,unclassified,,[],"y policy. Market-based measures of interest rate uncertainty remained elevated by historical standards. Broad stock price indexes declined moderately, on net, over the intermeeting period. Yield spreads on investment-grade corporate bonds were about unchanged, and those "
2024-05-01,2024-05-01_0003,asset valu*,asset valuations,19801,19817,unclassified,,[],"haracterize the system's financial vulnerabilities as notable but raised the assessment of vulnerabilities in asset valuations to elevated, as valuations across a range of markets appeared high relative to risk-adjusted cash flows. House prices remained elevated relative to f"
2024-05-01,2024-05-01_0004,equity and house price*,equity and house price,31130,31152,positive,increas*,"[[31153, 31162]]","ds, which account for a large portion of aggregate consumption, with hefty wealth gains resulting from recent equity and house price increases. Business contacts in many Districts reported a steady or stable pace of economic activity, while contacts in a couple of Districts conveye"
2024-06-12,2024-06-12_0000,equity price*,equity prices,6119,6132,positive,high*,"[[6112, 6118]]"," financial markets. Financial conditions eased modestly over the intermeeting period mainly because of higher equity prices. Taking a somewhat longer perspective, the manager noted that financial conditions had changed little since March but eased notably since the fall. T"
2024-06-12,2024-06-12_0001,equity price*,equity prices,6331,6344,positive,high*,"[[6324, 6330]]","hanged little since March but eased notably since the fall. The main drivers of that easing were again higher equity prices, which appeared to respond to the reductions in the perceived odds of a recession, and a consensus among market participants that the federal funds r"
2024-06-12,2024-06-12_0002,stock price*,stock price,16108,16119,unclassified,,[],"-based measures of interest rate uncertainty ticked down but remained elevated by historical standards. Broad stock price indexes increased substantially, on net, amid a positive investor outlook on corporate profits and economic activity. Yield spreads on investment- an"
2024-06-12,2024-06-12_0003,s p 500 index,s p 500 index,16456,16469,unclassified,,[],"he lowest decile of their respective historical distributions. The one-month option-implied volatility on the s p 500 index remained low by historical standards, suggesting that investors perceived only modest near-term risks to the economic outlook. Changes in AFE yields "
2024-06-12,2024-06-12_0004,risk* asset price*,risky asset prices,17153,17171,unclassified,,[]," heightened policy uncertainty following Mexico's presidential election results. On balance, moves in foreign risky asset prices were mixed and modest, and EME funds saw small inflows. Conditions in US short-term funding markets remained stable over the intermeeting period. Ave"
2024-06-12,2024-06-12_0005,asset price*,asset prices,30475,30487,positive,increas*,"[[30464, 30474]]","participants remarked that spending by some higher-income households was likely being bolstered by increasing asset prices. Many participants observed that, in contrast, lower- and moderate-income households were encountering increasing strains as they attempted to meet h"
2024-07-31,2024-07-31_0000,equity price*,equity prices,811,824,positive,high*,"[[804, 810]]"," conditions eased modestly over the intermeeting period, reflecting lower long-term interest rates and higher equity prices. The manager noted that current financial conditions appeared to be providing neither a headwind nor tailwind to growth. Nominal Treasury yields decl"
2024-07-31,2024-07-31_0001,equity market*,equity markets,1949,1963,unclassified,,[]," September FOMC meeting, at least one more cut later in the year, and further policy easing next year. In the equity markets, the high perceived likelihood of a September cut in the target range for the policy rate induced a notable appreciation in the stocks of firms with "
2024-07-31,2024-07-31_0002,stock price*,stock price,8786,8797,unclassified,,[],the most pronounced declines at shorter horizons driven largely by decreases in inflation compensation. Broad stock price indexes rose slightly on net. Yield spreads on investment- and speculative-grade corporate bonds were little changed and remained at about the lowest
2024-07-31,2024-07-31_0003,s p 500 index,s p 500 index,9048,9061,positive,rose,"[[9062, 9066]]","he lowest decile of their respective historical distributions. The one-month option-implied volatility on the s p 500 index rose moderately and was somewhat elevated by historical standards, suggesting that investors perceived some, but not outsized, risks to the economic "
2024-07-31,2024-07-31_0004,risk* asset price*,risky asset prices,9743,9761,unclassified,,[],"ajority. The broad dollar index was little changed over the intermeeting period. On balance, moves in foreign risky asset prices were mixed and modest. Overnight secured rates edged up over the intermeeting period, but conditions in US short-term funding markets remained stable"
2024-07-31,2024-07-31_0005,asset valu*,asset valuation,13436,13451,negative,pressure*,"[[13452, 13461]]","n balance, continued to characterize the system's financial vulnerabilities as notable. The staff judged that asset valuation pressures remained elevated, with estimates of risk premiums across key markets low compared with historical standards. House prices remained elevate"
2024-07-31,2024-07-31_0006,wealth effect*,wealth effects,23327,23341,positive,bolster*,"[[23314, 23323]]"," couple of participants remarked that spending by some higher-income households was likely being bolstered by wealth effects from equity and housing price appreciation. Participants noted that residential investment was weak in the second quarter, likely reflecting the pick"
2024-07-31,2024-07-31_0007,equity and housing price*,equity and housing price,23347,23371,unclassified,,[],"nts remarked that spending by some higher-income households was likely being bolstered by wealth effects from equity and housing price appreciation. Participants noted that residential investment was weak in the second quarter, likely reflecting the pickup in mortgage rates from earl"
2024-07-31,2024-07-31_0008,asset valu*,asset valuation,26156,26171,negative,pressure*,"[[26172, 26181]]","ype and the local market conditions of the properties involved. A couple of participants noted concerns about asset valuation pressures in other markets as well. Many participants commented on cyber risks that could impair the operation of financial institutions, financial i"
2024-09-18,2024-09-18_0000,equity price*,equity prices,1164,1177,unclassified,,[],"ly attributable to lower expected real yields, but measures of inflation compensation declined as well. Broad equity prices finished the period modestly higher, while credit spreads had come off the very tight levels seen earlier this year but were still narrow by historic"
2024-09-18,2024-09-18_0001,risk* asset price*,risky asset prices,1350,1368,unclassified,,[],"come off the very tight levels seen earlier this year but were still narrow by historical standards. Overall, risky asset prices were compatible with continued economic expansion. The manager also discussed the brief episode of elevated market volatility in early August. That e"
2024-09-18,2024-09-18_0002,equity index*,equity indexes,1564,1578,unclassified,,[],"ef episode of elevated market volatility in early August. That episode saw some large moves in US and foreign equity indexes, equity-implied volatilities, the dollar-yen exchange rate, and Treasury yields. These sharp moves appeared to be the result of a rapid unwinding of "
2024-09-18,2024-09-18_0003,stock price*,stock price,11070,11081,unclassified,,[],"rtedly reflecting in part increased concerns among investors about downside risks to economic activity. Broad stock price indexes increased, on net, despite a sizable but temporary drop in early August. Yield spreads on investment- and speculative-grade corporate bonds w"
2024-09-18,2024-09-18_0004,s p 500 index,s p 500 index,11388,11401,unclassified,,[]," bottom quintile of their respective historical distributions. The one-month option-implied volatility on the s p 500 index ended the period roughly unchanged, on net, after a large but temporary spike in early August. Overnight secured rates were largely unchanged, and co"
2024-09-18,2024-09-18_0005,equities,equities,12370,12378,negative,declin*,"[[12358, 12366]]","e increase by the BOJ, which led to the unwinding of some speculative trading positions. However, declines in equities mostly retraced over the following weeks, and moves in foreign risky asset prices were mixed over the intermeeting period. In domestic credit markets"
2024-09-18,2024-09-18_0006,risk* asset price*,risky asset prices,12442,12460,unclassified,,[],"ading positions. However, declines in equities mostly retraced over the following weeks, and moves in foreign risky asset prices were mixed over the intermeeting period. In domestic credit markets, borrowing costs remained elevated despite modest declines in most credit segment"
2024-11-07,2024-11-07_0000,equity price*,equity prices,1162,1175,unclassified,,[],"ion compensation, while the rise at longer maturities was primarily driven by increases in real yields. Broad equity prices also rose over the period, likely reflecting in part the solid incoming data and consequent lower odds of a weakening in the economic outlook. The VI"
2024-11-07,2024-11-07_0001,equity price*,equity prices,1385,1398,unclassified,,[],"dds of a weakening in the economic outlook. The VIX, which measures 30-day option-implied volatility of broad equity prices, had moved higher in the period leading up to the November elections and then decreased following Election Day. The manager noted that the federal fu"
2024-11-07,2024-11-07_0002,equity price index*,equity price indexes,12476,12496,positive,increas*,"[[12497, 12506]]","eater confidence about the growth outlook and somewhat better-than-expected corporate earnings reports, broad equity price indexes increased notably, on net, over the intermeeting period, and credit spreads for both corporate and municipal bonds narrowed. The VIX rose appreciably"
2024-11-07,2024-11-07_0003,risk* asset price*,risky asset prices,14364,14382,unclassified,,[],"tes rose more than foreign rates. In China, the announcement of new policy stimulus measures boosted domestic risky asset prices, with limited spillovers to other markets; the announcements also drove notable flows into China-focused investment funds. Most European equity price"
2024-11-07,2024-11-07_0004,equity price index*,equity price indexes,14520,14540,negative,decreas*,"[[14541, 14550]]"," other markets; the announcements also drove notable flows into China-focused investment funds. Most European equity price indexes decreased somewhat, while Japanese and Canadian equity markets rose moderately. In domestic credit markets, borrowing costs for households and most b"
2024-11-07,2024-11-07_0005,equity market*,equity markets,14589,14603,positive,rose,"[[14604, 14608]]","-focused investment funds. Most European equity price indexes decreased somewhat, while Japanese and Canadian equity markets rose moderately. In domestic credit markets, borrowing costs for households and most businesses rose over the intermeeting period from already elevat"
2024-11-07,2024-11-07_0006,asset valu*,asset valuation,18073,18088,negative,pressure*,"[[18089, 18098]]","n balance, continued to characterize the system's financial vulnerabilities as notable. The staff judged that asset valuation pressures were elevated, with estimates of risk premiums across key markets low by historical standards. House prices remained elevated relative to f"
2024-11-07,2024-11-07_0007,household wealth,household wealth,26658,26674,positive,elevat*,"[[26649, 26657]]","cipants remarked that consumption had been supported by a solid labor market, rising real wages, and elevated household wealth. Many participants observed that recent upward revisions in data on household income and the saving rate had made these series' behavior more consist"
2024-11-07,2024-11-07_0008,asset price*,asset price,29378,29389,unclassified,,[],"bal growth, sharply worsening financing conditions due to an escalation of geopolitical tensions or a sizable asset price correction, or an unwelcome weakening of the labor market. Almost all participants judged the risks to the attainment of their dual-mandate objective"
2024-11-07,2024-11-07_0009,asset valu*,asset valuation,30223,30238,negative,pressure*,"[[30239, 30248]]","conditions in this sector of the CRE market might be lessening. A couple of participants noted concerns about asset valuation pressures in other markets. Some participants commented on cyber risks that could impair the operation of financial institutions, financial infrastru"
2024-12-18,2024-12-18_0000,equity price*,Equity prices,1383,1396,unclassified,,[]," manager noted that there were few signs of concern about persistent inflationary pressures in market prices. Equity prices largely sustained the gains that they had experienced in anticipation of, and immediately following, the US election. The manager noted that market e"
2024-12-18,2024-12-18_0001,equity price*,equity prices,10881,10894,positive,rose,"[[10895, 10899]]","inflation compensation moved up, while those of longer-term inflation compensation were little changed. Broad equity prices rose, with more pronounced increases in stock prices in cyclical sectors amid increased investor optimism for corporate profits, and high-yield bond "
2024-12-18,2024-12-18_0002,stock price*,stock prices,10935,10947,positive,increas*,"[[10922, 10931]]","-term inflation compensation were little changed. Broad equity prices rose, with more pronounced increases in stock prices in cyclical sectors amid increased investor optimism for corporate profits, and high-yield bond spreads narrowed. The VIX-a forward-looking measure o"
2024-12-18,2024-12-18_0003,equity market*,equity market,11109,11122,unclassified,,[],"m for corporate profits, and high-yield bond spreads narrowed. The VIX-a forward-looking measure of near-term equity market volatility-fell notably and remained well below pre-election levels. Foreign financial market pricing reflected weaker-than-expected foreign data rel"
2024-12-18,2024-12-18_0004,equities,equities,11549,11557,unclassified,,[],"lative to their US counterparts, contributing to dollar appreciation against most foreign currencies. Foreign equities generally underperformed US equities, in part reflecting investors' expectations of economic growth diverging further between the US and the rest of "
2024-12-18,2024-12-18_0005,equities,equities,11586,11594,unclassified,,[],"ributing to dollar appreciation against most foreign currencies. Foreign equities generally underperformed US equities, in part reflecting investors' expectations of economic growth diverging further between the US and the rest of the world. Many foreign central banks"
2024-12-18,2024-12-18_0006,household* net worth,household net worth,24248,24267,positive,elevat*,"[[24239, 24247]]","cipants remarked that consumption had been supported by a solid labor market, rising real wages, and elevated household net worth. Several participants cautioned that low- and moderate-income households continued to experience financial strains, which could damp their spending. "
2024-12-18,2024-12-18_0007,equity market*,equity markets,24867,24881,unclassified,,[],d to support a solid expansion of business activity. A majority of participants remarked that the behavior of equity markets reflected positive sentiment on the part of investors. Many participants also remarked that District contacts generally reported greater optimism abo
