passage_id,tone,phase,production,schema_valid,quotes_valid,input_hash_valid,prompt_hash,candidate_hash,path
023be5a5393172981db407d3,positive,pilot_smoke_test,False,True,True,True,4b5cea7b5eaad3cca48ae4312c4cd3190519bbe7b9cb9984ca524950d21502b4,e3b0c44298fc1c149afbf4c8996fb92427ae41e4649b934ca495991b7852b855,reader_responses/pilot_smoke_test/023be5a5393172981db407d3.json
0c9ebd2e50a6cf291dbc25d9,positive,pilot_smoke_test,False,True,True,True,4b5cea7b5eaad3cca48ae4312c4cd3190519bbe7b9cb9984ca524950d21502b4,e3b0c44298fc1c149afbf4c8996fb92427ae41e4649b934ca495991b7852b855,reader_responses/pilot_smoke_test/0c9ebd2e50a6cf291dbc25d9.json
10c69b79abad195ac0a7c7b0,unclear,pilot_smoke_test,False,True,True,True,4b5cea7b5eaad3cca48ae4312c4cd3190519bbe7b9cb9984ca524950d21502b4,e3b0c44298fc1c149afbf4c8996fb92427ae41e4649b934ca495991b7852b855,reader_responses/pilot_smoke_test/10c69b79abad195ac0a7c7b0.json
20f27f83790450d01e696d02,neutral,pilot_smoke_test,False,True,True,True,4b5cea7b5eaad3cca48ae4312c4cd3190519bbe7b9cb9984ca524950d21502b4,e3b0c44298fc1c149afbf4c8996fb92427ae41e4649b934ca495991b7852b855,reader_responses/pilot_smoke_test/20f27f83790450d01e696d02.json
26b6f3db741ab7f8300a864d,positive,pilot_smoke_test,False,True,True,True,4b5cea7b5eaad3cca48ae4312c4cd3190519bbe7b9cb9984ca524950d21502b4,e3b0c44298fc1c149afbf4c8996fb92427ae41e4649b934ca495991b7852b855,reader_responses/pilot_smoke_test/26b6f3db741ab7f8300a864d.json
2d22ee76c6867c3e97105056,positive,pilot_smoke_test,False,True,True,True,4b5cea7b5eaad3cca48ae4312c4cd3190519bbe7b9cb9984ca524950d21502b4,e3b0c44298fc1c149afbf4c8996fb92427ae41e4649b934ca495991b7852b855,reader_responses/pilot_smoke_test/2d22ee76c6867c3e97105056.json
33517bcb64983ed66e7ab3d1,neutral,pilot_smoke_test,False,True,True,True,4b5cea7b5eaad3cca48ae4312c4cd3190519bbe7b9cb9984ca524950d21502b4,e3b0c44298fc1c149afbf4c8996fb92427ae41e4649b934ca495991b7852b855,reader_responses/pilot_smoke_test/33517bcb64983ed66e7ab3d1.json
3448c677c1e29c73782c5367,neutral,pilot_smoke_test,False,True,True,True,4b5cea7b5eaad3cca48ae4312c4cd3190519bbe7b9cb9984ca524950d21502b4,e3b0c44298fc1c149afbf4c8996fb92427ae41e4649b934ca495991b7852b855,reader_responses/pilot_smoke_test/3448c677c1e29c73782c5367.json
38be832b4d7c99705a0b4d9b,positive,pilot_smoke_test,False,True,True,True,4b5cea7b5eaad3cca48ae4312c4cd3190519bbe7b9cb9984ca524950d21502b4,e3b0c44298fc1c149afbf4c8996fb92427ae41e4649b934ca495991b7852b855,reader_responses/pilot_smoke_test/38be832b4d7c99705a0b4d9b.json
488a12a602bc24068e48083b,positive,pilot_smoke_test,False,True,True,True,4b5cea7b5eaad3cca48ae4312c4cd3190519bbe7b9cb9984ca524950d21502b4,e3b0c44298fc1c149afbf4c8996fb92427ae41e4649b934ca495991b7852b855,reader_responses/pilot_smoke_test/488a12a602bc24068e48083b.json
4cd3663527414b78d2951247,neutral,pilot_smoke_test,False,True,True,True,4b5cea7b5eaad3cca48ae4312c4cd3190519bbe7b9cb9984ca524950d21502b4,e3b0c44298fc1c149afbf4c8996fb92427ae41e4649b934ca495991b7852b855,reader_responses/pilot_smoke_test/4cd3663527414b78d2951247.json
503de6e82f61ecab6cffd9c3,negative,pilot_smoke_test,False,True,True,True,4b5cea7b5eaad3cca48ae4312c4cd3190519bbe7b9cb9984ca524950d21502b4,e3b0c44298fc1c149afbf4c8996fb92427ae41e4649b934ca495991b7852b855,reader_responses/pilot_smoke_test/503de6e82f61ecab6cffd9c3.json
50892fc7af9dd513ef572858,neutral,pilot_smoke_test,False,True,True,True,4b5cea7b5eaad3cca48ae4312c4cd3190519bbe7b9cb9984ca524950d21502b4,e3b0c44298fc1c149afbf4c8996fb92427ae41e4649b934ca495991b7852b855,reader_responses/pilot_smoke_test/50892fc7af9dd513ef572858.json
50c9e3462bfb37c5d781ef66,neutral,pilot_smoke_test,False,True,True,True,4b5cea7b5eaad3cca48ae4312c4cd3190519bbe7b9cb9984ca524950d21502b4,e3b0c44298fc1c149afbf4c8996fb92427ae41e4649b934ca495991b7852b855,reader_responses/pilot_smoke_test/50c9e3462bfb37c5d781ef66.json
52de61ca3f095aec27a5571e,negative,pilot_smoke_test,False,True,True,True,4b5cea7b5eaad3cca48ae4312c4cd3190519bbe7b9cb9984ca524950d21502b4,e3b0c44298fc1c149afbf4c8996fb92427ae41e4649b934ca495991b7852b855,reader_responses/pilot_smoke_test/52de61ca3f095aec27a5571e.json
5ddee02ef4ef770bd2b9f203,negative,pilot_smoke_test,False,True,True,True,4b5cea7b5eaad3cca48ae4312c4cd3190519bbe7b9cb9984ca524950d21502b4,e3b0c44298fc1c149afbf4c8996fb92427ae41e4649b934ca495991b7852b855,reader_responses/pilot_smoke_test/5ddee02ef4ef770bd2b9f203.json
5de1df0b906bd80cd8a6fd8f,unclear,pilot_smoke_test,False,True,True,True,4b5cea7b5eaad3cca48ae4312c4cd3190519bbe7b9cb9984ca524950d21502b4,e3b0c44298fc1c149afbf4c8996fb92427ae41e4649b934ca495991b7852b855,reader_responses/pilot_smoke_test/5de1df0b906bd80cd8a6fd8f.json
5dedbd8f5aecbcfdd77fc072,positive,pilot_smoke_test,False,True,True,True,4b5cea7b5eaad3cca48ae4312c4cd3190519bbe7b9cb9984ca524950d21502b4,e3b0c44298fc1c149afbf4c8996fb92427ae41e4649b934ca495991b7852b855,reader_responses/pilot_smoke_test/5dedbd8f5aecbcfdd77fc072.json
5e6ea03379551a2e4054b6e2,positive,pilot_smoke_test,False,True,True,True,4b5cea7b5eaad3cca48ae4312c4cd3190519bbe7b9cb9984ca524950d21502b4,e3b0c44298fc1c149afbf4c8996fb92427ae41e4649b934ca495991b7852b855,reader_responses/pilot_smoke_test/5e6ea03379551a2e4054b6e2.json
628f7d01cad2e9007cf8e624,negative,pilot_smoke_test,False,True,True,True,4b5cea7b5eaad3cca48ae4312c4cd3190519bbe7b9cb9984ca524950d21502b4,e3b0c44298fc1c149afbf4c8996fb92427ae41e4649b934ca495991b7852b855,reader_responses/pilot_smoke_test/628f7d01cad2e9007cf8e624.json
6495f93bb38864957b997a76,unclear,pilot_smoke_test,False,True,True,True,4b5cea7b5eaad3cca48ae4312c4cd3190519bbe7b9cb9984ca524950d21502b4,e3b0c44298fc1c149afbf4c8996fb92427ae41e4649b934ca495991b7852b855,reader_responses/pilot_smoke_test/6495f93bb38864957b997a76.json
66a9d2c28bb3b82a12a0d850,hypothetical,pilot_smoke_test,False,True,True,True,4b5cea7b5eaad3cca48ae4312c4cd3190519bbe7b9cb9984ca524950d21502b4,e3b0c44298fc1c149afbf4c8996fb92427ae41e4649b934ca495991b7852b855,reader_responses/pilot_smoke_test/66a9d2c28bb3b82a12a0d850.json
70f00c0afe033ab63af2c44a,positive,pilot_smoke_test,False,True,True,True,4b5cea7b5eaad3cca48ae4312c4cd3190519bbe7b9cb9984ca524950d21502b4,e3b0c44298fc1c149afbf4c8996fb92427ae41e4649b934ca495991b7852b855,reader_responses/pilot_smoke_test/70f00c0afe033ab63af2c44a.json
75b96ab554b4b9f6bf66ee1e,unclear,pilot_smoke_test,False,True,True,True,4b5cea7b5eaad3cca48ae4312c4cd3190519bbe7b9cb9984ca524950d21502b4,e3b0c44298fc1c149afbf4c8996fb92427ae41e4649b934ca495991b7852b855,reader_responses/pilot_smoke_test/75b96ab554b4b9f6bf66ee1e.json
7b6cb4df74bb08a36e89230a,negative,pilot_smoke_test,False,True,True,True,4b5cea7b5eaad3cca48ae4312c4cd3190519bbe7b9cb9984ca524950d21502b4,e3b0c44298fc1c149afbf4c8996fb92427ae41e4649b934ca495991b7852b855,reader_responses/pilot_smoke_test/7b6cb4df74bb08a36e89230a.json
85fc0ac1f3354a698ff6c5cd,positive,pilot_smoke_test,False,True,True,True,4b5cea7b5eaad3cca48ae4312c4cd3190519bbe7b9cb9984ca524950d21502b4,e3b0c44298fc1c149afbf4c8996fb92427ae41e4649b934ca495991b7852b855,reader_responses/pilot_smoke_test/85fc0ac1f3354a698ff6c5cd.json
8f0e8eadcfa2512f7214f1bc,positive,pilot_smoke_test,False,True,True,True,4b5cea7b5eaad3cca48ae4312c4cd3190519bbe7b9cb9984ca524950d21502b4,e3b0c44298fc1c149afbf4c8996fb92427ae41e4649b934ca495991b7852b855,reader_responses/pilot_smoke_test/8f0e8eadcfa2512f7214f1bc.json
8fd1c86a253a06b0b500021f,unclear,pilot_smoke_test,False,True,True,True,4b5cea7b5eaad3cca48ae4312c4cd3190519bbe7b9cb9984ca524950d21502b4,e3b0c44298fc1c149afbf4c8996fb92427ae41e4649b934ca495991b7852b855,reader_responses/pilot_smoke_test/8fd1c86a253a06b0b500021f.json
936ba52a3d9a02dda93212cf,negative,pilot_smoke_test,False,True,True,True,4b5cea7b5eaad3cca48ae4312c4cd3190519bbe7b9cb9984ca524950d21502b4,e3b0c44298fc1c149afbf4c8996fb92427ae41e4649b934ca495991b7852b855,reader_responses/pilot_smoke_test/936ba52a3d9a02dda93212cf.json
9896262b9c1e1a717d78760d,unclear,pilot_smoke_test,False,True,True,True,4b5cea7b5eaad3cca48ae4312c4cd3190519bbe7b9cb9984ca524950d21502b4,e3b0c44298fc1c149afbf4c8996fb92427ae41e4649b934ca495991b7852b855,reader_responses/pilot_smoke_test/9896262b9c1e1a717d78760d.json
9fb407ddae7ca33763baca37,positive,pilot_smoke_test,False,True,True,True,4b5cea7b5eaad3cca48ae4312c4cd3190519bbe7b9cb9984ca524950d21502b4,e3b0c44298fc1c149afbf4c8996fb92427ae41e4649b934ca495991b7852b855,reader_responses/pilot_smoke_test/9fb407ddae7ca33763baca37.json
a0f2c4a9b1be00b26ef4fee1,negative,pilot_smoke_test,False,True,True,True,4b5cea7b5eaad3cca48ae4312c4cd3190519bbe7b9cb9984ca524950d21502b4,e3b0c44298fc1c149afbf4c8996fb92427ae41e4649b934ca495991b7852b855,reader_responses/pilot_smoke_test/a0f2c4a9b1be00b26ef4fee1.json
a58e64c50fd25a3ea05ce201,positive,pilot_smoke_test,False,True,True,True,4b5cea7b5eaad3cca48ae4312c4cd3190519bbe7b9cb9984ca524950d21502b4,e3b0c44298fc1c149afbf4c8996fb92427ae41e4649b934ca495991b7852b855,reader_responses/pilot_smoke_test/a58e64c50fd25a3ea05ce201.json
aa424facda9ff61b9402db19,positive,pilot_smoke_test,False,True,True,True,4b5cea7b5eaad3cca48ae4312c4cd3190519bbe7b9cb9984ca524950d21502b4,e3b0c44298fc1c149afbf4c8996fb92427ae41e4649b934ca495991b7852b855,reader_responses/pilot_smoke_test/aa424facda9ff61b9402db19.json
afd521c25a9e3f5c505f907d,unclear,pilot_smoke_test,False,True,True,True,4b5cea7b5eaad3cca48ae4312c4cd3190519bbe7b9cb9984ca524950d21502b4,e3b0c44298fc1c149afbf4c8996fb92427ae41e4649b934ca495991b7852b855,reader_responses/pilot_smoke_test/afd521c25a9e3f5c505f907d.json
b289c57b70444f338cd1d6a3,unclear,pilot_smoke_test,False,True,True,True,4b5cea7b5eaad3cca48ae4312c4cd3190519bbe7b9cb9984ca524950d21502b4,e3b0c44298fc1c149afbf4c8996fb92427ae41e4649b934ca495991b7852b855,reader_responses/pilot_smoke_test/b289c57b70444f338cd1d6a3.json
b4387940a0d75d4aa70116cd,neutral,pilot_smoke_test,False,True,True,True,4b5cea7b5eaad3cca48ae4312c4cd3190519bbe7b9cb9984ca524950d21502b4,e3b0c44298fc1c149afbf4c8996fb92427ae41e4649b934ca495991b7852b855,reader_responses/pilot_smoke_test/b4387940a0d75d4aa70116cd.json
b79d4356b3081b29728e6134,neutral,pilot_smoke_test,False,True,True,True,4b5cea7b5eaad3cca48ae4312c4cd3190519bbe7b9cb9984ca524950d21502b4,e3b0c44298fc1c149afbf4c8996fb92427ae41e4649b934ca495991b7852b855,reader_responses/pilot_smoke_test/b79d4356b3081b29728e6134.json
c09b561edd6cfb6e7f6d93cf,neutral,pilot_smoke_test,False,True,True,True,4b5cea7b5eaad3cca48ae4312c4cd3190519bbe7b9cb9984ca524950d21502b4,e3b0c44298fc1c149afbf4c8996fb92427ae41e4649b934ca495991b7852b855,reader_responses/pilot_smoke_test/c09b561edd6cfb6e7f6d93cf.json
c2f5e1a72bb6c0dc01e2b2dc,negative,pilot_smoke_test,False,True,True,True,4b5cea7b5eaad3cca48ae4312c4cd3190519bbe7b9cb9984ca524950d21502b4,e3b0c44298fc1c149afbf4c8996fb92427ae41e4649b934ca495991b7852b855,reader_responses/pilot_smoke_test/c2f5e1a72bb6c0dc01e2b2dc.json
c351cf3d26a252f80bbed228,positive,pilot_smoke_test,False,True,True,True,4b5cea7b5eaad3cca48ae4312c4cd3190519bbe7b9cb9984ca524950d21502b4,e3b0c44298fc1c149afbf4c8996fb92427ae41e4649b934ca495991b7852b855,reader_responses/pilot_smoke_test/c351cf3d26a252f80bbed228.json
c444d24eb3ef34060f636ef3,neutral,pilot_smoke_test,False,True,True,True,4b5cea7b5eaad3cca48ae4312c4cd3190519bbe7b9cb9984ca524950d21502b4,e3b0c44298fc1c149afbf4c8996fb92427ae41e4649b934ca495991b7852b855,reader_responses/pilot_smoke_test/c444d24eb3ef34060f636ef3.json
c53a9249ca41ec12e7a9ead2,positive,pilot_smoke_test,False,True,True,True,4b5cea7b5eaad3cca48ae4312c4cd3190519bbe7b9cb9984ca524950d21502b4,e3b0c44298fc1c149afbf4c8996fb92427ae41e4649b934ca495991b7852b855,reader_responses/pilot_smoke_test/c53a9249ca41ec12e7a9ead2.json
c6985a4261e1067891598060,positive,pilot_smoke_test,False,True,True,True,4b5cea7b5eaad3cca48ae4312c4cd3190519bbe7b9cb9984ca524950d21502b4,e3b0c44298fc1c149afbf4c8996fb92427ae41e4649b934ca495991b7852b855,reader_responses/pilot_smoke_test/c6985a4261e1067891598060.json
d1bd8eacf145beb0365639dc,positive,pilot_smoke_test,False,True,True,True,4b5cea7b5eaad3cca48ae4312c4cd3190519bbe7b9cb9984ca524950d21502b4,e3b0c44298fc1c149afbf4c8996fb92427ae41e4649b934ca495991b7852b855,reader_responses/pilot_smoke_test/d1bd8eacf145beb0365639dc.json
dcdbdde92d853002bd6ef935,positive,pilot_smoke_test,False,True,True,True,4b5cea7b5eaad3cca48ae4312c4cd3190519bbe7b9cb9984ca524950d21502b4,e3b0c44298fc1c149afbf4c8996fb92427ae41e4649b934ca495991b7852b855,reader_responses/pilot_smoke_test/dcdbdde92d853002bd6ef935.json
e512020f76ffd1fdbb8b6e87,neutral,pilot_smoke_test,False,True,True,True,4b5cea7b5eaad3cca48ae4312c4cd3190519bbe7b9cb9984ca524950d21502b4,e3b0c44298fc1c149afbf4c8996fb92427ae41e4649b934ca495991b7852b855,reader_responses/pilot_smoke_test/e512020f76ffd1fdbb8b6e87.json
efc8a7e8b8f752208feea6c3,unclear,pilot_smoke_test,False,True,True,True,4b5cea7b5eaad3cca48ae4312c4cd3190519bbe7b9cb9984ca524950d21502b4,e3b0c44298fc1c149afbf4c8996fb92427ae41e4649b934ca495991b7852b855,reader_responses/pilot_smoke_test/efc8a7e8b8f752208feea6c3.json
f1a8c08fe68a0e8d755baee4,positive,pilot_smoke_test,False,True,True,True,4b5cea7b5eaad3cca48ae4312c4cd3190519bbe7b9cb9984ca524950d21502b4,e3b0c44298fc1c149afbf4c8996fb92427ae41e4649b934ca495991b7852b855,reader_responses/pilot_smoke_test/f1a8c08fe68a0e8d755baee4.json
ff4c73569e47a8ae1d5f06dc,negative,pilot_smoke_test,False,True,True,True,4b5cea7b5eaad3cca48ae4312c4cd3190519bbe7b9cb9984ca524950d21502b4,e3b0c44298fc1c149afbf4c8996fb92427ae41e4649b934ca495991b7852b855,reader_responses/pilot_smoke_test/ff4c73569e47a8ae1d5f06dc.json
023be5a5393172981db407d3,positive,calibration,True,True,True,True,4b5cea7b5eaad3cca48ae4312c4cd3190519bbe7b9cb9984ca524950d21502b4,e3b0c44298fc1c149afbf4c8996fb92427ae41e4649b934ca495991b7852b855,reader_responses/static_fresh/replicate_0/fold_0/calibration/e3b0c44298fc1c149afbf4c8996fb92427ae41e4649b934ca495991b7852b855/023be5a5393172981db407d3.json
03dc416caa5ac8d855ffd3f7,negative,calibration,True,True,True,True,4b5cea7b5eaad3cca48ae4312c4cd3190519bbe7b9cb9984ca524950d21502b4,e3b0c44298fc1c149afbf4c8996fb92427ae41e4649b934ca495991b7852b855,reader_responses/static_fresh/replicate_0/fold_0/calibration/e3b0c44298fc1c149afbf4c8996fb92427ae41e4649b934ca495991b7852b855/03dc416caa5ac8d855ffd3f7.json
0523053f8ff8d8051168fff9,positive,calibration,True,True,True,True,4b5cea7b5eaad3cca48ae4312c4cd3190519bbe7b9cb9984ca524950d21502b4,e3b0c44298fc1c149afbf4c8996fb92427ae41e4649b934ca495991b7852b855,reader_responses/static_fresh/replicate_0/fold_0/calibration/e3b0c44298fc1c149afbf4c8996fb92427ae41e4649b934ca495991b7852b855/0523053f8ff8d8051168fff9.json
0a65ac3033f629737ba47324,positive,calibration,True,True,True,True,4b5cea7b5eaad3cca48ae4312c4cd3190519bbe7b9cb9984ca524950d21502b4,e3b0c44298fc1c149afbf4c8996fb92427ae41e4649b934ca495991b7852b855,reader_responses/static_fresh/replicate_0/fold_0/calibration/e3b0c44298fc1c149afbf4c8996fb92427ae41e4649b934ca495991b7852b855/0a65ac3033f629737ba47324.json
0b54f6ad73e59383bdf420d1,positive,calibration,True,True,True,True,4b5cea7b5eaad3cca48ae4312c4cd3190519bbe7b9cb9984ca524950d21502b4,e3b0c44298fc1c149afbf4c8996fb92427ae41e4649b934ca495991b7852b855,reader_responses/static_fresh/replicate_0/fold_0/calibration/e3b0c44298fc1c149afbf4c8996fb92427ae41e4649b934ca495991b7852b855/0b54f6ad73e59383bdf420d1.json
0b6db65c9fcf118f124b5355,neutral,calibration,True,True,True,True,4b5cea7b5eaad3cca48ae4312c4cd3190519bbe7b9cb9984ca524950d21502b4,e3b0c44298fc1c149afbf4c8996fb92427ae41e4649b934ca495991b7852b855,reader_responses/static_fresh/replicate_0/fold_0/calibration/e3b0c44298fc1c149afbf4c8996fb92427ae41e4649b934ca495991b7852b855/0b6db65c9fcf118f124b5355.json
0c041797e31fd62176b23e8b,negative,calibration,True,True,True,True,4b5cea7b5eaad3cca48ae4312c4cd3190519bbe7b9cb9984ca524950d21502b4,e3b0c44298fc1c149afbf4c8996fb92427ae41e4649b934ca495991b7852b855,reader_responses/static_fresh/replicate_0/fold_0/calibration/e3b0c44298fc1c149afbf4c8996fb92427ae41e4649b934ca495991b7852b855/0c041797e31fd62176b23e8b.json
0c9ebd2e50a6cf291dbc25d9,positive,calibration,True,True,True,True,4b5cea7b5eaad3cca48ae4312c4cd3190519bbe7b9cb9984ca524950d21502b4,e3b0c44298fc1c149afbf4c8996fb92427ae41e4649b934ca495991b7852b855,reader_responses/static_fresh/replicate_0/fold_0/calibration/e3b0c44298fc1c149afbf4c8996fb92427ae41e4649b934ca495991b7852b855/0c9ebd2e50a6cf291dbc25d9.json
0d182cc21e780dafb921e209,negative,calibration,True,True,True,True,4b5cea7b5eaad3cca48ae4312c4cd3190519bbe7b9cb9984ca524950d21502b4,e3b0c44298fc1c149afbf4c8996fb92427ae41e4649b934ca495991b7852b855,reader_responses/static_fresh/replicate_0/fold_0/calibration/e3b0c44298fc1c149afbf4c8996fb92427ae41e4649b934ca495991b7852b855/0d182cc21e780dafb921e209.json
0fb27cb94024ebbc8fa44088,negative,calibration,True,True,True,True,4b5cea7b5eaad3cca48ae4312c4cd3190519bbe7b9cb9984ca524950d21502b4,e3b0c44298fc1c149afbf4c8996fb92427ae41e4649b934ca495991b7852b855,reader_responses/static_fresh/replicate_0/fold_0/calibration/e3b0c44298fc1c149afbf4c8996fb92427ae41e4649b934ca495991b7852b855/0fb27cb94024ebbc8fa44088.json
0fd18ba11558f8982e35949d,negative,calibration,True,True,True,True,4b5cea7b5eaad3cca48ae4312c4cd3190519bbe7b9cb9984ca524950d21502b4,e3b0c44298fc1c149afbf4c8996fb92427ae41e4649b934ca495991b7852b855,reader_responses/static_fresh/replicate_0/fold_0/calibration/e3b0c44298fc1c149afbf4c8996fb92427ae41e4649b934ca495991b7852b855/0fd18ba11558f8982e35949d.json
109d6965c10e593a8582bff8,unclear,calibration,True,True,True,True,4b5cea7b5eaad3cca48ae4312c4cd3190519bbe7b9cb9984ca524950d21502b4,e3b0c44298fc1c149afbf4c8996fb92427ae41e4649b934ca495991b7852b855,reader_responses/static_fresh/replicate_0/fold_0/calibration/e3b0c44298fc1c149afbf4c8996fb92427ae41e4649b934ca495991b7852b855/109d6965c10e593a8582bff8.json
10c69b79abad195ac0a7c7b0,unclear,calibration,True,True,True,True,4b5cea7b5eaad3cca48ae4312c4cd3190519bbe7b9cb9984ca524950d21502b4,e3b0c44298fc1c149afbf4c8996fb92427ae41e4649b934ca495991b7852b855,reader_responses/static_fresh/replicate_0/fold_0/calibration/e3b0c44298fc1c149afbf4c8996fb92427ae41e4649b934ca495991b7852b855/10c69b79abad195ac0a7c7b0.json
11aab74e9f0ae626fe887df7,negative,calibration,True,True,True,True,4b5cea7b5eaad3cca48ae4312c4cd3190519bbe7b9cb9984ca524950d21502b4,e3b0c44298fc1c149afbf4c8996fb92427ae41e4649b934ca495991b7852b855,reader_responses/static_fresh/replicate_0/fold_0/calibration/e3b0c44298fc1c149afbf4c8996fb92427ae41e4649b934ca495991b7852b855/11aab74e9f0ae626fe887df7.json
12a8b3c2b66d91b14e8fce41,negative,calibration,True,True,True,True,4b5cea7b5eaad3cca48ae4312c4cd3190519bbe7b9cb9984ca524950d21502b4,e3b0c44298fc1c149afbf4c8996fb92427ae41e4649b934ca495991b7852b855,reader_responses/static_fresh/replicate_0/fold_0/calibration/e3b0c44298fc1c149afbf4c8996fb92427ae41e4649b934ca495991b7852b855/12a8b3c2b66d91b14e8fce41.json
12f3068d169c76019118aea7,positive,calibration,True,True,True,True,4b5cea7b5eaad3cca48ae4312c4cd3190519bbe7b9cb9984ca524950d21502b4,e3b0c44298fc1c149afbf4c8996fb92427ae41e4649b934ca495991b7852b855,reader_responses/static_fresh/replicate_0/fold_0/calibration/e3b0c44298fc1c149afbf4c8996fb92427ae41e4649b934ca495991b7852b855/12f3068d169c76019118aea7.json
133b1181c87354e07bf028f4,negative,calibration,True,True,True,True,4b5cea7b5eaad3cca48ae4312c4cd3190519bbe7b9cb9984ca524950d21502b4,e3b0c44298fc1c149afbf4c8996fb92427ae41e4649b934ca495991b7852b855,reader_responses/static_fresh/replicate_0/fold_0/calibration/e3b0c44298fc1c149afbf4c8996fb92427ae41e4649b934ca495991b7852b855/133b1181c87354e07bf028f4.json
161939a74974720e912242b4,positive,calibration,True,True,True,True,4b5cea7b5eaad3cca48ae4312c4cd3190519bbe7b9cb9984ca524950d21502b4,e3b0c44298fc1c149afbf4c8996fb92427ae41e4649b934ca495991b7852b855,reader_responses/static_fresh/replicate_0/fold_0/calibration/e3b0c44298fc1c149afbf4c8996fb92427ae41e4649b934ca495991b7852b855/161939a74974720e912242b4.json
18e7fbd3cf8281fd70046d64,positive,calibration,True,True,True,True,4b5cea7b5eaad3cca48ae4312c4cd3190519bbe7b9cb9984ca524950d21502b4,e3b0c44298fc1c149afbf4c8996fb92427ae41e4649b934ca495991b7852b855,reader_responses/static_fresh/replicate_0/fold_0/calibration/e3b0c44298fc1c149afbf4c8996fb92427ae41e4649b934ca495991b7852b855/18e7fbd3cf8281fd70046d64.json
19b97efff1f0e51baa4ca5a6,positive,calibration,True,True,True,True,4b5cea7b5eaad3cca48ae4312c4cd3190519bbe7b9cb9984ca524950d21502b4,e3b0c44298fc1c149afbf4c8996fb92427ae41e4649b934ca495991b7852b855,reader_responses/static_fresh/replicate_0/fold_0/calibration/e3b0c44298fc1c149afbf4c8996fb92427ae41e4649b934ca495991b7852b855/19b97efff1f0e51baa4ca5a6.json
1be5c94d5656caa31ff60648,positive,calibration,True,True,True,True,4b5cea7b5eaad3cca48ae4312c4cd3190519bbe7b9cb9984ca524950d21502b4,e3b0c44298fc1c149afbf4c8996fb92427ae41e4649b934ca495991b7852b855,reader_responses/static_fresh/replicate_0/fold_0/calibration/e3b0c44298fc1c149afbf4c8996fb92427ae41e4649b934ca495991b7852b855/1be5c94d5656caa31ff60648.json
1d83dcf321f7a8f60674b38e,negative,calibration,True,True,True,True,4b5cea7b5eaad3cca48ae4312c4cd3190519bbe7b9cb9984ca524950d21502b4,e3b0c44298fc1c149afbf4c8996fb92427ae41e4649b934ca495991b7852b855,reader_responses/static_fresh/replicate_0/fold_0/calibration/e3b0c44298fc1c149afbf4c8996fb92427ae41e4649b934ca495991b7852b855/1d83dcf321f7a8f60674b38e.json
20f27f83790450d01e696d02,neutral,calibration,True,True,True,True,4b5cea7b5eaad3cca48ae4312c4cd3190519bbe7b9cb9984ca524950d21502b4,e3b0c44298fc1c149afbf4c8996fb92427ae41e4649b934ca495991b7852b855,reader_responses/static_fresh/replicate_0/fold_0/calibration/e3b0c44298fc1c149afbf4c8996fb92427ae41e4649b934ca495991b7852b855/20f27f83790450d01e696d02.json
21da65461883a3ed5b0ae60f,positive,calibration,True,True,True,True,4b5cea7b5eaad3cca48ae4312c4cd3190519bbe7b9cb9984ca524950d21502b4,e3b0c44298fc1c149afbf4c8996fb92427ae41e4649b934ca495991b7852b855,reader_responses/static_fresh/replicate_0/fold_0/calibration/e3b0c44298fc1c149afbf4c8996fb92427ae41e4649b934ca495991b7852b855/21da65461883a3ed5b0ae60f.json
2243a08827d912982fc52e25,positive,calibration,True,True,True,True,4b5cea7b5eaad3cca48ae4312c4cd3190519bbe7b9cb9984ca524950d21502b4,e3b0c44298fc1c149afbf4c8996fb92427ae41e4649b934ca495991b7852b855,reader_responses/static_fresh/replicate_0/fold_0/calibration/e3b0c44298fc1c149afbf4c8996fb92427ae41e4649b934ca495991b7852b855/2243a08827d912982fc52e25.json
23a1946b74c10c736efdf519,positive,calibration,True,True,True,True,4b5cea7b5eaad3cca48ae4312c4cd3190519bbe7b9cb9984ca524950d21502b4,e3b0c44298fc1c149afbf4c8996fb92427ae41e4649b934ca495991b7852b855,reader_responses/static_fresh/replicate_0/fold_0/calibration/e3b0c44298fc1c149afbf4c8996fb92427ae41e4649b934ca495991b7852b855/23a1946b74c10c736efdf519.json
255f16a5b1a23bc6d2301437,positive,calibration,True,True,True,True,4b5cea7b5eaad3cca48ae4312c4cd3190519bbe7b9cb9984ca524950d21502b4,e3b0c44298fc1c149afbf4c8996fb92427ae41e4649b934ca495991b7852b855,reader_responses/static_fresh/replicate_0/fold_0/calibration/e3b0c44298fc1c149afbf4c8996fb92427ae41e4649b934ca495991b7852b855/255f16a5b1a23bc6d2301437.json
25e53ed88a533a2acef90767,positive,calibration,True,True,True,True,4b5cea7b5eaad3cca48ae4312c4cd3190519bbe7b9cb9984ca524950d21502b4,e3b0c44298fc1c149afbf4c8996fb92427ae41e4649b934ca495991b7852b855,reader_responses/static_fresh/replicate_0/fold_0/calibration/e3b0c44298fc1c149afbf4c8996fb92427ae41e4649b934ca495991b7852b855/25e53ed88a533a2acef90767.json
26457475ff1cec2116a127dd,positive,calibration,True,True,True,True,4b5cea7b5eaad3cca48ae4312c4cd3190519bbe7b9cb9984ca524950d21502b4,e3b0c44298fc1c149afbf4c8996fb92427ae41e4649b934ca495991b7852b855,reader_responses/static_fresh/replicate_0/fold_0/calibration/e3b0c44298fc1c149afbf4c8996fb92427ae41e4649b934ca495991b7852b855/26457475ff1cec2116a127dd.json
26b6f3db741ab7f8300a864d,positive,calibration,True,True,True,True,4b5cea7b5eaad3cca48ae4312c4cd3190519bbe7b9cb9984ca524950d21502b4,e3b0c44298fc1c149afbf4c8996fb92427ae41e4649b934ca495991b7852b855,reader_responses/static_fresh/replicate_0/fold_0/calibration/e3b0c44298fc1c149afbf4c8996fb92427ae41e4649b934ca495991b7852b855/26b6f3db741ab7f8300a864d.json
281a99bc1413207af9b06c0a,unclear,calibration,True,True,True,True,4b5cea7b5eaad3cca48ae4312c4cd3190519bbe7b9cb9984ca524950d21502b4,e3b0c44298fc1c149afbf4c8996fb92427ae41e4649b934ca495991b7852b855,reader_responses/static_fresh/replicate_0/fold_0/calibration/e3b0c44298fc1c149afbf4c8996fb92427ae41e4649b934ca495991b7852b855/281a99bc1413207af9b06c0a.json
28af19fe012bdd32e102442b,unclear,calibration,True,True,True,True,4b5cea7b5eaad3cca48ae4312c4cd3190519bbe7b9cb9984ca524950d21502b4,e3b0c44298fc1c149afbf4c8996fb92427ae41e4649b934ca495991b7852b855,reader_responses/static_fresh/replicate_0/fold_0/calibration/e3b0c44298fc1c149afbf4c8996fb92427ae41e4649b934ca495991b7852b855/28af19fe012bdd32e102442b.json
28b85eac7e142a060f123d0b,positive,calibration,True,True,True,True,4b5cea7b5eaad3cca48ae4312c4cd3190519bbe7b9cb9984ca524950d21502b4,e3b0c44298fc1c149afbf4c8996fb92427ae41e4649b934ca495991b7852b855,reader_responses/static_fresh/replicate_0/fold_0/calibration/e3b0c44298fc1c149afbf4c8996fb92427ae41e4649b934ca495991b7852b855/28b85eac7e142a060f123d0b.json
2988e0239e2852c153bf6545,negative,calibration,True,True,True,True,4b5cea7b5eaad3cca48ae4312c4cd3190519bbe7b9cb9984ca524950d21502b4,e3b0c44298fc1c149afbf4c8996fb92427ae41e4649b934ca495991b7852b855,reader_responses/static_fresh/replicate_0/fold_0/calibration/e3b0c44298fc1c149afbf4c8996fb92427ae41e4649b934ca495991b7852b855/2988e0239e2852c153bf6545.json
2a89abc7bef43077a8af2e32,positive,calibration,True,True,True,True,4b5cea7b5eaad3cca48ae4312c4cd3190519bbe7b9cb9984ca524950d21502b4,e3b0c44298fc1c149afbf4c8996fb92427ae41e4649b934ca495991b7852b855,reader_responses/static_fresh/replicate_0/fold_0/calibration/e3b0c44298fc1c149afbf4c8996fb92427ae41e4649b934ca495991b7852b855/2a89abc7bef43077a8af2e32.json
2b9a182dbc115892f81fc457,negative,calibration,True,True,True,True,4b5cea7b5eaad3cca48ae4312c4cd3190519bbe7b9cb9984ca524950d21502b4,e3b0c44298fc1c149afbf4c8996fb92427ae41e4649b934ca495991b7852b855,reader_responses/static_fresh/replicate_0/fold_0/calibration/e3b0c44298fc1c149afbf4c8996fb92427ae41e4649b934ca495991b7852b855/2b9a182dbc115892f81fc457.json
2c1f2b32ea54abb6919f20f5,positive,calibration,True,True,True,True,4b5cea7b5eaad3cca48ae4312c4cd3190519bbe7b9cb9984ca524950d21502b4,e3b0c44298fc1c149afbf4c8996fb92427ae41e4649b934ca495991b7852b855,reader_responses/static_fresh/replicate_0/fold_0/calibration/e3b0c44298fc1c149afbf4c8996fb92427ae41e4649b934ca495991b7852b855/2c1f2b32ea54abb6919f20f5.json
2d3806f07981cba88bcfe27f,hypothetical,calibration,True,True,True,True,4b5cea7b5eaad3cca48ae4312c4cd3190519bbe7b9cb9984ca524950d21502b4,e3b0c44298fc1c149afbf4c8996fb92427ae41e4649b934ca495991b7852b855,reader_responses/static_fresh/replicate_0/fold_0/calibration/e3b0c44298fc1c149afbf4c8996fb92427ae41e4649b934ca495991b7852b855/2d3806f07981cba88bcfe27f.json
2eecf940d682585ea489b410,negative,calibration,True,True,True,True,4b5cea7b5eaad3cca48ae4312c4cd3190519bbe7b9cb9984ca524950d21502b4,e3b0c44298fc1c149afbf4c8996fb92427ae41e4649b934ca495991b7852b855,reader_responses/static_fresh/replicate_0/fold_0/calibration/e3b0c44298fc1c149afbf4c8996fb92427ae41e4649b934ca495991b7852b855/2eecf940d682585ea489b410.json
309979563bda4ca253f62f1c,unclear,calibration,True,True,True,True,4b5cea7b5eaad3cca48ae4312c4cd3190519bbe7b9cb9984ca524950d21502b4,e3b0c44298fc1c149afbf4c8996fb92427ae41e4649b934ca495991b7852b855,reader_responses/static_fresh/replicate_0/fold_0/calibration/e3b0c44298fc1c149afbf4c8996fb92427ae41e4649b934ca495991b7852b855/309979563bda4ca253f62f1c.json
3157c9c0b3e4d6d1321880d6,positive,calibration,True,True,True,True,4b5cea7b5eaad3cca48ae4312c4cd3190519bbe7b9cb9984ca524950d21502b4,e3b0c44298fc1c149afbf4c8996fb92427ae41e4649b934ca495991b7852b855,reader_responses/static_fresh/replicate_0/fold_0/calibration/e3b0c44298fc1c149afbf4c8996fb92427ae41e4649b934ca495991b7852b855/3157c9c0b3e4d6d1321880d6.json
33517bcb64983ed66e7ab3d1,neutral,calibration,True,True,True,True,4b5cea7b5eaad3cca48ae4312c4cd3190519bbe7b9cb9984ca524950d21502b4,e3b0c44298fc1c149afbf4c8996fb92427ae41e4649b934ca495991b7852b855,reader_responses/static_fresh/replicate_0/fold_0/calibration/e3b0c44298fc1c149afbf4c8996fb92427ae41e4649b934ca495991b7852b855/33517bcb64983ed66e7ab3d1.json
33933191e5ce1de5b066a411,positive,calibration,True,True,True,True,4b5cea7b5eaad3cca48ae4312c4cd3190519bbe7b9cb9984ca524950d21502b4,e3b0c44298fc1c149afbf4c8996fb92427ae41e4649b934ca495991b7852b855,reader_responses/static_fresh/replicate_0/fold_0/calibration/e3b0c44298fc1c149afbf4c8996fb92427ae41e4649b934ca495991b7852b855/33933191e5ce1de5b066a411.json
34154b5b1baf14c1c877a1c2,unclear,calibration,True,True,True,True,4b5cea7b5eaad3cca48ae4312c4cd3190519bbe7b9cb9984ca524950d21502b4,e3b0c44298fc1c149afbf4c8996fb92427ae41e4649b934ca495991b7852b855,reader_responses/static_fresh/replicate_0/fold_0/calibration/e3b0c44298fc1c149afbf4c8996fb92427ae41e4649b934ca495991b7852b855/34154b5b1baf14c1c877a1c2.json
3448c677c1e29c73782c5367,neutral,calibration,True,True,True,True,4b5cea7b5eaad3cca48ae4312c4cd3190519bbe7b9cb9984ca524950d21502b4,e3b0c44298fc1c149afbf4c8996fb92427ae41e4649b934ca495991b7852b855,reader_responses/static_fresh/replicate_0/fold_0/calibration/e3b0c44298fc1c149afbf4c8996fb92427ae41e4649b934ca495991b7852b855/3448c677c1e29c73782c5367.json
34de87cca0517c0b5f7a6bb7,positive,calibration,True,True,True,True,4b5cea7b5eaad3cca48ae4312c4cd3190519bbe7b9cb9984ca524950d21502b4,e3b0c44298fc1c149afbf4c8996fb92427ae41e4649b934ca495991b7852b855,reader_responses/static_fresh/replicate_0/fold_0/calibration/e3b0c44298fc1c149afbf4c8996fb92427ae41e4649b934ca495991b7852b855/34de87cca0517c0b5f7a6bb7.json
3658bbd2d2dc374a5590b8dc,negative,calibration,True,True,True,True,4b5cea7b5eaad3cca48ae4312c4cd3190519bbe7b9cb9984ca524950d21502b4,e3b0c44298fc1c149afbf4c8996fb92427ae41e4649b934ca495991b7852b855,reader_responses/static_fresh/replicate_0/fold_0/calibration/e3b0c44298fc1c149afbf4c8996fb92427ae41e4649b934ca495991b7852b855/3658bbd2d2dc374a5590b8dc.json
37ec208b52c64b32362169c5,negative,calibration,True,True,True,True,4b5cea7b5eaad3cca48ae4312c4cd3190519bbe7b9cb9984ca524950d21502b4,e3b0c44298fc1c149afbf4c8996fb92427ae41e4649b934ca495991b7852b855,reader_responses/static_fresh/replicate_0/fold_0/calibration/e3b0c44298fc1c149afbf4c8996fb92427ae41e4649b934ca495991b7852b855/37ec208b52c64b32362169c5.json
38be832b4d7c99705a0b4d9b,positive,calibration,True,True,True,True,4b5cea7b5eaad3cca48ae4312c4cd3190519bbe7b9cb9984ca524950d21502b4,e3b0c44298fc1c149afbf4c8996fb92427ae41e4649b934ca495991b7852b855,reader_responses/static_fresh/replicate_0/fold_0/calibration/e3b0c44298fc1c149afbf4c8996fb92427ae41e4649b934ca495991b7852b855/38be832b4d7c99705a0b4d9b.json
39a2e986eb5c96e0fca48cac,negative,calibration,True,True,True,True,4b5cea7b5eaad3cca48ae4312c4cd3190519bbe7b9cb9984ca524950d21502b4,e3b0c44298fc1c149afbf4c8996fb92427ae41e4649b934ca495991b7852b855,reader_responses/static_fresh/replicate_0/fold_0/calibration/e3b0c44298fc1c149afbf4c8996fb92427ae41e4649b934ca495991b7852b855/39a2e986eb5c96e0fca48cac.json
39c729dc670cf419e82852d9,negative,calibration,True,True,True,True,4b5cea7b5eaad3cca48ae4312c4cd3190519bbe7b9cb9984ca524950d21502b4,e3b0c44298fc1c149afbf4c8996fb92427ae41e4649b934ca495991b7852b855,reader_responses/static_fresh/replicate_0/fold_0/calibration/e3b0c44298fc1c149afbf4c8996fb92427ae41e4649b934ca495991b7852b855/39c729dc670cf419e82852d9.json
3bda4d71392eb8f858d29118,negative,calibration,True,True,True,True,4b5cea7b5eaad3cca48ae4312c4cd3190519bbe7b9cb9984ca524950d21502b4,e3b0c44298fc1c149afbf4c8996fb92427ae41e4649b934ca495991b7852b855,reader_responses/static_fresh/replicate_0/fold_0/calibration/e3b0c44298fc1c149afbf4c8996fb92427ae41e4649b934ca495991b7852b855/3bda4d71392eb8f858d29118.json
4082bd80a5e299384c7406a7,negative,calibration,True,True,True,True,4b5cea7b5eaad3cca48ae4312c4cd3190519bbe7b9cb9984ca524950d21502b4,e3b0c44298fc1c149afbf4c8996fb92427ae41e4649b934ca495991b7852b855,reader_responses/static_fresh/replicate_0/fold_0/calibration/e3b0c44298fc1c149afbf4c8996fb92427ae41e4649b934ca495991b7852b855/4082bd80a5e299384c7406a7.json
40cb59abcf8540bf29d7c888,negative,calibration,True,True,True,True,4b5cea7b5eaad3cca48ae4312c4cd3190519bbe7b9cb9984ca524950d21502b4,e3b0c44298fc1c149afbf4c8996fb92427ae41e4649b934ca495991b7852b855,reader_responses/static_fresh/replicate_0/fold_0/calibration/e3b0c44298fc1c149afbf4c8996fb92427ae41e4649b934ca495991b7852b855/40cb59abcf8540bf29d7c888.json
40d63b0e77a9ea0bb1dcf870,unclear,calibration,True,True,True,True,4b5cea7b5eaad3cca48ae4312c4cd3190519bbe7b9cb9984ca524950d21502b4,e3b0c44298fc1c149afbf4c8996fb92427ae41e4649b934ca495991b7852b855,reader_responses/static_fresh/replicate_0/fold_0/calibration/e3b0c44298fc1c149afbf4c8996fb92427ae41e4649b934ca495991b7852b855/40d63b0e77a9ea0bb1dcf870.json
4213b5a8d70c1903c10171a7,hypothetical,calibration,True,True,True,True,4b5cea7b5eaad3cca48ae4312c4cd3190519bbe7b9cb9984ca524950d21502b4,e3b0c44298fc1c149afbf4c8996fb92427ae41e4649b934ca495991b7852b855,reader_responses/static_fresh/replicate_0/fold_0/calibration/e3b0c44298fc1c149afbf4c8996fb92427ae41e4649b934ca495991b7852b855/4213b5a8d70c1903c10171a7.json
44026580b8df45ed31708980,negative,calibration,True,True,True,True,4b5cea7b5eaad3cca48ae4312c4cd3190519bbe7b9cb9984ca524950d21502b4,e3b0c44298fc1c149afbf4c8996fb92427ae41e4649b934ca495991b7852b855,reader_responses/static_fresh/replicate_0/fold_0/calibration/e3b0c44298fc1c149afbf4c8996fb92427ae41e4649b934ca495991b7852b855/44026580b8df45ed31708980.json
46023b6d7631e56c593bbe72,negative,calibration,True,True,True,True,4b5cea7b5eaad3cca48ae4312c4cd3190519bbe7b9cb9984ca524950d21502b4,e3b0c44298fc1c149afbf4c8996fb92427ae41e4649b934ca495991b7852b855,reader_responses/static_fresh/replicate_0/fold_0/calibration/e3b0c44298fc1c149afbf4c8996fb92427ae41e4649b934ca495991b7852b855/46023b6d7631e56c593bbe72.json
4712876848dd19514099b9ae,negative,calibration,True,True,True,True,4b5cea7b5eaad3cca48ae4312c4cd3190519bbe7b9cb9984ca524950d21502b4,e3b0c44298fc1c149afbf4c8996fb92427ae41e4649b934ca495991b7852b855,reader_responses/static_fresh/replicate_0/fold_0/calibration/e3b0c44298fc1c149afbf4c8996fb92427ae41e4649b934ca495991b7852b855/4712876848dd19514099b9ae.json
47959f762153b5832c92b43b,positive,calibration,True,True,True,True,4b5cea7b5eaad3cca48ae4312c4cd3190519bbe7b9cb9984ca524950d21502b4,e3b0c44298fc1c149afbf4c8996fb92427ae41e4649b934ca495991b7852b855,reader_responses/static_fresh/replicate_0/fold_0/calibration/e3b0c44298fc1c149afbf4c8996fb92427ae41e4649b934ca495991b7852b855/47959f762153b5832c92b43b.json
486fbf591f67642161286e55,hypothetical,calibration,True,True,True,True,4b5cea7b5eaad3cca48ae4312c4cd3190519bbe7b9cb9984ca524950d21502b4,e3b0c44298fc1c149afbf4c8996fb92427ae41e4649b934ca495991b7852b855,reader_responses/static_fresh/replicate_0/fold_0/calibration/e3b0c44298fc1c149afbf4c8996fb92427ae41e4649b934ca495991b7852b855/486fbf591f67642161286e55.json
487c2671f2afe91e524f4e2a,unclear,calibration,True,True,True,True,4b5cea7b5eaad3cca48ae4312c4cd3190519bbe7b9cb9984ca524950d21502b4,e3b0c44298fc1c149afbf4c8996fb92427ae41e4649b934ca495991b7852b855,reader_responses/static_fresh/replicate_0/fold_0/calibration/e3b0c44298fc1c149afbf4c8996fb92427ae41e4649b934ca495991b7852b855/487c2671f2afe91e524f4e2a.json
488a12a602bc24068e48083b,positive,calibration,True,True,True,True,4b5cea7b5eaad3cca48ae4312c4cd3190519bbe7b9cb9984ca524950d21502b4,e3b0c44298fc1c149afbf4c8996fb92427ae41e4649b934ca495991b7852b855,reader_responses/static_fresh/replicate_0/fold_0/calibration/e3b0c44298fc1c149afbf4c8996fb92427ae41e4649b934ca495991b7852b855/488a12a602bc24068e48083b.json
49b808a46c6737c9517a3ad2,positive,calibration,True,True,True,True,4b5cea7b5eaad3cca48ae4312c4cd3190519bbe7b9cb9984ca524950d21502b4,e3b0c44298fc1c149afbf4c8996fb92427ae41e4649b934ca495991b7852b855,reader_responses/static_fresh/replicate_0/fold_0/calibration/e3b0c44298fc1c149afbf4c8996fb92427ae41e4649b934ca495991b7852b855/49b808a46c6737c9517a3ad2.json
4a9ac6103b3efca0ef26c4fe,positive,calibration,True,True,True,True,4b5cea7b5eaad3cca48ae4312c4cd3190519bbe7b9cb9984ca524950d21502b4,e3b0c44298fc1c149afbf4c8996fb92427ae41e4649b934ca495991b7852b855,reader_responses/static_fresh/replicate_0/fold_0/calibration/e3b0c44298fc1c149afbf4c8996fb92427ae41e4649b934ca495991b7852b855/4a9ac6103b3efca0ef26c4fe.json
4aa4ff91da6dfbe8d0985950,positive,calibration,True,True,True,True,4b5cea7b5eaad3cca48ae4312c4cd3190519bbe7b9cb9984ca524950d21502b4,e3b0c44298fc1c149afbf4c8996fb92427ae41e4649b934ca495991b7852b855,reader_responses/static_fresh/replicate_0/fold_0/calibration/e3b0c44298fc1c149afbf4c8996fb92427ae41e4649b934ca495991b7852b855/4aa4ff91da6dfbe8d0985950.json
4bab6b7b415e6d218360883d,hypothetical,calibration,True,True,True,True,4b5cea7b5eaad3cca48ae4312c4cd3190519bbe7b9cb9984ca524950d21502b4,e3b0c44298fc1c149afbf4c8996fb92427ae41e4649b934ca495991b7852b855,reader_responses/static_fresh/replicate_0/fold_0/calibration/e3b0c44298fc1c149afbf4c8996fb92427ae41e4649b934ca495991b7852b855/4bab6b7b415e6d218360883d.json
4cd3663527414b78d2951247,neutral,calibration,True,True,True,True,4b5cea7b5eaad3cca48ae4312c4cd3190519bbe7b9cb9984ca524950d21502b4,e3b0c44298fc1c149afbf4c8996fb92427ae41e4649b934ca495991b7852b855,reader_responses/static_fresh/replicate_0/fold_0/calibration/e3b0c44298fc1c149afbf4c8996fb92427ae41e4649b934ca495991b7852b855/4cd3663527414b78d2951247.json
4ea48071ec7ccef62e9205a4,unclear,calibration,True,True,True,True,4b5cea7b5eaad3cca48ae4312c4cd3190519bbe7b9cb9984ca524950d21502b4,e3b0c44298fc1c149afbf4c8996fb92427ae41e4649b934ca495991b7852b855,reader_responses/static_fresh/replicate_0/fold_0/calibration/e3b0c44298fc1c149afbf4c8996fb92427ae41e4649b934ca495991b7852b855/4ea48071ec7ccef62e9205a4.json
4f70e64445a814a2dbf0ac92,unclear,calibration,True,True,True,True,4b5cea7b5eaad3cca48ae4312c4cd3190519bbe7b9cb9984ca524950d21502b4,e3b0c44298fc1c149afbf4c8996fb92427ae41e4649b934ca495991b7852b855,reader_responses/static_fresh/replicate_0/fold_0/calibration/e3b0c44298fc1c149afbf4c8996fb92427ae41e4649b934ca495991b7852b855/4f70e64445a814a2dbf0ac92.json
503de6e82f61ecab6cffd9c3,negative,calibration,True,True,True,True,4b5cea7b5eaad3cca48ae4312c4cd3190519bbe7b9cb9984ca524950d21502b4,e3b0c44298fc1c149afbf4c8996fb92427ae41e4649b934ca495991b7852b855,reader_responses/static_fresh/replicate_0/fold_0/calibration/e3b0c44298fc1c149afbf4c8996fb92427ae41e4649b934ca495991b7852b855/503de6e82f61ecab6cffd9c3.json
50892fc7af9dd513ef572858,neutral,calibration,True,True,True,True,4b5cea7b5eaad3cca48ae4312c4cd3190519bbe7b9cb9984ca524950d21502b4,e3b0c44298fc1c149afbf4c8996fb92427ae41e4649b934ca495991b7852b855,reader_responses/static_fresh/replicate_0/fold_0/calibration/e3b0c44298fc1c149afbf4c8996fb92427ae41e4649b934ca495991b7852b855/50892fc7af9dd513ef572858.json
50c9e3462bfb37c5d781ef66,neutral,calibration,True,True,True,True,4b5cea7b5eaad3cca48ae4312c4cd3190519bbe7b9cb9984ca524950d21502b4,e3b0c44298fc1c149afbf4c8996fb92427ae41e4649b934ca495991b7852b855,reader_responses/static_fresh/replicate_0/fold_0/calibration/e3b0c44298fc1c149afbf4c8996fb92427ae41e4649b934ca495991b7852b855/50c9e3462bfb37c5d781ef66.json
514f41dbe42c28b7033d4d77,positive,calibration,True,True,True,True,4b5cea7b5eaad3cca48ae4312c4cd3190519bbe7b9cb9984ca524950d21502b4,e3b0c44298fc1c149afbf4c8996fb92427ae41e4649b934ca495991b7852b855,reader_responses/static_fresh/replicate_0/fold_0/calibration/e3b0c44298fc1c149afbf4c8996fb92427ae41e4649b934ca495991b7852b855/514f41dbe42c28b7033d4d77.json
5218ee984c16b89ea98c0b28,negative,calibration,True,True,True,True,4b5cea7b5eaad3cca48ae4312c4cd3190519bbe7b9cb9984ca524950d21502b4,e3b0c44298fc1c149afbf4c8996fb92427ae41e4649b934ca495991b7852b855,reader_responses/static_fresh/replicate_0/fold_0/calibration/e3b0c44298fc1c149afbf4c8996fb92427ae41e4649b934ca495991b7852b855/5218ee984c16b89ea98c0b28.json
52737ade4848dbacc58bc980,positive,calibration,True,True,True,True,4b5cea7b5eaad3cca48ae4312c4cd3190519bbe7b9cb9984ca524950d21502b4,e3b0c44298fc1c149afbf4c8996fb92427ae41e4649b934ca495991b7852b855,reader_responses/static_fresh/replicate_0/fold_0/calibration/e3b0c44298fc1c149afbf4c8996fb92427ae41e4649b934ca495991b7852b855/52737ade4848dbacc58bc980.json
52de61ca3f095aec27a5571e,negative,calibration,True,True,True,True,4b5cea7b5eaad3cca48ae4312c4cd3190519bbe7b9cb9984ca524950d21502b4,e3b0c44298fc1c149afbf4c8996fb92427ae41e4649b934ca495991b7852b855,reader_responses/static_fresh/replicate_0/fold_0/calibration/e3b0c44298fc1c149afbf4c8996fb92427ae41e4649b934ca495991b7852b855/52de61ca3f095aec27a5571e.json
5379d381a435b4e0ab73574a,negative,calibration,True,True,True,True,4b5cea7b5eaad3cca48ae4312c4cd3190519bbe7b9cb9984ca524950d21502b4,e3b0c44298fc1c149afbf4c8996fb92427ae41e4649b934ca495991b7852b855,reader_responses/static_fresh/replicate_0/fold_0/calibration/e3b0c44298fc1c149afbf4c8996fb92427ae41e4649b934ca495991b7852b855/5379d381a435b4e0ab73574a.json
58fa9a996f306ce2c5343556,positive,calibration,True,True,True,True,4b5cea7b5eaad3cca48ae4312c4cd3190519bbe7b9cb9984ca524950d21502b4,e3b0c44298fc1c149afbf4c8996fb92427ae41e4649b934ca495991b7852b855,reader_responses/static_fresh/replicate_0/fold_0/calibration/e3b0c44298fc1c149afbf4c8996fb92427ae41e4649b934ca495991b7852b855/58fa9a996f306ce2c5343556.json
594f0a6316bf62f092f1f641,negative,calibration,True,True,True,True,4b5cea7b5eaad3cca48ae4312c4cd3190519bbe7b9cb9984ca524950d21502b4,e3b0c44298fc1c149afbf4c8996fb92427ae41e4649b934ca495991b7852b855,reader_responses/static_fresh/replicate_0/fold_0/calibration/e3b0c44298fc1c149afbf4c8996fb92427ae41e4649b934ca495991b7852b855/594f0a6316bf62f092f1f641.json
5bbc127a7fa33f7da0272920,negative,calibration,True,True,True,True,4b5cea7b5eaad3cca48ae4312c4cd3190519bbe7b9cb9984ca524950d21502b4,e3b0c44298fc1c149afbf4c8996fb92427ae41e4649b934ca495991b7852b855,reader_responses/static_fresh/replicate_0/fold_0/calibration/e3b0c44298fc1c149afbf4c8996fb92427ae41e4649b934ca495991b7852b855/5bbc127a7fa33f7da0272920.json
5d3893b62ab1366a043fe9bd,negative,calibration,True,True,True,True,4b5cea7b5eaad3cca48ae4312c4cd3190519bbe7b9cb9984ca524950d21502b4,e3b0c44298fc1c149afbf4c8996fb92427ae41e4649b934ca495991b7852b855,reader_responses/static_fresh/replicate_0/fold_0/calibration/e3b0c44298fc1c149afbf4c8996fb92427ae41e4649b934ca495991b7852b855/5d3893b62ab1366a043fe9bd.json
5db14d1f59dd85dd65d30f14,negative,calibration,True,True,True,True,4b5cea7b5eaad3cca48ae4312c4cd3190519bbe7b9cb9984ca524950d21502b4,e3b0c44298fc1c149afbf4c8996fb92427ae41e4649b934ca495991b7852b855,reader_responses/static_fresh/replicate_0/fold_0/calibration/e3b0c44298fc1c149afbf4c8996fb92427ae41e4649b934ca495991b7852b855/5db14d1f59dd85dd65d30f14.json
5db6cf93ecec8408e2fa3fec,negative,calibration,True,True,True,True,4b5cea7b5eaad3cca48ae4312c4cd3190519bbe7b9cb9984ca524950d21502b4,e3b0c44298fc1c149afbf4c8996fb92427ae41e4649b934ca495991b7852b855,reader_responses/static_fresh/replicate_0/fold_0/calibration/e3b0c44298fc1c149afbf4c8996fb92427ae41e4649b934ca495991b7852b855/5db6cf93ecec8408e2fa3fec.json
5ddee02ef4ef770bd2b9f203,negative,calibration,True,True,True,True,4b5cea7b5eaad3cca48ae4312c4cd3190519bbe7b9cb9984ca524950d21502b4,e3b0c44298fc1c149afbf4c8996fb92427ae41e4649b934ca495991b7852b855,reader_responses/static_fresh/replicate_0/fold_0/calibration/e3b0c44298fc1c149afbf4c8996fb92427ae41e4649b934ca495991b7852b855/5ddee02ef4ef770bd2b9f203.json
5de1df0b906bd80cd8a6fd8f,unclear,calibration,True,True,True,True,4b5cea7b5eaad3cca48ae4312c4cd3190519bbe7b9cb9984ca524950d21502b4,e3b0c44298fc1c149afbf4c8996fb92427ae41e4649b934ca495991b7852b855,reader_responses/static_fresh/replicate_0/fold_0/calibration/e3b0c44298fc1c149afbf4c8996fb92427ae41e4649b934ca495991b7852b855/5de1df0b906bd80cd8a6fd8f.json
5dedbd8f5aecbcfdd77fc072,positive,calibration,True,True,True,True,4b5cea7b5eaad3cca48ae4312c4cd3190519bbe7b9cb9984ca524950d21502b4,e3b0c44298fc1c149afbf4c8996fb92427ae41e4649b934ca495991b7852b855,reader_responses/static_fresh/replicate_0/fold_0/calibration/e3b0c44298fc1c149afbf4c8996fb92427ae41e4649b934ca495991b7852b855/5dedbd8f5aecbcfdd77fc072.json
5e6ea03379551a2e4054b6e2,positive,calibration,True,True,True,True,4b5cea7b5eaad3cca48ae4312c4cd3190519bbe7b9cb9984ca524950d21502b4,e3b0c44298fc1c149afbf4c8996fb92427ae41e4649b934ca495991b7852b855,reader_responses/static_fresh/replicate_0/fold_0/calibration/e3b0c44298fc1c149afbf4c8996fb92427ae41e4649b934ca495991b7852b855/5e6ea03379551a2e4054b6e2.json
5f7684ff4f4d0f095e65eb67,hypothetical,calibration,True,True,True,True,4b5cea7b5eaad3cca48ae4312c4cd3190519bbe7b9cb9984ca524950d21502b4,e3b0c44298fc1c149afbf4c8996fb92427ae41e4649b934ca495991b7852b855,reader_responses/static_fresh/replicate_0/fold_0/calibration/e3b0c44298fc1c149afbf4c8996fb92427ae41e4649b934ca495991b7852b855/5f7684ff4f4d0f095e65eb67.json
5ff8b99ca1877f86b1abedd2,positive,calibration,True,True,True,True,4b5cea7b5eaad3cca48ae4312c4cd3190519bbe7b9cb9984ca524950d21502b4,e3b0c44298fc1c149afbf4c8996fb92427ae41e4649b934ca495991b7852b855,reader_responses/static_fresh/replicate_0/fold_0/calibration/e3b0c44298fc1c149afbf4c8996fb92427ae41e4649b934ca495991b7852b855/5ff8b99ca1877f86b1abedd2.json
6039d0e9220a89fa3e9cec3a,negative,calibration,True,True,True,True,4b5cea7b5eaad3cca48ae4312c4cd3190519bbe7b9cb9984ca524950d21502b4,e3b0c44298fc1c149afbf4c8996fb92427ae41e4649b934ca495991b7852b855,reader_responses/static_fresh/replicate_0/fold_0/calibration/e3b0c44298fc1c149afbf4c8996fb92427ae41e4649b934ca495991b7852b855/6039d0e9220a89fa3e9cec3a.json
610e843395b34e103cc00a40,unclear,calibration,True,True,True,True,4b5cea7b5eaad3cca48ae4312c4cd3190519bbe7b9cb9984ca524950d21502b4,e3b0c44298fc1c149afbf4c8996fb92427ae41e4649b934ca495991b7852b855,reader_responses/static_fresh/replicate_0/fold_0/calibration/e3b0c44298fc1c149afbf4c8996fb92427ae41e4649b934ca495991b7852b855/610e843395b34e103cc00a40.json
62020e06d74fe1cdfe85e1d8,negative,calibration,True,True,True,True,4b5cea7b5eaad3cca48ae4312c4cd3190519bbe7b9cb9984ca524950d21502b4,e3b0c44298fc1c149afbf4c8996fb92427ae41e4649b934ca495991b7852b855,reader_responses/static_fresh/replicate_0/fold_0/calibration/e3b0c44298fc1c149afbf4c8996fb92427ae41e4649b934ca495991b7852b855/62020e06d74fe1cdfe85e1d8.json
623c9f0b6572d6b4e34947ce,negative,calibration,True,True,True,True,4b5cea7b5eaad3cca48ae4312c4cd3190519bbe7b9cb9984ca524950d21502b4,e3b0c44298fc1c149afbf4c8996fb92427ae41e4649b934ca495991b7852b855,reader_responses/static_fresh/replicate_0/fold_0/calibration/e3b0c44298fc1c149afbf4c8996fb92427ae41e4649b934ca495991b7852b855/623c9f0b6572d6b4e34947ce.json
62682ec20a7c45716a521bdd,negative,calibration,True,True,True,True,4b5cea7b5eaad3cca48ae4312c4cd3190519bbe7b9cb9984ca524950d21502b4,e3b0c44298fc1c149afbf4c8996fb92427ae41e4649b934ca495991b7852b855,reader_responses/static_fresh/replicate_0/fold_0/calibration/e3b0c44298fc1c149afbf4c8996fb92427ae41e4649b934ca495991b7852b855/62682ec20a7c45716a521bdd.json
628f7d01cad2e9007cf8e624,negative,calibration,True,True,True,True,4b5cea7b5eaad3cca48ae4312c4cd3190519bbe7b9cb9984ca524950d21502b4,e3b0c44298fc1c149afbf4c8996fb92427ae41e4649b934ca495991b7852b855,reader_responses/static_fresh/replicate_0/fold_0/calibration/e3b0c44298fc1c149afbf4c8996fb92427ae41e4649b934ca495991b7852b855/628f7d01cad2e9007cf8e624.json
6495f93bb38864957b997a76,unclear,calibration,True,True,True,True,4b5cea7b5eaad3cca48ae4312c4cd3190519bbe7b9cb9984ca524950d21502b4,e3b0c44298fc1c149afbf4c8996fb92427ae41e4649b934ca495991b7852b855,reader_responses/static_fresh/replicate_0/fold_0/calibration/e3b0c44298fc1c149afbf4c8996fb92427ae41e4649b934ca495991b7852b855/6495f93bb38864957b997a76.json
64f55f0a52413f93f560da22,positive,calibration,True,True,True,True,4b5cea7b5eaad3cca48ae4312c4cd3190519bbe7b9cb9984ca524950d21502b4,e3b0c44298fc1c149afbf4c8996fb92427ae41e4649b934ca495991b7852b855,reader_responses/static_fresh/replicate_0/fold_0/calibration/e3b0c44298fc1c149afbf4c8996fb92427ae41e4649b934ca495991b7852b855/64f55f0a52413f93f560da22.json
651a7cd6c9e5f077559bc92b,positive,calibration,True,True,True,True,4b5cea7b5eaad3cca48ae4312c4cd3190519bbe7b9cb9984ca524950d21502b4,e3b0c44298fc1c149afbf4c8996fb92427ae41e4649b934ca495991b7852b855,reader_responses/static_fresh/replicate_0/fold_0/calibration/e3b0c44298fc1c149afbf4c8996fb92427ae41e4649b934ca495991b7852b855/651a7cd6c9e5f077559bc92b.json
654677332f44d6789bc8db28,negative,calibration,True,True,True,True,4b5cea7b5eaad3cca48ae4312c4cd3190519bbe7b9cb9984ca524950d21502b4,e3b0c44298fc1c149afbf4c8996fb92427ae41e4649b934ca495991b7852b855,reader_responses/static_fresh/replicate_0/fold_0/calibration/e3b0c44298fc1c149afbf4c8996fb92427ae41e4649b934ca495991b7852b855/654677332f44d6789bc8db28.json
65b12397bfdea4f857285ab7,positive,calibration,True,True,True,True,4b5cea7b5eaad3cca48ae4312c4cd3190519bbe7b9cb9984ca524950d21502b4,e3b0c44298fc1c149afbf4c8996fb92427ae41e4649b934ca495991b7852b855,reader_responses/static_fresh/replicate_0/fold_0/calibration/e3b0c44298fc1c149afbf4c8996fb92427ae41e4649b934ca495991b7852b855/65b12397bfdea4f857285ab7.json
661d3c73f760ecdc73bbec56,negative,calibration,True,True,True,True,4b5cea7b5eaad3cca48ae4312c4cd3190519bbe7b9cb9984ca524950d21502b4,e3b0c44298fc1c149afbf4c8996fb92427ae41e4649b934ca495991b7852b855,reader_responses/static_fresh/replicate_0/fold_0/calibration/e3b0c44298fc1c149afbf4c8996fb92427ae41e4649b934ca495991b7852b855/661d3c73f760ecdc73bbec56.json
67f60e1fb2c1ae9a9919ae0f,negative,calibration,True,True,True,True,4b5cea7b5eaad3cca48ae4312c4cd3190519bbe7b9cb9984ca524950d21502b4,e3b0c44298fc1c149afbf4c8996fb92427ae41e4649b934ca495991b7852b855,reader_responses/static_fresh/replicate_0/fold_0/calibration/e3b0c44298fc1c149afbf4c8996fb92427ae41e4649b934ca495991b7852b855/67f60e1fb2c1ae9a9919ae0f.json
6821fe85eeaf79bd4a0ceb5f,negative,calibration,True,True,True,True,4b5cea7b5eaad3cca48ae4312c4cd3190519bbe7b9cb9984ca524950d21502b4,e3b0c44298fc1c149afbf4c8996fb92427ae41e4649b934ca495991b7852b855,reader_responses/static_fresh/replicate_0/fold_0/calibration/e3b0c44298fc1c149afbf4c8996fb92427ae41e4649b934ca495991b7852b855/6821fe85eeaf79bd4a0ceb5f.json
68a7445f077f84d4cf8ce6f7,unclear,calibration,True,True,True,True,4b5cea7b5eaad3cca48ae4312c4cd3190519bbe7b9cb9984ca524950d21502b4,e3b0c44298fc1c149afbf4c8996fb92427ae41e4649b934ca495991b7852b855,reader_responses/static_fresh/replicate_0/fold_0/calibration/e3b0c44298fc1c149afbf4c8996fb92427ae41e4649b934ca495991b7852b855/68a7445f077f84d4cf8ce6f7.json
6922845db9b658fc8fd2669c,negative,calibration,True,True,True,True,4b5cea7b5eaad3cca48ae4312c4cd3190519bbe7b9cb9984ca524950d21502b4,e3b0c44298fc1c149afbf4c8996fb92427ae41e4649b934ca495991b7852b855,reader_responses/static_fresh/replicate_0/fold_0/calibration/e3b0c44298fc1c149afbf4c8996fb92427ae41e4649b934ca495991b7852b855/6922845db9b658fc8fd2669c.json
69339535afabfa66e168ec0f,positive,calibration,True,True,True,True,4b5cea7b5eaad3cca48ae4312c4cd3190519bbe7b9cb9984ca524950d21502b4,e3b0c44298fc1c149afbf4c8996fb92427ae41e4649b934ca495991b7852b855,reader_responses/static_fresh/replicate_0/fold_0/calibration/e3b0c44298fc1c149afbf4c8996fb92427ae41e4649b934ca495991b7852b855/69339535afabfa66e168ec0f.json
6a160f0913af0dbbe6e4e43d,positive,calibration,True,True,True,True,4b5cea7b5eaad3cca48ae4312c4cd3190519bbe7b9cb9984ca524950d21502b4,e3b0c44298fc1c149afbf4c8996fb92427ae41e4649b934ca495991b7852b855,reader_responses/static_fresh/replicate_0/fold_0/calibration/e3b0c44298fc1c149afbf4c8996fb92427ae41e4649b934ca495991b7852b855/6a160f0913af0dbbe6e4e43d.json
6d0aaddb3f1191e7b66eb953,positive,calibration,True,True,True,True,4b5cea7b5eaad3cca48ae4312c4cd3190519bbe7b9cb9984ca524950d21502b4,e3b0c44298fc1c149afbf4c8996fb92427ae41e4649b934ca495991b7852b855,reader_responses/static_fresh/replicate_0/fold_0/calibration/e3b0c44298fc1c149afbf4c8996fb92427ae41e4649b934ca495991b7852b855/6d0aaddb3f1191e7b66eb953.json
6eb2f46451018a0e538d9107,negative,calibration,True,True,True,True,4b5cea7b5eaad3cca48ae4312c4cd3190519bbe7b9cb9984ca524950d21502b4,e3b0c44298fc1c149afbf4c8996fb92427ae41e4649b934ca495991b7852b855,reader_responses/static_fresh/replicate_0/fold_0/calibration/e3b0c44298fc1c149afbf4c8996fb92427ae41e4649b934ca495991b7852b855/6eb2f46451018a0e538d9107.json
6ecf33fa65b9f8f49d93f3cb,negative,calibration,True,True,True,True,4b5cea7b5eaad3cca48ae4312c4cd3190519bbe7b9cb9984ca524950d21502b4,e3b0c44298fc1c149afbf4c8996fb92427ae41e4649b934ca495991b7852b855,reader_responses/static_fresh/replicate_0/fold_0/calibration/e3b0c44298fc1c149afbf4c8996fb92427ae41e4649b934ca495991b7852b855/6ecf33fa65b9f8f49d93f3cb.json
6fd0ecae2cdb22c82cf6ae5f,negative,calibration,True,True,True,True,4b5cea7b5eaad3cca48ae4312c4cd3190519bbe7b9cb9984ca524950d21502b4,e3b0c44298fc1c149afbf4c8996fb92427ae41e4649b934ca495991b7852b855,reader_responses/static_fresh/replicate_0/fold_0/calibration/e3b0c44298fc1c149afbf4c8996fb92427ae41e4649b934ca495991b7852b855/6fd0ecae2cdb22c82cf6ae5f.json
7001886096a33f02efd9e6ab,negative,calibration,True,True,True,True,4b5cea7b5eaad3cca48ae4312c4cd3190519bbe7b9cb9984ca524950d21502b4,e3b0c44298fc1c149afbf4c8996fb92427ae41e4649b934ca495991b7852b855,reader_responses/static_fresh/replicate_0/fold_0/calibration/e3b0c44298fc1c149afbf4c8996fb92427ae41e4649b934ca495991b7852b855/7001886096a33f02efd9e6ab.json
70f00c0afe033ab63af2c44a,positive,calibration,True,True,True,True,4b5cea7b5eaad3cca48ae4312c4cd3190519bbe7b9cb9984ca524950d21502b4,e3b0c44298fc1c149afbf4c8996fb92427ae41e4649b934ca495991b7852b855,reader_responses/static_fresh/replicate_0/fold_0/calibration/e3b0c44298fc1c149afbf4c8996fb92427ae41e4649b934ca495991b7852b855/70f00c0afe033ab63af2c44a.json
71563a624b328fbf733c2f1f,neutral,calibration,True,True,True,True,4b5cea7b5eaad3cca48ae4312c4cd3190519bbe7b9cb9984ca524950d21502b4,e3b0c44298fc1c149afbf4c8996fb92427ae41e4649b934ca495991b7852b855,reader_responses/static_fresh/replicate_0/fold_0/calibration/e3b0c44298fc1c149afbf4c8996fb92427ae41e4649b934ca495991b7852b855/71563a624b328fbf733c2f1f.json
71b5adc32db2f2199c843583,positive,calibration,True,True,True,True,4b5cea7b5eaad3cca48ae4312c4cd3190519bbe7b9cb9984ca524950d21502b4,e3b0c44298fc1c149afbf4c8996fb92427ae41e4649b934ca495991b7852b855,reader_responses/static_fresh/replicate_0/fold_0/calibration/e3b0c44298fc1c149afbf4c8996fb92427ae41e4649b934ca495991b7852b855/71b5adc32db2f2199c843583.json
720ccf3b02e506d344ac2cc7,positive,calibration,True,True,True,True,4b5cea7b5eaad3cca48ae4312c4cd3190519bbe7b9cb9984ca524950d21502b4,e3b0c44298fc1c149afbf4c8996fb92427ae41e4649b934ca495991b7852b855,reader_responses/static_fresh/replicate_0/fold_0/calibration/e3b0c44298fc1c149afbf4c8996fb92427ae41e4649b934ca495991b7852b855/720ccf3b02e506d344ac2cc7.json
73b7feb678d837484c6c29c4,negative,calibration,True,True,True,True,4b5cea7b5eaad3cca48ae4312c4cd3190519bbe7b9cb9984ca524950d21502b4,e3b0c44298fc1c149afbf4c8996fb92427ae41e4649b934ca495991b7852b855,reader_responses/static_fresh/replicate_0/fold_0/calibration/e3b0c44298fc1c149afbf4c8996fb92427ae41e4649b934ca495991b7852b855/73b7feb678d837484c6c29c4.json
75563e6633fe17587cafee96,negative,calibration,True,True,True,True,4b5cea7b5eaad3cca48ae4312c4cd3190519bbe7b9cb9984ca524950d21502b4,e3b0c44298fc1c149afbf4c8996fb92427ae41e4649b934ca495991b7852b855,reader_responses/static_fresh/replicate_0/fold_0/calibration/e3b0c44298fc1c149afbf4c8996fb92427ae41e4649b934ca495991b7852b855/75563e6633fe17587cafee96.json
7568a9bf5147fc0ddd70334b,positive,calibration,True,True,True,True,4b5cea7b5eaad3cca48ae4312c4cd3190519bbe7b9cb9984ca524950d21502b4,e3b0c44298fc1c149afbf4c8996fb92427ae41e4649b934ca495991b7852b855,reader_responses/static_fresh/replicate_0/fold_0/calibration/e3b0c44298fc1c149afbf4c8996fb92427ae41e4649b934ca495991b7852b855/7568a9bf5147fc0ddd70334b.json
75b96ab554b4b9f6bf66ee1e,unclear,calibration,True,True,True,True,4b5cea7b5eaad3cca48ae4312c4cd3190519bbe7b9cb9984ca524950d21502b4,e3b0c44298fc1c149afbf4c8996fb92427ae41e4649b934ca495991b7852b855,reader_responses/static_fresh/replicate_0/fold_0/calibration/e3b0c44298fc1c149afbf4c8996fb92427ae41e4649b934ca495991b7852b855/75b96ab554b4b9f6bf66ee1e.json
75f3c9786ab6f0e08770e691,negative,calibration,True,True,True,True,4b5cea7b5eaad3cca48ae4312c4cd3190519bbe7b9cb9984ca524950d21502b4,e3b0c44298fc1c149afbf4c8996fb92427ae41e4649b934ca495991b7852b855,reader_responses/static_fresh/replicate_0/fold_0/calibration/e3b0c44298fc1c149afbf4c8996fb92427ae41e4649b934ca495991b7852b855/75f3c9786ab6f0e08770e691.json
7b6cb4df74bb08a36e89230a,negative,calibration,True,True,True,True,4b5cea7b5eaad3cca48ae4312c4cd3190519bbe7b9cb9984ca524950d21502b4,e3b0c44298fc1c149afbf4c8996fb92427ae41e4649b934ca495991b7852b855,reader_responses/static_fresh/replicate_0/fold_0/calibration/e3b0c44298fc1c149afbf4c8996fb92427ae41e4649b934ca495991b7852b855/7b6cb4df74bb08a36e89230a.json
7f0cfd1990f95a8aca1e033c,positive,calibration,True,True,True,True,4b5cea7b5eaad3cca48ae4312c4cd3190519bbe7b9cb9984ca524950d21502b4,e3b0c44298fc1c149afbf4c8996fb92427ae41e4649b934ca495991b7852b855,reader_responses/static_fresh/replicate_0/fold_0/calibration/e3b0c44298fc1c149afbf4c8996fb92427ae41e4649b934ca495991b7852b855/7f0cfd1990f95a8aca1e033c.json
80b8d498a12d019f23a4992b,negative,calibration,True,True,True,True,4b5cea7b5eaad3cca48ae4312c4cd3190519bbe7b9cb9984ca524950d21502b4,e3b0c44298fc1c149afbf4c8996fb92427ae41e4649b934ca495991b7852b855,reader_responses/static_fresh/replicate_0/fold_0/calibration/e3b0c44298fc1c149afbf4c8996fb92427ae41e4649b934ca495991b7852b855/80b8d498a12d019f23a4992b.json
8151a78700fd04d10a360653,unclear,calibration,True,True,True,True,4b5cea7b5eaad3cca48ae4312c4cd3190519bbe7b9cb9984ca524950d21502b4,e3b0c44298fc1c149afbf4c8996fb92427ae41e4649b934ca495991b7852b855,reader_responses/static_fresh/replicate_0/fold_0/calibration/e3b0c44298fc1c149afbf4c8996fb92427ae41e4649b934ca495991b7852b855/8151a78700fd04d10a360653.json
81fce9ef14a59bce46431023,positive,calibration,True,True,True,True,4b5cea7b5eaad3cca48ae4312c4cd3190519bbe7b9cb9984ca524950d21502b4,e3b0c44298fc1c149afbf4c8996fb92427ae41e4649b934ca495991b7852b855,reader_responses/static_fresh/replicate_0/fold_0/calibration/e3b0c44298fc1c149afbf4c8996fb92427ae41e4649b934ca495991b7852b855/81fce9ef14a59bce46431023.json
826d8c12a3b61a135de33a8c,negative,calibration,True,True,True,True,4b5cea7b5eaad3cca48ae4312c4cd3190519bbe7b9cb9984ca524950d21502b4,e3b0c44298fc1c149afbf4c8996fb92427ae41e4649b934ca495991b7852b855,reader_responses/static_fresh/replicate_0/fold_0/calibration/e3b0c44298fc1c149afbf4c8996fb92427ae41e4649b934ca495991b7852b855/826d8c12a3b61a135de33a8c.json
8407d16a8795ef9788680c23,negative,calibration,True,True,True,True,4b5cea7b5eaad3cca48ae4312c4cd3190519bbe7b9cb9984ca524950d21502b4,e3b0c44298fc1c149afbf4c8996fb92427ae41e4649b934ca495991b7852b855,reader_responses/static_fresh/replicate_0/fold_0/calibration/e3b0c44298fc1c149afbf4c8996fb92427ae41e4649b934ca495991b7852b855/8407d16a8795ef9788680c23.json
84bec25f87ea1aa8ef4cedc1,negative,calibration,True,True,True,True,4b5cea7b5eaad3cca48ae4312c4cd3190519bbe7b9cb9984ca524950d21502b4,e3b0c44298fc1c149afbf4c8996fb92427ae41e4649b934ca495991b7852b855,reader_responses/static_fresh/replicate_0/fold_0/calibration/e3b0c44298fc1c149afbf4c8996fb92427ae41e4649b934ca495991b7852b855/84bec25f87ea1aa8ef4cedc1.json
8900eebfee40fc04681ffa20,positive,calibration,True,True,True,True,4b5cea7b5eaad3cca48ae4312c4cd3190519bbe7b9cb9984ca524950d21502b4,e3b0c44298fc1c149afbf4c8996fb92427ae41e4649b934ca495991b7852b855,reader_responses/static_fresh/replicate_0/fold_0/calibration/e3b0c44298fc1c149afbf4c8996fb92427ae41e4649b934ca495991b7852b855/8900eebfee40fc04681ffa20.json
8a6d93fdbdfda5c1713647b9,negative,calibration,True,True,True,True,4b5cea7b5eaad3cca48ae4312c4cd3190519bbe7b9cb9984ca524950d21502b4,e3b0c44298fc1c149afbf4c8996fb92427ae41e4649b934ca495991b7852b855,reader_responses/static_fresh/replicate_0/fold_0/calibration/e3b0c44298fc1c149afbf4c8996fb92427ae41e4649b934ca495991b7852b855/8a6d93fdbdfda5c1713647b9.json
8c42d6e5fe0b1d9ce2c317d6,unclear,calibration,True,True,True,True,4b5cea7b5eaad3cca48ae4312c4cd3190519bbe7b9cb9984ca524950d21502b4,e3b0c44298fc1c149afbf4c8996fb92427ae41e4649b934ca495991b7852b855,reader_responses/static_fresh/replicate_0/fold_0/calibration/e3b0c44298fc1c149afbf4c8996fb92427ae41e4649b934ca495991b7852b855/8c42d6e5fe0b1d9ce2c317d6.json
8f0e8eadcfa2512f7214f1bc,positive,calibration,True,True,True,True,4b5cea7b5eaad3cca48ae4312c4cd3190519bbe7b9cb9984ca524950d21502b4,e3b0c44298fc1c149afbf4c8996fb92427ae41e4649b934ca495991b7852b855,reader_responses/static_fresh/replicate_0/fold_0/calibration/e3b0c44298fc1c149afbf4c8996fb92427ae41e4649b934ca495991b7852b855/8f0e8eadcfa2512f7214f1bc.json
8fd1c86a253a06b0b500021f,unclear,calibration,True,True,True,True,4b5cea7b5eaad3cca48ae4312c4cd3190519bbe7b9cb9984ca524950d21502b4,e3b0c44298fc1c149afbf4c8996fb92427ae41e4649b934ca495991b7852b855,reader_responses/static_fresh/replicate_0/fold_0/calibration/e3b0c44298fc1c149afbf4c8996fb92427ae41e4649b934ca495991b7852b855/8fd1c86a253a06b0b500021f.json
909379e64ffc9266623e2627,negative,calibration,True,True,True,True,4b5cea7b5eaad3cca48ae4312c4cd3190519bbe7b9cb9984ca524950d21502b4,e3b0c44298fc1c149afbf4c8996fb92427ae41e4649b934ca495991b7852b855,reader_responses/static_fresh/replicate_0/fold_0/calibration/e3b0c44298fc1c149afbf4c8996fb92427ae41e4649b934ca495991b7852b855/909379e64ffc9266623e2627.json
936ba52a3d9a02dda93212cf,negative,calibration,True,True,True,True,4b5cea7b5eaad3cca48ae4312c4cd3190519bbe7b9cb9984ca524950d21502b4,e3b0c44298fc1c149afbf4c8996fb92427ae41e4649b934ca495991b7852b855,reader_responses/static_fresh/replicate_0/fold_0/calibration/e3b0c44298fc1c149afbf4c8996fb92427ae41e4649b934ca495991b7852b855/936ba52a3d9a02dda93212cf.json
93cf1000791925a3acbf2429,negative,calibration,True,True,True,True,4b5cea7b5eaad3cca48ae4312c4cd3190519bbe7b9cb9984ca524950d21502b4,e3b0c44298fc1c149afbf4c8996fb92427ae41e4649b934ca495991b7852b855,reader_responses/static_fresh/replicate_0/fold_0/calibration/e3b0c44298fc1c149afbf4c8996fb92427ae41e4649b934ca495991b7852b855/93cf1000791925a3acbf2429.json
9553e4d2e0c70cee1d5cbfb7,unclear,calibration,True,True,True,True,4b5cea7b5eaad3cca48ae4312c4cd3190519bbe7b9cb9984ca524950d21502b4,e3b0c44298fc1c149afbf4c8996fb92427ae41e4649b934ca495991b7852b855,reader_responses/static_fresh/replicate_0/fold_0/calibration/e3b0c44298fc1c149afbf4c8996fb92427ae41e4649b934ca495991b7852b855/9553e4d2e0c70cee1d5cbfb7.json
95f848269a52ca91603a75a3,negative,calibration,True,True,True,True,4b5cea7b5eaad3cca48ae4312c4cd3190519bbe7b9cb9984ca524950d21502b4,e3b0c44298fc1c149afbf4c8996fb92427ae41e4649b934ca495991b7852b855,reader_responses/static_fresh/replicate_0/fold_0/calibration/e3b0c44298fc1c149afbf4c8996fb92427ae41e4649b934ca495991b7852b855/95f848269a52ca91603a75a3.json
9829e985999e07ffe11e7094,positive,calibration,True,True,True,True,4b5cea7b5eaad3cca48ae4312c4cd3190519bbe7b9cb9984ca524950d21502b4,e3b0c44298fc1c149afbf4c8996fb92427ae41e4649b934ca495991b7852b855,reader_responses/static_fresh/replicate_0/fold_0/calibration/e3b0c44298fc1c149afbf4c8996fb92427ae41e4649b934ca495991b7852b855/9829e985999e07ffe11e7094.json
985b4be173900e248db6911a,hypothetical,calibration,True,True,True,True,4b5cea7b5eaad3cca48ae4312c4cd3190519bbe7b9cb9984ca524950d21502b4,e3b0c44298fc1c149afbf4c8996fb92427ae41e4649b934ca495991b7852b855,reader_responses/static_fresh/replicate_0/fold_0/calibration/e3b0c44298fc1c149afbf4c8996fb92427ae41e4649b934ca495991b7852b855/985b4be173900e248db6911a.json
9896262b9c1e1a717d78760d,unclear,calibration,True,True,True,True,4b5cea7b5eaad3cca48ae4312c4cd3190519bbe7b9cb9984ca524950d21502b4,e3b0c44298fc1c149afbf4c8996fb92427ae41e4649b934ca495991b7852b855,reader_responses/static_fresh/replicate_0/fold_0/calibration/e3b0c44298fc1c149afbf4c8996fb92427ae41e4649b934ca495991b7852b855/9896262b9c1e1a717d78760d.json
98c881b150b281c428147caa,hypothetical,calibration,True,True,True,True,4b5cea7b5eaad3cca48ae4312c4cd3190519bbe7b9cb9984ca524950d21502b4,e3b0c44298fc1c149afbf4c8996fb92427ae41e4649b934ca495991b7852b855,reader_responses/static_fresh/replicate_0/fold_0/calibration/e3b0c44298fc1c149afbf4c8996fb92427ae41e4649b934ca495991b7852b855/98c881b150b281c428147caa.json
98ccd59d804c2088668b5cf4,positive,calibration,True,True,True,True,4b5cea7b5eaad3cca48ae4312c4cd3190519bbe7b9cb9984ca524950d21502b4,e3b0c44298fc1c149afbf4c8996fb92427ae41e4649b934ca495991b7852b855,reader_responses/static_fresh/replicate_0/fold_0/calibration/e3b0c44298fc1c149afbf4c8996fb92427ae41e4649b934ca495991b7852b855/98ccd59d804c2088668b5cf4.json
9adbcbb954a0d674a9efecd4,negative,calibration,True,True,True,True,4b5cea7b5eaad3cca48ae4312c4cd3190519bbe7b9cb9984ca524950d21502b4,e3b0c44298fc1c149afbf4c8996fb92427ae41e4649b934ca495991b7852b855,reader_responses/static_fresh/replicate_0/fold_0/calibration/e3b0c44298fc1c149afbf4c8996fb92427ae41e4649b934ca495991b7852b855/9adbcbb954a0d674a9efecd4.json
9b8c6011b5ad3ccd706d3a48,negative,calibration,True,True,True,True,4b5cea7b5eaad3cca48ae4312c4cd3190519bbe7b9cb9984ca524950d21502b4,e3b0c44298fc1c149afbf4c8996fb92427ae41e4649b934ca495991b7852b855,reader_responses/static_fresh/replicate_0/fold_0/calibration/e3b0c44298fc1c149afbf4c8996fb92427ae41e4649b934ca495991b7852b855/9b8c6011b5ad3ccd706d3a48.json
9c2cdab5b96a179d6f1c2bce,positive,calibration,True,True,True,True,4b5cea7b5eaad3cca48ae4312c4cd3190519bbe7b9cb9984ca524950d21502b4,e3b0c44298fc1c149afbf4c8996fb92427ae41e4649b934ca495991b7852b855,reader_responses/static_fresh/replicate_0/fold_0/calibration/e3b0c44298fc1c149afbf4c8996fb92427ae41e4649b934ca495991b7852b855/9c2cdab5b96a179d6f1c2bce.json
9dc55fc2caeabaa98f21bffe,unclear,calibration,True,True,True,True,4b5cea7b5eaad3cca48ae4312c4cd3190519bbe7b9cb9984ca524950d21502b4,e3b0c44298fc1c149afbf4c8996fb92427ae41e4649b934ca495991b7852b855,reader_responses/static_fresh/replicate_0/fold_0/calibration/e3b0c44298fc1c149afbf4c8996fb92427ae41e4649b934ca495991b7852b855/9dc55fc2caeabaa98f21bffe.json
9f4927484d7479d6c2ccc70a,positive,calibration,True,True,True,True,4b5cea7b5eaad3cca48ae4312c4cd3190519bbe7b9cb9984ca524950d21502b4,e3b0c44298fc1c149afbf4c8996fb92427ae41e4649b934ca495991b7852b855,reader_responses/static_fresh/replicate_0/fold_0/calibration/e3b0c44298fc1c149afbf4c8996fb92427ae41e4649b934ca495991b7852b855/9f4927484d7479d6c2ccc70a.json
9fb407ddae7ca33763baca37,positive,calibration,True,True,True,True,4b5cea7b5eaad3cca48ae4312c4cd3190519bbe7b9cb9984ca524950d21502b4,e3b0c44298fc1c149afbf4c8996fb92427ae41e4649b934ca495991b7852b855,reader_responses/static_fresh/replicate_0/fold_0/calibration/e3b0c44298fc1c149afbf4c8996fb92427ae41e4649b934ca495991b7852b855/9fb407ddae7ca33763baca37.json
9fbadbc4f179f2023c3e4fb6,negative,calibration,True,True,True,True,4b5cea7b5eaad3cca48ae4312c4cd3190519bbe7b9cb9984ca524950d21502b4,e3b0c44298fc1c149afbf4c8996fb92427ae41e4649b934ca495991b7852b855,reader_responses/static_fresh/replicate_0/fold_0/calibration/e3b0c44298fc1c149afbf4c8996fb92427ae41e4649b934ca495991b7852b855/9fbadbc4f179f2023c3e4fb6.json
a0f2c4a9b1be00b26ef4fee1,negative,calibration,True,True,True,True,4b5cea7b5eaad3cca48ae4312c4cd3190519bbe7b9cb9984ca524950d21502b4,e3b0c44298fc1c149afbf4c8996fb92427ae41e4649b934ca495991b7852b855,reader_responses/static_fresh/replicate_0/fold_0/calibration/e3b0c44298fc1c149afbf4c8996fb92427ae41e4649b934ca495991b7852b855/a0f2c4a9b1be00b26ef4fee1.json
a175224905131987b2d606fd,negative,calibration,True,True,True,True,4b5cea7b5eaad3cca48ae4312c4cd3190519bbe7b9cb9984ca524950d21502b4,e3b0c44298fc1c149afbf4c8996fb92427ae41e4649b934ca495991b7852b855,reader_responses/static_fresh/replicate_0/fold_0/calibration/e3b0c44298fc1c149afbf4c8996fb92427ae41e4649b934ca495991b7852b855/a175224905131987b2d606fd.json
a299b175f5c951ed399389e8,negative,calibration,True,True,True,True,4b5cea7b5eaad3cca48ae4312c4cd3190519bbe7b9cb9984ca524950d21502b4,e3b0c44298fc1c149afbf4c8996fb92427ae41e4649b934ca495991b7852b855,reader_responses/static_fresh/replicate_0/fold_0/calibration/e3b0c44298fc1c149afbf4c8996fb92427ae41e4649b934ca495991b7852b855/a299b175f5c951ed399389e8.json
a58e64c50fd25a3ea05ce201,positive,calibration,True,True,True,True,4b5cea7b5eaad3cca48ae4312c4cd3190519bbe7b9cb9984ca524950d21502b4,e3b0c44298fc1c149afbf4c8996fb92427ae41e4649b934ca495991b7852b855,reader_responses/static_fresh/replicate_0/fold_0/calibration/e3b0c44298fc1c149afbf4c8996fb92427ae41e4649b934ca495991b7852b855/a58e64c50fd25a3ea05ce201.json
a71adbbb13f4bd2d4a7cea34,hypothetical,calibration,True,True,True,True,4b5cea7b5eaad3cca48ae4312c4cd3190519bbe7b9cb9984ca524950d21502b4,e3b0c44298fc1c149afbf4c8996fb92427ae41e4649b934ca495991b7852b855,reader_responses/static_fresh/replicate_0/fold_0/calibration/e3b0c44298fc1c149afbf4c8996fb92427ae41e4649b934ca495991b7852b855/a71adbbb13f4bd2d4a7cea34.json
a74b39efeb2c26077dcdd07f,negative,calibration,True,True,True,True,4b5cea7b5eaad3cca48ae4312c4cd3190519bbe7b9cb9984ca524950d21502b4,e3b0c44298fc1c149afbf4c8996fb92427ae41e4649b934ca495991b7852b855,reader_responses/static_fresh/replicate_0/fold_0/calibration/e3b0c44298fc1c149afbf4c8996fb92427ae41e4649b934ca495991b7852b855/a74b39efeb2c26077dcdd07f.json
a7d7eb8afe8f36469538330c,negative,calibration,True,True,True,True,4b5cea7b5eaad3cca48ae4312c4cd3190519bbe7b9cb9984ca524950d21502b4,e3b0c44298fc1c149afbf4c8996fb92427ae41e4649b934ca495991b7852b855,reader_responses/static_fresh/replicate_0/fold_0/calibration/e3b0c44298fc1c149afbf4c8996fb92427ae41e4649b934ca495991b7852b855/a7d7eb8afe8f36469538330c.json
a921de199631925d015ae766,positive,calibration,True,True,True,True,4b5cea7b5eaad3cca48ae4312c4cd3190519bbe7b9cb9984ca524950d21502b4,e3b0c44298fc1c149afbf4c8996fb92427ae41e4649b934ca495991b7852b855,reader_responses/static_fresh/replicate_0/fold_0/calibration/e3b0c44298fc1c149afbf4c8996fb92427ae41e4649b934ca495991b7852b855/a921de199631925d015ae766.json
a92f19ad3c5643216483a006,negative,calibration,True,True,True,True,4b5cea7b5eaad3cca48ae4312c4cd3190519bbe7b9cb9984ca524950d21502b4,e3b0c44298fc1c149afbf4c8996fb92427ae41e4649b934ca495991b7852b855,reader_responses/static_fresh/replicate_0/fold_0/calibration/e3b0c44298fc1c149afbf4c8996fb92427ae41e4649b934ca495991b7852b855/a92f19ad3c5643216483a006.json
a9c51930144791a0ca0544bb,positive,calibration,True,True,True,True,4b5cea7b5eaad3cca48ae4312c4cd3190519bbe7b9cb9984ca524950d21502b4,e3b0c44298fc1c149afbf4c8996fb92427ae41e4649b934ca495991b7852b855,reader_responses/static_fresh/replicate_0/fold_0/calibration/e3b0c44298fc1c149afbf4c8996fb92427ae41e4649b934ca495991b7852b855/a9c51930144791a0ca0544bb.json
aa0ae74ff85e5e6a78ad91df,unclear,calibration,True,True,True,True,4b5cea7b5eaad3cca48ae4312c4cd3190519bbe7b9cb9984ca524950d21502b4,e3b0c44298fc1c149afbf4c8996fb92427ae41e4649b934ca495991b7852b855,reader_responses/static_fresh/replicate_0/fold_0/calibration/e3b0c44298fc1c149afbf4c8996fb92427ae41e4649b934ca495991b7852b855/aa0ae74ff85e5e6a78ad91df.json
ac03a8bca6adcbb3b636f283,positive,calibration,True,True,True,True,4b5cea7b5eaad3cca48ae4312c4cd3190519bbe7b9cb9984ca524950d21502b4,e3b0c44298fc1c149afbf4c8996fb92427ae41e4649b934ca495991b7852b855,reader_responses/static_fresh/replicate_0/fold_0/calibration/e3b0c44298fc1c149afbf4c8996fb92427ae41e4649b934ca495991b7852b855/ac03a8bca6adcbb3b636f283.json
adf1cdc89b48336c8658c261,positive,calibration,True,True,True,True,4b5cea7b5eaad3cca48ae4312c4cd3190519bbe7b9cb9984ca524950d21502b4,e3b0c44298fc1c149afbf4c8996fb92427ae41e4649b934ca495991b7852b855,reader_responses/static_fresh/replicate_0/fold_0/calibration/e3b0c44298fc1c149afbf4c8996fb92427ae41e4649b934ca495991b7852b855/adf1cdc89b48336c8658c261.json
ae066c1a717e18a3491a4f8e,positive,calibration,True,True,True,True,4b5cea7b5eaad3cca48ae4312c4cd3190519bbe7b9cb9984ca524950d21502b4,e3b0c44298fc1c149afbf4c8996fb92427ae41e4649b934ca495991b7852b855,reader_responses/static_fresh/replicate_0/fold_0/calibration/e3b0c44298fc1c149afbf4c8996fb92427ae41e4649b934ca495991b7852b855/ae066c1a717e18a3491a4f8e.json
af5b38f99e3f1bc732413519,negative,calibration,True,True,True,True,4b5cea7b5eaad3cca48ae4312c4cd3190519bbe7b9cb9984ca524950d21502b4,e3b0c44298fc1c149afbf4c8996fb92427ae41e4649b934ca495991b7852b855,reader_responses/static_fresh/replicate_0/fold_0/calibration/e3b0c44298fc1c149afbf4c8996fb92427ae41e4649b934ca495991b7852b855/af5b38f99e3f1bc732413519.json
afd521c25a9e3f5c505f907d,unclear,calibration,True,True,True,True,4b5cea7b5eaad3cca48ae4312c4cd3190519bbe7b9cb9984ca524950d21502b4,e3b0c44298fc1c149afbf4c8996fb92427ae41e4649b934ca495991b7852b855,reader_responses/static_fresh/replicate_0/fold_0/calibration/e3b0c44298fc1c149afbf4c8996fb92427ae41e4649b934ca495991b7852b855/afd521c25a9e3f5c505f907d.json
b01df1a9c72de3c7a14e784f,positive,calibration,True,True,True,True,4b5cea7b5eaad3cca48ae4312c4cd3190519bbe7b9cb9984ca524950d21502b4,e3b0c44298fc1c149afbf4c8996fb92427ae41e4649b934ca495991b7852b855,reader_responses/static_fresh/replicate_0/fold_0/calibration/e3b0c44298fc1c149afbf4c8996fb92427ae41e4649b934ca495991b7852b855/b01df1a9c72de3c7a14e784f.json
b07970a247f8a1ec960ca94a,unclear,calibration,True,True,True,True,4b5cea7b5eaad3cca48ae4312c4cd3190519bbe7b9cb9984ca524950d21502b4,e3b0c44298fc1c149afbf4c8996fb92427ae41e4649b934ca495991b7852b855,reader_responses/static_fresh/replicate_0/fold_0/calibration/e3b0c44298fc1c149afbf4c8996fb92427ae41e4649b934ca495991b7852b855/b07970a247f8a1ec960ca94a.json
b2520fb09f1525e0e7ac8daf,negative,calibration,True,True,True,True,4b5cea7b5eaad3cca48ae4312c4cd3190519bbe7b9cb9984ca524950d21502b4,e3b0c44298fc1c149afbf4c8996fb92427ae41e4649b934ca495991b7852b855,reader_responses/static_fresh/replicate_0/fold_0/calibration/e3b0c44298fc1c149afbf4c8996fb92427ae41e4649b934ca495991b7852b855/b2520fb09f1525e0e7ac8daf.json
b289c57b70444f338cd1d6a3,unclear,calibration,True,True,True,True,4b5cea7b5eaad3cca48ae4312c4cd3190519bbe7b9cb9984ca524950d21502b4,e3b0c44298fc1c149afbf4c8996fb92427ae41e4649b934ca495991b7852b855,reader_responses/static_fresh/replicate_0/fold_0/calibration/e3b0c44298fc1c149afbf4c8996fb92427ae41e4649b934ca495991b7852b855/b289c57b70444f338cd1d6a3.json
b3d57224cefb72838d02953c,positive,calibration,True,True,True,True,4b5cea7b5eaad3cca48ae4312c4cd3190519bbe7b9cb9984ca524950d21502b4,e3b0c44298fc1c149afbf4c8996fb92427ae41e4649b934ca495991b7852b855,reader_responses/static_fresh/replicate_0/fold_0/calibration/e3b0c44298fc1c149afbf4c8996fb92427ae41e4649b934ca495991b7852b855/b3d57224cefb72838d02953c.json
b4387940a0d75d4aa70116cd,neutral,calibration,True,True,True,True,4b5cea7b5eaad3cca48ae4312c4cd3190519bbe7b9cb9984ca524950d21502b4,e3b0c44298fc1c149afbf4c8996fb92427ae41e4649b934ca495991b7852b855,reader_responses/static_fresh/replicate_0/fold_0/calibration/e3b0c44298fc1c149afbf4c8996fb92427ae41e4649b934ca495991b7852b855/b4387940a0d75d4aa70116cd.json
b5a9dc9ca0f05da10f5c7b2d,positive,calibration,True,True,True,True,4b5cea7b5eaad3cca48ae4312c4cd3190519bbe7b9cb9984ca524950d21502b4,e3b0c44298fc1c149afbf4c8996fb92427ae41e4649b934ca495991b7852b855,reader_responses/static_fresh/replicate_0/fold_0/calibration/e3b0c44298fc1c149afbf4c8996fb92427ae41e4649b934ca495991b7852b855/b5a9dc9ca0f05da10f5c7b2d.json
b5d6317b33e7e606ed639607,negative,calibration,True,True,True,True,4b5cea7b5eaad3cca48ae4312c4cd3190519bbe7b9cb9984ca524950d21502b4,e3b0c44298fc1c149afbf4c8996fb92427ae41e4649b934ca495991b7852b855,reader_responses/static_fresh/replicate_0/fold_0/calibration/e3b0c44298fc1c149afbf4c8996fb92427ae41e4649b934ca495991b7852b855/b5d6317b33e7e606ed639607.json
b5fe6436478389835893a278,negative,calibration,True,True,True,True,4b5cea7b5eaad3cca48ae4312c4cd3190519bbe7b9cb9984ca524950d21502b4,e3b0c44298fc1c149afbf4c8996fb92427ae41e4649b934ca495991b7852b855,reader_responses/static_fresh/replicate_0/fold_0/calibration/e3b0c44298fc1c149afbf4c8996fb92427ae41e4649b934ca495991b7852b855/b5fe6436478389835893a278.json
b609b226bc6329d92cee33c2,hypothetical,calibration,True,True,True,True,4b5cea7b5eaad3cca48ae4312c4cd3190519bbe7b9cb9984ca524950d21502b4,e3b0c44298fc1c149afbf4c8996fb92427ae41e4649b934ca495991b7852b855,reader_responses/static_fresh/replicate_0/fold_0/calibration/e3b0c44298fc1c149afbf4c8996fb92427ae41e4649b934ca495991b7852b855/b609b226bc6329d92cee33c2.json
b71d4b4ba0d3813f225e53b8,positive,calibration,True,True,True,True,4b5cea7b5eaad3cca48ae4312c4cd3190519bbe7b9cb9984ca524950d21502b4,e3b0c44298fc1c149afbf4c8996fb92427ae41e4649b934ca495991b7852b855,reader_responses/static_fresh/replicate_0/fold_0/calibration/e3b0c44298fc1c149afbf4c8996fb92427ae41e4649b934ca495991b7852b855/b71d4b4ba0d3813f225e53b8.json
b79d4356b3081b29728e6134,neutral,calibration,True,True,True,True,4b5cea7b5eaad3cca48ae4312c4cd3190519bbe7b9cb9984ca524950d21502b4,e3b0c44298fc1c149afbf4c8996fb92427ae41e4649b934ca495991b7852b855,reader_responses/static_fresh/replicate_0/fold_0/calibration/e3b0c44298fc1c149afbf4c8996fb92427ae41e4649b934ca495991b7852b855/b79d4356b3081b29728e6134.json
b84df2cacf07e3ce03a85c1f,negative,calibration,True,True,True,True,4b5cea7b5eaad3cca48ae4312c4cd3190519bbe7b9cb9984ca524950d21502b4,e3b0c44298fc1c149afbf4c8996fb92427ae41e4649b934ca495991b7852b855,reader_responses/static_fresh/replicate_0/fold_0/calibration/e3b0c44298fc1c149afbf4c8996fb92427ae41e4649b934ca495991b7852b855/b84df2cacf07e3ce03a85c1f.json
b9be646569961ce16b29426c,positive,calibration,True,True,True,True,4b5cea7b5eaad3cca48ae4312c4cd3190519bbe7b9cb9984ca524950d21502b4,e3b0c44298fc1c149afbf4c8996fb92427ae41e4649b934ca495991b7852b855,reader_responses/static_fresh/replicate_0/fold_0/calibration/e3b0c44298fc1c149afbf4c8996fb92427ae41e4649b934ca495991b7852b855/b9be646569961ce16b29426c.json
bada0cb89fce5b58e41ea1d4,positive,calibration,True,True,True,True,4b5cea7b5eaad3cca48ae4312c4cd3190519bbe7b9cb9984ca524950d21502b4,e3b0c44298fc1c149afbf4c8996fb92427ae41e4649b934ca495991b7852b855,reader_responses/static_fresh/replicate_0/fold_0/calibration/e3b0c44298fc1c149afbf4c8996fb92427ae41e4649b934ca495991b7852b855/bada0cb89fce5b58e41ea1d4.json
bcd5a3dc65ea18fc25608957,hypothetical,calibration,True,True,True,True,4b5cea7b5eaad3cca48ae4312c4cd3190519bbe7b9cb9984ca524950d21502b4,e3b0c44298fc1c149afbf4c8996fb92427ae41e4649b934ca495991b7852b855,reader_responses/static_fresh/replicate_0/fold_0/calibration/e3b0c44298fc1c149afbf4c8996fb92427ae41e4649b934ca495991b7852b855/bcd5a3dc65ea18fc25608957.json
bd07d874c5142e230f06c8ed,positive,calibration,True,True,True,True,4b5cea7b5eaad3cca48ae4312c4cd3190519bbe7b9cb9984ca524950d21502b4,e3b0c44298fc1c149afbf4c8996fb92427ae41e4649b934ca495991b7852b855,reader_responses/static_fresh/replicate_0/fold_0/calibration/e3b0c44298fc1c149afbf4c8996fb92427ae41e4649b934ca495991b7852b855/bd07d874c5142e230f06c8ed.json
bedf1791485e07ecf53c64d7,positive,calibration,True,True,True,True,4b5cea7b5eaad3cca48ae4312c4cd3190519bbe7b9cb9984ca524950d21502b4,e3b0c44298fc1c149afbf4c8996fb92427ae41e4649b934ca495991b7852b855,reader_responses/static_fresh/replicate_0/fold_0/calibration/e3b0c44298fc1c149afbf4c8996fb92427ae41e4649b934ca495991b7852b855/bedf1791485e07ecf53c64d7.json
bf4ad5c6d7aa1ab8831649fb,positive,calibration,True,True,True,True,4b5cea7b5eaad3cca48ae4312c4cd3190519bbe7b9cb9984ca524950d21502b4,e3b0c44298fc1c149afbf4c8996fb92427ae41e4649b934ca495991b7852b855,reader_responses/static_fresh/replicate_0/fold_0/calibration/e3b0c44298fc1c149afbf4c8996fb92427ae41e4649b934ca495991b7852b855/bf4ad5c6d7aa1ab8831649fb.json
c09b561edd6cfb6e7f6d93cf,neutral,calibration,True,True,True,True,4b5cea7b5eaad3cca48ae4312c4cd3190519bbe7b9cb9984ca524950d21502b4,e3b0c44298fc1c149afbf4c8996fb92427ae41e4649b934ca495991b7852b855,reader_responses/static_fresh/replicate_0/fold_0/calibration/e3b0c44298fc1c149afbf4c8996fb92427ae41e4649b934ca495991b7852b855/c09b561edd6cfb6e7f6d93cf.json
c12bc495b3183dc869ab2027,positive,calibration,True,True,True,True,4b5cea7b5eaad3cca48ae4312c4cd3190519bbe7b9cb9984ca524950d21502b4,e3b0c44298fc1c149afbf4c8996fb92427ae41e4649b934ca495991b7852b855,reader_responses/static_fresh/replicate_0/fold_0/calibration/e3b0c44298fc1c149afbf4c8996fb92427ae41e4649b934ca495991b7852b855/c12bc495b3183dc869ab2027.json
c2ca950c1657fcaa338f9e3c,positive,calibration,True,True,True,True,4b5cea7b5eaad3cca48ae4312c4cd3190519bbe7b9cb9984ca524950d21502b4,e3b0c44298fc1c149afbf4c8996fb92427ae41e4649b934ca495991b7852b855,reader_responses/static_fresh/replicate_0/fold_0/calibration/e3b0c44298fc1c149afbf4c8996fb92427ae41e4649b934ca495991b7852b855/c2ca950c1657fcaa338f9e3c.json
c2f5e1a72bb6c0dc01e2b2dc,negative,calibration,True,True,True,True,4b5cea7b5eaad3cca48ae4312c4cd3190519bbe7b9cb9984ca524950d21502b4,e3b0c44298fc1c149afbf4c8996fb92427ae41e4649b934ca495991b7852b855,reader_responses/static_fresh/replicate_0/fold_0/calibration/e3b0c44298fc1c149afbf4c8996fb92427ae41e4649b934ca495991b7852b855/c2f5e1a72bb6c0dc01e2b2dc.json
c332ed06d7215f97c356dde1,positive,calibration,True,True,True,True,4b5cea7b5eaad3cca48ae4312c4cd3190519bbe7b9cb9984ca524950d21502b4,e3b0c44298fc1c149afbf4c8996fb92427ae41e4649b934ca495991b7852b855,reader_responses/static_fresh/replicate_0/fold_0/calibration/e3b0c44298fc1c149afbf4c8996fb92427ae41e4649b934ca495991b7852b855/c332ed06d7215f97c356dde1.json
c351cf3d26a252f80bbed228,positive,calibration,True,True,True,True,4b5cea7b5eaad3cca48ae4312c4cd3190519bbe7b9cb9984ca524950d21502b4,e3b0c44298fc1c149afbf4c8996fb92427ae41e4649b934ca495991b7852b855,reader_responses/static_fresh/replicate_0/fold_0/calibration/e3b0c44298fc1c149afbf4c8996fb92427ae41e4649b934ca495991b7852b855/c351cf3d26a252f80bbed228.json
c444d24eb3ef34060f636ef3,neutral,calibration,True,True,True,True,4b5cea7b5eaad3cca48ae4312c4cd3190519bbe7b9cb9984ca524950d21502b4,e3b0c44298fc1c149afbf4c8996fb92427ae41e4649b934ca495991b7852b855,reader_responses/static_fresh/replicate_0/fold_0/calibration/e3b0c44298fc1c149afbf4c8996fb92427ae41e4649b934ca495991b7852b855/c444d24eb3ef34060f636ef3.json
c53a9249ca41ec12e7a9ead2,positive,calibration,True,True,True,True,4b5cea7b5eaad3cca48ae4312c4cd3190519bbe7b9cb9984ca524950d21502b4,e3b0c44298fc1c149afbf4c8996fb92427ae41e4649b934ca495991b7852b855,reader_responses/static_fresh/replicate_0/fold_0/calibration/e3b0c44298fc1c149afbf4c8996fb92427ae41e4649b934ca495991b7852b855/c53a9249ca41ec12e7a9ead2.json
c6739000ae115ae5dd124c02,hypothetical,calibration,True,True,True,True,4b5cea7b5eaad3cca48ae4312c4cd3190519bbe7b9cb9984ca524950d21502b4,e3b0c44298fc1c149afbf4c8996fb92427ae41e4649b934ca495991b7852b855,reader_responses/static_fresh/replicate_0/fold_0/calibration/e3b0c44298fc1c149afbf4c8996fb92427ae41e4649b934ca495991b7852b855/c6739000ae115ae5dd124c02.json
c6985a4261e1067891598060,positive,calibration,True,True,True,True,4b5cea7b5eaad3cca48ae4312c4cd3190519bbe7b9cb9984ca524950d21502b4,e3b0c44298fc1c149afbf4c8996fb92427ae41e4649b934ca495991b7852b855,reader_responses/static_fresh/replicate_0/fold_0/calibration/e3b0c44298fc1c149afbf4c8996fb92427ae41e4649b934ca495991b7852b855/c6985a4261e1067891598060.json
c86675a382154af605276615,positive,calibration,True,True,True,True,4b5cea7b5eaad3cca48ae4312c4cd3190519bbe7b9cb9984ca524950d21502b4,e3b0c44298fc1c149afbf4c8996fb92427ae41e4649b934ca495991b7852b855,reader_responses/static_fresh/replicate_0/fold_0/calibration/e3b0c44298fc1c149afbf4c8996fb92427ae41e4649b934ca495991b7852b855/c86675a382154af605276615.json
c93f6ea0b5af43f1dadfd521,negative,calibration,True,True,True,True,4b5cea7b5eaad3cca48ae4312c4cd3190519bbe7b9cb9984ca524950d21502b4,e3b0c44298fc1c149afbf4c8996fb92427ae41e4649b934ca495991b7852b855,reader_responses/static_fresh/replicate_0/fold_0/calibration/e3b0c44298fc1c149afbf4c8996fb92427ae41e4649b934ca495991b7852b855/c93f6ea0b5af43f1dadfd521.json
c9ec3d9a879318578d9bdbad,negative,calibration,True,True,True,True,4b5cea7b5eaad3cca48ae4312c4cd3190519bbe7b9cb9984ca524950d21502b4,e3b0c44298fc1c149afbf4c8996fb92427ae41e4649b934ca495991b7852b855,reader_responses/static_fresh/replicate_0/fold_0/calibration/e3b0c44298fc1c149afbf4c8996fb92427ae41e4649b934ca495991b7852b855/c9ec3d9a879318578d9bdbad.json
cc6f75d1120a843765d06308,unclear,calibration,True,True,True,True,4b5cea7b5eaad3cca48ae4312c4cd3190519bbe7b9cb9984ca524950d21502b4,e3b0c44298fc1c149afbf4c8996fb92427ae41e4649b934ca495991b7852b855,reader_responses/static_fresh/replicate_0/fold_0/calibration/e3b0c44298fc1c149afbf4c8996fb92427ae41e4649b934ca495991b7852b855/cc6f75d1120a843765d06308.json
cce3ffd9bd25923c4ea7c4e9,negative,calibration,True,True,True,True,4b5cea7b5eaad3cca48ae4312c4cd3190519bbe7b9cb9984ca524950d21502b4,e3b0c44298fc1c149afbf4c8996fb92427ae41e4649b934ca495991b7852b855,reader_responses/static_fresh/replicate_0/fold_0/calibration/e3b0c44298fc1c149afbf4c8996fb92427ae41e4649b934ca495991b7852b855/cce3ffd9bd25923c4ea7c4e9.json
cdc1440b16bc682dd08114aa,unclear,calibration,True,True,True,True,4b5cea7b5eaad3cca48ae4312c4cd3190519bbe7b9cb9984ca524950d21502b4,e3b0c44298fc1c149afbf4c8996fb92427ae41e4649b934ca495991b7852b855,reader_responses/static_fresh/replicate_0/fold_0/calibration/e3b0c44298fc1c149afbf4c8996fb92427ae41e4649b934ca495991b7852b855/cdc1440b16bc682dd08114aa.json
ce0ae53972d360119a010cb3,negative,calibration,True,True,True,True,4b5cea7b5eaad3cca48ae4312c4cd3190519bbe7b9cb9984ca524950d21502b4,e3b0c44298fc1c149afbf4c8996fb92427ae41e4649b934ca495991b7852b855,reader_responses/static_fresh/replicate_0/fold_0/calibration/e3b0c44298fc1c149afbf4c8996fb92427ae41e4649b934ca495991b7852b855/ce0ae53972d360119a010cb3.json
ceaf536bc5563b645b94e2aa,unclear,calibration,True,True,True,True,4b5cea7b5eaad3cca48ae4312c4cd3190519bbe7b9cb9984ca524950d21502b4,e3b0c44298fc1c149afbf4c8996fb92427ae41e4649b934ca495991b7852b855,reader_responses/static_fresh/replicate_0/fold_0/calibration/e3b0c44298fc1c149afbf4c8996fb92427ae41e4649b934ca495991b7852b855/ceaf536bc5563b645b94e2aa.json
d0c6460bfb16f14c28f06165,negative,calibration,True,True,True,True,4b5cea7b5eaad3cca48ae4312c4cd3190519bbe7b9cb9984ca524950d21502b4,e3b0c44298fc1c149afbf4c8996fb92427ae41e4649b934ca495991b7852b855,reader_responses/static_fresh/replicate_0/fold_0/calibration/e3b0c44298fc1c149afbf4c8996fb92427ae41e4649b934ca495991b7852b855/d0c6460bfb16f14c28f06165.json
d174442cb85b637bc4b38a14,negative,calibration,True,True,True,True,4b5cea7b5eaad3cca48ae4312c4cd3190519bbe7b9cb9984ca524950d21502b4,e3b0c44298fc1c149afbf4c8996fb92427ae41e4649b934ca495991b7852b855,reader_responses/static_fresh/replicate_0/fold_0/calibration/e3b0c44298fc1c149afbf4c8996fb92427ae41e4649b934ca495991b7852b855/d174442cb85b637bc4b38a14.json
d1bd8eacf145beb0365639dc,positive,calibration,True,True,True,True,4b5cea7b5eaad3cca48ae4312c4cd3190519bbe7b9cb9984ca524950d21502b4,e3b0c44298fc1c149afbf4c8996fb92427ae41e4649b934ca495991b7852b855,reader_responses/static_fresh/replicate_0/fold_0/calibration/e3b0c44298fc1c149afbf4c8996fb92427ae41e4649b934ca495991b7852b855/d1bd8eacf145beb0365639dc.json
d448f6ad7933b4c4ebcff62e,positive,calibration,True,True,True,True,4b5cea7b5eaad3cca48ae4312c4cd3190519bbe7b9cb9984ca524950d21502b4,e3b0c44298fc1c149afbf4c8996fb92427ae41e4649b934ca495991b7852b855,reader_responses/static_fresh/replicate_0/fold_0/calibration/e3b0c44298fc1c149afbf4c8996fb92427ae41e4649b934ca495991b7852b855/d448f6ad7933b4c4ebcff62e.json
d44d5524cb5f376b69377e7d,positive,calibration,True,True,True,True,4b5cea7b5eaad3cca48ae4312c4cd3190519bbe7b9cb9984ca524950d21502b4,e3b0c44298fc1c149afbf4c8996fb92427ae41e4649b934ca495991b7852b855,reader_responses/static_fresh/replicate_0/fold_0/calibration/e3b0c44298fc1c149afbf4c8996fb92427ae41e4649b934ca495991b7852b855/d44d5524cb5f376b69377e7d.json
d493232208eb65b96b76a5c4,positive,calibration,True,True,True,True,4b5cea7b5eaad3cca48ae4312c4cd3190519bbe7b9cb9984ca524950d21502b4,e3b0c44298fc1c149afbf4c8996fb92427ae41e4649b934ca495991b7852b855,reader_responses/static_fresh/replicate_0/fold_0/calibration/e3b0c44298fc1c149afbf4c8996fb92427ae41e4649b934ca495991b7852b855/d493232208eb65b96b76a5c4.json
d5213dda8b7d5625dcc8f1d4,positive,calibration,True,True,True,True,4b5cea7b5eaad3cca48ae4312c4cd3190519bbe7b9cb9984ca524950d21502b4,e3b0c44298fc1c149afbf4c8996fb92427ae41e4649b934ca495991b7852b855,reader_responses/static_fresh/replicate_0/fold_0/calibration/e3b0c44298fc1c149afbf4c8996fb92427ae41e4649b934ca495991b7852b855/d5213dda8b7d5625dcc8f1d4.json
d5f8714533c0853d6de259b4,negative,calibration,True,True,True,True,4b5cea7b5eaad3cca48ae4312c4cd3190519bbe7b9cb9984ca524950d21502b4,e3b0c44298fc1c149afbf4c8996fb92427ae41e4649b934ca495991b7852b855,reader_responses/static_fresh/replicate_0/fold_0/calibration/e3b0c44298fc1c149afbf4c8996fb92427ae41e4649b934ca495991b7852b855/d5f8714533c0853d6de259b4.json
d60427588ca7868411636a80,unclear,calibration,True,True,True,True,4b5cea7b5eaad3cca48ae4312c4cd3190519bbe7b9cb9984ca524950d21502b4,e3b0c44298fc1c149afbf4c8996fb92427ae41e4649b934ca495991b7852b855,reader_responses/static_fresh/replicate_0/fold_0/calibration/e3b0c44298fc1c149afbf4c8996fb92427ae41e4649b934ca495991b7852b855/d60427588ca7868411636a80.json
d670c2657088cec90c20afca,positive,calibration,True,True,True,True,4b5cea7b5eaad3cca48ae4312c4cd3190519bbe7b9cb9984ca524950d21502b4,e3b0c44298fc1c149afbf4c8996fb92427ae41e4649b934ca495991b7852b855,reader_responses/static_fresh/replicate_0/fold_0/calibration/e3b0c44298fc1c149afbf4c8996fb92427ae41e4649b934ca495991b7852b855/d670c2657088cec90c20afca.json
d8278493fe7187802392942d,positive,calibration,True,True,True,True,4b5cea7b5eaad3cca48ae4312c4cd3190519bbe7b9cb9984ca524950d21502b4,e3b0c44298fc1c149afbf4c8996fb92427ae41e4649b934ca495991b7852b855,reader_responses/static_fresh/replicate_0/fold_0/calibration/e3b0c44298fc1c149afbf4c8996fb92427ae41e4649b934ca495991b7852b855/d8278493fe7187802392942d.json
da730e21a6e70716c334b751,negative,calibration,True,True,True,True,4b5cea7b5eaad3cca48ae4312c4cd3190519bbe7b9cb9984ca524950d21502b4,e3b0c44298fc1c149afbf4c8996fb92427ae41e4649b934ca495991b7852b855,reader_responses/static_fresh/replicate_0/fold_0/calibration/e3b0c44298fc1c149afbf4c8996fb92427ae41e4649b934ca495991b7852b855/da730e21a6e70716c334b751.json
dc2cb28d0e4146b355665cfb,negative,calibration,True,True,True,True,4b5cea7b5eaad3cca48ae4312c4cd3190519bbe7b9cb9984ca524950d21502b4,e3b0c44298fc1c149afbf4c8996fb92427ae41e4649b934ca495991b7852b855,reader_responses/static_fresh/replicate_0/fold_0/calibration/e3b0c44298fc1c149afbf4c8996fb92427ae41e4649b934ca495991b7852b855/dc2cb28d0e4146b355665cfb.json
dcdbdde92d853002bd6ef935,positive,calibration,True,True,True,True,4b5cea7b5eaad3cca48ae4312c4cd3190519bbe7b9cb9984ca524950d21502b4,e3b0c44298fc1c149afbf4c8996fb92427ae41e4649b934ca495991b7852b855,reader_responses/static_fresh/replicate_0/fold_0/calibration/e3b0c44298fc1c149afbf4c8996fb92427ae41e4649b934ca495991b7852b855/dcdbdde92d853002bd6ef935.json
dd0892a055f7aeec8b08676d,negative,calibration,True,True,True,True,4b5cea7b5eaad3cca48ae4312c4cd3190519bbe7b9cb9984ca524950d21502b4,e3b0c44298fc1c149afbf4c8996fb92427ae41e4649b934ca495991b7852b855,reader_responses/static_fresh/replicate_0/fold_0/calibration/e3b0c44298fc1c149afbf4c8996fb92427ae41e4649b934ca495991b7852b855/dd0892a055f7aeec8b08676d.json
ddf0c6b338d9f0d40b27134b,unclear,calibration,True,True,True,True,4b5cea7b5eaad3cca48ae4312c4cd3190519bbe7b9cb9984ca524950d21502b4,e3b0c44298fc1c149afbf4c8996fb92427ae41e4649b934ca495991b7852b855,reader_responses/static_fresh/replicate_0/fold_0/calibration/e3b0c44298fc1c149afbf4c8996fb92427ae41e4649b934ca495991b7852b855/ddf0c6b338d9f0d40b27134b.json
df4abf541372f6c6eaa8b24f,positive,calibration,True,True,True,True,4b5cea7b5eaad3cca48ae4312c4cd3190519bbe7b9cb9984ca524950d21502b4,e3b0c44298fc1c149afbf4c8996fb92427ae41e4649b934ca495991b7852b855,reader_responses/static_fresh/replicate_0/fold_0/calibration/e3b0c44298fc1c149afbf4c8996fb92427ae41e4649b934ca495991b7852b855/df4abf541372f6c6eaa8b24f.json
e1cd05505271e3eb656c7fc8,unclear,calibration,True,True,True,True,4b5cea7b5eaad3cca48ae4312c4cd3190519bbe7b9cb9984ca524950d21502b4,e3b0c44298fc1c149afbf4c8996fb92427ae41e4649b934ca495991b7852b855,reader_responses/static_fresh/replicate_0/fold_0/calibration/e3b0c44298fc1c149afbf4c8996fb92427ae41e4649b934ca495991b7852b855/e1cd05505271e3eb656c7fc8.json
e24a31ff13820ca2699c6295,negative,calibration,True,True,True,True,4b5cea7b5eaad3cca48ae4312c4cd3190519bbe7b9cb9984ca524950d21502b4,e3b0c44298fc1c149afbf4c8996fb92427ae41e4649b934ca495991b7852b855,reader_responses/static_fresh/replicate_0/fold_0/calibration/e3b0c44298fc1c149afbf4c8996fb92427ae41e4649b934ca495991b7852b855/e24a31ff13820ca2699c6295.json
e291392b0960187895c8ba31,negative,calibration,True,True,True,True,4b5cea7b5eaad3cca48ae4312c4cd3190519bbe7b9cb9984ca524950d21502b4,e3b0c44298fc1c149afbf4c8996fb92427ae41e4649b934ca495991b7852b855,reader_responses/static_fresh/replicate_0/fold_0/calibration/e3b0c44298fc1c149afbf4c8996fb92427ae41e4649b934ca495991b7852b855/e291392b0960187895c8ba31.json
e2a15c0cd73595da7ddd84b8,negative,calibration,True,True,True,True,4b5cea7b5eaad3cca48ae4312c4cd3190519bbe7b9cb9984ca524950d21502b4,e3b0c44298fc1c149afbf4c8996fb92427ae41e4649b934ca495991b7852b855,reader_responses/static_fresh/replicate_0/fold_0/calibration/e3b0c44298fc1c149afbf4c8996fb92427ae41e4649b934ca495991b7852b855/e2a15c0cd73595da7ddd84b8.json
e512020f76ffd1fdbb8b6e87,neutral,calibration,True,True,True,True,4b5cea7b5eaad3cca48ae4312c4cd3190519bbe7b9cb9984ca524950d21502b4,e3b0c44298fc1c149afbf4c8996fb92427ae41e4649b934ca495991b7852b855,reader_responses/static_fresh/replicate_0/fold_0/calibration/e3b0c44298fc1c149afbf4c8996fb92427ae41e4649b934ca495991b7852b855/e512020f76ffd1fdbb8b6e87.json
e56ca77eeb88dfc96ebe0815,positive,calibration,True,True,True,True,4b5cea7b5eaad3cca48ae4312c4cd3190519bbe7b9cb9984ca524950d21502b4,e3b0c44298fc1c149afbf4c8996fb92427ae41e4649b934ca495991b7852b855,reader_responses/static_fresh/replicate_0/fold_0/calibration/e3b0c44298fc1c149afbf4c8996fb92427ae41e4649b934ca495991b7852b855/e56ca77eeb88dfc96ebe0815.json
e6a3525fef74370aec004a6f,negative,calibration,True,True,True,True,4b5cea7b5eaad3cca48ae4312c4cd3190519bbe7b9cb9984ca524950d21502b4,e3b0c44298fc1c149afbf4c8996fb92427ae41e4649b934ca495991b7852b855,reader_responses/static_fresh/replicate_0/fold_0/calibration/e3b0c44298fc1c149afbf4c8996fb92427ae41e4649b934ca495991b7852b855/e6a3525fef74370aec004a6f.json
e79df5bca5633a589cd5b5df,positive,calibration,True,True,True,True,4b5cea7b5eaad3cca48ae4312c4cd3190519bbe7b9cb9984ca524950d21502b4,e3b0c44298fc1c149afbf4c8996fb92427ae41e4649b934ca495991b7852b855,reader_responses/static_fresh/replicate_0/fold_0/calibration/e3b0c44298fc1c149afbf4c8996fb92427ae41e4649b934ca495991b7852b855/e79df5bca5633a589cd5b5df.json
eadc8f316840f91d7bb486de,negative,calibration,True,True,True,True,4b5cea7b5eaad3cca48ae4312c4cd3190519bbe7b9cb9984ca524950d21502b4,e3b0c44298fc1c149afbf4c8996fb92427ae41e4649b934ca495991b7852b855,reader_responses/static_fresh/replicate_0/fold_0/calibration/e3b0c44298fc1c149afbf4c8996fb92427ae41e4649b934ca495991b7852b855/eadc8f316840f91d7bb486de.json
ebb5344ad1863ff6b980578d,negative,calibration,True,True,True,True,4b5cea7b5eaad3cca48ae4312c4cd3190519bbe7b9cb9984ca524950d21502b4,e3b0c44298fc1c149afbf4c8996fb92427ae41e4649b934ca495991b7852b855,reader_responses/static_fresh/replicate_0/fold_0/calibration/e3b0c44298fc1c149afbf4c8996fb92427ae41e4649b934ca495991b7852b855/ebb5344ad1863ff6b980578d.json
ed20974cd2b3afe932fda60d,hypothetical,calibration,True,True,True,True,4b5cea7b5eaad3cca48ae4312c4cd3190519bbe7b9cb9984ca524950d21502b4,e3b0c44298fc1c149afbf4c8996fb92427ae41e4649b934ca495991b7852b855,reader_responses/static_fresh/replicate_0/fold_0/calibration/e3b0c44298fc1c149afbf4c8996fb92427ae41e4649b934ca495991b7852b855/ed20974cd2b3afe932fda60d.json
ed2fc3d229d55c8803c31a71,unclear,calibration,True,True,True,True,4b5cea7b5eaad3cca48ae4312c4cd3190519bbe7b9cb9984ca524950d21502b4,e3b0c44298fc1c149afbf4c8996fb92427ae41e4649b934ca495991b7852b855,reader_responses/static_fresh/replicate_0/fold_0/calibration/e3b0c44298fc1c149afbf4c8996fb92427ae41e4649b934ca495991b7852b855/ed2fc3d229d55c8803c31a71.json
edb78a44071a96544855f276,positive,calibration,True,True,True,True,4b5cea7b5eaad3cca48ae4312c4cd3190519bbe7b9cb9984ca524950d21502b4,e3b0c44298fc1c149afbf4c8996fb92427ae41e4649b934ca495991b7852b855,reader_responses/static_fresh/replicate_0/fold_0/calibration/e3b0c44298fc1c149afbf4c8996fb92427ae41e4649b934ca495991b7852b855/edb78a44071a96544855f276.json
ee41615d47245b2cbdff05a2,negative,calibration,True,True,True,True,4b5cea7b5eaad3cca48ae4312c4cd3190519bbe7b9cb9984ca524950d21502b4,e3b0c44298fc1c149afbf4c8996fb92427ae41e4649b934ca495991b7852b855,reader_responses/static_fresh/replicate_0/fold_0/calibration/e3b0c44298fc1c149afbf4c8996fb92427ae41e4649b934ca495991b7852b855/ee41615d47245b2cbdff05a2.json
eed1c4ce7f91362074426aff,negative,calibration,True,True,True,True,4b5cea7b5eaad3cca48ae4312c4cd3190519bbe7b9cb9984ca524950d21502b4,e3b0c44298fc1c149afbf4c8996fb92427ae41e4649b934ca495991b7852b855,reader_responses/static_fresh/replicate_0/fold_0/calibration/e3b0c44298fc1c149afbf4c8996fb92427ae41e4649b934ca495991b7852b855/eed1c4ce7f91362074426aff.json
efc84f6efca07d2feb9654a3,negative,calibration,True,True,True,True,4b5cea7b5eaad3cca48ae4312c4cd3190519bbe7b9cb9984ca524950d21502b4,e3b0c44298fc1c149afbf4c8996fb92427ae41e4649b934ca495991b7852b855,reader_responses/static_fresh/replicate_0/fold_0/calibration/e3b0c44298fc1c149afbf4c8996fb92427ae41e4649b934ca495991b7852b855/efc84f6efca07d2feb9654a3.json
efc8a7e8b8f752208feea6c3,unclear,calibration,True,True,True,True,4b5cea7b5eaad3cca48ae4312c4cd3190519bbe7b9cb9984ca524950d21502b4,e3b0c44298fc1c149afbf4c8996fb92427ae41e4649b934ca495991b7852b855,reader_responses/static_fresh/replicate_0/fold_0/calibration/e3b0c44298fc1c149afbf4c8996fb92427ae41e4649b934ca495991b7852b855/efc8a7e8b8f752208feea6c3.json
efd647dfafc73d329eb3c84d,unclear,calibration,True,True,True,True,4b5cea7b5eaad3cca48ae4312c4cd3190519bbe7b9cb9984ca524950d21502b4,e3b0c44298fc1c149afbf4c8996fb92427ae41e4649b934ca495991b7852b855,reader_responses/static_fresh/replicate_0/fold_0/calibration/e3b0c44298fc1c149afbf4c8996fb92427ae41e4649b934ca495991b7852b855/efd647dfafc73d329eb3c84d.json
f0273f9c82eac0f99300d289,negative,calibration,True,True,True,True,4b5cea7b5eaad3cca48ae4312c4cd3190519bbe7b9cb9984ca524950d21502b4,e3b0c44298fc1c149afbf4c8996fb92427ae41e4649b934ca495991b7852b855,reader_responses/static_fresh/replicate_0/fold_0/calibration/e3b0c44298fc1c149afbf4c8996fb92427ae41e4649b934ca495991b7852b855/f0273f9c82eac0f99300d289.json
f1e14c7c2683d0d105364244,negative,calibration,True,True,True,True,4b5cea7b5eaad3cca48ae4312c4cd3190519bbe7b9cb9984ca524950d21502b4,e3b0c44298fc1c149afbf4c8996fb92427ae41e4649b934ca495991b7852b855,reader_responses/static_fresh/replicate_0/fold_0/calibration/e3b0c44298fc1c149afbf4c8996fb92427ae41e4649b934ca495991b7852b855/f1e14c7c2683d0d105364244.json
f310797ee990aea27b7afe2e,neutral,calibration,True,True,True,True,4b5cea7b5eaad3cca48ae4312c4cd3190519bbe7b9cb9984ca524950d21502b4,e3b0c44298fc1c149afbf4c8996fb92427ae41e4649b934ca495991b7852b855,reader_responses/static_fresh/replicate_0/fold_0/calibration/e3b0c44298fc1c149afbf4c8996fb92427ae41e4649b934ca495991b7852b855/f310797ee990aea27b7afe2e.json
f36bc3e1c45af3c45a8f81d9,positive,calibration,True,True,True,True,4b5cea7b5eaad3cca48ae4312c4cd3190519bbe7b9cb9984ca524950d21502b4,e3b0c44298fc1c149afbf4c8996fb92427ae41e4649b934ca495991b7852b855,reader_responses/static_fresh/replicate_0/fold_0/calibration/e3b0c44298fc1c149afbf4c8996fb92427ae41e4649b934ca495991b7852b855/f36bc3e1c45af3c45a8f81d9.json
f3b30a8e172d1554a95740ac,negative,calibration,True,True,True,True,4b5cea7b5eaad3cca48ae4312c4cd3190519bbe7b9cb9984ca524950d21502b4,e3b0c44298fc1c149afbf4c8996fb92427ae41e4649b934ca495991b7852b855,reader_responses/static_fresh/replicate_0/fold_0/calibration/e3b0c44298fc1c149afbf4c8996fb92427ae41e4649b934ca495991b7852b855/f3b30a8e172d1554a95740ac.json
f571758cb29799d10bd4dde8,unclear,calibration,True,True,True,True,4b5cea7b5eaad3cca48ae4312c4cd3190519bbe7b9cb9984ca524950d21502b4,e3b0c44298fc1c149afbf4c8996fb92427ae41e4649b934ca495991b7852b855,reader_responses/static_fresh/replicate_0/fold_0/calibration/e3b0c44298fc1c149afbf4c8996fb92427ae41e4649b934ca495991b7852b855/f571758cb29799d10bd4dde8.json
f655a6ef64a040bebefa13c9,negative,calibration,True,True,True,True,4b5cea7b5eaad3cca48ae4312c4cd3190519bbe7b9cb9984ca524950d21502b4,e3b0c44298fc1c149afbf4c8996fb92427ae41e4649b934ca495991b7852b855,reader_responses/static_fresh/replicate_0/fold_0/calibration/e3b0c44298fc1c149afbf4c8996fb92427ae41e4649b934ca495991b7852b855/f655a6ef64a040bebefa13c9.json
f6c97984bb086bfcf21dc747,negative,calibration,True,True,True,True,4b5cea7b5eaad3cca48ae4312c4cd3190519bbe7b9cb9984ca524950d21502b4,e3b0c44298fc1c149afbf4c8996fb92427ae41e4649b934ca495991b7852b855,reader_responses/static_fresh/replicate_0/fold_0/calibration/e3b0c44298fc1c149afbf4c8996fb92427ae41e4649b934ca495991b7852b855/f6c97984bb086bfcf21dc747.json
fa836306434c50b7912f28e3,positive,calibration,True,True,True,True,4b5cea7b5eaad3cca48ae4312c4cd3190519bbe7b9cb9984ca524950d21502b4,e3b0c44298fc1c149afbf4c8996fb92427ae41e4649b934ca495991b7852b855,reader_responses/static_fresh/replicate_0/fold_0/calibration/e3b0c44298fc1c149afbf4c8996fb92427ae41e4649b934ca495991b7852b855/fa836306434c50b7912f28e3.json
fd1f441699c751cd962cc065,positive,calibration,True,True,True,True,4b5cea7b5eaad3cca48ae4312c4cd3190519bbe7b9cb9984ca524950d21502b4,e3b0c44298fc1c149afbf4c8996fb92427ae41e4649b934ca495991b7852b855,reader_responses/static_fresh/replicate_0/fold_0/calibration/e3b0c44298fc1c149afbf4c8996fb92427ae41e4649b934ca495991b7852b855/fd1f441699c751cd962cc065.json
fd601450184555508d6a5c77,positive,calibration,True,True,True,True,4b5cea7b5eaad3cca48ae4312c4cd3190519bbe7b9cb9984ca524950d21502b4,e3b0c44298fc1c149afbf4c8996fb92427ae41e4649b934ca495991b7852b855,reader_responses/static_fresh/replicate_0/fold_0/calibration/e3b0c44298fc1c149afbf4c8996fb92427ae41e4649b934ca495991b7852b855/fd601450184555508d6a5c77.json
ff6cef0e0194b98fa15e6b1c,hypothetical,calibration,True,True,True,True,4b5cea7b5eaad3cca48ae4312c4cd3190519bbe7b9cb9984ca524950d21502b4,e3b0c44298fc1c149afbf4c8996fb92427ae41e4649b934ca495991b7852b855,reader_responses/static_fresh/replicate_0/fold_0/calibration/e3b0c44298fc1c149afbf4c8996fb92427ae41e4649b934ca495991b7852b855/ff6cef0e0194b98fa15e6b1c.json
ff74df9640b41657bf087dd3,negative,calibration,True,True,True,True,4b5cea7b5eaad3cca48ae4312c4cd3190519bbe7b9cb9984ca524950d21502b4,e3b0c44298fc1c149afbf4c8996fb92427ae41e4649b934ca495991b7852b855,reader_responses/static_fresh/replicate_0/fold_0/calibration/e3b0c44298fc1c149afbf4c8996fb92427ae41e4649b934ca495991b7852b855/ff74df9640b41657bf087dd3.json
00f43c4c3e7e98dce8618cef,negative,feedback,True,True,True,True,4b5cea7b5eaad3cca48ae4312c4cd3190519bbe7b9cb9984ca524950d21502b4,e3b0c44298fc1c149afbf4c8996fb92427ae41e4649b934ca495991b7852b855,reader_responses/static_fresh/replicate_0/fold_0/feedback/e3b0c44298fc1c149afbf4c8996fb92427ae41e4649b934ca495991b7852b855/00f43c4c3e7e98dce8618cef.json
023661f0f409cf363f79590c,negative,feedback,True,True,True,True,4b5cea7b5eaad3cca48ae4312c4cd3190519bbe7b9cb9984ca524950d21502b4,e3b0c44298fc1c149afbf4c8996fb92427ae41e4649b934ca495991b7852b855,reader_responses/static_fresh/replicate_0/fold_0/feedback/e3b0c44298fc1c149afbf4c8996fb92427ae41e4649b934ca495991b7852b855/023661f0f409cf363f79590c.json
0483fb382ed25c851f14dd63,unclear,feedback,True,True,True,True,4b5cea7b5eaad3cca48ae4312c4cd3190519bbe7b9cb9984ca524950d21502b4,e3b0c44298fc1c149afbf4c8996fb92427ae41e4649b934ca495991b7852b855,reader_responses/static_fresh/replicate_0/fold_0/feedback/e3b0c44298fc1c149afbf4c8996fb92427ae41e4649b934ca495991b7852b855/0483fb382ed25c851f14dd63.json
054655e5abc9a376a6afd557,positive,feedback,True,True,True,True,4b5cea7b5eaad3cca48ae4312c4cd3190519bbe7b9cb9984ca524950d21502b4,e3b0c44298fc1c149afbf4c8996fb92427ae41e4649b934ca495991b7852b855,reader_responses/static_fresh/replicate_0/fold_0/feedback/e3b0c44298fc1c149afbf4c8996fb92427ae41e4649b934ca495991b7852b855/054655e5abc9a376a6afd557.json
05582dbe9980f0f33883b2af,unclear,feedback,True,True,True,True,4b5cea7b5eaad3cca48ae4312c4cd3190519bbe7b9cb9984ca524950d21502b4,e3b0c44298fc1c149afbf4c8996fb92427ae41e4649b934ca495991b7852b855,reader_responses/static_fresh/replicate_0/fold_0/feedback/e3b0c44298fc1c149afbf4c8996fb92427ae41e4649b934ca495991b7852b855/05582dbe9980f0f33883b2af.json
05b0609ac67589d4ac85f200,unclear,feedback,True,True,True,True,4b5cea7b5eaad3cca48ae4312c4cd3190519bbe7b9cb9984ca524950d21502b4,e3b0c44298fc1c149afbf4c8996fb92427ae41e4649b934ca495991b7852b855,reader_responses/static_fresh/replicate_0/fold_0/feedback/e3b0c44298fc1c149afbf4c8996fb92427ae41e4649b934ca495991b7852b855/05b0609ac67589d4ac85f200.json
069a0927cf649e2e1a71b0f4,positive,feedback,True,True,True,True,4b5cea7b5eaad3cca48ae4312c4cd3190519bbe7b9cb9984ca524950d21502b4,e3b0c44298fc1c149afbf4c8996fb92427ae41e4649b934ca495991b7852b855,reader_responses/static_fresh/replicate_0/fold_0/feedback/e3b0c44298fc1c149afbf4c8996fb92427ae41e4649b934ca495991b7852b855/069a0927cf649e2e1a71b0f4.json
0a6b10a37bad26746e0177ab,positive,feedback,True,True,True,True,4b5cea7b5eaad3cca48ae4312c4cd3190519bbe7b9cb9984ca524950d21502b4,e3b0c44298fc1c149afbf4c8996fb92427ae41e4649b934ca495991b7852b855,reader_responses/static_fresh/replicate_0/fold_0/feedback/e3b0c44298fc1c149afbf4c8996fb92427ae41e4649b934ca495991b7852b855/0a6b10a37bad26746e0177ab.json
0ae81e6ca3370a4ed03d4fa2,positive,feedback,True,True,True,True,4b5cea7b5eaad3cca48ae4312c4cd3190519bbe7b9cb9984ca524950d21502b4,e3b0c44298fc1c149afbf4c8996fb92427ae41e4649b934ca495991b7852b855,reader_responses/static_fresh/replicate_0/fold_0/feedback/e3b0c44298fc1c149afbf4c8996fb92427ae41e4649b934ca495991b7852b855/0ae81e6ca3370a4ed03d4fa2.json
0ba2052a4dbfa97f5d4da637,unclear,feedback,True,True,True,True,4b5cea7b5eaad3cca48ae4312c4cd3190519bbe7b9cb9984ca524950d21502b4,e3b0c44298fc1c149afbf4c8996fb92427ae41e4649b934ca495991b7852b855,reader_responses/static_fresh/replicate_0/fold_0/feedback/e3b0c44298fc1c149afbf4c8996fb92427ae41e4649b934ca495991b7852b855/0ba2052a4dbfa97f5d4da637.json
0e1543e170813bdc92cea8fd,negative,feedback,True,True,True,True,4b5cea7b5eaad3cca48ae4312c4cd3190519bbe7b9cb9984ca524950d21502b4,e3b0c44298fc1c149afbf4c8996fb92427ae41e4649b934ca495991b7852b855,reader_responses/static_fresh/replicate_0/fold_0/feedback/e3b0c44298fc1c149afbf4c8996fb92427ae41e4649b934ca495991b7852b855/0e1543e170813bdc92cea8fd.json
1768891dbcc638bbfedf9d8a,negative,feedback,True,True,True,True,4b5cea7b5eaad3cca48ae4312c4cd3190519bbe7b9cb9984ca524950d21502b4,e3b0c44298fc1c149afbf4c8996fb92427ae41e4649b934ca495991b7852b855,reader_responses/static_fresh/replicate_0/fold_0/feedback/e3b0c44298fc1c149afbf4c8996fb92427ae41e4649b934ca495991b7852b855/1768891dbcc638bbfedf9d8a.json
19cf7ec0c95884f76b2149fa,positive,feedback,True,True,True,True,4b5cea7b5eaad3cca48ae4312c4cd3190519bbe7b9cb9984ca524950d21502b4,e3b0c44298fc1c149afbf4c8996fb92427ae41e4649b934ca495991b7852b855,reader_responses/static_fresh/replicate_0/fold_0/feedback/e3b0c44298fc1c149afbf4c8996fb92427ae41e4649b934ca495991b7852b855/19cf7ec0c95884f76b2149fa.json
1b68492a0d55815558d0ffd2,positive,feedback,True,True,True,True,4b5cea7b5eaad3cca48ae4312c4cd3190519bbe7b9cb9984ca524950d21502b4,e3b0c44298fc1c149afbf4c8996fb92427ae41e4649b934ca495991b7852b855,reader_responses/static_fresh/replicate_0/fold_0/feedback/e3b0c44298fc1c149afbf4c8996fb92427ae41e4649b934ca495991b7852b855/1b68492a0d55815558d0ffd2.json
1be177f72b8d25a96b7007b8,unclear,feedback,True,True,True,True,4b5cea7b5eaad3cca48ae4312c4cd3190519bbe7b9cb9984ca524950d21502b4,e3b0c44298fc1c149afbf4c8996fb92427ae41e4649b934ca495991b7852b855,reader_responses/static_fresh/replicate_0/fold_0/feedback/e3b0c44298fc1c149afbf4c8996fb92427ae41e4649b934ca495991b7852b855/1be177f72b8d25a96b7007b8.json
1e6b865b7afedf7f708cf43e,negative,feedback,True,True,True,True,4b5cea7b5eaad3cca48ae4312c4cd3190519bbe7b9cb9984ca524950d21502b4,e3b0c44298fc1c149afbf4c8996fb92427ae41e4649b934ca495991b7852b855,reader_responses/static_fresh/replicate_0/fold_0/feedback/e3b0c44298fc1c149afbf4c8996fb92427ae41e4649b934ca495991b7852b855/1e6b865b7afedf7f708cf43e.json
204255102a197bb73a354a2a,negative,feedback,True,True,True,True,4b5cea7b5eaad3cca48ae4312c4cd3190519bbe7b9cb9984ca524950d21502b4,e3b0c44298fc1c149afbf4c8996fb92427ae41e4649b934ca495991b7852b855,reader_responses/static_fresh/replicate_0/fold_0/feedback/e3b0c44298fc1c149afbf4c8996fb92427ae41e4649b934ca495991b7852b855/204255102a197bb73a354a2a.json
2280071d7210f739e2ff05f8,negative,feedback,True,True,True,True,4b5cea7b5eaad3cca48ae4312c4cd3190519bbe7b9cb9984ca524950d21502b4,e3b0c44298fc1c149afbf4c8996fb92427ae41e4649b934ca495991b7852b855,reader_responses/static_fresh/replicate_0/fold_0/feedback/e3b0c44298fc1c149afbf4c8996fb92427ae41e4649b934ca495991b7852b855/2280071d7210f739e2ff05f8.json
24ec2f5063912668dd009657,negative,feedback,True,True,True,True,4b5cea7b5eaad3cca48ae4312c4cd3190519bbe7b9cb9984ca524950d21502b4,e3b0c44298fc1c149afbf4c8996fb92427ae41e4649b934ca495991b7852b855,reader_responses/static_fresh/replicate_0/fold_0/feedback/e3b0c44298fc1c149afbf4c8996fb92427ae41e4649b934ca495991b7852b855/24ec2f5063912668dd009657.json
25e09883654fee0698db8cde,negative,feedback,True,True,True,True,4b5cea7b5eaad3cca48ae4312c4cd3190519bbe7b9cb9984ca524950d21502b4,e3b0c44298fc1c149afbf4c8996fb92427ae41e4649b934ca495991b7852b855,reader_responses/static_fresh/replicate_0/fold_0/feedback/e3b0c44298fc1c149afbf4c8996fb92427ae41e4649b934ca495991b7852b855/25e09883654fee0698db8cde.json
26cd69f5508d5783c188c470,unclear,feedback,True,True,True,True,4b5cea7b5eaad3cca48ae4312c4cd3190519bbe7b9cb9984ca524950d21502b4,e3b0c44298fc1c149afbf4c8996fb92427ae41e4649b934ca495991b7852b855,reader_responses/static_fresh/replicate_0/fold_0/feedback/e3b0c44298fc1c149afbf4c8996fb92427ae41e4649b934ca495991b7852b855/26cd69f5508d5783c188c470.json
2aa378ad2a0406af7ecd9542,positive,feedback,True,True,True,True,4b5cea7b5eaad3cca48ae4312c4cd3190519bbe7b9cb9984ca524950d21502b4,e3b0c44298fc1c149afbf4c8996fb92427ae41e4649b934ca495991b7852b855,reader_responses/static_fresh/replicate_0/fold_0/feedback/e3b0c44298fc1c149afbf4c8996fb92427ae41e4649b934ca495991b7852b855/2aa378ad2a0406af7ecd9542.json
2df1367de1412880a7e0eb0c,neutral,feedback,True,True,True,True,4b5cea7b5eaad3cca48ae4312c4cd3190519bbe7b9cb9984ca524950d21502b4,e3b0c44298fc1c149afbf4c8996fb92427ae41e4649b934ca495991b7852b855,reader_responses/static_fresh/replicate_0/fold_0/feedback/e3b0c44298fc1c149afbf4c8996fb92427ae41e4649b934ca495991b7852b855/2df1367de1412880a7e0eb0c.json
2e079b9f4e96d3e5a34d5ff3,negative,feedback,True,True,True,True,4b5cea7b5eaad3cca48ae4312c4cd3190519bbe7b9cb9984ca524950d21502b4,e3b0c44298fc1c149afbf4c8996fb92427ae41e4649b934ca495991b7852b855,reader_responses/static_fresh/replicate_0/fold_0/feedback/e3b0c44298fc1c149afbf4c8996fb92427ae41e4649b934ca495991b7852b855/2e079b9f4e96d3e5a34d5ff3.json
3e4bc3d91253d8acf66723ab,unclear,feedback,True,True,True,True,4b5cea7b5eaad3cca48ae4312c4cd3190519bbe7b9cb9984ca524950d21502b4,e3b0c44298fc1c149afbf4c8996fb92427ae41e4649b934ca495991b7852b855,reader_responses/static_fresh/replicate_0/fold_0/feedback/e3b0c44298fc1c149afbf4c8996fb92427ae41e4649b934ca495991b7852b855/3e4bc3d91253d8acf66723ab.json
3e5927b4073b1e523aafef66,positive,feedback,True,True,True,True,4b5cea7b5eaad3cca48ae4312c4cd3190519bbe7b9cb9984ca524950d21502b4,e3b0c44298fc1c149afbf4c8996fb92427ae41e4649b934ca495991b7852b855,reader_responses/static_fresh/replicate_0/fold_0/feedback/e3b0c44298fc1c149afbf4c8996fb92427ae41e4649b934ca495991b7852b855/3e5927b4073b1e523aafef66.json
40b75464644a9c3cd1570ddb,positive,feedback,True,True,True,True,4b5cea7b5eaad3cca48ae4312c4cd3190519bbe7b9cb9984ca524950d21502b4,e3b0c44298fc1c149afbf4c8996fb92427ae41e4649b934ca495991b7852b855,reader_responses/static_fresh/replicate_0/fold_0/feedback/e3b0c44298fc1c149afbf4c8996fb92427ae41e4649b934ca495991b7852b855/40b75464644a9c3cd1570ddb.json
4329b3b71b29ac7ffa19807c,unclear,feedback,True,True,True,True,4b5cea7b5eaad3cca48ae4312c4cd3190519bbe7b9cb9984ca524950d21502b4,e3b0c44298fc1c149afbf4c8996fb92427ae41e4649b934ca495991b7852b855,reader_responses/static_fresh/replicate_0/fold_0/feedback/e3b0c44298fc1c149afbf4c8996fb92427ae41e4649b934ca495991b7852b855/4329b3b71b29ac7ffa19807c.json
44ebfbb3a061087eadca428e,negative,feedback,True,True,True,True,4b5cea7b5eaad3cca48ae4312c4cd3190519bbe7b9cb9984ca524950d21502b4,e3b0c44298fc1c149afbf4c8996fb92427ae41e4649b934ca495991b7852b855,reader_responses/static_fresh/replicate_0/fold_0/feedback/e3b0c44298fc1c149afbf4c8996fb92427ae41e4649b934ca495991b7852b855/44ebfbb3a061087eadca428e.json
45944ae40f8ccb4e8992e585,negative,feedback,True,True,True,True,4b5cea7b5eaad3cca48ae4312c4cd3190519bbe7b9cb9984ca524950d21502b4,e3b0c44298fc1c149afbf4c8996fb92427ae41e4649b934ca495991b7852b855,reader_responses/static_fresh/replicate_0/fold_0/feedback/e3b0c44298fc1c149afbf4c8996fb92427ae41e4649b934ca495991b7852b855/45944ae40f8ccb4e8992e585.json
46473ed8067e774796767ad7,positive,feedback,True,True,True,True,4b5cea7b5eaad3cca48ae4312c4cd3190519bbe7b9cb9984ca524950d21502b4,e3b0c44298fc1c149afbf4c8996fb92427ae41e4649b934ca495991b7852b855,reader_responses/static_fresh/replicate_0/fold_0/feedback/e3b0c44298fc1c149afbf4c8996fb92427ae41e4649b934ca495991b7852b855/46473ed8067e774796767ad7.json
48474b0b63d353a90ddf056f,negative,feedback,True,True,True,True,4b5cea7b5eaad3cca48ae4312c4cd3190519bbe7b9cb9984ca524950d21502b4,e3b0c44298fc1c149afbf4c8996fb92427ae41e4649b934ca495991b7852b855,reader_responses/static_fresh/replicate_0/fold_0/feedback/e3b0c44298fc1c149afbf4c8996fb92427ae41e4649b934ca495991b7852b855/48474b0b63d353a90ddf056f.json
4ba85c1fc3af6851f4d21c10,positive,feedback,True,True,True,True,4b5cea7b5eaad3cca48ae4312c4cd3190519bbe7b9cb9984ca524950d21502b4,e3b0c44298fc1c149afbf4c8996fb92427ae41e4649b934ca495991b7852b855,reader_responses/static_fresh/replicate_0/fold_0/feedback/e3b0c44298fc1c149afbf4c8996fb92427ae41e4649b934ca495991b7852b855/4ba85c1fc3af6851f4d21c10.json
4bf7e5149a3a66790a6f9c3d,positive,feedback,True,True,True,True,4b5cea7b5eaad3cca48ae4312c4cd3190519bbe7b9cb9984ca524950d21502b4,e3b0c44298fc1c149afbf4c8996fb92427ae41e4649b934ca495991b7852b855,reader_responses/static_fresh/replicate_0/fold_0/feedback/e3b0c44298fc1c149afbf4c8996fb92427ae41e4649b934ca495991b7852b855/4bf7e5149a3a66790a6f9c3d.json
4c13e7d0c10267b23710e509,unclear,feedback,True,True,True,True,4b5cea7b5eaad3cca48ae4312c4cd3190519bbe7b9cb9984ca524950d21502b4,e3b0c44298fc1c149afbf4c8996fb92427ae41e4649b934ca495991b7852b855,reader_responses/static_fresh/replicate_0/fold_0/feedback/e3b0c44298fc1c149afbf4c8996fb92427ae41e4649b934ca495991b7852b855/4c13e7d0c10267b23710e509.json
4dd5456a0e8f37456f236243,negative,feedback,True,True,True,True,4b5cea7b5eaad3cca48ae4312c4cd3190519bbe7b9cb9984ca524950d21502b4,e3b0c44298fc1c149afbf4c8996fb92427ae41e4649b934ca495991b7852b855,reader_responses/static_fresh/replicate_0/fold_0/feedback/e3b0c44298fc1c149afbf4c8996fb92427ae41e4649b934ca495991b7852b855/4dd5456a0e8f37456f236243.json
4f17020eba124ed12d60face,negative,feedback,True,True,True,True,4b5cea7b5eaad3cca48ae4312c4cd3190519bbe7b9cb9984ca524950d21502b4,e3b0c44298fc1c149afbf4c8996fb92427ae41e4649b934ca495991b7852b855,reader_responses/static_fresh/replicate_0/fold_0/feedback/e3b0c44298fc1c149afbf4c8996fb92427ae41e4649b934ca495991b7852b855/4f17020eba124ed12d60face.json
501a498dea8546bd15fcaff8,negative,feedback,True,True,True,True,4b5cea7b5eaad3cca48ae4312c4cd3190519bbe7b9cb9984ca524950d21502b4,e3b0c44298fc1c149afbf4c8996fb92427ae41e4649b934ca495991b7852b855,reader_responses/static_fresh/replicate_0/fold_0/feedback/e3b0c44298fc1c149afbf4c8996fb92427ae41e4649b934ca495991b7852b855/501a498dea8546bd15fcaff8.json
50dc1389583dfcecb857b898,positive,feedback,True,True,True,True,4b5cea7b5eaad3cca48ae4312c4cd3190519bbe7b9cb9984ca524950d21502b4,e3b0c44298fc1c149afbf4c8996fb92427ae41e4649b934ca495991b7852b855,reader_responses/static_fresh/replicate_0/fold_0/feedback/e3b0c44298fc1c149afbf4c8996fb92427ae41e4649b934ca495991b7852b855/50dc1389583dfcecb857b898.json
52002f1b9005b2688d57deee,negative,feedback,True,True,True,True,4b5cea7b5eaad3cca48ae4312c4cd3190519bbe7b9cb9984ca524950d21502b4,e3b0c44298fc1c149afbf4c8996fb92427ae41e4649b934ca495991b7852b855,reader_responses/static_fresh/replicate_0/fold_0/feedback/e3b0c44298fc1c149afbf4c8996fb92427ae41e4649b934ca495991b7852b855/52002f1b9005b2688d57deee.json
5443cd750d3e6242f3e676a3,positive,feedback,True,True,True,True,4b5cea7b5eaad3cca48ae4312c4cd3190519bbe7b9cb9984ca524950d21502b4,e3b0c44298fc1c149afbf4c8996fb92427ae41e4649b934ca495991b7852b855,reader_responses/static_fresh/replicate_0/fold_0/feedback/e3b0c44298fc1c149afbf4c8996fb92427ae41e4649b934ca495991b7852b855/5443cd750d3e6242f3e676a3.json
54a2c7e01f7c534dfda6390f,positive,feedback,True,True,True,True,4b5cea7b5eaad3cca48ae4312c4cd3190519bbe7b9cb9984ca524950d21502b4,e3b0c44298fc1c149afbf4c8996fb92427ae41e4649b934ca495991b7852b855,reader_responses/static_fresh/replicate_0/fold_0/feedback/e3b0c44298fc1c149afbf4c8996fb92427ae41e4649b934ca495991b7852b855/54a2c7e01f7c534dfda6390f.json
55ebe662538a0746219e83bc,negative,feedback,True,True,True,True,4b5cea7b5eaad3cca48ae4312c4cd3190519bbe7b9cb9984ca524950d21502b4,e3b0c44298fc1c149afbf4c8996fb92427ae41e4649b934ca495991b7852b855,reader_responses/static_fresh/replicate_0/fold_0/feedback/e3b0c44298fc1c149afbf4c8996fb92427ae41e4649b934ca495991b7852b855/55ebe662538a0746219e83bc.json
5b4d0b463ee74b17b0e30940,negative,feedback,True,True,True,True,4b5cea7b5eaad3cca48ae4312c4cd3190519bbe7b9cb9984ca524950d21502b4,e3b0c44298fc1c149afbf4c8996fb92427ae41e4649b934ca495991b7852b855,reader_responses/static_fresh/replicate_0/fold_0/feedback/e3b0c44298fc1c149afbf4c8996fb92427ae41e4649b934ca495991b7852b855/5b4d0b463ee74b17b0e30940.json
5b7d9ae67dac8b838030c8bd,negative,feedback,True,True,True,True,4b5cea7b5eaad3cca48ae4312c4cd3190519bbe7b9cb9984ca524950d21502b4,e3b0c44298fc1c149afbf4c8996fb92427ae41e4649b934ca495991b7852b855,reader_responses/static_fresh/replicate_0/fold_0/feedback/e3b0c44298fc1c149afbf4c8996fb92427ae41e4649b934ca495991b7852b855/5b7d9ae67dac8b838030c8bd.json
5c09030be47b45e6c0e53135,negative,feedback,True,True,True,True,4b5cea7b5eaad3cca48ae4312c4cd3190519bbe7b9cb9984ca524950d21502b4,e3b0c44298fc1c149afbf4c8996fb92427ae41e4649b934ca495991b7852b855,reader_responses/static_fresh/replicate_0/fold_0/feedback/e3b0c44298fc1c149afbf4c8996fb92427ae41e4649b934ca495991b7852b855/5c09030be47b45e6c0e53135.json
5e4562e05ea1b89b5ce9e23b,positive,feedback,True,True,True,True,4b5cea7b5eaad3cca48ae4312c4cd3190519bbe7b9cb9984ca524950d21502b4,e3b0c44298fc1c149afbf4c8996fb92427ae41e4649b934ca495991b7852b855,reader_responses/static_fresh/replicate_0/fold_0/feedback/e3b0c44298fc1c149afbf4c8996fb92427ae41e4649b934ca495991b7852b855/5e4562e05ea1b89b5ce9e23b.json
5f33f220db5451d199d1bdfa,negative,feedback,True,True,True,True,4b5cea7b5eaad3cca48ae4312c4cd3190519bbe7b9cb9984ca524950d21502b4,e3b0c44298fc1c149afbf4c8996fb92427ae41e4649b934ca495991b7852b855,reader_responses/static_fresh/replicate_0/fold_0/feedback/e3b0c44298fc1c149afbf4c8996fb92427ae41e4649b934ca495991b7852b855/5f33f220db5451d199d1bdfa.json
5fbff413ee80d4269bd3f5ca,neutral,feedback,True,True,True,True,4b5cea7b5eaad3cca48ae4312c4cd3190519bbe7b9cb9984ca524950d21502b4,e3b0c44298fc1c149afbf4c8996fb92427ae41e4649b934ca495991b7852b855,reader_responses/static_fresh/replicate_0/fold_0/feedback/e3b0c44298fc1c149afbf4c8996fb92427ae41e4649b934ca495991b7852b855/5fbff413ee80d4269bd3f5ca.json
622e4d825fe1ca5b7e75e500,unclear,feedback,True,True,True,True,4b5cea7b5eaad3cca48ae4312c4cd3190519bbe7b9cb9984ca524950d21502b4,e3b0c44298fc1c149afbf4c8996fb92427ae41e4649b934ca495991b7852b855,reader_responses/static_fresh/replicate_0/fold_0/feedback/e3b0c44298fc1c149afbf4c8996fb92427ae41e4649b934ca495991b7852b855/622e4d825fe1ca5b7e75e500.json
638f764c516b25c219162538,negative,feedback,True,True,True,True,4b5cea7b5eaad3cca48ae4312c4cd3190519bbe7b9cb9984ca524950d21502b4,e3b0c44298fc1c149afbf4c8996fb92427ae41e4649b934ca495991b7852b855,reader_responses/static_fresh/replicate_0/fold_0/feedback/e3b0c44298fc1c149afbf4c8996fb92427ae41e4649b934ca495991b7852b855/638f764c516b25c219162538.json
63d2cf52fbf6b88416f55cc3,positive,feedback,True,True,True,True,4b5cea7b5eaad3cca48ae4312c4cd3190519bbe7b9cb9984ca524950d21502b4,e3b0c44298fc1c149afbf4c8996fb92427ae41e4649b934ca495991b7852b855,reader_responses/static_fresh/replicate_0/fold_0/feedback/e3b0c44298fc1c149afbf4c8996fb92427ae41e4649b934ca495991b7852b855/63d2cf52fbf6b88416f55cc3.json
6424e47d9699bee993793e3a,unclear,feedback,True,True,True,True,4b5cea7b5eaad3cca48ae4312c4cd3190519bbe7b9cb9984ca524950d21502b4,e3b0c44298fc1c149afbf4c8996fb92427ae41e4649b934ca495991b7852b855,reader_responses/static_fresh/replicate_0/fold_0/feedback/e3b0c44298fc1c149afbf4c8996fb92427ae41e4649b934ca495991b7852b855/6424e47d9699bee993793e3a.json
66341e6dea70165c6c74791d,positive,feedback,True,True,True,True,4b5cea7b5eaad3cca48ae4312c4cd3190519bbe7b9cb9984ca524950d21502b4,e3b0c44298fc1c149afbf4c8996fb92427ae41e4649b934ca495991b7852b855,reader_responses/static_fresh/replicate_0/fold_0/feedback/e3b0c44298fc1c149afbf4c8996fb92427ae41e4649b934ca495991b7852b855/66341e6dea70165c6c74791d.json
692caa1c4186b75ecee1e9be,negative,feedback,True,True,True,True,4b5cea7b5eaad3cca48ae4312c4cd3190519bbe7b9cb9984ca524950d21502b4,e3b0c44298fc1c149afbf4c8996fb92427ae41e4649b934ca495991b7852b855,reader_responses/static_fresh/replicate_0/fold_0/feedback/e3b0c44298fc1c149afbf4c8996fb92427ae41e4649b934ca495991b7852b855/692caa1c4186b75ecee1e9be.json
69e8fb778819c94132039679,negative,feedback,True,True,True,True,4b5cea7b5eaad3cca48ae4312c4cd3190519bbe7b9cb9984ca524950d21502b4,e3b0c44298fc1c149afbf4c8996fb92427ae41e4649b934ca495991b7852b855,reader_responses/static_fresh/replicate_0/fold_0/feedback/e3b0c44298fc1c149afbf4c8996fb92427ae41e4649b934ca495991b7852b855/69e8fb778819c94132039679.json
6bc2780e6afb8a30892acb17,negative,feedback,True,True,True,True,4b5cea7b5eaad3cca48ae4312c4cd3190519bbe7b9cb9984ca524950d21502b4,e3b0c44298fc1c149afbf4c8996fb92427ae41e4649b934ca495991b7852b855,reader_responses/static_fresh/replicate_0/fold_0/feedback/e3b0c44298fc1c149afbf4c8996fb92427ae41e4649b934ca495991b7852b855/6bc2780e6afb8a30892acb17.json
6cc12da65f36bf54ba93b5e3,unclear,feedback,True,True,True,True,4b5cea7b5eaad3cca48ae4312c4cd3190519bbe7b9cb9984ca524950d21502b4,e3b0c44298fc1c149afbf4c8996fb92427ae41e4649b934ca495991b7852b855,reader_responses/static_fresh/replicate_0/fold_0/feedback/e3b0c44298fc1c149afbf4c8996fb92427ae41e4649b934ca495991b7852b855/6cc12da65f36bf54ba93b5e3.json
6f4761dda9410cde8920991b,negative,feedback,True,True,True,True,4b5cea7b5eaad3cca48ae4312c4cd3190519bbe7b9cb9984ca524950d21502b4,e3b0c44298fc1c149afbf4c8996fb92427ae41e4649b934ca495991b7852b855,reader_responses/static_fresh/replicate_0/fold_0/feedback/e3b0c44298fc1c149afbf4c8996fb92427ae41e4649b934ca495991b7852b855/6f4761dda9410cde8920991b.json
7243646e43f523c789ef783c,positive,feedback,True,True,True,True,4b5cea7b5eaad3cca48ae4312c4cd3190519bbe7b9cb9984ca524950d21502b4,e3b0c44298fc1c149afbf4c8996fb92427ae41e4649b934ca495991b7852b855,reader_responses/static_fresh/replicate_0/fold_0/feedback/e3b0c44298fc1c149afbf4c8996fb92427ae41e4649b934ca495991b7852b855/7243646e43f523c789ef783c.json
750c3d17b7ce84a720fe797f,negative,feedback,True,True,True,True,4b5cea7b5eaad3cca48ae4312c4cd3190519bbe7b9cb9984ca524950d21502b4,e3b0c44298fc1c149afbf4c8996fb92427ae41e4649b934ca495991b7852b855,reader_responses/static_fresh/replicate_0/fold_0/feedback/e3b0c44298fc1c149afbf4c8996fb92427ae41e4649b934ca495991b7852b855/750c3d17b7ce84a720fe797f.json
77ccccccefae728565c74b3c,neutral,feedback,True,True,True,True,4b5cea7b5eaad3cca48ae4312c4cd3190519bbe7b9cb9984ca524950d21502b4,e3b0c44298fc1c149afbf4c8996fb92427ae41e4649b934ca495991b7852b855,reader_responses/static_fresh/replicate_0/fold_0/feedback/e3b0c44298fc1c149afbf4c8996fb92427ae41e4649b934ca495991b7852b855/77ccccccefae728565c74b3c.json
79a304be8e343ac4f8be5993,positive,feedback,True,True,True,True,4b5cea7b5eaad3cca48ae4312c4cd3190519bbe7b9cb9984ca524950d21502b4,e3b0c44298fc1c149afbf4c8996fb92427ae41e4649b934ca495991b7852b855,reader_responses/static_fresh/replicate_0/fold_0/feedback/e3b0c44298fc1c149afbf4c8996fb92427ae41e4649b934ca495991b7852b855/79a304be8e343ac4f8be5993.json
7c8bcbb3942bdc1bfda679b6,positive,feedback,True,True,True,True,4b5cea7b5eaad3cca48ae4312c4cd3190519bbe7b9cb9984ca524950d21502b4,e3b0c44298fc1c149afbf4c8996fb92427ae41e4649b934ca495991b7852b855,reader_responses/static_fresh/replicate_0/fold_0/feedback/e3b0c44298fc1c149afbf4c8996fb92427ae41e4649b934ca495991b7852b855/7c8bcbb3942bdc1bfda679b6.json
7e8bb423301b7f61fb6d568f,neutral,feedback,True,True,True,True,4b5cea7b5eaad3cca48ae4312c4cd3190519bbe7b9cb9984ca524950d21502b4,e3b0c44298fc1c149afbf4c8996fb92427ae41e4649b934ca495991b7852b855,reader_responses/static_fresh/replicate_0/fold_0/feedback/e3b0c44298fc1c149afbf4c8996fb92427ae41e4649b934ca495991b7852b855/7e8bb423301b7f61fb6d568f.json
82aa7bbe29323f069352f6c6,unclear,feedback,True,True,True,True,4b5cea7b5eaad3cca48ae4312c4cd3190519bbe7b9cb9984ca524950d21502b4,e3b0c44298fc1c149afbf4c8996fb92427ae41e4649b934ca495991b7852b855,reader_responses/static_fresh/replicate_0/fold_0/feedback/e3b0c44298fc1c149afbf4c8996fb92427ae41e4649b934ca495991b7852b855/82aa7bbe29323f069352f6c6.json
86528d0521b3e3d11f724ffd,positive,feedback,True,True,True,True,4b5cea7b5eaad3cca48ae4312c4cd3190519bbe7b9cb9984ca524950d21502b4,e3b0c44298fc1c149afbf4c8996fb92427ae41e4649b934ca495991b7852b855,reader_responses/static_fresh/replicate_0/fold_0/feedback/e3b0c44298fc1c149afbf4c8996fb92427ae41e4649b934ca495991b7852b855/86528d0521b3e3d11f724ffd.json
86668eb24b1b7b69c487204b,unclear,feedback,True,True,True,True,4b5cea7b5eaad3cca48ae4312c4cd3190519bbe7b9cb9984ca524950d21502b4,e3b0c44298fc1c149afbf4c8996fb92427ae41e4649b934ca495991b7852b855,reader_responses/static_fresh/replicate_0/fold_0/feedback/e3b0c44298fc1c149afbf4c8996fb92427ae41e4649b934ca495991b7852b855/86668eb24b1b7b69c487204b.json
87e40a040918458dfed30e85,positive,feedback,True,True,True,True,4b5cea7b5eaad3cca48ae4312c4cd3190519bbe7b9cb9984ca524950d21502b4,e3b0c44298fc1c149afbf4c8996fb92427ae41e4649b934ca495991b7852b855,reader_responses/static_fresh/replicate_0/fold_0/feedback/e3b0c44298fc1c149afbf4c8996fb92427ae41e4649b934ca495991b7852b855/87e40a040918458dfed30e85.json
89a7235d3e407993ef4646b5,positive,feedback,True,True,True,True,4b5cea7b5eaad3cca48ae4312c4cd3190519bbe7b9cb9984ca524950d21502b4,e3b0c44298fc1c149afbf4c8996fb92427ae41e4649b934ca495991b7852b855,reader_responses/static_fresh/replicate_0/fold_0/feedback/e3b0c44298fc1c149afbf4c8996fb92427ae41e4649b934ca495991b7852b855/89a7235d3e407993ef4646b5.json
8bc21baf267c7c9171356404,positive,feedback,True,True,True,True,4b5cea7b5eaad3cca48ae4312c4cd3190519bbe7b9cb9984ca524950d21502b4,e3b0c44298fc1c149afbf4c8996fb92427ae41e4649b934ca495991b7852b855,reader_responses/static_fresh/replicate_0/fold_0/feedback/e3b0c44298fc1c149afbf4c8996fb92427ae41e4649b934ca495991b7852b855/8bc21baf267c7c9171356404.json
8c5e3210ffbc1741179fe4fc,negative,feedback,True,True,True,True,4b5cea7b5eaad3cca48ae4312c4cd3190519bbe7b9cb9984ca524950d21502b4,e3b0c44298fc1c149afbf4c8996fb92427ae41e4649b934ca495991b7852b855,reader_responses/static_fresh/replicate_0/fold_0/feedback/e3b0c44298fc1c149afbf4c8996fb92427ae41e4649b934ca495991b7852b855/8c5e3210ffbc1741179fe4fc.json
8c9b95b8b64b7253b113cba8,negative,feedback,True,True,True,True,4b5cea7b5eaad3cca48ae4312c4cd3190519bbe7b9cb9984ca524950d21502b4,e3b0c44298fc1c149afbf4c8996fb92427ae41e4649b934ca495991b7852b855,reader_responses/static_fresh/replicate_0/fold_0/feedback/e3b0c44298fc1c149afbf4c8996fb92427ae41e4649b934ca495991b7852b855/8c9b95b8b64b7253b113cba8.json
8d5156bd5884c0181f3b8d1a,negative,feedback,True,True,True,True,4b5cea7b5eaad3cca48ae4312c4cd3190519bbe7b9cb9984ca524950d21502b4,e3b0c44298fc1c149afbf4c8996fb92427ae41e4649b934ca495991b7852b855,reader_responses/static_fresh/replicate_0/fold_0/feedback/e3b0c44298fc1c149afbf4c8996fb92427ae41e4649b934ca495991b7852b855/8d5156bd5884c0181f3b8d1a.json
9811c1b3dcecaef97f8e7429,neutral,feedback,True,True,True,True,4b5cea7b5eaad3cca48ae4312c4cd3190519bbe7b9cb9984ca524950d21502b4,e3b0c44298fc1c149afbf4c8996fb92427ae41e4649b934ca495991b7852b855,reader_responses/static_fresh/replicate_0/fold_0/feedback/e3b0c44298fc1c149afbf4c8996fb92427ae41e4649b934ca495991b7852b855/9811c1b3dcecaef97f8e7429.json
9adb08b1f297f9c1a6faa3c4,negative,feedback,True,True,True,True,4b5cea7b5eaad3cca48ae4312c4cd3190519bbe7b9cb9984ca524950d21502b4,e3b0c44298fc1c149afbf4c8996fb92427ae41e4649b934ca495991b7852b855,reader_responses/static_fresh/replicate_0/fold_0/feedback/e3b0c44298fc1c149afbf4c8996fb92427ae41e4649b934ca495991b7852b855/9adb08b1f297f9c1a6faa3c4.json
9c80775b9a859af44f335232,negative,feedback,True,True,True,True,4b5cea7b5eaad3cca48ae4312c4cd3190519bbe7b9cb9984ca524950d21502b4,e3b0c44298fc1c149afbf4c8996fb92427ae41e4649b934ca495991b7852b855,reader_responses/static_fresh/replicate_0/fold_0/feedback/e3b0c44298fc1c149afbf4c8996fb92427ae41e4649b934ca495991b7852b855/9c80775b9a859af44f335232.json
9cc6c3e9b22fa464378e367e,unclear,feedback,True,True,True,True,4b5cea7b5eaad3cca48ae4312c4cd3190519bbe7b9cb9984ca524950d21502b4,e3b0c44298fc1c149afbf4c8996fb92427ae41e4649b934ca495991b7852b855,reader_responses/static_fresh/replicate_0/fold_0/feedback/e3b0c44298fc1c149afbf4c8996fb92427ae41e4649b934ca495991b7852b855/9cc6c3e9b22fa464378e367e.json
9d8a2fb8c772e63831f000af,positive,feedback,True,True,True,True,4b5cea7b5eaad3cca48ae4312c4cd3190519bbe7b9cb9984ca524950d21502b4,e3b0c44298fc1c149afbf4c8996fb92427ae41e4649b934ca495991b7852b855,reader_responses/static_fresh/replicate_0/fold_0/feedback/e3b0c44298fc1c149afbf4c8996fb92427ae41e4649b934ca495991b7852b855/9d8a2fb8c772e63831f000af.json
9ec2648b41df1a0c87ddfcdf,negative,feedback,True,True,True,True,4b5cea7b5eaad3cca48ae4312c4cd3190519bbe7b9cb9984ca524950d21502b4,e3b0c44298fc1c149afbf4c8996fb92427ae41e4649b934ca495991b7852b855,reader_responses/static_fresh/replicate_0/fold_0/feedback/e3b0c44298fc1c149afbf4c8996fb92427ae41e4649b934ca495991b7852b855/9ec2648b41df1a0c87ddfcdf.json
9fdc7681de18b5a5c039476d,positive,feedback,True,True,True,True,4b5cea7b5eaad3cca48ae4312c4cd3190519bbe7b9cb9984ca524950d21502b4,e3b0c44298fc1c149afbf4c8996fb92427ae41e4649b934ca495991b7852b855,reader_responses/static_fresh/replicate_0/fold_0/feedback/e3b0c44298fc1c149afbf4c8996fb92427ae41e4649b934ca495991b7852b855/9fdc7681de18b5a5c039476d.json
a018fce0416996beb2a6c872,negative,feedback,True,True,True,True,4b5cea7b5eaad3cca48ae4312c4cd3190519bbe7b9cb9984ca524950d21502b4,e3b0c44298fc1c149afbf4c8996fb92427ae41e4649b934ca495991b7852b855,reader_responses/static_fresh/replicate_0/fold_0/feedback/e3b0c44298fc1c149afbf4c8996fb92427ae41e4649b934ca495991b7852b855/a018fce0416996beb2a6c872.json
a46057cecc80f3114b3a2629,negative,feedback,True,True,True,True,4b5cea7b5eaad3cca48ae4312c4cd3190519bbe7b9cb9984ca524950d21502b4,e3b0c44298fc1c149afbf4c8996fb92427ae41e4649b934ca495991b7852b855,reader_responses/static_fresh/replicate_0/fold_0/feedback/e3b0c44298fc1c149afbf4c8996fb92427ae41e4649b934ca495991b7852b855/a46057cecc80f3114b3a2629.json
a695ee4a331f20dd29857950,negative,feedback,True,True,True,True,4b5cea7b5eaad3cca48ae4312c4cd3190519bbe7b9cb9984ca524950d21502b4,e3b0c44298fc1c149afbf4c8996fb92427ae41e4649b934ca495991b7852b855,reader_responses/static_fresh/replicate_0/fold_0/feedback/e3b0c44298fc1c149afbf4c8996fb92427ae41e4649b934ca495991b7852b855/a695ee4a331f20dd29857950.json
aa667edc2e5e98b73951661e,negative,feedback,True,True,True,True,4b5cea7b5eaad3cca48ae4312c4cd3190519bbe7b9cb9984ca524950d21502b4,e3b0c44298fc1c149afbf4c8996fb92427ae41e4649b934ca495991b7852b855,reader_responses/static_fresh/replicate_0/fold_0/feedback/e3b0c44298fc1c149afbf4c8996fb92427ae41e4649b934ca495991b7852b855/aa667edc2e5e98b73951661e.json
ac0c1cb20d003dc1e0cbc4d3,unclear,feedback,True,True,True,True,4b5cea7b5eaad3cca48ae4312c4cd3190519bbe7b9cb9984ca524950d21502b4,e3b0c44298fc1c149afbf4c8996fb92427ae41e4649b934ca495991b7852b855,reader_responses/static_fresh/replicate_0/fold_0/feedback/e3b0c44298fc1c149afbf4c8996fb92427ae41e4649b934ca495991b7852b855/ac0c1cb20d003dc1e0cbc4d3.json
afdc0ab174f4287db7dbb796,positive,feedback,True,True,True,True,4b5cea7b5eaad3cca48ae4312c4cd3190519bbe7b9cb9984ca524950d21502b4,e3b0c44298fc1c149afbf4c8996fb92427ae41e4649b934ca495991b7852b855,reader_responses/static_fresh/replicate_0/fold_0/feedback/e3b0c44298fc1c149afbf4c8996fb92427ae41e4649b934ca495991b7852b855/afdc0ab174f4287db7dbb796.json
b157ac5cb19ce50404effbf7,negative,feedback,True,True,True,True,4b5cea7b5eaad3cca48ae4312c4cd3190519bbe7b9cb9984ca524950d21502b4,e3b0c44298fc1c149afbf4c8996fb92427ae41e4649b934ca495991b7852b855,reader_responses/static_fresh/replicate_0/fold_0/feedback/e3b0c44298fc1c149afbf4c8996fb92427ae41e4649b934ca495991b7852b855/b157ac5cb19ce50404effbf7.json
b536b6f35875ee415ae8cf11,negative,feedback,True,True,True,True,4b5cea7b5eaad3cca48ae4312c4cd3190519bbe7b9cb9984ca524950d21502b4,e3b0c44298fc1c149afbf4c8996fb92427ae41e4649b934ca495991b7852b855,reader_responses/static_fresh/replicate_0/fold_0/feedback/e3b0c44298fc1c149afbf4c8996fb92427ae41e4649b934ca495991b7852b855/b536b6f35875ee415ae8cf11.json
b547710753d784d1e0e1e0ec,positive,feedback,True,True,True,True,4b5cea7b5eaad3cca48ae4312c4cd3190519bbe7b9cb9984ca524950d21502b4,e3b0c44298fc1c149afbf4c8996fb92427ae41e4649b934ca495991b7852b855,reader_responses/static_fresh/replicate_0/fold_0/feedback/e3b0c44298fc1c149afbf4c8996fb92427ae41e4649b934ca495991b7852b855/b547710753d784d1e0e1e0ec.json
b7768f130f5b19fca64de301,negative,feedback,True,True,True,True,4b5cea7b5eaad3cca48ae4312c4cd3190519bbe7b9cb9984ca524950d21502b4,e3b0c44298fc1c149afbf4c8996fb92427ae41e4649b934ca495991b7852b855,reader_responses/static_fresh/replicate_0/fold_0/feedback/e3b0c44298fc1c149afbf4c8996fb92427ae41e4649b934ca495991b7852b855/b7768f130f5b19fca64de301.json
b872474e3cadb8d7c7a12dc4,negative,feedback,True,True,True,True,4b5cea7b5eaad3cca48ae4312c4cd3190519bbe7b9cb9984ca524950d21502b4,e3b0c44298fc1c149afbf4c8996fb92427ae41e4649b934ca495991b7852b855,reader_responses/static_fresh/replicate_0/fold_0/feedback/e3b0c44298fc1c149afbf4c8996fb92427ae41e4649b934ca495991b7852b855/b872474e3cadb8d7c7a12dc4.json
bc71ff9e3f85693ccb24392a,positive,feedback,True,True,True,True,4b5cea7b5eaad3cca48ae4312c4cd3190519bbe7b9cb9984ca524950d21502b4,e3b0c44298fc1c149afbf4c8996fb92427ae41e4649b934ca495991b7852b855,reader_responses/static_fresh/replicate_0/fold_0/feedback/e3b0c44298fc1c149afbf4c8996fb92427ae41e4649b934ca495991b7852b855/bc71ff9e3f85693ccb24392a.json
c3ce34a9a4215c3eae71d9cf,negative,feedback,True,True,True,True,4b5cea7b5eaad3cca48ae4312c4cd3190519bbe7b9cb9984ca524950d21502b4,e3b0c44298fc1c149afbf4c8996fb92427ae41e4649b934ca495991b7852b855,reader_responses/static_fresh/replicate_0/fold_0/feedback/e3b0c44298fc1c149afbf4c8996fb92427ae41e4649b934ca495991b7852b855/c3ce34a9a4215c3eae71d9cf.json
c44be202c57406ab6d7fbbe9,negative,feedback,True,True,True,True,4b5cea7b5eaad3cca48ae4312c4cd3190519bbe7b9cb9984ca524950d21502b4,e3b0c44298fc1c149afbf4c8996fb92427ae41e4649b934ca495991b7852b855,reader_responses/static_fresh/replicate_0/fold_0/feedback/e3b0c44298fc1c149afbf4c8996fb92427ae41e4649b934ca495991b7852b855/c44be202c57406ab6d7fbbe9.json
c56f6b57a6bf0e1f663b34e8,negative,feedback,True,True,True,True,4b5cea7b5eaad3cca48ae4312c4cd3190519bbe7b9cb9984ca524950d21502b4,e3b0c44298fc1c149afbf4c8996fb92427ae41e4649b934ca495991b7852b855,reader_responses/static_fresh/replicate_0/fold_0/feedback/e3b0c44298fc1c149afbf4c8996fb92427ae41e4649b934ca495991b7852b855/c56f6b57a6bf0e1f663b34e8.json
c57a31078b12b83b138e0d4b,positive,feedback,True,True,True,True,4b5cea7b5eaad3cca48ae4312c4cd3190519bbe7b9cb9984ca524950d21502b4,e3b0c44298fc1c149afbf4c8996fb92427ae41e4649b934ca495991b7852b855,reader_responses/static_fresh/replicate_0/fold_0/feedback/e3b0c44298fc1c149afbf4c8996fb92427ae41e4649b934ca495991b7852b855/c57a31078b12b83b138e0d4b.json
c70fc8963c82ae6857291a3f,positive,feedback,True,True,True,True,4b5cea7b5eaad3cca48ae4312c4cd3190519bbe7b9cb9984ca524950d21502b4,e3b0c44298fc1c149afbf4c8996fb92427ae41e4649b934ca495991b7852b855,reader_responses/static_fresh/replicate_0/fold_0/feedback/e3b0c44298fc1c149afbf4c8996fb92427ae41e4649b934ca495991b7852b855/c70fc8963c82ae6857291a3f.json
cc16473eb38f4fa4bbbd66db,positive,feedback,True,True,True,True,4b5cea7b5eaad3cca48ae4312c4cd3190519bbe7b9cb9984ca524950d21502b4,e3b0c44298fc1c149afbf4c8996fb92427ae41e4649b934ca495991b7852b855,reader_responses/static_fresh/replicate_0/fold_0/feedback/e3b0c44298fc1c149afbf4c8996fb92427ae41e4649b934ca495991b7852b855/cc16473eb38f4fa4bbbd66db.json
cc4fe532ae198046601fb809,unclear,feedback,True,True,True,True,4b5cea7b5eaad3cca48ae4312c4cd3190519bbe7b9cb9984ca524950d21502b4,e3b0c44298fc1c149afbf4c8996fb92427ae41e4649b934ca495991b7852b855,reader_responses/static_fresh/replicate_0/fold_0/feedback/e3b0c44298fc1c149afbf4c8996fb92427ae41e4649b934ca495991b7852b855/cc4fe532ae198046601fb809.json
ccffdce4a41b9e9343d2d344,unclear,feedback,True,True,True,True,4b5cea7b5eaad3cca48ae4312c4cd3190519bbe7b9cb9984ca524950d21502b4,e3b0c44298fc1c149afbf4c8996fb92427ae41e4649b934ca495991b7852b855,reader_responses/static_fresh/replicate_0/fold_0/feedback/e3b0c44298fc1c149afbf4c8996fb92427ae41e4649b934ca495991b7852b855/ccffdce4a41b9e9343d2d344.json
d35e8af9008e53d687797963,positive,feedback,True,True,True,True,4b5cea7b5eaad3cca48ae4312c4cd3190519bbe7b9cb9984ca524950d21502b4,e3b0c44298fc1c149afbf4c8996fb92427ae41e4649b934ca495991b7852b855,reader_responses/static_fresh/replicate_0/fold_0/feedback/e3b0c44298fc1c149afbf4c8996fb92427ae41e4649b934ca495991b7852b855/d35e8af9008e53d687797963.json
d79a7657c3d785c2c399eb03,positive,feedback,True,True,True,True,4b5cea7b5eaad3cca48ae4312c4cd3190519bbe7b9cb9984ca524950d21502b4,e3b0c44298fc1c149afbf4c8996fb92427ae41e4649b934ca495991b7852b855,reader_responses/static_fresh/replicate_0/fold_0/feedback/e3b0c44298fc1c149afbf4c8996fb92427ae41e4649b934ca495991b7852b855/d79a7657c3d785c2c399eb03.json
d805ac6fc8d1889fff861744,neutral,feedback,True,True,True,True,4b5cea7b5eaad3cca48ae4312c4cd3190519bbe7b9cb9984ca524950d21502b4,e3b0c44298fc1c149afbf4c8996fb92427ae41e4649b934ca495991b7852b855,reader_responses/static_fresh/replicate_0/fold_0/feedback/e3b0c44298fc1c149afbf4c8996fb92427ae41e4649b934ca495991b7852b855/d805ac6fc8d1889fff861744.json
df116f60a1b516718d37f806,positive,feedback,True,True,True,True,4b5cea7b5eaad3cca48ae4312c4cd3190519bbe7b9cb9984ca524950d21502b4,e3b0c44298fc1c149afbf4c8996fb92427ae41e4649b934ca495991b7852b855,reader_responses/static_fresh/replicate_0/fold_0/feedback/e3b0c44298fc1c149afbf4c8996fb92427ae41e4649b934ca495991b7852b855/df116f60a1b516718d37f806.json
df8905856cee940ea1e78a3e,negative,feedback,True,True,True,True,4b5cea7b5eaad3cca48ae4312c4cd3190519bbe7b9cb9984ca524950d21502b4,e3b0c44298fc1c149afbf4c8996fb92427ae41e4649b934ca495991b7852b855,reader_responses/static_fresh/replicate_0/fold_0/feedback/e3b0c44298fc1c149afbf4c8996fb92427ae41e4649b934ca495991b7852b855/df8905856cee940ea1e78a3e.json
e3201c446bfdab3b6f1d48c8,negative,feedback,True,True,True,True,4b5cea7b5eaad3cca48ae4312c4cd3190519bbe7b9cb9984ca524950d21502b4,e3b0c44298fc1c149afbf4c8996fb92427ae41e4649b934ca495991b7852b855,reader_responses/static_fresh/replicate_0/fold_0/feedback/e3b0c44298fc1c149afbf4c8996fb92427ae41e4649b934ca495991b7852b855/e3201c446bfdab3b6f1d48c8.json
e66dad2f9bb23f58d7266970,positive,feedback,True,True,True,True,4b5cea7b5eaad3cca48ae4312c4cd3190519bbe7b9cb9984ca524950d21502b4,e3b0c44298fc1c149afbf4c8996fb92427ae41e4649b934ca495991b7852b855,reader_responses/static_fresh/replicate_0/fold_0/feedback/e3b0c44298fc1c149afbf4c8996fb92427ae41e4649b934ca495991b7852b855/e66dad2f9bb23f58d7266970.json
ecfd7f9ee3f64b5686b694f3,negative,feedback,True,True,True,True,4b5cea7b5eaad3cca48ae4312c4cd3190519bbe7b9cb9984ca524950d21502b4,e3b0c44298fc1c149afbf4c8996fb92427ae41e4649b934ca495991b7852b855,reader_responses/static_fresh/replicate_0/fold_0/feedback/e3b0c44298fc1c149afbf4c8996fb92427ae41e4649b934ca495991b7852b855/ecfd7f9ee3f64b5686b694f3.json
ee35742532eb4501f8dc9db8,negative,feedback,True,True,True,True,4b5cea7b5eaad3cca48ae4312c4cd3190519bbe7b9cb9984ca524950d21502b4,e3b0c44298fc1c149afbf4c8996fb92427ae41e4649b934ca495991b7852b855,reader_responses/static_fresh/replicate_0/fold_0/feedback/e3b0c44298fc1c149afbf4c8996fb92427ae41e4649b934ca495991b7852b855/ee35742532eb4501f8dc9db8.json
ef8d3eb60ff77edcf6eacb00,negative,feedback,True,True,True,True,4b5cea7b5eaad3cca48ae4312c4cd3190519bbe7b9cb9984ca524950d21502b4,e3b0c44298fc1c149afbf4c8996fb92427ae41e4649b934ca495991b7852b855,reader_responses/static_fresh/replicate_0/fold_0/feedback/e3b0c44298fc1c149afbf4c8996fb92427ae41e4649b934ca495991b7852b855/ef8d3eb60ff77edcf6eacb00.json
f01956e0299d2af10fe2bfc1,positive,feedback,True,True,True,True,4b5cea7b5eaad3cca48ae4312c4cd3190519bbe7b9cb9984ca524950d21502b4,e3b0c44298fc1c149afbf4c8996fb92427ae41e4649b934ca495991b7852b855,reader_responses/static_fresh/replicate_0/fold_0/feedback/e3b0c44298fc1c149afbf4c8996fb92427ae41e4649b934ca495991b7852b855/f01956e0299d2af10fe2bfc1.json
f388e02044eca97757a6427a,negative,feedback,True,True,True,True,4b5cea7b5eaad3cca48ae4312c4cd3190519bbe7b9cb9984ca524950d21502b4,e3b0c44298fc1c149afbf4c8996fb92427ae41e4649b934ca495991b7852b855,reader_responses/static_fresh/replicate_0/fold_0/feedback/e3b0c44298fc1c149afbf4c8996fb92427ae41e4649b934ca495991b7852b855/f388e02044eca97757a6427a.json
fa4ea8008abc4f3a375376ae,negative,feedback,True,True,True,True,4b5cea7b5eaad3cca48ae4312c4cd3190519bbe7b9cb9984ca524950d21502b4,e3b0c44298fc1c149afbf4c8996fb92427ae41e4649b934ca495991b7852b855,reader_responses/static_fresh/replicate_0/fold_0/feedback/e3b0c44298fc1c149afbf4c8996fb92427ae41e4649b934ca495991b7852b855/fa4ea8008abc4f3a375376ae.json
fbdd3acb567a979625265e6e,negative,feedback,True,True,True,True,4b5cea7b5eaad3cca48ae4312c4cd3190519bbe7b9cb9984ca524950d21502b4,e3b0c44298fc1c149afbf4c8996fb92427ae41e4649b934ca495991b7852b855,reader_responses/static_fresh/replicate_0/fold_0/feedback/e3b0c44298fc1c149afbf4c8996fb92427ae41e4649b934ca495991b7852b855/fbdd3acb567a979625265e6e.json
fd3a4fe2bb6fb6d30d272db5,positive,feedback,True,True,True,True,4b5cea7b5eaad3cca48ae4312c4cd3190519bbe7b9cb9984ca524950d21502b4,e3b0c44298fc1c149afbf4c8996fb92427ae41e4649b934ca495991b7852b855,reader_responses/static_fresh/replicate_0/fold_0/feedback/e3b0c44298fc1c149afbf4c8996fb92427ae41e4649b934ca495991b7852b855/fd3a4fe2bb6fb6d30d272db5.json
fdf18d4dfaa58511ede42e0b,negative,feedback,True,True,True,True,4b5cea7b5eaad3cca48ae4312c4cd3190519bbe7b9cb9984ca524950d21502b4,e3b0c44298fc1c149afbf4c8996fb92427ae41e4649b934ca495991b7852b855,reader_responses/static_fresh/replicate_0/fold_0/feedback/e3b0c44298fc1c149afbf4c8996fb92427ae41e4649b934ca495991b7852b855/fdf18d4dfaa58511ede42e0b.json
