record_id,meeting_date,phrase,matched_text,start,end,sign,direction,direction_spans,context
9efa148e7a2e72f67761__original,2000-02-02,stock market index*,stock market indexes,451,471,negative,fell,"[[472, 476]]","ects of higher interest rates apparently offset those of unexpectedly high corporate earnings, and most broad stock market indexes fell slightly on balance over the intermeeting period. In foreign exchange markets, the trade-weighted value of the dollar was up on balance over the"
b15e1b7af3146dac930d__original,2000-02-02,wealth effect*,wealth effects,333,347,unclassified,,[]," The expansion of domestic final demand increasingly would be held back by the anticipated waning of positive wealth effects associated with earlier large gains in equity prices and by higher interest rates. As a result, growth of spending on consumer durables and houses wa"
b15e1b7af3146dac930d__original,2000-02-02,equity price*,equity prices,387,400,positive,gain*,"[[378, 383]]","ould be held back by the anticipated waning of positive wealth effects associated with earlier large gains in equity prices and by higher interest rates. As a result, growth of spending on consumer durables and houses was expected to slow; in contrast, however, overall bus"
54f36276fe2c57feb91e__original,2000-02-02,stock market wealth,stock market wealth,399,418,positive,increas*,"[[386, 395]]", induced expectations of rapidly accelerating business earnings that in turn had generated sharp increases in stock market wealth and lifted the growth of purchasing power and spending above that in incomes. Relatively high real interest rates that reflected the increased produc
54f36276fe2c57feb91e__original,2000-02-02,asset valu*,asset values,598,610,positive,rise*,"[[590, 594]]",incomes. Relatively high real interest rates that reflected the increased productivity and damped the rise in asset values would be needed to help restore balance.
0b3581cfd6b428f6f2f2__original,2000-02-02,wealth effect*,wealth effects,213,227,unclassified,,[],"being supported by robust growth in jobs and incomes, very high levels of consumer confidence, and the lagged wealth effects from earlier advances in stock market prices. Even so, growth in consumer spending was thought likely to moderate over time to a pace more in line wi"
0b3581cfd6b428f6f2f2__original,2000-02-02,stock market price*,stock market prices,253,272,positive,advanc*,"[[241, 249]]"," and incomes, very high levels of consumer confidence, and the lagged wealth effects from earlier advances in stock market prices. Even so, growth in consumer spending was thought likely to moderate over time to a pace more in line with the expansion in consumer incomes, unless "
0b3581cfd6b428f6f2f2__original,2000-02-02,stock market*,stock market,426,438,unclassified,,[],"hought likely to moderate over time to a pace more in line with the expansion in consumer incomes, unless the stock market posted large further increases from current levels."
9b6dbe1713ad9063cc51__original,2000-02-02,wealth effect*,wealth effects,126,140,unclassified,,[],"being supported by robust growth in jobs and incomes, very high levels of consumer confidence, and the lagged wealth effects from earlier advances in stock market prices. Even so, growth in consumer spending was thought likely to moderate over time to a pace more in line wi"
9b6dbe1713ad9063cc51__original,2000-02-02,stock market price*,stock market prices,166,185,positive,advanc*,"[[154, 162]]"," and incomes, very high levels of consumer confidence, and the lagged wealth effects from earlier advances in stock market prices. Even so, growth in consumer spending was thought likely to moderate over time to a pace more in line with the expansion in consumer incomes, unless "
9b6dbe1713ad9063cc51__original,2000-02-02,stock market*,stock market,339,351,unclassified,,[],"hought likely to moderate over time to a pace more in line with the expansion in consumer incomes, unless the stock market posted large further increases from current levels. As the experience of recent years had amply demonstrated, however, the future course of stock mar"
9b6dbe1713ad9063cc51__original,2000-02-02,stock market price*,stock market prices,492,511,positive,high*,"[[516, 522]]"," from current levels. As the experience of recent years had amply demonstrated, however, the future course of stock market prices was highly uncertain, and equity markets had shown a remarkable resilience to higher interest rates as earning prospects continued to be marked up in"
9b6dbe1713ad9063cc51__original,2000-02-02,equity market*,equity markets,538,552,unclassified,,[],"ent years had amply demonstrated, however, the future course of stock market prices was highly uncertain, and equity markets had shown a remarkable resilience to higher interest rates as earning prospects continued to be marked up in association with the acceleration in pro"
010a2da363e77e0624df__original,2000-02-02,stock market*,stock market,152,164,unclassified,,[],"hought likely to moderate over time to a pace more in line with the expansion in consumer incomes, unless the stock market posted large further increases from current levels. As the experience of recent years had amply demonstrated, however, the future course of stock mar"
010a2da363e77e0624df__original,2000-02-02,stock market price*,stock market prices,305,324,positive,high*,"[[329, 335]]"," from current levels. As the experience of recent years had amply demonstrated, however, the future course of stock market prices was highly uncertain, and equity markets had shown a remarkable resilience to higher interest rates as earning prospects continued to be marked up in"
010a2da363e77e0624df__original,2000-02-02,equity market*,equity markets,351,365,unclassified,,[],"ent years had amply demonstrated, however, the future course of stock market prices was highly uncertain, and equity markets had shown a remarkable resilience to higher interest rates as earning prospects continued to be marked up in association with the acceleration in pro"
3761774de4b0f33fe65e__original,2000-03-21,equity price*,equity prices,426,439,unclassified,,[],"rned back down in response to new information indicating continued low inflation and to greater volatility in equity prices. On balance over the intermeeting period, interest rates on private instruments registered small mixed changes while yields on longer-term Treasury s"
d2495adc5ff4d212a9ac__original,2000-03-21,index* of equity price*,indexes of equity prices,193,217,positive,mov* up,"[[218, 226]]","stered small mixed changes while yields on longer-term Treasury securities declined significantly. Most major indexes of equity prices moved up appreciably on net over the intermeeting period. In foreign exchange markets, the trade-weighted value of the dollar changed little over the"
640987f8751517ae5500__original,2000-03-21,equities,equities,201,209,unclassified,,[],"nd rising opportunity costs of holding liquid balances. In addition, the surging prices of technology-related equities might have spurred depositors to shift some of their M2 balances into equity mutual funds. The growth of total domestic nonfinancial debt slowed earl"
aa687f0ee0fa379c02f0__original,2000-03-21,wealth effect*,wealth effects,344,358,unclassified,,[]," The expansion of domestic final demand increasingly would be held back by the anticipated waning of positive wealth effects associated with large earlier gains in equity prices and by higher interest rates. As a result, the growth of spending on consumer durables and house"
aa687f0ee0fa379c02f0__original,2000-03-21,equity price*,equity prices,398,411,positive,gain*,"[[389, 394]]","ould be held back by the anticipated waning of positive wealth effects associated with large earlier gains in equity prices and by higher interest rates. As a result, the growth of spending on consumer durables and houses was expected to slow; in addition, business investm"
f3e129ab4da2750a4f13__original,2000-03-21,stock market*,stock market,347,359,unclassified,,[],"er debt loads, and the effects of higher oil prices. Of key importance was the prospective performance of the stock market, whose robust gains in recent years had undoubtedly boosted consumer confidence and spending. The members noted that equity prices generally had post"
f3e129ab4da2750a4f13__original,2000-03-21,equity price*,equity prices,477,490,unclassified,,[],"robust gains in recent years had undoubtedly boosted consumer confidence and spending. The members noted that equity prices generally had posted further gains during the intermeeting period, but in their view the large increases of recent years were not likely to be repeat"
b6f71d83a6c33250b73f__original,2000-03-21,stock market*,stock market,57,69,unclassified,,[],"Of key importance was the prospective performance of the stock market, whose robust gains in recent years had undoubtedly boosted consumer confidence and spending. The members noted that equity prices generally had post"
b6f71d83a6c33250b73f__original,2000-03-21,equity price*,equity prices,187,200,unclassified,,[],"robust gains in recent years had undoubtedly boosted consumer confidence and spending. The members noted that equity prices generally had posted further gains during the intermeeting period, but in their view the large increases of recent years were not likely to be repeat"
b6f71d83a6c33250b73f__original,2000-03-21,wealth effect*,wealth effects,521,535,unclassified,,[],"ect on consumer expenditures over time. Even so, further increases in household incomes along with the lagged wealth effects of the sharp earlier advances in stock market prices seemed likely to sustain relatively strong consumer spending for some period of time."
b6f71d83a6c33250b73f__original,2000-03-21,stock market price*,stock market prices,569,588,positive,advanc*,"[[557, 565]]", further increases in household incomes along with the lagged wealth effects of the sharp earlier advances in stock market prices seemed likely to sustain relatively strong consumer spending for some period of time.
5896bb6b7691d55e1955__original,2000-03-21,equity price*,equity prices,23,36,unclassified,,[],"The members noted that equity prices generally had posted further gains during the intermeeting period, but in their view the large increases of recent years were not likely to be repeat"
5896bb6b7691d55e1955__original,2000-03-21,wealth effect*,wealth effects,357,371,unclassified,,[],"ect on consumer expenditures over time. Even so, further increases in household incomes along with the lagged wealth effects of the sharp earlier advances in stock market prices seemed likely to sustain relatively strong consumer spending for some period of time. After mode"
5896bb6b7691d55e1955__original,2000-03-21,stock market price*,stock market prices,405,424,positive,advanc*,"[[393, 401]]"," further increases in household incomes along with the lagged wealth effects of the sharp earlier advances in stock market prices seemed likely to sustain relatively strong consumer spending for some period of time. After moderating toward the end of 1999, in part because of cau"
4205df932af80c70fcbc__original,2000-03-21,stock market*,stock market,194,206,unclassified,,[],"and the ready availability of both debt and equity financing. The divergence, at least until recently, in the stock market between the valuations of high-tech firms and those of more traditional, established firms was inducing a redirection of investment funds to business"
a86791bf2277af31d811__original,2000-03-21,stock market*,stock market,324,336,unclassified,,[],"ct to a sizable market adjustment at some point. That risk was underscored by the increased volatility of the stock market. In the housing sector, building activity generally remained at a high level, though slipping a bit in some parts of the country, and there were only"
c354e4c2e2ea09618b86__original,2000-05-16,stock market wealth,stock market wealth,252,271,positive,gain*,"[[243, 248]]",sing mortgage rates apparently was being underpinned by the rapid growth of jobs and the accumulated gains in stock market wealth. Business fixed investment was up sharply in the first quarter after a sluggish performance late last year.
9a8b13a2d5e4427c57a9__original,2000-05-16,stock price*,stock prices,261,273,negative,tumbl*,"[[274, 281]]"," some sentiment for a larger policy tightening than had been undertaken. Subsequently, interest rates fell as stock prices tumbled over the first half of April, when investors seemed to revise downward their assessments of equity valuations, especially those of more specu"
9a8b13a2d5e4427c57a9__original,2000-05-16,equity valu*,equity valuations,374,391,unclassified,,[],"ck prices tumbled over the first half of April, when investors seemed to revise downward their assessments of equity valuations, especially those of more speculative technology shares that previously had risen considerably. Interest rates more than reversed those declines, how"
9a8b13a2d5e4427c57a9__original,2000-05-16,stock price*,stock prices,552,564,unclassified,,[],"hares that previously had risen considerably. Interest rates more than reversed those declines, however, when stock prices began to level out and incoming data suggested that aggregate demand continued to expand faster than potential supply and that wage and price develop"
18829437dc80612565e5__original,2000-05-16,stock price*,stock prices,37,49,negative,tumbl*,"[[50, 57]]","Subsequently, interest rates fell as stock prices tumbled over the first half of April, when investors seemed to revise downward their assessments of equity valuations, especially those of more specu"
18829437dc80612565e5__original,2000-05-16,equity valu*,equity valuations,150,167,unclassified,,[],"ck prices tumbled over the first half of April, when investors seemed to revise downward their assessments of equity valuations, especially those of more speculative technology shares that previously had risen considerably. Interest rates more than reversed those declines, how"
18829437dc80612565e5__original,2000-05-16,stock price*,stock prices,328,340,unclassified,,[],"hares that previously had risen considerably. Interest rates more than reversed those declines, however, when stock prices began to level out and incoming data suggested that aggregate demand continued to expand faster than potential supply and that wage and price develop"
5fce122d7db07cd85920__original,2000-05-16,index* of equity price*,indexes of equity prices,143,167,negative,declin*,"[[168, 176]]","period, private interest rates moved up appreciably while Treasury yields increased somewhat less. Most major indexes of equity prices declined significantly over the intermeeting period. In foreign exchange markets, the trade-weighted value of the dollar appreciated considerably ove"
1892ff74cbb068bf111b__original,2000-05-16,wealth effect*,wealth effects,346,360,unclassified,,[]," The expansion of domestic final demand increasingly would be held back by the anticipated waning of positive wealth effects associated with earlier large gains in equity prices and by higher interest rates. As a result, the growth of spending on consumer durables and house"
1892ff74cbb068bf111b__original,2000-05-16,equity price*,equity prices,400,413,positive,gain*,"[[391, 396]]","ould be held back by the anticipated waning of positive wealth effects associated with earlier large gains in equity prices and by higher interest rates. As a result, the growth of spending on consumer durables and houses was expected to slow; in contrast, however, overall"
b054587be718c68a5074__original,2000-05-16,stock market price*,stock market prices,302,321,positive,rise*,"[[294, 298]]",eat in the context of an extended period of sizable expansion in employment and incomes and the sharp rise in stock market prices over the course of recent years. Some members observed that the slightly less ebullient consumer behavior recently might have been influenced to some
b054587be718c68a5074__original,2000-05-16,stock market*,stock market,526,538,negative,downward movement,"[[501, 518]]",er behavior recently might have been influenced to some extent by the volatility and downward movement in the stock market over the course of the past several weeks.
9b6cac77253f610d89ba__original,2000-05-16,stock market price*,stock market prices,145,164,positive,rise*,"[[137, 141]]",eat in the context of an extended period of sizable expansion in employment and incomes and the sharp rise in stock market prices over the course of recent years. Some members observed that the slightly less ebullient consumer behavior recently might have been influenced to some
9b6cac77253f610d89ba__original,2000-05-16,stock market*,stock market,369,381,negative,downward movement,"[[344, 361]]",er behavior recently might have been influenced to some extent by the volatility and downward movement in the stock market over the course of the past several weeks. Higher financing costs probably also were beginning to play a role.
3614e545db868bc65293__original,2000-05-16,stock market*,stock market,186,198,unclassified,,[],"ahead, the experience of recent years amply demonstrated the difficulty of forecasting the performance of the stock market. The failure of further large increases to materialize, should that occur, would over time imply a more neutral or even a negative net impact from we"
6f3882f41c11f61b61d6__original,2000-05-16,equity price*,equity prices,531,544,positive,high*,"[[524, 530]]","the result of the ongoing acceleration of productivity, with the latter feeding back on demand through higher equity prices and profitable investment opportunities. Financial markets seemed to have recognized the need for real interest rates to rise further under these cir"
73838fa3a4803cc09619__original,2000-06-28,stock price*,stock prices,319,331,unclassified,,[],"1/2 percent target. The Committee's action and its announcement surprised markets only a little, and bond and stock prices edged a bit lower. Markets grew increasingly uneasy over the next few weeks as incoming data suggested the possible need for further substantial poli"
247c746e258fbf97af97__original,2000-06-28,equity price*,equity prices,268,281,negative,declin*,"[[256, 264]]","ave adverse effects on corporate earnings. These concerns apparently contributed to sharp further declines in equity prices and to widening risk spreads on corporate bonds. Subsequently, debt and equity markets rebounded in response to a series of U."
247c746e258fbf97af97__original,2000-06-28,equity market*,equity markets,354,368,positive,rebound*,"[[369, 378]]","arp further declines in equity prices and to widening risk spreads on corporate bonds. Subsequently, debt and equity markets rebounded in response to a series of U."
c314ac622fe68c0697b3__original,2000-06-28,equity price*,equity prices,67,80,negative,declin*,"[[55, 63]]","These concerns apparently contributed to sharp further declines in equity prices and to widening risk spreads on corporate bonds. Subsequently, debt and equity markets rebounded in response to a series of U. S."
c314ac622fe68c0697b3__original,2000-06-28,equity market*,equity markets,153,167,positive,rebound*,"[[168, 177]]","arp further declines in equity prices and to widening risk spreads on corporate bonds. Subsequently, debt and equity markets rebounded in response to a series of U. S."
e3c59ac6c670ddf3639a__original,2000-06-28,stock price*,stock price,367,378,unclassified,,[]," on longer-term Treasury securities and investment-grade corporate bonds declined appreciably, and most broad stock price indexes ended the period little changed. In foreign exchange markets, the trade-weighted value of the dollar depreciated somewhat over the intermeeti"
46a93efbe99c8a5a6891__original,2000-06-28,wealth effect*,wealth effects,353,367,unclassified,,[]," The expansion of domestic final demand increasingly would be held back by the anticipated waning of positive wealth effects associated with earlier large gains in equity prices and by higher interest rates; as a result, growth of spending on consumer durables and houses wa"
46a93efbe99c8a5a6891__original,2000-06-28,equity price*,equity prices,407,420,positive,gain*,"[[398, 403]]","ould be held back by the anticipated waning of positive wealth effects associated with earlier large gains in equity prices and by higher interest rates; as a result, growth of spending on consumer durables and houses was expected to slow further. By contrast, business fix"
b7ec1e7cd44a1da1e63f__original,2000-06-28,equity price*,equity prices,536,549,unclassified,,[],"ncluding the likelihood that much of the effect on spending of the rise in interest rates and leveling out in equity prices this year had not yet been felt. Nevertheless, the indications of slowing economic expansion were still tentative."
fc41fac32a4d5c274a8d__original,2000-06-28,wealth effect*,wealth effects,167,181,unclassified,,[], could also point to the possible extension of the less robust trend. Those factors included gradually waning wealth effects associated with the absence of further large gains in stock market prices; rising levels of consumer debt; the loss of consumer purchasing power stem
fc41fac32a4d5c274a8d__original,2000-06-28,stock market price*,stock market prices,236,255,positive,gain*,"[[227, 232]]", Those factors included gradually waning wealth effects associated with the absence of further large gains in stock market prices; rising levels of consumer debt; the loss of consumer purchasing power stemming from higher energy prices; and the large cumulative buildup of consum
0fb41f8b7191ec00599f__original,2000-06-28,wealth effect*,wealth effects,216,230,unclassified,,[],effects of higher mortgage interest rates on a growing number of homebuyers and probably also the diminishing wealth effects of the earlier run-up in stock prices and the cumulatively large additions to the stock of housing in the economy. The sluggish tone of the housing d
0fb41f8b7191ec00599f__original,2000-06-28,stock price*,stock prices,256,268,positive,run up,"[[246, 252]]",s on a growing number of homebuyers and probably also the diminishing wealth effects of the earlier run-up in stock prices and the cumulatively large additions to the stock of housing in the economy. The sluggish tone of the housing data was confirmed by anecdotal reports
d6a90c4fb68f474a5a81__original,2000-06-28,equity market*,equity markets,367,381,unclassified,,[]," in the business community, evidently associated in part with less favorable financial conditions in debt and equity markets and possibly auguring more substantial cutbacks in business investment over time should growth in personal consumption outlays be sustained on a cons"
42280675d95b25fec932__original,2000-08-22,stock market*,stock market,360,372,unclassified,,[],"ainst the background of moderate growth of real disposable income in recent quarters and little net change in stock market valuations thus far this year. Nevertheless, consumer sentiment continued to be very buoyant."
f457fb8bb31fdddebb52__original,2000-08-22,index* of stock market price*,indexes of stock market prices,344,374,positive,rose,"[[375, 379]]","d remain damped, thereby lessening or potentially obviating further tightening of monetary policy. Most broad indexes of stock market prices rose somewhat over the period since the June meeting. In foreign exchange markets, the trade-weighted value of the dollar increased on net against an"
65b0d1f75da4717db70d__original,2000-08-22,wealth effect*,wealth effects,434,448,unclassified,,[]," domestic final demand would be held back to some extent by the waning and eventual disappearance of positive wealth effects associated with outsized earlier gains in equity prices and by higher interest rates. As a result, growth of spending on consumer durables was expect"
65b0d1f75da4717db70d__original,2000-08-22,equity price*,equity prices,491,504,positive,gain*,"[[482, 487]]","by the waning and eventual disappearance of positive wealth effects associated with outsized earlier gains in equity prices and by higher interest rates. As a result, growth of spending on consumer durables was expected to stay well below that in recent quarters and housin"
c61dfa5b9da7783a3fd4__original,2000-08-22,equity price*,equity prices,408,421,unclassified,,[],"ing the economy's potential output growth and, in the context of the leveling out of the broadest measures of equity prices this year, was doing so without the full feedback on demand of previous such accelerations. While prices were rising somewhat more than a year ago, m"
e276b2726bf7f24321fb__original,2000-08-22,stock market*,stock market,338,350,positive,rising,"[[331, 337]]","tial aggregate supply owing to the effects of stronger profits on investment spending and, through the rising stock market, on consumption as well. However, the leveling out in stock prices this year suggested that recent increases in productivity growth had been built in"
e276b2726bf7f24321fb__original,2000-08-22,stock price*,stock prices,405,417,unclassified,,[],"nvestment spending and, through the rising stock market, on consumption as well. However, the leveling out in stock prices this year suggested that recent increases in productivity growth had been built into market expectations and prices some time ago and were not likely"
914063fc32ed6d6f30dd__original,2000-08-22,stock market*,stock market,235,247,positive,rising,"[[228, 234]]","tial aggregate supply owing to the effects of stronger profits on investment spending and, through the rising stock market, on consumption as well. However, the leveling out in stock prices this year suggested that recent increases in productivity growth had been built in"
914063fc32ed6d6f30dd__original,2000-08-22,stock price*,stock prices,302,314,unclassified,,[],"nvestment spending and, through the rising stock market, on consumption as well. However, the leveling out in stock prices this year suggested that recent increases in productivity growth had been built into market expectations and prices some time ago and were not likely"
914063fc32ed6d6f30dd__original,2000-08-22,equity price*,equity prices,641,654,unclassified,,[],"oductivity acceleration. Members cautioned nonetheless that the possibility that long-term interest rates and equity prices did not yet adequately reflect ongoing productivity gains could not be ruled out, with attendant effects boosting demand."
9a55ea5528d5de808359__original,2000-08-22,stock price*,stock prices,29,41,unclassified,,[],"However, the leveling out in stock prices this year suggested that recent increases in productivity growth had been built into market expectations and prices some time ago and were not likely"
9a55ea5528d5de808359__original,2000-08-22,equity price*,equity prices,368,381,unclassified,,[],"oductivity acceleration. Members cautioned nonetheless that the possibility that long-term interest rates and equity prices did not yet adequately reflect ongoing productivity gains could not be ruled out, with attendant effects boosting demand. Finally, rising productivit"
4d2ddad271660db7c29a__original,2000-08-22,wealth effect*,wealth effects,234,248,unclassified,,[],"elow expectations in several parts of the country. Factors underlying these developments included diminishing wealth effects after several months of limited changes in equity prices, the cumulative buildup in the stock of motor vehicles and other consumer durables owned by "
4d2ddad271660db7c29a__original,2000-08-22,equity price*,equity prices,292,305,unclassified,,[]," underlying these developments included diminishing wealth effects after several months of limited changes in equity prices, the cumulative buildup in the stock of motor vehicles and other consumer durables owned by the public, and the constraining effects of higher energy"
d4cd39ba2f3fe5a8589c__original,2000-08-22,equity price*,equity prices,678,691,positive,rise*,"[[696, 701]]","ng institutions were continuing to report further tightening of their standards and terms for business loans, equity prices had risen only modestly, and the dollar had firmed over recent months. In addition, the last few readings on core inflation had not suggested a furth"
c6c50c350e2aa3fd4d82__original,2000-10-03,equity price*,equity prices,403,416,unclassified,,[],"e year, likely reflecting in part the recent smaller gains in income and employment and the flattening out of equity prices thus far this year. New home sales picked up in July (latest data), though that gain might have been overstated as a result of problems with estimati"
a8ccb6e7a2278641c75b__original,2000-10-03,index* of stock market price*,indexes of stock market prices,573,603,negative,declin*,"[[604, 612]]","ome upward pressure on long-term Treasury yields and of growing concerns about corporate earnings, most broad indexes of stock market prices declined somewhat over the intermeeting period. In foreign exchange markets, the trade-weighted value of the dollar increased somewhat further on bal"
72030ded7e59d72c7f33__original,2000-10-03,wealth effect*,wealth effects,407,421,unclassified,,[],"xpansion of domestic final demand would be held back to some extent by the eventual disappearance of positive wealth effects associated with outsized earlier gains in equity prices and by higher interest rates. As a result, growth of spending on consumer durables was expect"
72030ded7e59d72c7f33__original,2000-10-03,equity price*,equity prices,464,477,positive,gain*,"[[455, 460]]","ome extent by the eventual disappearance of positive wealth effects associated with outsized earlier gains in equity prices and by higher interest rates. As a result, growth of spending on consumer durables was expected to remain appreciably below that in recent quarters a"
24a99b2f162029e5be48__original,2000-10-03,equity price*,equity prices,228,241,negative,soft*,"[[215, 224]]","f expansion in the nation's output potential. Looking ahead, they generally anticipated that the softening in equity prices and the rise in interest rates that had occurred earlier in the year would contribute to keeping growth in demand at a more subdued but still relativ"
685416aa4744c8423b27__original,2000-10-03,stock market*,stock market,238,250,unclassified,,[], industry contacts indicated that they were marking down their forecasts of retail sales. A flat and volatile stock market and the rise in energy costs appeared to be key factors currently tending to inhibit growth in consumer spending at least to some extent. On the posi
4052ac05f5f1b54756a4__original,2000-10-03,stock market*,stock market,429,441,unclassified,,[],"ng mortgage interest rates at levels still appreciably above earlier lows and the sideways performance of the stock market, were expected to constrain housing activity somewhat over coming quarters, though such activity likely would remain on a relatively high plateau. In"
d9ccbb50045491c949a2__original,2000-10-03,equity price*,equity prices,486,499,negative,weak*,"[[470, 478]]","d forecasts of slower growth in final demand and less favorable financial conditions, notably weakness in the equity prices of numerous ""new economy"" firms and tightening credit availability for business firms that did not enjoy investment-grade credit ratings or favorable"
0f42ad371308c23670f4__original,2000-11-15,index* of stock market price*,indexes of stock market prices,543,573,unclassified,,[],"United States, and wide swings in and uncertainty about the price of oil contributed to a sharp drop in broad indexes of stock market prices over the period in volatile trading. In foreign exchange markets, the trade-weighted value of the dollar increased slightly further on balance over t"
55c3c7d1fd925d5e01fa__original,2000-11-15,wealth effect*,wealth effects,389,403,unclassified,,[]," expansion of domestic final demand would be held back to some extent by the waning influence of the positive wealth effects associated with past outsized gains in equity prices but also by some firming of conditions in credit markets. As a result, growth of spending on con"
55c3c7d1fd925d5e01fa__original,2000-11-15,equity price*,equity prices,443,456,positive,gain*,"[[434, 439]]"," to some extent by the waning influence of the positive wealth effects associated with past outsized gains in equity prices but also by some firming of conditions in credit markets. As a result, growth of spending on consumer durables was expected to be appreciably below t"
5efda7320c1cf126dfa1__original,2000-11-15,equity price*,equity prices,314,327,negative,low*,"[[308, 313]]","pected shortfalls in business profitability had led to tighter credit conditions for many borrowers and lower equity prices, which would continue to restrain spending; moreover, further pressure on profit margins, with adverse effects on financial markets, business investm"
b8203e37ea740e199aa3__original,2000-11-15,stock market*,stock market,282,294,unclassified,,[],"t and energy costs in conjunction with restraint on the prices of final output had depressed the earnings and stock market valuations of many firms, notably in the high-tech area, with adverse repercussions on their ability to borrow and willingness to invest and on the f"
e93087955c210f137db9__original,2000-11-15,equity market*,equity market,309,322,unclassified,,[],ose related to fiber optics. The available evidence did not indicate any material decrease in the optimism of equity market analysts as a group regarding the outlook for earnings over the long term. This suggested that their contacts among business executives remained fund
510c80835f588d017622__original,2000-11-15,wealth effect*,wealth effects,372,386,unclassified,,[],"included the impact of elevated energy costs, the high debt burdens of many households, and the ebbing of the wealth effects from strong earlier gains in stock market prices. Even so, anticipated increases in employment and income and still relatively high levels of consume"
510c80835f588d017622__original,2000-11-15,stock market price*,stock market prices,416,435,positive,gain*,"[[407, 412]]",", the high debt burdens of many households, and the ebbing of the wealth effects from strong earlier gains in stock market prices. Even so, anticipated increases in employment and income and still relatively high levels of consumer confidence were likely to support appreciable f"
4c8606e5b51597052f4a__original,2000-12-19,stock price*,stock prices,350,362,negative,low*,"[[344, 349]]","rther in the fourth quarter in an environment of diminished consumer confidence, smaller job gains, and lower stock prices. Retail sales were down somewhat on balance in October and November after a substantial third-quarter increase; sales of light vehicles dropped over "
eb24c6eebb3c1d3de20d__original,2000-12-19,equity price*,equity prices,586,599,negative,down,"[[581, 585]]","aker outlook for economic growth, coupled with growing market concerns about corporate earnings, weighed down equity prices and boosted risk spreads on lower-rated investment-grade and high-yield bonds. Equity prices were quite volatile during the intermeeting period and, "
eb24c6eebb3c1d3de20d__original,2000-12-19,equity price*,Equity prices,679,692,unclassified,,[],"gs, weighed down equity prices and boosted risk spreads on lower-rated investment-grade and high-yield bonds. Equity prices were quite volatile during the intermeeting period and, reflecting numerous dour reports on corporate earnings and incoming information indicating sl"
eb24c6eebb3c1d3de20d__original,2000-12-19,index* of stock market price*,indexes of stock market prices,903,933,negative,drop*,"[[934, 941]]","e earnings and incoming information indicating slower growth in economic activity in the United States, broad indexes of stock market prices dropped considerably on balance over the intermeeting period."
def63b5a74d3d1a6acb8__original,2000-12-19,equity price*,equity prices,116,129,negative,down,"[[111, 115]]","aker outlook for economic growth, coupled with growing market concerns about corporate earnings, weighed down equity prices and boosted risk spreads on lower-rated investment-grade and high-yield bonds. Equity prices were quite volatile during the intermeeting period and, "
def63b5a74d3d1a6acb8__original,2000-12-19,equity price*,Equity prices,209,222,unclassified,,[],"gs, weighed down equity prices and boosted risk spreads on lower-rated investment-grade and high-yield bonds. Equity prices were quite volatile during the intermeeting period and, reflecting numerous dour reports on corporate earnings and incoming information indicating sl"
def63b5a74d3d1a6acb8__original,2000-12-19,index* of stock market price*,indexes of stock market prices,433,463,negative,drop*,"[[464, 471]]","e earnings and incoming information indicating slower growth in economic activity in the United States, broad indexes of stock market prices dropped considerably on balance over the intermeeting period. In foreign exchange markets, the trade-weighted value of the dollar edged lower on bala"
42d80cb1c21230e17169__original,2000-12-19,wealth effect*,wealth effects,417,431,unclassified,,[], the expansion of domestic final demand would be held back to some extent by the diminishing influence of the wealth effects associated with past outsized gains in equity prices but also by the relatively high interest rates and the somewhat stringent credit terms and condi
42d80cb1c21230e17169__original,2000-12-19,equity price*,equity prices,471,484,positive,gain*,"[[462, 467]]",back to some extent by the diminishing influence of the wealth effects associated with past outsized gains in equity prices but also by the relatively high interest rates and the somewhat stringent credit terms and conditions on some types of loans by financial institution
49dc08d90d1d485913f4__original,2000-12-19,wealth effect*,wealth effects,381,395,unclassified,,[],"gence of this weakness, and also as possible harbingers of developments in coming quarters, were the negative wealth effects of further declines in stock market prices, the impact of very high energy costs on disposable incomes, and some increase in caution about the outloo"
49dc08d90d1d485913f4__original,2000-12-19,stock market price*,stock market prices,419,438,negative,declin*,"[[407, 415]]","ssible harbingers of developments in coming quarters, were the negative wealth effects of further declines in stock market prices, the impact of very high energy costs on disposable incomes, and some increase in caution about the outlook for employment opportunities and incomes."
d0909af2057b4c2d85de__original,2000-12-19,equity price*,equity prices,317,330,negative,declin*,"[[307, 316]]",developments including flagging growth in demand and tightening financial conditions in the form of declining equity prices and stricter credit terms for many business borrowers. The re-evaluation of prospects was most pronounced in the high-tech industries.
a114e56f3daa3a578b85__original,2000-12-19,equity price*,equity prices,342,355,negative,deteriorat*,"[[321, 334]]","on of risks had resulted in much slower growth in production of such equipment and sharp deterioration in the equity prices of high-tech companies. At the same time, nonresidential construction activity appeared to have been well maintained in many parts of the country, th"
d1e3f36927061e7b2847__original,2000-12-19,wealth effect*,wealth effects,311,325,unclassified,,[]," course, responding to many of the same factors that were affecting consumer spending, including the negative wealth effects of declining stock market prices. On the positive side, further growth in incomes and declines in mortgage rates were key elements of underlying stre"
d1e3f36927061e7b2847__original,2000-12-19,stock market price*,stock market prices,339,358,negative,declin*,"[[329, 338]]","of the same factors that were affecting consumer spending, including the negative wealth effects of declining stock market prices. On the positive side, further growth in incomes and declines in mortgage rates were key elements of underlying strength for the housing sector."
c6f1056592bd7ec667a2__original,2000-12-19,stock market*,stock market,329,341,unclassified,,[],"mer purchasing power and were adding to the costs of many business firms, with adverse effects on profits and stock market valuations. Interacting with these developments were forecasts of further declines in business profits over coming quarters."
6c98b0fb0a26a7b436b8__original,2001-01-31,stock market price*,stock market prices,3,22,positive,rose,"[[23, 27]]","S. stock market prices rose on balance over the intermeeting period. In foreign exchange markets, the trade-weighted value of the dollar changed little on balance over the "
bddf4e6036c385a2a534__original,2001-01-31,equity market*,equity market,179,192,unclassified,,[],arently strengthened further in January. The pickup in M2 growth evidently reflected a flight from heightened equity market volatility late last year to the safety and liquidity of M2 assets along with a recent narrowing of the opportunity costs of holding funds in M2 acco
53dfade5ed51b7d4a8d2__original,2001-01-31,household* net worth,household net worth,270,289,negative,declin*,"[[259, 266]]","t anticipated that the expansion of domestic final demand would be held back to some extent by the decline in household net worth associated with the downturn that had occurred in equity prices, the remaining effects of prior monetary restraint, and the continuation of somewhat "
53dfade5ed51b7d4a8d2__original,2001-01-31,equity price*,equity prices,340,353,unclassified,,[],"d back to some extent by the decline in household net worth associated with the downturn that had occurred in equity prices, the remaining effects of prior monetary restraint, and the continuation of somewhat stringent credit terms and conditions on some types of loans by "
b25e0edf28bd0105df7f__original,2001-01-31,equity price*,equity prices,517,530,negative,low*,"[[511, 516]]","f incomes and higher job layoffs; and investor concerns about earnings could increase further, sparking lower equity prices and tighter standards and terms on credit. Except for prices of energy and medical services, the currently available information indicated relatively"
1a0ce24e90f7b0118a35__original,2001-01-31,wealth effect*,wealth effects,265,279,negative,adverse,"[[257, 264]]","nts for the purpose of reducing inventories. Other negative factors cited by the members included the adverse wealth effects of the decrease in stock market valuations, relatively high consumer debt service burdens, and possible retrenchment by consumers after an extended p"
1a0ce24e90f7b0118a35__original,2001-01-31,stock market*,stock market,299,311,negative,decreas*,"[[287, 295]]","ventories. Other negative factors cited by the members included the adverse wealth effects of the decrease in stock market valuations, relatively high consumer debt service burdens, and possible retrenchment by consumers after an extended period of large increases in purc"
6ba9992563c1ca5cca76__original,2001-03-20,stock price*,stock prices,338,350,negative,declin*,"[[326, 334]]"," incoming economic data, a steady flow of disappointing corporate earnings reports, related sharp declines in stock prices, and a notable drop in consumer confidence led market participants to conclude that more monetary easing would be required. Yields on Treasury securi"
5b3f7620612f7149c6b9__original,2001-03-20,stock market price*,stock market prices,3,22,unclassified,,[],"S. stock market prices moved sharply lower, with the tech-heavy Nasdaq experiencing an especially large drop. Nonetheless, the trade-weighted value of the dollar rose somew"
62e5d32cb730926ad543__original,2001-03-20,equity market*,equity markets,366,380,unclassified,,[],"ld advantage of money funds relative to longer-term investments, and the appeal of a safe haven from volatile equity markets. M3 grew somewhat less rapidly than M2; a pullback in the issuance of bank-managed liabilities, particularly large time deposits, was associated with"
32a47831d7bbe5b368c9__original,2001-03-20,household* net worth,household net worth,267,286,negative,declin*,"[[256, 263]]","ast anticipated that the expansion of domestic final demand would be held back to an extent by the decline in household net worth associated with the downturn that had occurred in equity prices, the lingering effects of last year's relatively high interest rates, and the continu"
32a47831d7bbe5b368c9__original,2001-03-20,equity price*,equity prices,337,350,unclassified,,[],"eld back to an extent by the decline in household net worth associated with the downturn that had occurred in equity prices, the lingering effects of last year's relatively high interest rates, and the continuation of relatively stringent terms and conditions on some types"
461162da0be77d7514f2__original,2001-03-20,equity price*,equity prices,426,439,unclassified,,[],"in the outlook for consumer and investment spending in the context of the marked decline that had occurred in equity prices and consumer confidence, and in expected business profitability, and they were concerned that weaker exports might also hold down the expansion of ec"
67e4c4a9f4e7d1f334e7__original,2001-03-20,stock market*,stock market,510,522,negative,declin*,"[[494, 502]]",at consumer sentiment might be undermined even further by continued volatility and additional declines in the stock market and by rising concerns about job losses amid persistent announcements of layoffs. Members also referred to the retarding effects on consumer expendit
0a33c6e5be2ecc0c0433__original,2001-03-20,equity market*,equity markets,345,359,negative,weak*,"[[338, 344]]","re inhibited in their investment activities by less accommodative financial conditions associated with weaker equity markets and tighter credit terms and conditions imposed by banking institutions. As a consequence, a substantial volume of planned investment was being postp"
7cb3f54bebcb123b356b__original,2001-03-20,stock market price*,stock market prices,462,481,negative,declin*,"[[450, 458]]"," expected from policy easing of this cumulative amount because it had been accompanied by further declines in stock market prices, more stringent financing terms for many business borrowers, and a stronger dollar, all of which would be holding down domestic spending and producti"
7cb3f54bebcb123b356b__original,2001-03-20,equity price*,equity prices,837,850,negative,declin*,"[[825, 833]]"," recent days, importantly reflecting the possibility of a presumed policy response to the sizable declines in equity prices that had occurred as earnings prospects proved disappointing."
e7dfa2c1fa2eec72509e__original,2001-03-20,stock market price*,stock market prices,212,231,negative,declin*,"[[200, 208]]"," expected from policy easing of this cumulative amount because it had been accompanied by further declines in stock market prices, more stringent financing terms for many business borrowers, and a stronger dollar, all of which would be holding down domestic spending and producti"
e7dfa2c1fa2eec72509e__original,2001-03-20,equity price*,equity prices,587,600,negative,declin*,"[[575, 583]]"," recent days, importantly reflecting the possibility of a presumed policy response to the sizable declines in equity prices that had occurred as earnings prospects proved disappointing. Most members agreed, however, that in the context of their focus on the economy, smalle"
d9efc84c2621977449d9__original,2001-05-15,equity price*,equity prices,453,466,positive,rise*,"[[445, 449]]","parently contributed to a narrowing of risk premiums on lower-grade private debt obligations and to a rise in equity prices. Better-than-expected first-quarter earnings also boosted stock prices, and broad indexes of U."
d9efc84c2621977449d9__original,2001-05-15,stock price*,stock prices,525,537,positive,boost*,"[[517, 524]]","ate debt obligations and to a rise in equity prices. Better-than-expected first-quarter earnings also boosted stock prices, and broad indexes of U."
e7a2830c6380646c4160__original,2001-05-15,equity price*,equity prices,213,226,positive,rise*,"[[205, 209]]","parently contributed to a narrowing of risk premiums on lower-grade private debt obligations and to a rise in equity prices. Better-than-expected first-quarter earnings also boosted stock prices, and broad indexes of U. S."
e7a2830c6380646c4160__original,2001-05-15,stock price*,stock prices,285,297,positive,boost*,"[[277, 284]]","ate debt obligations and to a rise in equity prices. Better-than-expected first-quarter earnings also boosted stock prices, and broad indexes of U. S."
5a7ab968edd687d10457__original,2001-05-15,stock market price*,stock market prices,3,22,unclassified,,[],"S. stock market prices moved substantially higher. In foreign exchange markets, the trade-weighted value of the dollar in terms of many of the major foreign currencies chan"
b2d7032c41d1ad3d14d5__original,2001-05-15,equity market*,equity markets,210,224,unclassified,,[],"ts of lower market interest rates, extensive mortgage financing activity and a flight to safety from volatile equity markets likely added to M2's strong upward trend. The expansion of M3 was bolstered by robust growth of institution-only money funds and by greater issuance "
2adf270c57c588683954__original,2001-05-15,household* net worth,household net worth,380,399,negative,declin*,"[[369, 376]]","ould be held back to an extent by some of the developments in financial markets-in particular, the decline in household net worth associated with the earlier downturn in equity prices, the continuation of relatively stringent terms and conditions on some types of loans by financ"
2adf270c57c588683954__original,2001-05-15,equity price*,equity prices,440,453,negative,downturn,"[[428, 436]]","n financial markets-in particular, the decline in household net worth associated with the earlier downturn in equity prices, the continuation of relatively stringent terms and conditions on some types of loans by financial institutions, and the appreciation of the dollar. "
2adf270c57c588683954__original,2001-05-15,household wealth,household wealth,640,656,negative,declin*,"[[629, 636]]"," of loans by financial institutions, and the appreciation of the dollar. Partly as a result of the decline in household wealth, growth of consumer spending was expected to remain relatively low for some time, and housing demand would increase only a little from its recent lev"
731e2308132cc884d56a__original,2001-05-15,wealth effect*,wealth effects,460,474,unclassified,,[],"had held up reasonably well in recent months despite a variety of adverse developments including the negative wealth effects of stock market declines, widely publicized job cutbacks, heavy consumer debt loads, and previous overspending by many consumers. A recent survey had"
731e2308132cc884d56a__original,2001-05-15,stock market*,stock market,478,490,negative,declin*,"[[491, 499]]","ably well in recent months despite a variety of adverse developments including the negative wealth effects of stock market declines, widely publicized job cutbacks, heavy consumer debt loads, and previous overspending by many consumers. A recent survey had indicated that "
5e5846f78f47c7760eeb__original,2001-05-15,wealth effect*,wealth effects,416,430,unclassified,,[],"employment and income, and further increases in unemployment in the period just ahead along with the negative wealth effects of earlier stock market price declines and the persistence of high energy costs were likely to constrain the growth in consumer expenditures over com"
5e5846f78f47c7760eeb__original,2001-05-15,stock market price*,stock market price,442,460,negative,declin*,"[[461, 469]]", further increases in unemployment in the period just ahead along with the negative wealth effects of earlier stock market price declines and the persistence of high energy costs were likely to constrain the growth in consumer expenditures over coming quarters. Household expend
3d8eae22ba8b37349830__original,2001-05-15,equity price*,equity prices,249,262,negative,downward adjust*,"[[226, 245]]","y in the United States, and notable weakness in world high-tech markets along with the downward adjustment in equity prices globally represented a downside risk factor worldwide. The anticipated recovery in this country would help to strengthen many foreign economies and i"
9ff2a78f666493f64ee3__original,2001-06-27,equity price*,equity prices,263,276,negative,weigh* on,"[[252, 262]]","bonds rose sharply in response to the adverse earnings news. The pessimistic earnings reports also weighed on equity prices, which edged lower on balance. In foreign exchange markets, the trade-weighted value of the dollar in terms of many of the major foreign currencies i"
6443f93c0e86c6ad505d__original,2001-06-27,equity market*,equity markets,547,561,unclassified,,[],"its associated with extensive mortgage financing activity, and a flight to liquidity and safety from volatile equity markets. The debt of domestic nonfinancial sectors expanded at a moderate pace on balance through May."
b5d354351098464d426c__original,2001-06-27,equity price*,equity prices,302,315,negative,low*,"[[296, 301]]","pending for equipment and software, efforts to reduce excess inventories, and the ongoing adaptation to lower equity prices in the United States and around the world were likely to hold back economic activity in the short run. Nonetheless, the members continued to anticipa"
e309a4076fd135591cb9__original,2001-06-27,equity price*,equity prices,365,378,negative,low*,"[[359, 364]]","siness confidence; the risks of disappointing business earnings that could damp investment and, through lower equity prices, consumption; and the growing indications of weakness in foreign economies that could limit demand for exports. In an environment of diminished press"
13562382d71e99dca3e3__original,2001-06-27,equity price*,equity prices,136,149,unclassified,,[],"rm interest rates had fallen substantially this year, and long-term yields had moved down late last year. But equity prices were only holding their own after a substantial decline earlier and the dollar had appreciated. Though lenders were cautious about marginally creditw"
ac8f00e81b3c20f24b79__original,2001-06-27,wealth effect*,wealth effects,371,385,negative,adverse,"[[363, 370]]","moderating appreciably since earlier in the year, had nonetheless held up unexpectedly well given the adverse wealth effects associated with the declines in stock market prices, relatively high levels of consumer indebtedness, and job losses in a growing number of industrie"
ac8f00e81b3c20f24b79__original,2001-06-27,stock market price*,stock market prices,418,437,negative,declin*,"[[406, 414]]","r, had nonetheless held up unexpectedly well given the adverse wealth effects associated with the declines in stock market prices, relatively high levels of consumer indebtedness, and job losses in a growing number of industries. Members referred in particular to the persisting "
a85465424322d11b18fe__original,2001-06-27,stock market*,stock market,357,369,negative,weak*,"[[341, 349]]","o a number of downside risks that included the possibility of rising unemployment and further weakness in the stock market, which could damp consumer confidence as well as income and wealth. However, some further growth in consumer spending remained the most likely prospe"
7420fcebd20a6e34f0ad__original,2001-06-27,stock market wealth,stock market wealth,478,497,negative,reduc*,"[[470, 477]]","ued to counterbalance the negative effects on consumer attitudes of somewhat weaker labor markets and reduced stock market wealth. While housing activity in a number of areas continued to be described as fairly robust, members noted that residential sales and construction had sl"
692efbe983f318da68ce__original,2001-08-21,equity market*,equity markets,384,398,negative,took toll on,"[[369, 383]]","reports and sizable reductions in analysts' earnings projections for the remainder of the year took a toll on equity markets, however, and broad stock market indexes moved down appreciably over the intermeeting interval. The trade-weighted value of the dollar, after an exte"
692efbe983f318da68ce__original,2001-08-21,stock market index*,stock market indexes,419,439,negative,mov* down,"[[440, 450]]","nalysts' earnings projections for the remainder of the year took a toll on equity markets, however, and broad stock market indexes moved down appreciably over the intermeeting interval. The trade-weighted value of the dollar, after an extended period of strength, fell against mos"
2e8fbfecff90cb561394__original,2001-08-21,equity market*,equity markets,283,297,unclassified,,[],as held up by a flight to liquidity and safety in light of the poor performance and substantial volatility in equity markets. Foreign demands for U.
780f28e025a07c1432bf__original,2001-08-21,household* net worth,household net worth,366,385,unclassified,,[],cast anticipated that the expansion of domestic final demand would continue to be held back by the effects on household net worth of recent and possible future declines in stock market prices and by damped consumer and business sentiment in a weaker job market. With long-term tr
780f28e025a07c1432bf__original,2001-08-21,stock market price*,stock market prices,428,447,negative,declin*,"[[416, 424]]","ould continue to be held back by the effects on household net worth of recent and possible future declines in stock market prices and by damped consumer and business sentiment in a weaker job market. With long-term trends in innovation holding up reasonably well, business fixed "
12dcc18ab6a2423185c5__original,2001-08-21,wealth effect*,wealth effects,377,391,unclassified,,[],"rgird consumer spending and the data on retail sales for July displayed relatively impressive gains, negative wealth effects from falling stock market prices, declining payrolls, and sluggish income gains--should they persist--might well depress consumer expenditures over c"
12dcc18ab6a2423185c5__original,2001-08-21,stock market price*,stock market prices,405,424,negative,fall*,"[[397, 404]]","the data on retail sales for July displayed relatively impressive gains, negative wealth effects from falling stock market prices, declining payrolls, and sluggish income gains--should they persist--might well depress consumer expenditures over coming months. In this regard, som"
1a01bcbc7ced8e0d3f98__original,2001-08-21,stock market wealth,stock market wealth,374,393,negative,declin*,"[[364, 373]]","e interest rates continued to offset weakness in employment and incomes and the negative effects of declining stock market wealth. Most regions continued to report strong housing markets, albeit with evidence of some weakening in sales of high-priced homes in a number of areas."
83fcd86f72b5ec621649__original,2001-08-21,equity market*,equity markets,396,410,negative,fall*,"[[415, 421]]"," Since the start of the year, long-term interest rates generally had not extended earlier declines, prices in equity markets had fallen substantially further, and the dollar had appreciated in foreign exchange markets. Accordingly, the inflation risks of some further moneta"
170d6dd3e540efbbcc76__original,2001-10-02,stock market price*,stock market prices,319,338,negative,declin*,"[[307, 315]]","ed from increased concerns about future sales and earnings, which also was reflected in the sharp declines in stock market prices after the equity markets reopened on September 17. Available indicators suggested that expenditures for equipment and software had remained on a shar"
170d6dd3e540efbbcc76__original,2001-10-02,equity market*,equity markets,349,363,unclassified,,[],"ut future sales and earnings, which also was reflected in the sharp declines in stock market prices after the equity markets reopened on September 17. Available indicators suggested that expenditures for equipment and software had remained on a sharp downward trajectory int"
c8234e1e89a2ef35fa6b__original,2001-10-02,stock market index*,stock market indexes,260,280,negative,fell,"[[281, 285]]"," interest rates edged lower over that period in response to generally downbeat news on the economy, and broad stock market indexes fell appreciably. For a few days after September 11, with federal funds brokerage disrupted, banks generally agreed to trade reserves at the 3-1/2 pe"
16daf84bb39a4331de2e__original,2001-10-02,stock market*,stock market,220,232,unclassified,,[],"reflecting increased investor aversion to holding risky securities, rose sharply in very thin markets. In the stock market, broad equity price measures fell considerably further in volatile trading after the markets reopened on September 17, but part of those losses had b"
16daf84bb39a4331de2e__original,2001-10-02,equity price measure*,equity price measures,240,261,negative,fell,"[[262, 266]]"," investor aversion to holding risky securities, rose sharply in very thin markets. In the stock market, broad equity price measures fell considerably further in volatile trading after the markets reopened on September 17, but part of those losses had been recovered by the time of "
5ce0e41ad1d833fe1f2a__original,2001-10-02,equity market*,equity markets,333,347,unclassified,,[],"s and reserves. At the same time, greatly heightened demand for safe and liquid assets encouraged shifts from equity markets into deposit assets. These financial disturbances called for and were accommodated by record infusions of Federal Reserve credit through open market "
c476de3d748062726e55__original,2001-10-02,stock price*,stock prices,513,525,unclassified,,[],"kdrop of heightened anxiety and uncertainty about economic prospects and a sharp drop, at least initially, in stock prices after the equity markets reopened on September 17. Looking ahead, the members generally saw a relatively mild and short contraction followed by a gra"
c476de3d748062726e55__original,2001-10-02,equity market*,equity markets,536,550,unclassified,,[],"iety and uncertainty about economic prospects and a sharp drop, at least initially, in stock prices after the equity markets reopened on September 17. Looking ahead, the members generally saw a relatively mild and short contraction followed by a gradual recovery next year a"
a7694b57cb8c320ddf5f__original,2001-10-02,equity market*,equity markets,332,346,unclassified,,[],ions to any further terrorist activities. One risk bearing on that outlook was the possibility that prices in equity markets might continue to decline and perhaps even overadjust to lower earnings expectations. The confluence of worldwide economic weakness added to current 
8ea4b0ee060be5bbfa21__original,2001-10-02,wealth effect*,wealth effects,173,187,negative,adverse,"[[165, 172]]","effect on consumer attitudes was the persisting stream of worker layoffs and rising unemployment. The adverse wealth effects stemming from the cumulative declines in stock market prices were a further negative, though one that had been cushioned by continued increases in th"
8ea4b0ee060be5bbfa21__original,2001-10-02,stock market price*,stock market prices,229,248,negative,declin*,"[[217, 225]]","f worker layoffs and rising unemployment. The adverse wealth effects stemming from the cumulative declines in stock market prices were a further negative, though one that had been cushioned by continued increases in the value of real estate. Retail sales along with expenditures "
5c7f569ca9e1fcd85a06__original,2001-10-02,stock market price*,stock market prices,288,307,negative,declin*,"[[277, 284]]","y measures and above its typical level in most earlier periods of economic weakness. Moreover, the decline in stock market prices and the widening of risk spreads had damped the stimulative financial effects of the Committee's earlier easing actions. The relatively low level of "
6b1d6a1eaa6264d49b08__original,2001-11-06,equity price*,equity prices,148,161,negative,declin*,"[[136, 144]]","lp limit the extent of the downturn and later would contribute to an upturn. Moreover, the recent declines in equity prices and widening of risk spreads tended to offset some of the stimulative effects of earlier easings, and the relatively low level of inflation and infla"
e19ca89d4f3840b8e4a9__original,2001-11-06,index* of equity price*,indexes of equity prices,281,305,positive,mov* high*,"[[306, 318]]","ecurities down sharply and investors perhaps becoming more confident about long-tem business prospects, major indexes of equity prices moved higher over the intermeeting period. In foreign exchange markets, the trade-weighted value of the dollar in terms of the major foreign currenci"
a66c28592c4fd354dea5__original,2001-11-06,stock market wealth,stock market wealth,642,661,negative,declin*,"[[631, 638]]",ng was likely to be held back by the persistence of widespread caution among households and by the decline in stock market wealth over the last year or so. Consumer confidence was vulnerable to renewed terrorism and to further weakness in labor markets.
2f703fe048d2a7156e1d__original,2001-11-06,equity price*,equity prices,424,437,unclassified,,[],"and a variety of factors had limited the passthrough of lower short-term interest rates into long-term rates, equity prices, bank lending rates, and the foreign exchange value of the dollar. In circumstances in which inflation was already reasonably low and pressures on re"
44f9b7c19fd0cd416683__original,2001-12-11,equity price*,equity prices,584,597,unclassified,,[],"monetary policy that had been put in place this year had not shown through fully to long-term interest rates, equity prices, bank lending rates, and the foreign exchange value of the dollar. In these circumstances, with price inflation relatively low and pressures on price"
de5de681e25a5d08240e__original,2001-12-11,index* of equity price*,indexes of equity prices,520,544,unclassified,,[],"y less than those on comparable-maturity Treasuries, rates on speculative-grade bonds fell sharply, and major indexes of equity prices moved significantly higher. In foreign exchange markets, the trade-weighted value of the dollar in terms of the major foreign currencies increased sl"
3c5f428ca43dd9459008__original,2001-12-11,equity market*,equity markets,287,301,positive,rallied,"[[302, 309]]","t interest rates this year, but inflows to retail money funds slowed as the economic outlook improved and the equity markets rallied. M3 expansion remained at a very high rate in November, bolstered by the growth of M2 and heavy bank acquisitions of nondeposit liabilities."
8069b8f43b7d203ab40c__original,2001-12-11,stock market*,stock market,442,454,unclassified,,[],"ted the apparently reduced prospects for additional fiscal stimulus legislation, the vulnerability of current stock market valuations should forecasts of a robust rebound in earnings fail to materialize, the possibility of further terrorist incidents, and especially the p"
d9a07c1f1631c57dc5c2__original,2001-12-11,stock market*,stock market,385,397,negative,downturn,"[[369, 377]]","dverse economic factors cited by members included rising consumer debt burdens, the risk of a downturn in the stock market, and the recent rise in mortgage interest rates. That increase, among other things, would impinge on the extraction of capital gains from the turnove"
38d9f1c1c6afcbc3f775__original,2002-01-30,equity price*,equity prices,271,284,negative,low*,"[[265, 270]]"," market and sluggish growth in personal income. An apparent consequence of reduced income growth and of lower equity prices was a change in the mix of single-family homebuilding, with less emphasis on construction of high-priced homes. Business expenditures on durable equi"
870558bcedd5ae9bf259__original,2002-01-30,index* of equity price*,indexes of equity prices,349,373,unclassified,,[],"ed slightly over the intermeeting period, risk spreads on corporate debt securities changed little, and major indexes of equity prices edged lower on balance. In foreign exchange markets, the trade-weighted value of the dollar in terms of the major foreign currencies increased somewh"
3294f3000221026a4e87__original,2002-01-30,wealth effect*,wealth effects,308,322,unclassified,,[],"ly. The monetary ease and fiscal stimulus already in place would provide impetus for the recovery, though the wealth effects of earlier reductions in equity prices, sluggish growth abroad, and the dollar's strength would tend to offset some of that support for a time. The g"
3294f3000221026a4e87__original,2002-01-30,equity price*,equity prices,348,361,negative,reduc*,"[[334, 344]]","s already in place would provide impetus for the recovery, though the wealth effects of earlier reductions in equity prices, sluggish growth abroad, and the dollar's strength would tend to offset some of that support for a time. The gradual strengthening of the recovery wo"
0e5f4dc7f9d30a864a21__original,2002-01-30,equity price*,equity prices,473,486,unclassified,,[]," pickup over coming quarters, and intense competitive pressures could well constrain profits, investment, and equity prices. As a result, the members were concerned that the acceleration in final demand could be modest, at least for a time."
3ebc1d2cfa57e903f222__original,2002-01-30,stock market wealth,stock market wealth,286,305,negative,declin*,"[[274, 282]]","h spending had held up remarkably well in the face of major adverse developments, including sharp declines in stock market wealth and rising unemployment, that were exacerbated by the events of September 11. But with households remaining confident about the future and equity pri"
3ebc1d2cfa57e903f222__original,2002-01-30,equity price*,equity prices,445,458,positive,rebound*,"[[466, 475]]"," were exacerbated by the events of September 11. But with households remaining confident about the future and equity prices having rebounded from their post-attack declines, sustained growth in household expenditures was seen as a likely prospect."
1539bdbb6e5545dd3261__original,2002-01-30,stock market wealth,stock market wealth,113,132,negative,declin*,"[[101, 109]]","h spending had held up remarkably well in the face of major adverse developments, including sharp declines in stock market wealth and rising unemployment, that were exacerbated by the events of September 11. But with households remaining confident about the future and equity pri"
1539bdbb6e5545dd3261__original,2002-01-30,equity price*,equity prices,272,285,positive,rebound*,"[[293, 302]]"," were exacerbated by the events of September 11. But with households remaining confident about the future and equity prices having rebounded from their post-attack declines, sustained growth in household expenditures was seen as a likely prospect. Such spending also would "
78bb25f9fe66e1c2579f__original,2002-01-30,stock market price*,stock market prices,512,531,negative,declin*,"[[500, 508]]","iness profits or more widespread downward restatements of reported profits might generate sizable declines in stock market prices and consumer wealth. Moreover, the unusually large sales of motor vehicles and to a degree other durable goods during the closing months of 2001 migh"
33f1318a24c829a90450__original,2002-01-30,stock market wealth,stock market wealth,335,354,unclassified,,[],"er goods and services, had held up well despite the cyclical downturn in employment and sizable net losses in stock market wealth. Low mortgage interest rates and, in recent months, favorable weather conditions had provided vital support to this sector of the economy."
c97a6a3a7a00a4032cbc__original,2002-03-19,index* of equity price*,indexes of equity prices,144,168,positive,mov* up,"[[169, 177]]"," somewhat in reaction to the improved economic outlook and the perceived reduction of credit risk. Most major indexes of equity prices moved up sharply on the bullish economic reports. In foreign exchange markets, the trade-weighted value of the dollar in terms of the major foreign c"
778caf86ad025ee18dc3__original,2002-03-19,equity price*,equity prices,242,255,unclassified,,[],"ains in productivity were expected to help boost business capital spending. At the same time, still-depressed equity prices, limited growth abroad, and the dollar's strength would tend to hold down the pace of recovery. On balance, recent developments suggested that the co"
b675bed9ffcc5c63bbc7__original,2002-03-19,stock market wealth,stock market wealth,246,265,unclassified,,[],"theless cited some negatives in the outlook for consumer spending including the possibilities that a negative stock market wealth effect stemming from large earlier declines and the somewhat elevated rate of unemployment would weigh on consumer confidence. Importantly, because c"
35f0d941b2c7161dcd6e__original,2002-05-07,index* of equity price*,indexes of equity prices,167,191,negative,mov* down,"[[192, 202]]","owever, in the wake of concerns about the transparency of the accounting statements of some firms. Most major indexes of equity prices moved down sharply in response to the outlook for a weaker economic recovery and the adverse implications for corporate profits of economic and other"
7b6e46e6a8148b51dc6b__original,2002-06-26,equity price*,equity prices,357,370,negative,fell,"[[371, 375]]","Yields on Treasury securities dropped somewhat on net over the period, rates on lower-quality bonds rose, and equity prices fell sharply further. The federal funds rate remained close to the Committee's target level of 1-3/4 percent during the intermeeting period."
aca8132e5a6bec1e73ad__original,2002-06-26,equity price*,equity prices,387,400,negative,fall*,"[[379, 386]]","es picked up in May owing to the unwinding of distortions from final tax payments and, apparently, to falling equity prices. The heightened volatility of equity markets may have enhanced the attractiveness of safe and liquid M2 assets, including liquid deposits and retail "
aca8132e5a6bec1e73ad__original,2002-06-26,equity market*,equity markets,431,445,unclassified,,[],"f distortions from final tax payments and, apparently, to falling equity prices. The heightened volatility of equity markets may have enhanced the attractiveness of safe and liquid M2 assets, including liquid deposits and retail money market funds."
37ad5f96987e909f5a29__original,2002-06-26,equity price*,equity prices,147,160,negative,fall*,"[[139, 146]]","es picked up in May owing to the unwinding of distortions from final tax payments and, apparently, to falling equity prices. The heightened volatility of equity markets may have enhanced the attractiveness of safe and liquid M2 assets, including liquid deposits and retail "
37ad5f96987e909f5a29__original,2002-06-26,equity market*,equity markets,191,205,unclassified,,[],"f distortions from final tax payments and, apparently, to falling equity prices. The heightened volatility of equity markets may have enhanced the attractiveness of safe and liquid M2 assets, including liquid deposits and retail money market funds. The staff forecast prepar"
e5306c3018b8ff929bcb__original,2002-06-26,equity price*,equity prices,412,425,negative,weak*,"[[400, 408]]","e continuing sizable gains in productivity would provide significant impetus for spending, though weakness in equity prices would tend to offset some of that support. With business capital stocks moving closer to desired levels, investment spending would be boosted by a gr"
38b283ff8da31dd2fb91__original,2002-06-26,household wealth,household wealth,388,404,negative,weak*,"[[412, 420]]","pending were subject to downside risks emanating, for example, from possible further shocks to confidence and household wealth should weakness in stock prices persist, and from political turmoil overseas and threats of terrorism at home. Homebuilding, though down after an uns"
38b283ff8da31dd2fb91__original,2002-06-26,stock price*,stock prices,424,436,negative,weak*,"[[412, 420]]","ks emanating, for example, from possible further shocks to confidence and household wealth should weakness in stock prices persist, and from political turmoil overseas and threats of terrorism at home. Homebuilding, though down after an unsustainable surge earlier in the "
5a63e1abebd15714dea5__original,2002-08-13,equity price*,equity prices,192,205,unclassified,,[],ubstantially below its long-run average. Retail sales were relatively brisk in June and July despite plunging equity prices and an apparently marked erosion in consumer confidence. Households spent heavily on motor vehicles in response to incentives offered by auto manufac
241a8ab74f311400b0b5__original,2002-08-13,equity price*,equity prices,343,356,unclassified,,[]," statements, and concerns that second-half corporate earnings might prove disappointing. In this environment, equity prices plunged before recovering somewhat later in the intermeeting period; on net, the major broad equity indexes were down substantially. Yields on Treasu"
241a8ab74f311400b0b5__original,2002-08-13,equity index*,equity indexes,450,464,negative,down,"[[470, 474]]","t, equity prices plunged before recovering somewhat later in the intermeeting period; on net, the major broad equity indexes were down substantially. Yields on Treasury securities also fell markedly on balance in volatile trading, as investors sought a safe haven for their "
bcdf9337aaa45fd1d304__original,2002-08-13,stock price*,stock prices,94,106,negative,drop*,"[[107, 114]]","recovery. Against the background of a similar combination of disappointing concerns, European stock prices dropped more than those in the United States, while Japanese equity prices declined less as incoming data seemed to point to a mild pickup of economi"
bcdf9337aaa45fd1d304__original,2002-08-13,equity price*,equity prices,168,181,negative,declin*,"[[182, 190]]","of disappointing concerns, European stock prices dropped more than those in the United States, while Japanese equity prices declined less as incoming data seemed to point to a mild pickup of economic activity in Japan. Across all the major industrial economies, investors t"
e6b48311fc976486116e__original,2002-08-13,equity price*,equity prices,483,496,negative,weak*,"[[471, 479]]","productivity would provide significant impetus for spending, though the persisting volatility and weakness in equity prices would tend to offset some of that support. Inventory overhangs appeared to have been largely eliminated and business capital stocks to have moved clo"
1091679620b7fa45e0b4__original,2002-08-13,equity market*,equity markets,132,146,unclassified,,[],"mmented on financial developments that appeared to be holding back the pace of the expansion. While prices in equity markets had turned up from their recent lows, the cumulative losses in financial wealth incurred since early 2000 clearly were having an adverse impact on ex"
1091679620b7fa45e0b4__original,2002-08-13,financial wealth,financial wealth,210,226,unclassified,,[]," the expansion. While prices in equity markets had turned up from their recent lows, the cumulative losses in financial wealth incurred since early 2000 clearly were having an adverse impact on expenditures by households and the higher cost of equity capital was inhibiting bu"
1091679620b7fa45e0b4__original,2002-08-13,equity price*,equity prices,411,424,negative,declin*,"[[399, 407]]",tures by households and the higher cost of equity capital was inhibiting business investment. The declines in equity prices had been accompanied by a heightened degree of risk aversion that had led to widened credit spreads in financial markets and the curtailment of credi
0befb2e532f572bb8138__original,2002-08-13,equity market*,equity markets,16,30,unclassified,,[],"While prices in equity markets had turned up from their recent lows, the cumulative losses in financial wealth incurred since early 2000 clearly were having an adverse impact on ex"
0befb2e532f572bb8138__original,2002-08-13,financial wealth,financial wealth,94,110,unclassified,,[],"While prices in equity markets had turned up from their recent lows, the cumulative losses in financial wealth incurred since early 2000 clearly were having an adverse impact on expenditures by households and the higher cost of equity capital was inhibiting bu"
0befb2e532f572bb8138__original,2002-08-13,equity price*,equity prices,295,308,negative,declin*,"[[283, 291]]",tures by households and the higher cost of equity capital was inhibiting business investment. The declines in equity prices had been accompanied by a heightened degree of risk aversion that had led to widened credit spreads in financial markets and the curtailment of credi
0befb2e532f572bb8138__original,2002-08-13,equity market*,equity markets,634,648,unclassified,,[],"re viewed as questionable. To an extent that was difficult to determine, the current skittishness in debt and equity markets reflected lender and investor reactions to the ongoing revelations of corporate governance failures."
dcc92871a2f0d074ca63__original,2002-08-13,equity price*,equity prices,16,29,negative,declin*,"[[4, 12]]",The declines in equity prices had been accompanied by a heightened degree of risk aversion that had led to widened credit spreads in financial markets and the curtailment of credi
dcc92871a2f0d074ca63__original,2002-08-13,equity market*,equity markets,355,369,unclassified,,[],"re viewed as questionable. To an extent that was difficult to determine, the current skittishness in debt and equity markets reflected lender and investor reactions to the ongoing revelations of corporate governance failures. Those reactions, which were proving to be more s"
51b8b748cb0ae036f9f5__original,2002-08-13,wealth effect*,wealth effects,232,246,unclassified,,[]," banking system remained sound with bank credit widely available. Moreover, for many households, the negative wealth effects stemming from losses on equities were offset, at least to some extent, by continuing increases in home equity values. These ongoing factors suggested"
51b8b748cb0ae036f9f5__original,2002-08-13,equities,equities,271,279,unclassified,,[],"k credit widely available. Moreover, for many households, the negative wealth effects stemming from losses on equities were offset, at least to some extent, by continuing increases in home equity values. These ongoing factors suggested to some members that the effects"
51b8b748cb0ae036f9f5__original,2002-08-13,equity valu*,equity values,350,363,unclassified,,[],"ffects stemming from losses on equities were offset, at least to some extent, by continuing increases in home equity values. These ongoing factors suggested to some members that the effects of the financial restraints on economic activity might be fairly limited at this po"
9629a59c9bdc52b4c921__original,2002-08-13,equity market*,equity markets,323,337,unclassified,,[],"ome members commented, however, that the declines in equity wealth and the possible persistence of turmoil in equity markets might continue to restrain the pickup in consumer expenditures in the months ahead. In the housing sector, low mortgage interest rates remained a key"
51366a64852f32360435__original,2002-09-24,stock price*,stock prices,78,90,negative,decreas*,"[[65, 74]]",Retail sales remained relatively brisk in August despite further decreases in stock prices and consumer confidence. Households boosted their already
0fd5524500692c893124__original,2002-09-24,index* of equity price*,indexes of equity prices,81,105,negative,mov* lower,"[[106, 117]]","had been expected, and some short-term interest rates eased slightly while broad indexes of equity prices moved lower. The following day’s"
5e10cbd0781aa24cd49c__original,2002-09-24,equity market*,equity markets,91,105,positive,rallied,"[[106, 113]]","deadline for the recertification of corporate financial statements passed uneventfully and equity markets rallied. Subsequently, however, a weaker"
e40b03ea76c17c5c2f0d__original,2002-09-24,equity index*,equity indexes,95,109,negative,fell,"[[110, 114]]","Over the intermeeting period, intermediate- and longer-term Treasury security yields and broad equity indexes fell considerably on balance."
e84215f3c8652088f430__original,2002-09-24,equity price*,equity prices,125,138,unclassified,,[],"g such deposits, the recent surge in mortgage refinancing activity, and the safe haven provided from volatile equity prices. Borrowing"
80dda11495bac3c4842f__original,2002-09-24,equity valu*,equity values,51,64,unclassified,,[],some of the embedded equity gains. Increasing home equity values probably were also providing some counterweight to the impact on consumer spending
17998b59cdead91371fc__original,2002-09-24,wealth effect*,wealth effects,90,104,unclassified,,[],were also providing some counterweight to the impact on consumer spending of the negative wealth effects associated with the declines in stock market prices since the spring of 2000.
17998b59cdead91371fc__original,2002-09-24,stock market price*,stock market prices,137,156,negative,declin*,"[[125, 133]]",unterweight to the impact on consumer spending of the negative wealth effects associated with the declines in stock market prices since the spring of 2000.
061240f5484213cbb395__original,2002-11-06,equity price*,equity prices,368,381,unclassified,,[],"ds rate. The subsequent release of better-than-expected news on profits for several major corporations buoyed equity prices and lifted market interest rates and predicted policy rates. Later in the intermeeting period, weaker-than-anticipated economic data along with press"
5dfccfd4963b562e3564__original,2002-11-06,equity index*,equity indexes,289,303,unclassified,,[],"visions of the expected path of the federal funds rate target. Over the intermeeting period as a whole, broad equity indexes registered sizable gains and intermediate- and longer-term bond yields increased somewhat. The dollar traded in a narrow range in foreign exchange ma"
449b4fe35a5aedd9dd64__original,2002-11-06,equity valu*,equity values,368,381,unclassified,,[], the availability of merchandise. There also was some question as to whether funds extracted from rising home equity values would continue to provide as important a source of financing for purchases of consumer durables as they had for some time unless mortgage interest ra
99e7e764e221625bc157__original,2002-11-06,wealth effect*,wealth effects,265,279,unclassified,,[]," consumer confidence if geopolitical uncertainties began to dissipate, the gradual diminution of the negative wealth effects from earlier stock market declines, and importantly the outlook for continued robust growth in structural labor productivity and its favorable effect"
99e7e764e221625bc157__original,2002-11-06,stock market*,stock market,293,305,negative,declin*,"[[306, 314]]","olitical uncertainties began to dissipate, the gradual diminution of the negative wealth effects from earlier stock market declines, and importantly the outlook for continued robust growth in structural labor productivity and its favorable effects over time on wages and s"
9afff496f16efb9827cf__original,2002-11-06,stock market*,stock market,283,295,positive,improv*,"[[264, 275]]","terialize. Indeed, the rise in bond yields since the September meeting associated with the improvement in the stock market had induced a small increase in mortgage rates from their very low levels. At some point the extraordinary levels of cash-outs from mortgage refinanc"
a3b44cec616e1140dcc0__original,2002-12-10,equity index*,equity indexes,233,247,unclassified,,[],"re mixed economic reports became available late in the intermeeting period. Over the period as a whole, major equity indexes registered mixed changes, and yields on longer-term Treasury bonds increased somewhat. In private debt markets, rates on investment-grade debt issues"
37c1fa9b4ff92f455a3f__original,2002-12-10,equity market*,equity markets,296,310,unclassified,,[],"ed in some decline in risk spreads from very high levels and sizable new issuance in private bond markets; in equity markets, issuance had edged up and stock prices, though recently declining somewhat, were still well above the lows of early October. Some of this improvemen"
37c1fa9b4ff92f455a3f__original,2002-12-10,stock price*,stock prices,338,350,unclassified,,[],"ry high levels and sizable new issuance in private bond markets; in equity markets, issuance had edged up and stock prices, though recently declining somewhat, were still well above the lows of early October. Some of this improvement in financial markets seemed to be rela"
950c473f890844f10ef9__original,2003-01-29,stock price*,stock price,312,323,unclassified,,[],"g led to a substantial decline in yields across the credit spectrum that further narrowed risk spreads. Major stock price indexes moved widely during the intermeeting period, but most finished the period a little lower. The dollar depreciated substantially in terms of an"
aeeb1decfb8a89d42b2a__original,2003-01-29,equity market*,equity markets,692,706,negative,weak*,"[[707, 713]]",or adverse effects on consumer incomes and confidence should stagnant conditions persist in labor markets and equity markets weaken further. Reference also was made to the possibility suggested by some analysts that the value of housing wealth might be leveling off.
90c0184c0ce3b3aea5c6__original,2003-03-18,equity price*,equity prices,226,239,negative,pressure*,"[[214, 222]]"," likelihood of war perceived to have increased, investor wariness apparently intensified downward pressure on equity prices and interest rates over the intermeeting period. Treasury bond yields declined somewhat, perhaps reflecting both expectations of lower policy rates a"
4c1826730fdd01dbc6c0__original,2003-03-18,equity index*,equity indexes,112,126,unclassified,,[],"tes in private debt markets fell by somewhat more than comparable-maturity Treasury yields. Declines in major equity indexes were amplified by lackluster earnings reports and disappointing data on auto sales, labor market conditions, and consumer confidence. The dollar chan"
1506fc98e64958d4475e__original,2003-03-18,equity market*,equity markets,254,268,unclassified,,[],"n addition, investors might have seen liquid deposits as a safe haven at a time of considerable volatility in equity markets. The staff forecast prepared for this meeting continued to suggest that economic expansion would be muted for a time."
4e10b32bb9bb1d1f984f__original,2003-03-18,equity price*,equity prices,218,231,negative,low*,"[[212, 217]]","ffect on the economy. Uncertainty about the effects of the war had contributed to higher energy prices, lower equity prices, declines in measures of household confidence, and a tendency for households and especially businesses to postpone making commitments. But it was als"
3839b240f4771ada4b07__original,2003-03-18,equity market*,equity markets,443,457,unclassified,,[],"e East and lower oil prices in line with quotations in futures markets should generate a positive response in equity markets, boost consumer sentiment, and foster a rebound in consumer spending as the year progressed. Housing activity had held up well on the whole, despite "
fcad91512851dfc75452__original,2003-03-18,stock market*,stock market,662,674,positive,rally*,"[[649, 654]]","uld have a favorable effect on business capital spending, especially if it were accompanied by a rally in the stock market. Many firms were trying to keep their inventories at especially low levels in light of their concerns that projected sales might not materialize."
c5e54ed75e4c708cb68e__original,2003-05-06,equity price*,equity prices,458,471,unclassified,,[],"n forward-looking measures of uncertainty in short- and long-term interest rates, exchange rates, and oil and equity prices. Nearer-term Treasury yields had fallen, but longer-term Treasury yields had changed little since the March meeting."
117f5c79db6cac3d3ffb__original,2003-05-06,equity index*,equity indexes,93,107,unclassified,,[],"Risk spreads on corporate debt securities narrowed across the credit quality spectrum. Broad equity indexes registered notable gains related to better-than-expected corporate earnings reports. In foreign exchange markets, the trade-weighted value of the dol"
3f3cb3e4e2b8ebbed037__original,2003-05-06,equity market*,Equity markets,93,107,unclassified,,[],"The dollar also declined against an index of currencies of other important trading partners. Equity markets in the major industrial economies, except Japan, had risen significantly since the March FOMC meeting. Growth in M2 slowed over March and April, but "
87b5c6107fcfbc15982f__original,2003-05-06,stock market*,stock market,247,259,positive,gain*,"[[234, 239]]"," cited recent survey and anecdotal evidence of improving consumer confidence and referred to the gains in the stock market as a source of potential impetus going forward. In the housing markets, activity currently was somewhat uneven across the nation but had remained at "
9b463e97e40b2082459f__original,2003-06-25,stock market*,stock market,225,237,unclassified,,[]," underlying household spending became more favorable: Real disposable income posted solid gains, and both the stock market and consumer confidence recovered from earlier in the year. Activity in the housing market was reasonably well maintained in April and May."
a55e64f4ae26c0705e38__original,2003-06-25,equity price*,Equity prices,160,173,unclassified,,[],"with rates on Treasuries even though capital markets absorbed a surge in bond issuance by highly rated firms. Equity prices, buoyed by the decline in bond yields as well as the improved outlook for economic growth, registered sizable gains over the intermeeting period. The"
f299141221f3a0575be9__original,2003-06-25,equity price*,equity prices,114,127,positive,rose,"[[128, 132]]","thorities to a ""strong dollar"" policy. Long-term interest rates fell in all major industrial economies, while equity prices rose substantially. Growth of M2 surged in May."
794f50e4cadcc18f1be2__original,2003-06-25,equity market*,equity markets,536,550,unclassified,,[],"ributed to significant declines in interest rates across maturities and risk classes, and to rising prices in equity markets. The gains in equity prices and a narrowing of risk spreads also appeared to reflect more upbeat assessments of underlying business conditions and, p"
794f50e4cadcc18f1be2__original,2003-06-25,equity price*,equity prices,565,578,positive,gain*,"[[556, 561]]","es in interest rates across maturities and risk classes, and to rising prices in equity markets. The gains in equity prices and a narrowing of risk spreads also appeared to reflect more upbeat assessments of underlying business conditions and, partly in concert with reduce"
833f4e04fbefcbc78ee6__original,2003-06-25,equity market*,equity markets,252,266,unclassified,,[],"ributed to significant declines in interest rates across maturities and risk classes, and to rising prices in equity markets. The gains in equity prices and a narrowing of risk spreads also appeared to reflect more upbeat assessments of underlying business conditions and, p"
833f4e04fbefcbc78ee6__original,2003-06-25,equity price*,equity prices,281,294,positive,gain*,"[[272, 277]]","es in interest rates across maturities and risk classes, and to rising prices in equity markets. The gains in equity prices and a narrowing of risk spreads also appeared to reflect more upbeat assessments of underlying business conditions and, partly in concert with reduce"
344f75de1ddaedfcd7cd__original,2003-06-25,stock market wealth,stock market wealth,274,293,positive,rising,"[[267, 273]]"," factors referenced by the members included indications of growing consumer confidence, the effects of rising stock market wealth on consumer balance sheets, continued opportunities for many consumers to extract equity from the appreciated value of their homes and to reduce inte"
52212604fa756c98b758__original,2003-08-12,equity index*,equity indexes,175,189,positive,advanc*,"[[190, 198]]","er Treasuries on such obligations narrowed significantly. Despite the sharp step-up in Treasury yields, broad equity indexes advanced over the intermeeting period, supported by positive earning reports, strong profit forecasts, and increased confidence regarding economic pr"
f219516ee10181c68089__original,2003-08-12,equity index*,equity indexes,314,328,unclassified,,[]," assets. Yields on longer-dated government debt of major foreign economies also increased as did many foreign equity indexes. M2 continued to grow briskly in June and July, reflecting in large part the near-zero opportunity cost of holding money, the effects of mortgage ref"
4378296e21e45523d189__original,2003-08-12,stock price*,stock prices,356,368,unclassified,,[],"Moreover, long-term interest rates were still relatively low, risk spreads had narrowed in recent months, and stock prices had held firm recently, perhaps in part as a result of several upside surprises in second-quarter profit reports. Several members reiterated that bus"
dc47e808377f9c55b1e9__original,2003-08-12,stock market*,stock market,281,293,unclassified,,[],"h regard to the outlook for the consumer sector included the recent tax cuts, the improved performance of the stock market, the ample availability of household credit, and more generally the effects of rapidly rising productivity in sustaining growth in household incomes."
3e010bc9caa28872bc78__original,2003-09-16,stock price*,stock price,220,231,unclassified,,[],"stic economic outlook among investors contributed to a substantial decline in speculative-grade yields. Broad stock price indexes rose notably, boosted by improved economic growth prospects and the associated upwardly revised expectations for earnings. On balance, the no"
2becc350d679a0002236__original,2003-09-16,equity market*,equity markets,185,199,positive,gain*,"[[172, 177]]",-weighted basis over the intermeeting period. Optimism about global recovery reportedly prompted gains in the equity markets of major industrial countries. Benchmark government bond yields rose in most foreign industrial economies.
8a85a95bdc9301584682__original,2003-10-28,equity index*,equity indexes,197,211,positive,rose,"[[212, 216]]",", yields and spreads on lower-tier obligations registered further significant and broad-based declines. Major equity indexes rose roughly 2 percent over the intermeeting period. The exchange value of the dollar, as measured by the major currencies index, fell significantly "
39f21b9356c7ef4dee7f__original,2003-12-09,equity index*,equity indexes,39,53,positive,up,"[[59, 61]]",narrowing of their risk spreads. Major equity indexes were up moderately over the intermeeting period.
efc5d45b6d39540fec88__original,2003-12-09,equity market*,equity markets,52,66,positive,rising,"[[45, 51]]","in associated deposit balances. In addition, rising equity markets may have made M2 accounts relatively less attractive."
968841756afd62fc4ae0__original,2003-12-09,stock price*,stock prices,56,68,positive,high*,"[[69, 75]]","three years. As a consequence, with sales, profits, and stock prices higher, the liquidation of inventories appeared to be ending, and the strengthening"
66700b7a286e699d9f6c__original,2004-01-28,stock market*,stock market,42,54,positive,gain*,"[[55, 60]]","Spending was also supported by the recent stock market gains, and by greater consumer confidence as reflected in the Michigan Survey Research Center’s index of consumer sentiment"
92635e480a18d8ac44b7__original,2004-01-28,equity index*,equity indexes,48,62,positive,rose,"[[63, 67]]",about the same amount as Treasury yields. Major equity indexes rose strongly in response to the declines in yields and positive news about the outlook
a1fa551f1305ab4ab3c7__original,2004-01-28,equities,equities,115,123,unclassified,,[],up in deposits associated with heavy mortgage refinancing activity and to portfolio shifts by households into equities. The staff forecast prepared for this meeting indicated that the momentum
99a49bc9d8562ebaeedf__original,2004-01-28,wealth effect*,wealth effects,85,99,unclassified,,[],"Household spending was benefiting from stimulative fiscal and monetary policies, the wealth effects of rising real estate and equity prices, and increased consumer confidence about the economic outlook."
99a49bc9d8562ebaeedf__original,2004-01-28,equity price*,equity prices,126,139,unclassified,,[],"ng was benefiting from stimulative fiscal and monetary policies, the wealth effects of rising real estate and equity prices, and increased consumer confidence about the economic outlook."
fb931b33eba278600b2d__original,2004-03-16,household wealth,household wealth,223,239,positive,increas*,"[[210, 219]]","er. Overall, expenditures were supported by sizable gains in real disposable personal income and increases in household wealth owing to rising home and equity prices. Disposable income was boosted by significant growth in private wages and salaries and by a drop in taxes that"
fb931b33eba278600b2d__original,2004-03-16,home and equity price*,home and equity prices,256,278,positive,rising,"[[249, 255]]",pported by sizable gains in real disposable personal income and increases in household wealth owing to rising home and equity prices. Disposable income was boosted by significant growth in private wages and salaries and by a drop in taxes that was due to the lower final payments an
4640d3a511ea41c7125b__original,2004-03-16,equity price index*,equity price indexes,358,378,unclassified,,[],"ata. The disappointing employment data and renewed concerns about terrorism contributed to a decline in broad equity price indexes. Technology-related issues, which had registered very large gains over the preceding year or so, fell more sharply."
66267230e3ed905a946e__original,2004-03-16,stock price*,stock prices,180,192,negative,low*,"[[193, 198]]","tment plans or increased hiring. Financial markets also seemed a little less positive about the outlook, with stock prices lower and some risk spreads wider than at the time of the last meeting. The reasons for the reduced optimism were not entirely clear but may have inc"
a7237710cde10e836c24__original,2004-03-16,home and equity price*,home and equity prices,339,361,positive,increas*,"[[326, 335]]","also expected to boost consumer spending, even as the stimulus to growth from tax cuts faded and increases in home and equity prices likely slowed from their rapid pace in recent quarters. The Committee anticipated that government spending would provide some further support for agg"
46c12ea8eeaea97ee64f__original,2004-05-04,equity price index*,equity price indexes,234,254,unclassified,,[]," below-investment-grade bonds narrowed significantly as their yields increased by a more modest amount. Major equity price indexes were about unchanged, as the downward pressure exerted by higher interest rates was offset by the effects of strong earnings reports, upward revision"
e56a2c1686de3e1c1696__original,2004-06-30,equity index*,equity indexes,328,342,unclassified,,[],"ents in the outlook for corporate earnings evidently offset the influence of higher interest rates, and major equity indexes edged higher over the intermeeting period. In foreign exchange markets, the dollar depreciated somewhat against major currencies, and it rose a bit a"
9869a2aa986e0089a3e6__original,2004-06-30,equities,equities,334,342,unclassified,,[],"ecent months, a rebound in currency growth and reduced portfolio shifts by households from monetary assets to equities and bonds also supported the expansion of M2. The growth of M2 slowed appreciably during the first half of June."
98f28e7275f397d50a99__original,2004-08-10,equity market*,equity markets,52,66,unclassified,,[],"Speculative-grade yields, however, fell by less. In equity markets, broad indexes declined appreciably, reflecting the soft economic data, concerns about energy prices, and guidance from corporations pointing to a le"
c50f81561f04195e4dbd__original,2004-08-10,stock price*,stock prices,409,421,negative,down,"[[422, 426]]","ar's tax cuts, which had previously provided considerable impetus to spending, and the possibility that, with stock prices down, saving rates near historic lows, and the outlook more uncertain, households may have felt the need to boost saving. Although a complete account"
9d1ca9e6fe7cdad7d9a6__original,2004-09-21,equity market*,equity markets,312,326,unclassified,,[],"greater confidence about prospects in the business sector. Further evidence of such confidence was visible in equity markets, where broad indexes advanced 5� to 7� percent. The exchange value of the dollar against other major currencies was about unchanged over the intermee"
b282aab2cea1b8e0568d__original,2004-11-10,equity market*,equity markets,327,341,unclassified,,[],"ut in line with those on comparable-maturity Treasuries, but yields on speculative-grade bonds edged down and equity markets posted strong advances. In foreign exchange markets, the dollar declined appreciably, apparently in part on continuing market concerns about the fina"
aab5a039a68ef678f6b5__original,2004-12-14,equity price*,equity prices,275,288,positive,increas*,"[[262, 271]]","causing the unemployment rate to edge down next year. The steep run-up in housing prices, recent increases in equity prices, and anticipated gains in payrolls were viewed as likely to boost the growth of consumption spending next year to a pace somewhat above that recorded"
74be149a395f58fec72e__original,2004-12-14,equity and home price*,equity and home prices,438,460,positive,increas*,"[[427, 437]]","s still balanced. In their discussion of important sectors of the economy, participants noted that increasing equity and home prices had boosted household net worth, leaving consumers well positioned to maintain a brisk pace of spending. Continued gains in employment were thought l"
74be149a395f58fec72e__original,2004-12-14,household* net worth,household net worth,473,492,positive,boost*,"[[465, 472]]","on of important sectors of the economy, participants noted that increasing equity and home prices had boosted household net worth, leaving consumers well positioned to maintain a brisk pace of spending. Continued gains in employment were thought likely to provide additional supp"
d3bebf89c89f26b05fb3__original,2005-02-02,stock index*,stock indexes,95,108,negative,declin*,"[[109, 117]]","relatively low levels, consistent with favorable indicators of corporate credit quality. Broad stock indexes declined a bit over the intermeeting period."
98c1f130cc7d4e330925__original,2005-02-02,equity price*,equity prices,121,134,negative,declin*,"[[109, 117]]","ibutable to well-contained inflation expectations, but low real interest rates, along with slight declines in equity prices so far this year, might reflect lingering caution on the part of businesses about the outlook."
e70a3edc79d42835bc48__original,2005-02-02,household wealth,household wealth,101,117,positive,increas*,"[[89, 97]]","mostly explainable by the strength of expected income gains, low interest rates, and the increase in household wealth resulting from the rise in equity and housing prices. Although the saving rate"
e70a3edc79d42835bc48__original,2005-02-02,equity and housing price*,equity and housing prices,145,170,positive,rise*,"[[137, 141]]","of expected income gains, low interest rates, and the increase in household wealth resulting from the rise in equity and housing prices. Although the saving rate"
2de850e192df21b30cee__original,2005-03-22,equity price*,equity prices,147,160,positive,increas*,"[[134, 143]]","creased at a vigorous pace in December and January, well above that seen over most of last year. Increases in equity prices and in house values pushed up the wealth-to-income ratio in the fourth quarter, and the saving rate remained low by historical standards. Activity in"
2de850e192df21b30cee__original,2005-03-22,wealth to income ratio,wealth-to-income ratio,195,217,positive,up,"[[188, 190]]","ry, well above that seen over most of last year. Increases in equity prices and in house values pushed up the wealth-to-income ratio in the fourth quarter, and the saving rate remained low by historical standards. Activity in the housing market continued to expand early this year."
7b86e6919f9191d2f188__original,2005-03-22,stock market index*,stock market indexes,185,205,positive,edge* up,"[[206, 214]]","for speculative-grade debt, amid generally strong corporate balance sheets and good credit performance. Broad stock market indexes edged up over the intermeeting period. In foreign exchange markets, the trade-weighted value of the dollar depreciated slightly, with the declines wi"
c619467be672c72465a8__original,2005-05-03,ratio of wealth to income,ratio of wealth to income,4,29,unclassified,,[],"the ratio of wealth to income remained high, although it was down a bit because of a decline in equity prices. The personal saving rate stayed"
c619467be672c72465a8__original,2005-05-03,equity price*,equity prices,96,109,negative,declin*,"[[85, 92]]","the ratio of wealth to income remained high, although it was down a bit because of a decline in equity prices. The personal saving rate stayed"
dcdd3503090a3c55e837__original,2005-05-03,equity index*,equity indexes,55,69,negative,mov* down,"[[70, 80]]","Despite generally good first-quarter earnings reports, equity indexes moved down considerably in response to the signs of weaker economic growth."
9215020b60c50b5c7e53__original,2005-05-03,equity price*,equity prices,101,114,negative,fall*,"[[119, 125]]","A less buoyant and less certain economic outlook seemed apparent in financial markets as well, where equity prices had fallen and risk spreads had widened."
2200bea8c27465e8bb28__original,2005-06-30,equity index*,equity indexes,89,103,positive,rose,"[[104, 108]]","Buoyed by the drop in longer-term interest rates and largely upbeat economic news, major equity indexes rose appreciably over the intermeeting period."
1afcbdee92bf5e599345__original,2005-06-30,home and equity price*,home and equity prices,36,58,positive,rising,"[[29, 35]]","spending remained firm. With rising home and equity prices buoying household wealth, consumer expenditures continued to advance."
1afcbdee92bf5e599345__original,2005-06-30,household wealth,household wealth,67,83,unclassified,,[],"spending remained firm. With rising home and equity prices buoying household wealth, consumer expenditures continued to advance."
16a3191a68ac3b191ce7__original,2005-06-30,stock price*,stock prices,69,81,positive,high*,"[[62, 68]]","However, anticipation of slow growth seemed inconsistent with higher stock prices and thin risk spreads in corporate debt markets. The"
58678588376c43b4c6e5__original,2005-06-30,equity market*,equity markets,113,127,unclassified,,[],"the part of investors about the economic outlook -- as seen in low readings of implied volatility in bond and equity markets. Finally, demands"
d4dc21e0f3f859beac36__original,2005-08-09,equity index*,equity indexes,230,244,positive,advanc*,"[[245, 253]]","rade bonds declined markedly, ending the period close to the very low levels reached earlier this year. Major equity indexes advanced, supported by strong corporate earnings reports. The trade-weighted foreign exchange value of the dollar depreciated slightly over the inter"
e1d88fb5f90684b79a73__original,2005-09-20,equity index*,equity indexes,169,183,unclassified,,[],"nged over the intermeeting period, but those on speculative-grade bonds increased from very low levels. Major equity indexes appeared to be supported by lower interest rates and posted modest gains despite the increases in energy prices. The trade-weighted foreign exchange "
01cb6c3051f178af3981__original,2005-11-01,stock price*,stock price,171,182,unclassified,,[],"te bond yields moved largely in line with Treasury yields over the period, spreads were little changed. Major stock price indexes fell moderately and the trade-weighted foreign exchange value of the dollar appreciated slightly over the intermeeting period. Domestic nonfi"
627d2d92aef9c12688b2__original,2005-12-13,equity price*,equity prices,73,86,unclassified,,[],continued brisk advances in house prices and the recent strengthening of equity prices contributed importantly to increases in household wealth. Consumer sentiment picked up in November and early December; some survey
627d2d92aef9c12688b2__original,2005-12-13,household wealth,household wealth,127,143,positive,increas*,"[[114, 123]]",dvances in house prices and the recent strengthening of equity prices contributed importantly to increases in household wealth. Consumer sentiment picked up in November and early December; some survey
c6cfcbdb1272cb88a3f9__original,2005-12-13,equity price index*,equity price indexes,36,56,unclassified,,[],"over the intermeeting period. Major equity price indexes posted substantial gains, spurred by the perception that the economy had retained considerable"
160c8d1c26f038716562__original,2005-12-13,wealth effect*,wealth effect,55,68,unclassified,,[],"interest rates, the anticipated waning of the positive wealth effect associated with large earlier gains in equity and house prices, and reduced impetus from fiscal policy."
160c8d1c26f038716562__original,2005-12-13,equity and house price*,equity and house prices,108,131,positive,gain*,"[[99, 104]]","interest rates, the anticipated waning of the positive wealth effect associated with large earlier gains in equity and house prices, and reduced impetus from fiscal policy."
570140caddb14384dfc0__original,2006-01-31,equity price*,equity prices,213,226,positive,rais*,"[[232, 238]]",", and the decline in energy prices. Consumption was also likely supported by further gains in home values and equity prices that raised the ratio of household wealth to disposable income relative to that seen earlier in 2005. Consumer sentiment measured by surveys moved up"
570140caddb14384dfc0__original,2006-01-31,household wealth,household wealth,252,268,unclassified,,[],"sumption was also likely supported by further gains in home values and equity prices that raised the ratio of household wealth to disposable income relative to that seen earlier in 2005. Consumer sentiment measured by surveys moved up in December and, judging by the prelimina"
bc066bf9351a7e7e2124__original,2006-01-31,stock price*,stock price,109,120,unclassified,,[],"Yields on investment- and speculative-grade corporate debt moved largely in line with Treasury yields. Major stock price indexes rose modestly, and the trade-weighted foreign exchange value of the dollar depreciated slightly over the period. Domestic nonfinancial sector"
bdd89e6ad8386f07a963__original,2006-01-31,equity market*,equity markets,81,95,unclassified,,[],"S. exports; indeed, the sharp increases in commodity prices and rallies in world equity markets suggested the possibility of an even stronger path for demand abroad. Financial market conditions in the United States, as well as those abroad, sugg"
cc965953ef0c9646339b__original,2006-01-31,equity market*,equity markets,167,181,positive,strength*,"[[155, 163]]"," as those abroad, suggested that investors were optimistic about the economic outlook. The recent strength in equity markets and the low prevailing term premiums and bond spreads perhaps reflected market assessments that economic risks were lower than usual, as well as stro"
5f6cdb96ee028aaa8838__original,2006-03-28,stock market*,stock market,343,355,positive,gain*,"[[330, 335]]",income in January. Consumption was likely supported also by ongoing increases in home prices and gains in the stock market. Consumer confidence as measured by surveys remained consistent with moderate increases in consumer spending.
6ded19c7099d9de461eb__original,2006-03-28,stock market index*,stock market indexes,194,214,unclassified,,[],"ble-maturity Treasury securities, while yields on speculative-grade corporate debt were little changed. Broad stock market indexes were modestly higher amid favorable economic news and lower oil prices, and the trade-weighted foreign exchange value of the dollar appreciated sligh"
a97a861a7972161dbb1e__original,2006-05-10,stock market*,stock market,324,336,positive,gain*,"[[311, 316]]","h and were expected to damp it in April as well. Ongoing increases in home prices and additional gains in the stock market, however, further boosted household wealth during the first quarter. Measures of consumer confidence remained consistent with moderate increases in c"
a97a861a7972161dbb1e__original,2006-05-10,household wealth,household wealth,363,379,positive,boost*,"[[355, 362]]"," as well. Ongoing increases in home prices and additional gains in the stock market, however, further boosted household wealth during the first quarter. Measures of consumer confidence remained consistent with moderate increases in consumer spending."
b168cdb3a692531ad3df__original,2006-05-10,stock price*,stock price,175,186,unclassified,,[],"ble-maturity Treasury securities were about unchanged, while those on speculative-grade bonds declined. Major stock price indexes were up a bit over the intermeeting period, as positive first-quarter earnings reports more than offset the negative effects of higher energy"
edf5ff7f3b256fa8fbdb__original,2006-06-29,equity price*,equity prices,95,108,negative,declin*,"[[83, 91]]","Higher interest rates also likely restrained spending. Nonetheless, despite recent declines in equity prices, the wealth-to-income ratio remained well above its historical average, and consumer sentiment, which dipped in May, rebounded some in early June. Re"
edf5ff7f3b256fa8fbdb__original,2006-06-29,wealth to income ratio,wealth-to-income ratio,114,136,unclassified,,[],"er interest rates also likely restrained spending. Nonetheless, despite recent declines in equity prices, the wealth-to-income ratio remained well above its historical average, and consumer sentiment, which dipped in May, rebounded some in early June. Residential construction activ"
5be9222668a4159de8bf__original,2006-06-29,equity index*,equity indexes,339,353,negative,declin*,"[[327, 335]]","r expansion in the euro area and of continued growth in Japan were evident, notwithstanding sharp declines in equity indexes in these countries. Headline inflation picked up in April and May, driven partly by sharp increases in the prices of petroleum-based products."
f8b70c4d99ae268412d9__original,2006-06-29,stock price*,stock price,257,268,unclassified,,[],"tion retraced a substantial share of the rise that had occurred over the preceding intermeeting period. Major stock price indexes fell sharply over the period. Spreads of yields on corporate bonds over those on comparable-maturity Treasury securities widened somewhat, wh"
58e8075a141a1e72690e__original,2006-08-08,stock price*,stock price,167,178,unclassified,,[],"able-maturity Treasury securities were about unchanged, while those on speculative-grade bonds widened. Major stock price indexes rose modestly. The foreign exchange value of the dollar against other major currencies fell, on net, over the intermeeting period."
1029ba46a5c3c553bf61__original,2006-09-20,stock price*,stock price,133,144,unclassified,,[],"vestment- and speculative-grade corporate bonds over those on Treasury securities were about unchanged. Major stock price indexes posted solid gains. The foreign exchange value of the dollar against other major currencies was little changed, on net, over the intermeeting"
c1ea9742743e62f853d0__original,2006-10-25,equity index*,equity indexes,191,205,positive,rose,"[[206, 210]]","ty Treasury securities held steady, while those on speculative-grade corporate bonds narrowed a little. Broad equity indexes rose noticeably. The trade-weighted index of the foreign exchange value of the dollar versus major currencies rose somewhat on balance, and the gains"
c582b662c2fb00824e32__original,2006-12-12,household wealth,household wealth,188,204,unclassified,,[],"so increased rapidly in September and October. Despite the further deceleration in house prices, the ratio of household wealth to disposable income remained well above its historical average, buoyed by robust gains in the stock market. Readings on consumer sentiment edged dow"
c582b662c2fb00824e32__original,2006-12-12,stock market*,stock market,300,312,positive,gain*,"[[287, 292]]","usehold wealth to disposable income remained well above its historical average, buoyed by robust gains in the stock market. Readings on consumer sentiment edged down in November and early December but stayed above levels seen in the summer."
32681f95229f61785776__original,2006-12-12,equity index*,equity indexes,197,211,unclassified,,[],"asury securities remained about unchanged, while those on speculative-grade corporate bonds rose a bit. Broad equity indexes showed solid gains. The foreign exchange value of the dollar against other major currencies fell, on net, over the intermeeting period, with pronounc"
cc34b554768c05cace7a__original,2007-01-31,equity price*,equity prices,303,316,positive,gain*,"[[294, 299]]"," house-price appreciation appeared to have slowed further since the end of the third quarter, robust gains in equity prices likely resulted in a small rise in the ratio of household wealth to disposable income last quarter. Readings on consumer sentiment moved up at the en"
cc34b554768c05cace7a__original,2007-01-31,household wealth,household wealth,365,381,unclassified,,[],"e the end of the third quarter, robust gains in equity prices likely resulted in a small rise in the ratio of household wealth to disposable income last quarter. Readings on consumer sentiment moved up at the end of last year and held steady in early 2007."
ca910b2c8f43f54f706f__original,2007-01-31,equity index*,equity indexes,197,211,unclassified,,[],"asury securities moved down a bit, while those of speculative-grade issues declined significantly more. Broad equity indexes edged higher. The foreign exchange value of the dollar against other major currencies rose, on balance, particularly versus the yen."
a2f5c32cb29ab19af98a__original,2007-03-21,equity price*,equity prices,177,190,negative,declin*,"[[165, 173]]","ely being muted by the lagged effects of the upward trend in borrowing costs. In addition, recent declines in equity prices and slowing house price appreciation pointed to a modest reduction in households� wealth-to-income ratio in the first quarter. Housing starts decline"
a2f5c32cb29ab19af98a__original,2007-03-21,wealth to income ratio,wealth-to-income ratio,273,295,unclassified,,[],"t declines in equity prices and slowing house price appreciation pointed to a modest reduction in households� wealth-to-income ratio in the first quarter. Housing starts declined in January, extending the downward trend that had been in place since early 2006, but bounced back in F"
106dc935a50aa10b62c8__original,2007-03-21,equity price*,equity prices,492,505,unclassified,,[]," economic activity, mounting concerns about the subprime mortgage sector, and significant declines in foreign equity prices. On net over the intermeeting period, investors tilted their anticipated path for monetary policy beyond mid-2007 down substantially, and yields on t"
103b2394ff5b120f9ba7__original,2007-03-21,stock price*,stock price,193,204,unclassified,,[],"an their nominal counterparts, leaving inflation compensation slightly lower across the term structure. Broad stock price indexes dropped several percent on net over the period. Yields on investment-grade corporate bonds fell about in line with those on Treasury securiti"
32eef0b96904a4cc6ad7__original,2007-03-21,equity price*,equity prices,282,295,negative,declin*,"[[271, 278]]","n business equipment spending and federal defense purchases. The recent increase in oil prices and decline in equity prices, along with increased strains in the subprime mortgage sector, were expected to exert some drag on real activity over the remainder of the year. Even"
b0d4fa5ae8060bca8941__original,2007-03-21,household* net worth,household net worth,422,441,negative,reduc*,"[[409, 418]]",n the availability of other types of household credit. The recent increase in oil prices and the reduction in household net worth resulting from the small net declines in equity prices during the intermeeting period warranted a modest downward adjustment in projected growth of c
b0d4fa5ae8060bca8941__original,2007-03-21,equity price*,equity prices,483,496,negative,declin*,"[[471, 479]]","cent increase in oil prices and the reduction in household net worth resulting from the small net declines in equity prices during the intermeeting period warranted a modest downward adjustment in projected growth of consumer spending. Even so, the possibility that the per"
bc47597f63e492f0f779__original,2007-05-09,wealth to income ratio,wealth-to-income ratio,207,229,unclassified,,[],"hat income in January was boosted by unusually large bonus payments and stock option exercises. The household wealth-to-income ratio likely ticked down in the first quarter, as the stock market rose only a little and house prices remained soft. However, given the surge in stock pri"
bc47597f63e492f0f779__original,2007-05-09,stock market*,stock market,278,290,positive,rose,"[[291, 295]]"," stock option exercises. The household wealth-to-income ratio likely ticked down in the first quarter, as the stock market rose only a little and house prices remained soft. However, given the surge in stock prices in April, much of the lost ground had probably since been"
bc47597f63e492f0f779__original,2007-05-09,stock price*,stock prices,370,382,unclassified,,[],"t quarter, as the stock market rose only a little and house prices remained soft. However, given the surge in stock prices in April, much of the lost ground had probably since been made up."
23fcb7a30557c6199d28__original,2007-05-09,wealth to income ratio,wealth-to-income ratio,14,36,unclassified,,[],"The household wealth-to-income ratio likely ticked down in the first quarter, as the stock market rose only a little and house prices remained soft. However, given the surge in stock pri"
23fcb7a30557c6199d28__original,2007-05-09,stock market*,stock market,85,97,positive,rose,"[[98, 102]]","The household wealth-to-income ratio likely ticked down in the first quarter, as the stock market rose only a little and house prices remained soft. However, given the surge in stock prices in April, much of the lost ground had probably since been"
23fcb7a30557c6199d28__original,2007-05-09,stock price*,stock prices,177,189,unclassified,,[],"t quarter, as the stock market rose only a little and house prices remained soft. However, given the surge in stock prices in April, much of the lost ground had probably since been made up. Residential construction activity remained soft as builders attempted to work off "
68145e12d9f1f72c0eed__original,2007-05-09,equity price*,Equity prices,55,68,unclassified,,[],"Spreads on speculative-grade corporate bonds narrowed. Equity prices climbed steeply amid solid earnings reports and improved sentiment, more than reversing the declines in the previous intermeeting period. The foreign"
b2d9c62e4d4f25ca6afa__original,2007-05-09,stock price*,stock prices,260,272,positive,gain*,"[[251, 256]]",". Consumption was likely to be supported by continued advances in employment and incomes, as well as gains in stock prices; but the recent increases in gasoline prices probably would damp households' spending power in the near term, and the effect of the anticipated level"
b2d9c62e4d4f25ca6afa__original,2007-05-09,household wealth,household wealth,460,476,unclassified,,[],"spending power in the near term, and the effect of the anticipated leveling out in home-price appreciation on household wealth was expected to contribute to a gradual increase in the personal saving rate over the medium run. Participants remained concerned that the housing ma"
3e34bd22b60f4e2a17f0__original,2007-06-28,wealth to income ratio,wealth-to-income ratio,279,301,negative,tick* down,"[[302, 313]]","lso by unusually large bonus payments and stock option exercises in the first quarter. Although the household wealth-to-income ratio ticked down in the first quarter with the stock market up only a little and house prices remaining soft, the increase in stock prices in the second q"
3e34bd22b60f4e2a17f0__original,2007-06-28,stock market*,stock market,344,356,positive,up,"[[357, 359]]","in the first quarter. Although the household wealth-to-income ratio ticked down in the first quarter with the stock market up only a little and house prices remaining soft, the increase in stock prices in the second quarter likely made up much of the lost ground. Elevated"
3e34bd22b60f4e2a17f0__original,2007-06-28,stock price*,stock prices,423,435,positive,increas*,"[[411, 419]]"," in the first quarter with the stock market up only a little and house prices remaining soft, the increase in stock prices in the second quarter likely made up much of the lost ground. Elevated inventories of unsold new homes continued to weigh on residential construction"
a48bd54ab4e49c8e3178__original,2007-06-28,equity price*,Equity prices,68,81,unclassified,,[],"In contrast, spreads on speculative-grade corporate bonds narrowed. Equity prices were volatile at times during the intermeeting period, but broad stock price indexes advanced modestly, on net, as favorable news on the economy and "
a48bd54ab4e49c8e3178__original,2007-06-28,stock price*,stock price,147,158,unclassified,,[],"rade corporate bonds narrowed. Equity prices were volatile at times during the intermeeting period, but broad stock price indexes advanced modestly, on net, as favorable news on the economy and announcements of mergers and acquisitions outweighed the drag of higher bond "
da485dd2b687558f5474__original,2007-06-28,household wealth,household wealth,305,321,unclassified,,[]," Some participants noted a risk that the saving rate could rise more than currently foreseen, particularly if household wealth were depressed by a further softening in house prices or by a less buoyant equity market that might accompany a potential slowing in the growth of co"
da485dd2b687558f5474__original,2007-06-28,equity market*,equity market,397,410,unclassified,,[],", particularly if household wealth were depressed by a further softening in house prices or by a less buoyant equity market that might accompany a potential slowing in the growth of corporate earnings. Several participants noted that higher interest rates and a potential t"
bdd556ebc465edfed39d__original,2007-06-28,equity market*,equity markets,375,389,unclassified,,[],"to date and saw a risk that the saving rate could fail to rise as much as currently expected, particularly if equity markets continued to register significant gains. A number of participants remarked that the recent data on business spending were more encouraging than those"
2481027a5294bd2a0ac0__original,2007-08-07,household wealth,household wealth,173,189,unclassified,,[],"the second quarter, there were solid gains in wages and salaries. Despite continued softness in house prices, household wealth moved markedly higher in the second quarter, mostly reflecting rising equity prices. Demand for housing in the second quarter was restrained by highe"
2481027a5294bd2a0ac0__original,2007-08-07,equity price*,equity prices,260,273,positive,rising,"[[253, 259]]","tness in house prices, household wealth moved markedly higher in the second quarter, mostly reflecting rising equity prices. Demand for housing in the second quarter was restrained by higher interest rates and by tightening credit conditions in the subprime mortgage market"
33700bed3f1fee1be584__original,2007-08-07,equity price*,equity prices,355,368,negative,declin*,"[[343, 351]]","as favorable labor market conditions. Although many of those economies recently experienced sharp declines in equity prices and widening credit spreads amid deepening concerns about credit quality, these developments occurred too late in the intermeeting period to have any"
c311f112a8c52aa754cc__original,2007-08-07,equity price*,equity prices,180,193,negative,fell,"[[194, 198]]"," rebound in the second quarter, whereas Brazil and Argentina appeared to have experienced solid growth. While equity prices fell and bond spreads widened in several emerging-market economies, particularly in Latin America, there was no evidence that this increased volatili"
5c1f451b9bffd533f309__original,2007-08-07,stock price*,stock price,218,229,unclassified,,[],"eets, although late in the period some evidence pointed to diminishing availability of jumbo mortgages. Broad stock price indexes declined substantially, on net, over the intermeeting period despite generally solid second-quarter earnings reports. Share prices of financi"
9dfdd1f9f477c4901e42__original,2007-09-18,household wealth,household wealth,126,142,unclassified,,[],"income rose further in July, as wages and salaries posted a strong gain and energy prices came down. However, household wealth likely was providing a diminishing impetus to the pace of spending, reflecting recent declines in stock market wealth and an apparent further deceler"
9dfdd1f9f477c4901e42__original,2007-09-18,stock market wealth,stock market wealth,241,260,negative,declin*,"[[229, 237]]","hold wealth likely was providing a diminishing impetus to the pace of spending, reflecting recent declines in stock market wealth and an apparent further deceleration in house prices. Readings on consumer sentiment turned down in August after having risen in July, and the Reuter"
1809b2b7c8123b757466__original,2007-09-18,stock price*,stock price,193,204,unclassified,,[],"riod, the supply of conforming mortgages seemed to have been largely unaffected by recent developments. Broad stock price indexes were volatile but about unchanged, on net, over the intermeeting period. The foreign exchange value of the dollar against other major currenc"
7349d031127fbc3ce3a5__original,2007-10-31,stock price*,stock prices,101,113,positive,rose,"[[114, 118]]","However, other factors affecting consumer spending were mixed. Short-term interest rates dropped and stock prices rose, on balance, after August. By contrast, house prices continued to decelerate, standards on consumer and mortgage credit tightened after mid-summ"
ae40f069bdef59f6d921__original,2007-10-31,stock price*,Stock prices,135,147,unclassified,,[],ensation was about unchanged on balance over the intermeeting period despite a sharp rise in spot oil prices. Stock prices jumped early in the intermeeting period in response to the cut in the target federal funds rate and some favorable economic news but later dropped ba
69b06e53f784a4aeda8b__original,2007-12-11,equity index*,equity indexes,173,187,unclassified,,[],"rts of losses and reduced capital ratios at the housing-related government-sponsored enterprises. Broad-based equity indexes were volatile and ended the period down noticeably. Financial stocks were especially hard hit, dropping substantially more than the broad indexes."
b8e330b100d02af9a2fa__original,2008-01-30,wealth to income ratio,wealth-to-income ratio,128,150,negative,tick* down,"[[151, 162]]","rsonal income was little changed in the fourth quarter, held down by higher consumer energy prices. Also, the wealth-to-income ratio ticked down in the third quarter, and appeared likely to decline again in the fourth quarter, as equity prices had fallen since the end of the third "
b8e330b100d02af9a2fa__original,2008-01-30,equity price*,equity prices,248,261,negative,fall*,"[[266, 272]]","income ratio ticked down in the third quarter, and appeared likely to decline again in the fourth quarter, as equity prices had fallen since the end of the third quarter and available indicators pointed to continued declines in house prices in the fourth quarter. In Decemb"
78bab2b26805757bc2ad__original,2008-01-30,stock price*,stock price,250,261,unclassified,,[],"ds on jumbo mortgages, although credit availability for jumbo-mortgage borrowers continued to be tight. Broad stock price indexes fell over the intermeeting period on perceptions of a deteriorating economic outlook and additional write-downs by financial institutions. Si"
3355ebcf73312233a375__original,2008-01-30,equity price*,Equity prices,85,98,unclassified,,[],"Consumer confidence remained low, and indicators of business sentiment had worsened. Equity prices had also fallen sharply so far in 2008, and, while the functioning of money markets had improved, conditions in some other financial markets had beco"
2637bb9bcf95fcd0323b__original,2008-01-30,equity price*,equity prices,335,348,negative,drop*,"[[327, 331]]","ic outlook adversely affected a range of financial markets. Many participants were concerned that the drop in equity prices, coupled with the ongoing decline in house prices, implied reductions in household wealth that would likely damp consumer spending. Moreover, elevate"
2637bb9bcf95fcd0323b__original,2008-01-30,household wealth,household wealth,422,438,negative,reduc*,"[[408, 418]]","erned that the drop in equity prices, coupled with the ongoing decline in house prices, implied reductions in household wealth that would likely damp consumer spending. Moreover, elevated volatility in financial markets likely reflected increased uncertainty about the economi"
9812c9d5f02636783297__original,2008-01-30,home and equity price*,home and equity prices,356,378,negative,decreas*,"[[343, 352]]"," appeared to be depressing consumer sentiment and that the contraction in wealth associated with decreases in home and equity prices probably was restraining spending. In addition, consumption expenditures were being damped by slower growth in real disposable income induced by high"
6bde1bc198e829f2609b__original,2008-01-30,equity price*,equity prices,579,592,negative,drop*,"[[571, 575]]","h, including the slide in housing activity and prices, the tightening of credit availability, and the drop in equity prices. Members judged that a 50 basis point reduction in the federal funds rate, together with the Committee's previous policy actions, would bring the rea"
f82a0e2a77b2c61d45df__original,2008-01-30,stock price*,stock prices,404,416,negative,declin*,"[[392, 400]]","ncern was expressed that an immediate policy action could be misinterpreted as directed at recent declines in stock prices, rather than the broader economic outlook, and one member believed it preferable to delay policy action until the scheduled FOMC meeting on January 2"
0f98f58245f4a5f9c8a4__original,2008-03-18,household wealth,household wealth,78,94,unclassified,,[],Further declines in house prices led to a noticeable decrease in the ratio of household wealth to disposable income in the fourth quarter. The downturn in equity prices since December further reduced household wealth in the first quarter. Readi
0f98f58245f4a5f9c8a4__original,2008-03-18,equity price*,equity prices,155,168,negative,downturn,"[[143, 151]]",iceable decrease in the ratio of household wealth to disposable income in the fourth quarter. The downturn in equity prices since December further reduced household wealth in the first quarter. Readings on consumer sentiment dropped sharply in February from already low lev
0f98f58245f4a5f9c8a4__original,2008-03-18,household wealth,household wealth,200,216,negative,reduc*,"[[192, 199]]","alth to disposable income in the fourth quarter. The downturn in equity prices since December further reduced household wealth in the first quarter. Readings on consumer sentiment dropped sharply in February from already low levels, and the Reuters/University of Michigan surv"
c1dca657353a1a49feaa__original,2008-03-18,stock price*,stock price,141,152,unclassified,,[],"inued to be strong, while credit availability for jumbo and nonprime mortgage borrowers remained tight. Broad stock price indexes fell further over the intermeeting period on negative economic news as well as concerns about the outlook for many financial institutions. Si"
c9720c619eba890e3f90__original,2008-03-18,equity price*,equity prices,250,263,negative,declin* | weigh* on,"[[238, 246], [269, 280]]","was probably starting to constrain consumer spending. Also, the continued fall in home prices and declines in equity prices were weighing on household wealth, with a depressing effect on spending. The outlook for business spending had also dimmed since the time of the Janu"
c9720c619eba890e3f90__original,2008-03-18,household wealth,household wealth,281,297,negative,weigh* on,"[[269, 280]]","ain consumer spending. Also, the continued fall in home prices and declines in equity prices were weighing on household wealth, with a depressing effect on spending. The outlook for business spending had also dimmed since the time of the January meeting."
aa248b4c56dec7129c53__original,2008-04-30,household wealth,household wealth,141,157,unclassified,,[]," also grew slowly in the first quarter, restrained by rapidly rising prices for energy and food. The ratio of household wealth to disposable income appeared to have moved down again in the first quarter, damped by the appreciable net decline in broad equity prices over that p"
aa248b4c56dec7129c53__original,2008-04-30,equity price*,equity prices,282,295,unclassified,,[],"income appeared to have moved down again in the first quarter, damped by the appreciable net decline in broad equity prices over that period and by further reductions in house prices. Measures of consumer sentiment fell sharply in March and April; the April reading of cons"
d4d2551b908b3867504f__original,2008-04-30,stock price*,stock price,222,233,unclassified,,[],"ased, and credit default swap premiums for the government-sponsored enterprises declined substantially. Broad stock price indexes increased markedly over the intermeeting period, mainly in response to earnings reports and announcements of recapitalizations from major fin"
8800f2a1d274f417ec8d__original,2008-04-30,equity price*,Equity prices,94,107,unclassified,,[],"Conditions across a number of financial markets had improved since the previous FOMC meeting. Equity prices and yields on Treasury securities had increased, volatility in both equity and debt markets had ebbed somewhat, and a range of credit risk premiums h"
d47a7e4605afb5a32698__original,2008-06-25,equity price*,equity prices,122,135,unclassified,,[],"arter, reflecting substantial net declines in and had changed relatively little, on net, since the mid- broad equity prices and further depreciation of house dle of 2007. Despite sharply lower sales of motor vehi-"
f6f2db3eb45d8bda6c9e__original,2008-06-25,stock price*,stock prices,11,23,unclassified,,[],"low. Broad stock prices were somewhat volatile but large increase in energy prices also prompted an up- declined modestly, on net, over the intermeeting pe- ward revision of"
0fda13bd1b8ed7803046__original,2008-06-25,equity price*,equity prices,41,54,negative,weigh* on,"[[30, 40]]","riod. The surge in oil prices weighed on equity prices in the second half of 2008, and headline inflation was outside of the energy sector, and a more pessimistic expected to exceed core inflation by a co"
7270aa8e1f085b16e1e0__original,2008-06-25,equity price*,equity prices,39,52,unclassified,,[],"issuance had been strong. However, the equity prices market might be bottoming out in some parts of the of many investment and commercial banks had de- country, most aggregate indicators of housing acti"
7b14e4168ede0eecd240__original,2008-06-25,equity price*,equity prices,80,93,unclassified,,[],"concern about asset quality and the outlook for profits. had increased, and the equity prices of housing-related The deteriorating condition of some financial guaran- firms had fallen over the intermeeting period, after hav-"
92ed8fdf55d7debd3ab2__original,2008-08-05,ratio of wealth to income,ratio of wealth to income,182,207,unclassified,,[],"he end of April, but real disposable income excluding rebates was essentially flat in the second quarter. The ratio of wealth to income likely declined again in the second quarter, as equity prices declined, on balance, and house prices continued to fall. Consumer sentiment rose a bit"
92ed8fdf55d7debd3ab2__original,2008-08-05,equity price*,equity prices,256,269,negative,declin*,"[[270, 278]]","lly flat in the second quarter. The ratio of wealth to income likely declined again in the second quarter, as equity prices declined, on balance, and house prices continued to fall. Consumer sentiment rose a bit in July but remained at a depressed level."
4dce25ea87dd8e2fd572__original,2008-08-05,equity price index*,equity price indexes,152,172,unclassified,,[]," did lending by banks to businesses and households, and issuance of leveraged loans remained very weak. Broad equity price indexes were volatile and declined modestly, on net, between the June and August FOMC meetings. Stock prices of financial firms fell sharply in mid-July but "
4dce25ea87dd8e2fd572__original,2008-08-05,stock price*,Stock prices,261,273,unclassified,,[]," equity price indexes were volatile and declined modestly, on net, between the June and August FOMC meetings. Stock prices of financial firms fell sharply in mid-July but subsequently recouped most of those losses."
97038f855bf82fc7bdc8__original,2008-08-05,equity price index*,equity price indexes,6,26,unclassified,,[],"Broad equity price indexes were volatile and declined modestly, on net, between the June and August FOMC meetings. Stock prices of financial firms fell sharply in mid-July but "
97038f855bf82fc7bdc8__original,2008-08-05,stock price*,Stock prices,115,127,unclassified,,[]," equity price indexes were volatile and declined modestly, on net, between the June and August FOMC meetings. Stock prices of financial firms fell sharply in mid-July but subsequently recouped most of those losses. Energy sector stocks significantly underperformed the bro"
37e6faaf861d1dfaf340__original,2008-08-05,equity price index*,equity price indexes,168,188,negative,declin*,"[[193, 201]]","alance sheets with new capital issues, raising new capital had become increasingly difficult. Moreover, broad equity price indexes had declined and borrowing costs for nonfinancial firms had increased, including a recent rise in corporate bond yields across most risk categories. "
d727a54d773689b3db94__original,2008-08-05,equity price*,equity prices,152,165,negative,low*,"[[146, 151]]"," one District had reported plans for laying off workers, idling production, and closing several plants. Lower equity prices and the ongoing deterioration in house prices had reduced household wealth significantly, while real incomes had been diminished by earlier increases"
d727a54d773689b3db94__original,2008-08-05,household wealth,household wealth,224,240,negative,reduc*,"[[216, 223]]","on, and closing several plants. Lower equity prices and the ongoing deterioration in house prices had reduced household wealth significantly, while real incomes had been diminished by earlier increases in the prices of food and energy. All of these factors--in conjunction wit"
b48163f6e04bc6cfa78f__original,2008-09-16,equity index*,equity indexes,119,133,negative,declin*,"[[134, 142]]"," bond issuance moderated a bit further in August, while growth of bank lending to businesses was tepid. Broad equity indexes declined over the intermeeting period. Financial sector equity indexes were volatile and ended the period down sharply."
b48163f6e04bc6cfa78f__original,2008-09-16,equity index*,equity indexes,190,204,unclassified,,[],lending to businesses was tepid. Broad equity indexes declined over the intermeeting period. Financial sector equity indexes were volatile and ended the period down sharply.
284889f68c0faa8d3ac2__original,2008-09-16,equity index*,equity indexes,6,20,negative,declin*,"[[21, 29]]",Broad equity indexes declined over the intermeeting period. Financial sector equity indexes were volatile and ended the period down sharply. Liquidity conditions in the m
284889f68c0faa8d3ac2__original,2008-09-16,equity index*,equity indexes,77,91,unclassified,,[],Broad equity indexes declined over the intermeeting period. Financial sector equity indexes were volatile and ended the period down sharply. Liquidity conditions in the money markets of major foreign economies deteriorated over the intermeet
67f2c2fbfbd1d67e569c__original,2008-09-16,equity market*,Equity markets,116,130,unclassified,,[]," on nominal Treasury securities dropped steeply, and credit spreads on corporate bonds widened significantly. Equity markets were volatile and equity prices dropped considerably. In the forecast prepared for the meeting, the staff left its projection for real GDP growth in "
67f2c2fbfbd1d67e569c__original,2008-09-16,equity price*,equity prices,149,162,negative,drop*,"[[163, 170]]","ropped steeply, and credit spreads on corporate bonds widened significantly. Equity markets were volatile and equity prices dropped considerably. In the forecast prepared for the meeting, the staff left its projection for real GDP growth in the second half of 2008 little c"
04b9636f079ca3fe7ed4__original,2008-10-29,equity price*,equity prices,339,352,unclassified,,[],"markets for terms beyond overnight largely ceased to function at times, credit risk spreads rose sharply, and equity prices registered steep declines. The information reviewed at the October meeting indicated that economic conditions deteriorated in recent months."
1e638ea2e18ffcf99856__original,2008-10-29,equity price index*,equity price indexes,167,187,negative,declin*,"[[188, 196]]","for syndicated leveraged loans, with prices falling to new lows and bid-asked spreads widening notably. Broad equity price indexes declined sharply over the intermeeting period, and option-implied volatility on the s p 500 index rose well above its previous record high. The Senio"
1e638ea2e18ffcf99856__original,2008-10-29,s p 500 index,s p 500 index,272,285,positive,rose,"[[286, 290]]","road equity price indexes declined sharply over the intermeeting period, and option-implied volatility on the s p 500 index rose well above its previous record high. The Senior Loan Officer Opinion Survey pointed to further tightening of terms and standards for consumer lo"
1f4570601071e3b0220a__original,2008-10-29,equity market index*,Equity market indexes,128,149,negative,fell,"[[150, 154]]","lds in the advanced foreign economies were volatile; nominal yield curves in many countries steepened on net. Equity market indexes fell sharply in the advanced economies as well as in emerging market economies, which until recently had not been hit as hard by the financial turmoi"
a2618439657e32fd02ea__original,2008-10-29,equity price*,Equity prices,146,159,unclassified,,[],"tion also suggested that credit conditions had tightened significantly further for businesses and households. Equity prices had varied widely and were substantially lower, on net. Participants saw the potential for financial strains to intensify if some investors, such as "
7a443708577b7a6c6493__original,2008-10-29,equity price*,equity prices,245,258,negative,drop*,"[[263, 270]]","spreads in interbank funding markets had widened markedly, corporate and municipal bond yields had risen, and equity prices had dropped sharply. For the first time in many years, the net asset value of a major money market fund had fallen below $1 per share; this event spa"
7a443708577b7a6c6493__original,2008-10-29,asset valu*,asset value,322,333,unclassified,,[],"cipal bond yields had risen, and equity prices had dropped sharply. For the first time in many years, the net asset value of a major money market fund had fallen below $1 per share; this event sparked a flight out of prime money market funds and caused a severe impairmen"
ff7b7e499096445e9416__original,2008-12-16,equity price*,equity prices,251,264,negative,low*,"[[245, 250]]","sk-taking, spurred in part by the more pessimistic outlook for economic activity; this situation led to lower equity prices, higher risk spreads, and tighter constraints in credit markets, all of which intensified the decline in real activity. On the inflation front, headl"
b451bbc61717b2cfed83__original,2008-12-16,wealth effect*,wealth effects,249,263,unclassified,,[],"e declines for gasoline. Real incomes were also boosted by the reversal in energy prices, though the negative wealth effects of continued declines in equity and house prices likely offset this somewhat. Measures of consumer sentiment released in November and December remain"
b451bbc61717b2cfed83__original,2008-12-16,equity and house price*,equity and house prices,289,312,negative,declin*,"[[277, 285]]","re also boosted by the reversal in energy prices, though the negative wealth effects of continued declines in equity and house prices likely offset this somewhat. Measures of consumer sentiment released in November and December remained low, and available evidence suggested further "
4d209525f4dc4474992a__original,2008-12-16,stock price*,Stock prices,261,273,unclassified,,[],"y mortgage-related and other assets appeared to prompt negative price reactions in several financial markets. Stock prices of financial corporations fell considerably, while broad equity indexes declined, on net, amid high volatility. Yields on investment-grade bonds move"
4d209525f4dc4474992a__original,2008-12-16,equity index*,equity indexes,331,345,negative,declin*,"[[346, 354]]","reactions in several financial markets. Stock prices of financial corporations fell considerably, while broad equity indexes declined, on net, amid high volatility. Yields on investment-grade bonds moved lower, but risk spreads on these instruments over comparable-maturity "
68b63f6d11b12375073e__original,2008-12-16,stock price*,stock prices,143,155,unclassified,,[]," markets of major foreign economies improved but remained strained over the intermeeting period. Movements in stock prices were mixed in the advanced foreign economies, although equity prices generally rose in emerging market economies. In response to evidence of a slowdo"
68b63f6d11b12375073e__original,2008-12-16,equity price*,equity prices,211,224,unclassified,,[],"ver the intermeeting period. Movements in stock prices were mixed in the advanced foreign economies, although equity prices generally rose in emerging market economies. In response to evidence of a slowdown in economic activity and a rapid waning of inflationary pressures,"
e9b508e35d9b09f77e87__original,2008-12-16,stock market wealth,stock market wealth,367,386,negative,declin*,"[[355, 363]]","d to weaken; and financial conditions, on balance, continued to tighten. Rising unemployment, the declines in stock market wealth, low levels of consumer sentiment, weakened household balance sheets, and restrictive credit conditions were likely to continue to hinder household s"
1d9dfb51aed6ac63bcfb__original,2008-12-16,equity price*,equity prices,227,240,negative,declin*,"[[215, 223]]"," strained. Credit conditions continued to tighten for both households and businesses, and ongoing declines in equity prices further reduced household wealth. Conditions in the housing market weakened again and house prices declined further."
1d9dfb51aed6ac63bcfb__original,2008-12-16,household wealth,household wealth,257,273,negative,reduc*,"[[249, 256]]","ontinued to tighten for both households and businesses, and ongoing declines in equity prices further reduced household wealth. Conditions in the housing market weakened again and house prices declined further."
d16d6c66cf35f25b5f25__original,2008-12-16,equity price*,Equity prices,188,201,unclassified,,[],"hly rated commercial paper and for interbank funds, financial markets generally remained under severe stress. Equity prices continued to drop amid high volatility, further reducing household wealth. Rising risk spreads kept the cost of issuing corporate bonds at a high lev"
d16d6c66cf35f25b5f25__original,2008-12-16,household wealth,household wealth,259,275,negative,reduc*,"[[250, 258]]","enerally remained under severe stress. Equity prices continued to drop amid high volatility, further reducing household wealth. Rising risk spreads kept the cost of issuing corporate bonds at a high level--especially for lower-rated firms--even though Treasury yields had decl"
3b38e326f33c142078ff__original,2008-12-16,household wealth,household wealth,216,232,negative,declin*,"[[205, 212]]",", capital expenditures were likely to be soft in coming quarters. Many participants noted that the decline in household wealth resulting from large drops in equity and house prices, together with tighter credit conditions, rapidly increasing unemployment, and deteriorating co"
3b38e326f33c142078ff__original,2008-12-16,equity and house price*,equity and house prices,263,286,negative,drop*,"[[254, 259]]","n coming quarters. Many participants noted that the decline in household wealth resulting from large drops in equity and house prices, together with tighter credit conditions, rapidly increasing unemployment, and deteriorating consumer sentiment, was contributing to a sharp contract"
f5f95334fa8833846730__original,2009-01-28,house and equity price*,house and equity prices,247,270,negative,decreas*,"[[234, 243]]","peared to decline sharply again in the fourth quarter, likely reflecting the combined effects of decreases in house and equity prices, a weakening labor market, and tight credit conditions. Real spending on goods excluding motor vehicles was estimated to have fallen noticeably in De"
3728838129cff283bf02__original,2009-01-28,equity market index*,equity market indexes,268,289,negative,fell,"[[290, 294]]",") spreads on AAA-rated CMBS--widening during the intermeeting period from already very elevated levels. Broad equity market indexes fell over the intermeeting period. After improving during the early part of the intermeeting period, market sentiment toward financial firms appeared"
6fc40eb61c0bc40478bf__original,2009-01-28,equity price*,equity prices,90,103,unclassified,,[],"S. bank holding companies rose sharply in mid-January to near their historical highs, and equity prices for such companies fell on net, ending the period below their November lows. A number of banking organizations issued debt through the FDIC's Tempora"
3709c4582cff75777c52__original,2009-01-28,equity price*,Equity prices,59,72,unclassified,,[],"Developments at nonbank financial institutions were mixed. Equity prices of insurance companies edged down over the period, while their CDS spreads declined from extremely high levels. Hedge funds posted negative average r"
58e63719bef420b30b90__original,2009-01-28,equity price*,equity prices,288,301,negative,declin*,"[[276, 284]]",ugh concerns about bank earnings and the stability of the global banking system led to widespread declines in equity prices later in the period. Governments in major foreign economies initiated several actions aimed at strengthening the banking sector and easing credit mar
7f1852017c95c8ab7d33__original,2009-01-28,equity price*,equity prices,170,183,negative,fall*,"[[188, 194]]","ets continued to be strained overall, credit remained unusually tight for both households and businesses, and equity prices had fallen further. The staff's projections of real GDP growth in the second half of 2009 and in 2010 were revised upward slightly, reflecting greate"
13dde2c9c318f9ceb76e__original,2009-03-18,household* net worth,household net worth,218,237,unclassified,,[],"inancial strain on households intensified over the previous several months; by the end of the fourth quarter, household net worth for the first time since 1995 had fallen to less than five times disposable income, and substantial declines in equity and house prices continued ear"
13dde2c9c318f9ceb76e__original,2009-03-18,equity and house price*,equity and house prices,350,373,negative,declin*,"[[338, 346]]","r the first time since 1995 had fallen to less than five times disposable income, and substantial declines in equity and house prices continued early this year. Consumer sentiment declined further in February as households voiced greater concerns about income and job prospects."
ce5e2d61366ed70eaf40__original,2009-03-18,equity price index*,equity price indexes,175,195,negative,drop*,"[[196, 203]]","lower, and spreads between the yields of on- and off-the-run 10-year Treasury notes remained very high. Broad equity price indexes dropped significantly, on balance, over the intermeeting period amid continued concerns about the health of the financial sector, uncertainty regardi"
ce5e2d61366ed70eaf40__original,2009-03-18,stock price*,stock prices,452,464,unclassified,,[],"rding the efficacy of government support to the sector, and a further weakening of the economic outlook. Bank stock prices were particularly hard hit, and the credit default swap (CDS) spreads of many banks rose above the peaks recorded last fall on anxieties about the fi"
5e77d3818fd52d97b2a7__original,2009-03-18,equity price index*,equity price indexes,6,26,negative,drop*,"[[27, 34]]","Broad equity price indexes dropped significantly, on balance, over the intermeeting period amid continued concerns about the health of the financial sector, uncertainty regardi"
5e77d3818fd52d97b2a7__original,2009-03-18,stock price*,stock prices,283,295,unclassified,,[],"rding the efficacy of government support to the sector, and a further weakening of the economic outlook. Bank stock prices were particularly hard hit, and the credit default swap (CDS) spreads of many banks rose above the peaks recorded last fall on anxieties about the fi"
5e77d3818fd52d97b2a7__original,2009-03-18,stock price*,Stock prices,494,506,unclassified,,[]," above the peaks recorded last fall on anxieties about the financial conditions of the largest banking firms. Stock prices of insurance companies dropped sharply over the period, reflecting concerns about the adequacy of their capital positions."
723f1d324162ab506b2a__original,2009-03-18,stock price*,stock prices,5,17,unclassified,,[],"Bank stock prices were particularly hard hit, and the credit default swap (CDS) spreads of many banks rose above the peaks recorded last fall on anxieties about the fi"
723f1d324162ab506b2a__original,2009-03-18,stock price*,Stock prices,216,228,unclassified,,[]," above the peaks recorded last fall on anxieties about the financial conditions of the largest banking firms. Stock prices of insurance companies dropped sharply over the period, reflecting concerns about the adequacy of their capital positions. On March 2, American Inter"
195b309312af880091f1__original,2009-03-18,equity price index*,equity price indexes,133,153,unclassified,,[],"n home equity loans slowed noticeably in January and February. Among the advanced foreign economies, headline equity price indexes generally fell significantly over the period, with the sharpest drops in the banking sector. In particular, European bank shares fell steeply as earn"
e52439a948a09163633a__original,2009-03-18,equity price*,equity prices,277,290,unclassified,,[],"dollar against the yen. Financial conditions in emerging markets also worsened, with their exchange rates and equity prices generally falling and CDS premiums rising a bit on balance. Several foreign governments and central banks took further steps to support their financi"
4599c4454d5fc35be4ee__original,2009-03-18,equities,equities,222,230,unclassified,,[],"eme by the Royal Bank of Scotland and Lloyds Bank. The Bank of Japan stated that it would resume purchases of equities held on banks' balance sheets, announced plans to purchase corporate bonds, and began its previously announced purchases of commercial paper. The Swi"
8def0c2deb9252ac9f2a__original,2009-03-18,equity index*,equity indexes,249,263,negative,down,"[[264, 268]]","January and February. Financial conditions overall were even less supportive of economic activity, with broad equity indexes down significantly amid continued concerns about the health of the financial sector, the dollar stronger, and long-term interest rates higher. The st"
6c9cf4b5f9298f2119f7__original,2009-03-18,equity price*,equity prices,62,75,negative,declin*,"[[50, 58]]","The slowdown was widespread across sectors. Large declines in equity prices, a further drop in house prices, and mounting job losses threatened to further depress consumer spending, despite some firming in the recent retail s"
cb1cc26b5e93a901ea18__original,2009-03-18,equity and house price*,equity and house prices,190,213,negative,fall*,"[[182, 189]]","ding in January and February. However, others suggested that strains on household balance sheets from falling equity and house prices, reduced credit availability, and the fear of unemployment could well lead to further increases in the saving rate that would damp consumption growth"
8081d0790f8890359678__original,2009-04-29,equity price*,equity prices,318,331,negative,down,"[[337, 341]]"," Wages and salaries dropped, house prices were markedly lower than a year ago, and, despite recent increases, equity prices were down substantially from their levels of 12 months earlier. As measured by the Reuters/University of Michigan survey, consumer sentiment strength"
cab06d6178a0e525c8b9__original,2009-04-29,stock price*,stock price,73,84,unclassified,,[],"Still, daily trading volumes for Treasury securities remained low. Broad stock price indexes rose significantly, reportedly buoyed by announcements of policy measures to enhance credit markets and clean up banks' balance sheets and pe"
3935350b63643fc3e8ed__original,2009-04-29,s p 500 index,s p 500 index,427,440,negative,decreas*,"[[441, 450]]",ing the intermeeting period but was still very high by historical standards. Option-implied volatility on the s p 500 index decreased but stayed well above historical norms.
3542f928b8108e2690e7__original,2009-04-29,s p 500 index,s p 500 index,293,306,negative,decreas*,"[[307, 316]]","ing the intermeeting period but was still very high by historical standards. Option-implied volatility on the s p 500 index decreased but stayed well above historical norms. On net, yields on lower-rated investment-grade and speculative-grade corporate bonds dropped, resul"
0137ff52c41df25b71f1__original,2009-04-29,stock market*,Stock markets,194,207,unclassified,,[],"nued to tighten their credit standards and terms on all major loan categories over the previous three months. Stock markets around the world rose substantially over the intermeeting period amid somewhat better sentiment regarding economic prospects, reports of better-than-"
99012ccb8e8c2f68a137__original,2009-04-29,stock price*,stock prices,292,304,positive,rose,"[[305, 309]]","d. Conditions in financial markets improved more than had been expected: Private borrowing rates moved lower, stock prices rose substantially, and some measures of financial stress eased. The staff's projections for economic activity in the second half of 2009 and in 2010"
765deff2d8a72c93068c__original,2009-04-29,equity price*,Equity prices,89,102,positive,increas*,"[[103, 112]]","Financial market developments over the intermeeting period were mainly seen as positive. Equity prices increased, money markets were functioning better, and corporate issuance of bonds and convertible securities was relatively brisk. Measures of volati"
bbd36ec48d9d6ffe4d0d__original,2009-04-29,household wealth,household wealth,260,276,positive,rise*,"[[252, 256]]",lly expected that household demand would gradually strengthen over coming quarters in response to the rise in household wealth from the substantial increase in equity prices that had occurred over the intermeeting period as well as the support for income provided by fiscal po
bbd36ec48d9d6ffe4d0d__original,2009-04-29,equity price*,equity prices,310,323,positive,increas*,"[[298, 306]]"," strengthen over coming quarters in response to the rise in household wealth from the substantial increase in equity prices that had occurred over the intermeeting period as well as the support for income provided by fiscal policy. Nevertheless, participants judged that th"
bbd36ec48d9d6ffe4d0d__original,2009-04-29,household wealth,household wealth,640,656,negative,reduc*,"[[626, 636]]","would be slow, reflecting adverse labor market conditions and continuing adjustments to earlier reductions in household wealth."
6f7bfbf32e7643b7ca90__original,2009-06-24,equity price*,equity prices,366,379,unclassified,,[],"ican Recovery and Reinvestment Act of 2009 boosted transfer payments and reduced personal taxes. In addition, equity prices recorded substantial gains in April and May, reversing a small portion of the prior wealth declines. Measures of consumer sentiment, while remaining "
7eb07aa2b832bb838b40__original,2009-06-24,stock price*,stock price,217,228,unclassified,,[],"reacted to the large and rapid changes in MBS yields by widening bid-asked spreads on these securities. Broad stock price indexes rose, on net, over the intermeeting period, reflecting generally better-than-expected economic news and further declines in risk premiums. Th"
47fc4a04d776cb917d69__original,2009-06-24,stock price*,stock price,6,17,unclassified,,[],"Broad stock price indexes rose, on net, over the intermeeting period, reflecting generally better-than-expected economic news and further declines in risk premiums. Th"
47fc4a04d776cb917d69__original,2009-06-24,s p 500 index,s p 500 index,462,475,negative,declin*,"[[476, 484]]",risk premium--narrowed noticeably but remained high by historical standards. Option-implied volatility on the s p 500 index declined but remained elevated.
f2381c27b3a2bd89b5b8__original,2009-06-24,s p 500 index,s p 500 index,297,310,negative,declin*,"[[311, 319]]","risk premium--narrowed noticeably but remained high by historical standards. Option-implied volatility on the s p 500 index declined but remained elevated. Yields on speculative-grade and investment-grade corporate bonds dropped, and spreads over yields on comparable-matur"
b26198f887aca8760c78__original,2009-06-24,stock price*,Stock price,142,153,unclassified,,[],"tions declined considerably over the intermeeting period, although they remained well above historical norms. Stock price indexes for the banking sector and the broader financial sectors rose significantly. The level of private-sector debt was estimated to have remained "
213b228cc5257a8b51bf__original,2009-06-24,equity index*,equity indexes,326,340,positive,mov* high*,"[[341, 352]]"," The improved access to capital markets and better economic outlook buoyed bank stocks, which helped headline equity indexes move higher. Most stock markets in emerging market economies rose considerably, and mutual fund flows into those markets strengthened."
213b228cc5257a8b51bf__original,2009-06-24,stock market*,stock markets,359,372,unclassified,,[],"arkets and better economic outlook buoyed bank stocks, which helped headline equity indexes move higher. Most stock markets in emerging market economies rose considerably, and mutual fund flows into those markets strengthened."
827afaa1747b6135fc05__original,2009-06-24,equity index*,equity indexes,109,123,positive,mov* high*,"[[124, 135]]","The improved access to capital markets and better economic outlook buoyed bank stocks, which helped headline equity indexes move higher. Most stock markets in emerging market economies rose considerably, and mutual fund flows into those markets strengthened. The European C"
827afaa1747b6135fc05__original,2009-06-24,stock market*,stock markets,142,155,unclassified,,[],"arkets and better economic outlook buoyed bank stocks, which helped headline equity indexes move higher. Most stock markets in emerging market economies rose considerably, and mutual fund flows into those markets strengthened. The European Central Bank lowered its main pol"
27d515904d29b2eea3d3__original,2009-06-24,equities,equities,308,316,unclassified,,[],"s from £75 billion to £125 billion. The Bank of Japan continued purchasing commercial paper, corporate bonds, equities, and government bonds. Chinese authorities held the renminbi nearly unchanged against the dollar, and several central banks intervened to purchase do"
51fd87cba3a6d84c226a__original,2009-06-24,equity price*,equity prices,177,190,positive,increas* | favor*,"[[164, 173], [195, 204]]","t-backed securities also showed an increasing amount of activity, supported in part by the TALF. Increases in equity prices had favorable effects on household wealth and overall sentiment. Still, participants generally noted that the improvement in market conditions was in"
51fd87cba3a6d84c226a__original,2009-06-24,household wealth,household wealth,216,232,unclassified,,[],"easing amount of activity, supported in part by the TALF. Increases in equity prices had favorable effects on household wealth and overall sentiment. Still, participants generally noted that the improvement in market conditions was in part due to ongoing support from various "
bce7200210f9df018f43__original,2009-08-12,household* net worth,household net worth,174,193,unclassified,,[],"ant strains on household income, and earlier declines in net worth were still holding back spending. However, household net worth received a boost from the rise in equity prices since their low in March. In addition, the July Senior Loan Officer Opinion Survey on Bank Lending Pr"
bce7200210f9df018f43__original,2009-08-12,equity price*,equity prices,228,241,positive,rise*,"[[220, 224]]","in net worth were still holding back spending. However, household net worth received a boost from the rise in equity prices since their low in March. In addition, the July Senior Loan Officer Opinion Survey on Bank Lending Practices indicated that the fraction of banks tig"
e5df7f1169c0b2392f07__original,2009-08-12,stock price*,stock price,155,166,unclassified,,[],"ear Treasury note was little changed at elevated levels, although it was well below its peak last fall. Broad stock price indexes rose, on net, over the intermeeting period, as investors responded to strong second-quarter earnings reports and indications that the economy"
280c37c656f98b9f716a__original,2009-08-12,stock price*,stock price,6,17,unclassified,,[],"Broad stock price indexes rose, on net, over the intermeeting period, as investors responded to strong second-quarter earnings reports and indications that the economy"
280c37c656f98b9f716a__original,2009-08-12,s p 500 index,s p 500 index,492,505,unclassified,,[],emium--narrowed a bit more but remained high by recent historical standards. Option-implied volatility on the s p 500 index also dropped a bit further.
6ade75aee0e5bfa4821d__original,2009-08-12,s p 500 index,s p 500 index,304,317,unclassified,,[],emium--narrowed a bit more but remained high by recent historical standards. Option-implied volatility on the s p 500 index also dropped a bit further. Yields on BBB-rated and speculative-grade corporate bonds declined over the intermeeting period.
903502e535cdf59342df__original,2009-08-12,equity price*,equity prices,222,235,positive,rose,"[[236, 240]]","by better-than-expected second-quarter earnings results at larger banking institutions. Over the period, bank equity prices rose, and credit default swap spreads on financial firms declined. Nonetheless, some investors commented that the positive upside surprises at large "
89883de7e90154e147f8__original,2009-08-12,stock market*,Stock markets,86,99,positive,rose,"[[100, 104]]","The tone of financial markets abroad improved further during the intermeeting period. Stock markets rose globally, as positive U. S."
c2bc2e5f3d3470a78403__original,2009-08-12,household* net worth,household net worth,216,235,positive,high*,"[[209, 215]]","arters. But this negative influence on aggregate demand was roughly offset by other factors, including higher household net worth as a result of the rise in equity prices since March, lower corporate bond rates and spreads, a lower dollar, and a stronger forecast for foreign eco"
c2bc2e5f3d3470a78403__original,2009-08-12,equity price*,equity prices,263,276,positive,rise*,"[[255, 259]]","e demand was roughly offset by other factors, including higher household net worth as a result of the rise in equity prices since March, lower corporate bond rates and spreads, a lower dollar, and a stronger forecast for foreign economic activity. All told, the staff conti"
c67a8e22b56a44a86842__original,2009-08-12,equity price*,equity prices,188,201,positive,increas*,"[[175, 184]]","ns. These factors, along with past declines in wealth that had been only partly offset by recent increases in equity prices, would weigh on consumer spending. The data and business contacts indicated very substantial excess capacity in many sectors; this excess capacity, a"
58f772430b7c32dd3bd4__original,2009-08-12,equity price*,equity prices,204,217,positive,high*,"[[197, 203]]","o showed improvement, and recent issuance had neared levels observed prior to the second half of 2008. Higher equity prices appeared to result not only from generally better-than-expected corporate earnings, which seemed largely to reflect aggressive cost cutting, but also"
5cc8737f27e55f636d85__original,2009-08-12,equity price*,equity prices,221,234,positive,rebound*,"[[210, 217]]","lf of 2008 and was essentially constant during May and June. Several participants noted the recent rebound in equity prices and thus household wealth as a factor that was likely to support consumer spending. Many noted, however, that households still faced considerable hea"
5cc8737f27e55f636d85__original,2009-08-12,household wealth,household wealth,244,260,unclassified,,[],"ntially constant during May and June. Several participants noted the recent rebound in equity prices and thus household wealth as a factor that was likely to support consumer spending. Many noted, however, that households still faced considerable headwinds, including reduced "
dcb1b86d56d912c8e597__original,2009-09-23,stock price*,stock price,339,350,unclassified,,[],"interest rates as well as further indications that the contraction in economic activity may have ended, broad stock price indexes rose, on net, over the intermeeting period. The spread between an estimate of the expected real equity return over the next 10 years for s p "
3d0987797ae4a56e8762__original,2009-09-23,stock price*,stock price,121,132,unclassified,,[],"interest rates as well as further indications that the contraction in economic activity may have ended, broad stock price indexes rose, on net, over the intermeeting period. The spread between an estimate of the expected real equity return over the next 10 years for s p "
3d0987797ae4a56e8762__original,2009-09-23,s p 500 index,s p 500 index,510,523,negative,declin*,"[[524, 532]]","by historical standards. After having dropped significantly in prior months, option-implied volatility on the s p 500 index declined modestly, on balance, over the intermeeting period, but was still at a level comparable with that of previous recessions."
f81a4b6de12e9d2eff91__original,2009-09-23,s p 500 index,s p 500 index,325,338,negative,declin*,"[[339, 347]]","by historical standards. After having dropped significantly in prior months, option-implied volatility on the s p 500 index declined modestly, on balance, over the intermeeting period, but was still at a level comparable with that of previous recessions. Yields on corporat"
5d71b82692a5564cdee4__original,2009-09-23,equity price*,Equity prices,104,117,unclassified,,[],"Changes in investor sentiment toward claims on financial firms were mixed over the intermeeting period. Equity prices for larger banks increased, but stock prices for regional and smaller banks were little changed. Market participants reportedly took note of the incr"
5d71b82692a5564cdee4__original,2009-09-23,stock price*,stock prices,150,162,unclassified,,[],"ims on financial firms were mixed over the intermeeting period. Equity prices for larger banks increased, but stock prices for regional and smaller banks were little changed. Market participants reportedly took note of the increased number of failures at regional and smal"
57d780e9fb4ff75370ce__original,2009-09-23,stock index*,Stock indexes,98,111,unclassified,,[],"Global financial markets showed some further signs of stabilization over the intermeeting period. Stock indexes in Europe rose solidly, apparently reflecting an improved economic outlook, but the Japanese stock market declined modestly. In emerging markets, cre"
57d780e9fb4ff75370ce__original,2009-09-23,stock market*,stock market,205,217,negative,declin*,"[[218, 226]]","d. Stock indexes in Europe rose solidly, apparently reflecting an improved economic outlook, but the Japanese stock market declined modestly. In emerging markets, credit default swap spreads on sovereign debt declined slightly, and equity prices in most countries rose mod"
57d780e9fb4ff75370ce__original,2009-09-23,equity price*,equity prices,327,340,unclassified,,[]," declined modestly. In emerging markets, credit default swap spreads on sovereign debt declined slightly, and equity prices in most countries rose moderately; however, stock prices fell notably in China, partly driven by reports that authorities were taking actions to mode"
57d780e9fb4ff75370ce__original,2009-09-23,stock price*,stock prices,385,397,negative,fell,"[[398, 402]]","ap spreads on sovereign debt declined slightly, and equity prices in most countries rose moderately; however, stock prices fell notably in China, partly driven by reports that authorities were taking actions to moderate loan growth."
e1b9ac94510d75908a99__original,2009-09-23,stock index*,Stock indexes,0,13,unclassified,,[],"Stock indexes in Europe rose solidly, apparently reflecting an improved economic outlook, but the Japanese stock market declined modestly. In emerging markets, cre"
e1b9ac94510d75908a99__original,2009-09-23,stock market*,stock market,107,119,negative,declin*,"[[120, 128]]","Stock indexes in Europe rose solidly, apparently reflecting an improved economic outlook, but the Japanese stock market declined modestly. In emerging markets, credit default swap spreads on sovereign debt declined slightly, and equity prices in most countries rose mod"
e1b9ac94510d75908a99__original,2009-09-23,equity price*,equity prices,229,242,unclassified,,[]," declined modestly. In emerging markets, credit default swap spreads on sovereign debt declined slightly, and equity prices in most countries rose moderately; however, stock prices fell notably in China, partly driven by reports that authorities were taking actions to mode"
e1b9ac94510d75908a99__original,2009-09-23,stock price*,stock prices,287,299,negative,fell,"[[300, 304]]","ap spreads on sovereign debt declined slightly, and equity prices in most countries rose moderately; however, stock prices fell notably in China, partly driven by reports that authorities were taking actions to moderate loan growth. Despite fairly positive economic indica"
51bedc557b625797c40b__original,2009-09-23,house and equity price*,house and equity prices,530,553,positive,rise*,"[[521, 526]]","tentative signs of a recovery of economic activity were supported by other factors, including recent rises in house and equity prices that would support household net worth, declines in interest rates on corporate bonds and fixed-rate mortgages, and a stronger outlook for activity i"
51bedc557b625797c40b__original,2009-09-23,household* net worth,household net worth,573,592,unclassified,,[],"ctivity were supported by other factors, including recent rises in house and equity prices that would support household net worth, declines in interest rates on corporate bonds and fixed-rate mortgages, and a stronger outlook for activity in foreign economies. The staff expected"
0d2ad5726e1496a7d85e__original,2009-09-23,equity price*,equity prices,228,241,positive,rose,"[[242, 246]]","riskier assets. Markets for corporate debt continued to improve, private credit spreads narrowed further, and equity prices rose. Given the improved economic prospects, the decline in longer-term Treasury yields and the apparent marking down of the implied path for the pol"
4196afdeaecf6043d51c__original,2009-09-23,equity price*,equity prices,226,239,unclassified,,[],"as partly reflecting special factors like the cash-for-clunkers program. Recent increases in house prices and equity prices were positives, but participants generally expected no more than moderate growth in consumer spending over the near term. Households still faced cons"
4196afdeaecf6043d51c__original,2009-09-23,equity price*,equity prices,553,566,positive,rise*,"[[545, 549]]","s of debt, uncertain job prospects, and wealth levels that remained relatively low despite the recent rise in equity prices and stabilization in house prices."
d27b251e232b84d0ef3c__original,2009-09-23,equity price*,equity prices,37,50,unclassified,,[],"Recent increases in house prices and equity prices were positives, but participants generally expected no more than moderate growth in consumer spending over the near term. Households still faced cons"
d27b251e232b84d0ef3c__original,2009-09-23,equity price*,equity prices,364,377,positive,rise*,"[[356, 360]]","s of debt, uncertain job prospects, and wealth levels that remained relatively low despite the recent rise in equity prices and stabilization in house prices. In that environment, households' saving behavior remained an important source of uncertainty in the outlook."
cd01e3c343218156078f__original,2009-11-04,stock price*,stock price,126,137,unclassified,,[],"idence pointed to increased demand for Treasury securities that mature soon after the turn of the year. Broad stock price indexes were about unchanged, on net, over the intermeeting period despite initial third-quarter earnings reports that mostly beat analysts' forecast"
cd01e3c343218156078f__original,2009-11-04,s p 500 index,s p 500 index,323,336,positive,mov* up,"[[337, 345]]",initial third-quarter earnings reports that mostly beat analysts' forecasts. Option-implied volatility on the s p 500 index moved up slightly.
8076b4101cfa0c12248e__original,2009-11-04,stock price*,stock price,6,17,unclassified,,[],"Broad stock price indexes were about unchanged, on net, over the intermeeting period despite initial third-quarter earnings reports that mostly beat analysts' forecast"
8076b4101cfa0c12248e__original,2009-11-04,s p 500 index,s p 500 index,203,216,positive,mov* up,"[[217, 225]]",initial third-quarter earnings reports that mostly beat analysts' forecasts. Option-implied volatility on the s p 500 index moved up slightly. The spread between an estimate of the expected real return on equity over the next 10 years for s p 500 firms and an estimate of t
4b68a70caa7cba031989__original,2009-11-04,s p 500 index,s p 500 index,33,46,positive,mov* up,"[[47, 55]]",Option-implied volatility on the s p 500 index moved up slightly. The spread between an estimate of the expected real return on equity over the next 10 years for s p 500 firms and an estimate of t
b1dbb4ac35c19157e7ad__original,2009-11-04,equity price*,equity prices,128,141,unclassified,,[]," toward the banking sector appeared to deteriorate over the intermeeting period. Bank share prices fell, with equity prices for large banks declining more than those for regional and smaller banks. Credit default swap spreads for large bank holding companies were about fla"
32572d737982f7180599__original,2009-11-04,stock index*,Stock indexes,22,35,negative,fell,"[[36, 40]]","currency from abroad. Stock indexes fell over the intermeeting period in most major industrial economies, while 10-year sovereign yields declined in Europe and were little changed in Ja"
32572d737982f7180599__original,2009-11-04,equity price*,Equity prices,201,214,unclassified,,[],"ial economies, while 10-year sovereign yields declined in Europe and were little changed in Japan and Canada. Equity prices were mixed in emerging markets, and credit spreads on emerging market sovereign debt edged up."
9f0904b74179c592c541__original,2009-11-04,stock index*,Stock indexes,0,13,negative,fell,"[[14, 18]]","Stock indexes fell over the intermeeting period in most major industrial economies, while 10-year sovereign yields declined in Europe and were little changed in Ja"
9f0904b74179c592c541__original,2009-11-04,equity price*,Equity prices,179,192,unclassified,,[],"ial economies, while 10-year sovereign yields declined in Europe and were little changed in Japan and Canada. Equity prices were mixed in emerging markets, and credit spreads on emerging market sovereign debt edged up. The trade-weighted index of the foreign exchange value"
9bfd4de606599d34530e__original,2009-11-04,equity price*,equity prices,170,183,unclassified,,[],"et developments over recent months were generally regarded as supportive of continued economic recovery, with equity prices considerably higher, private credit spreads substantially lower, and financial markets generally performing significantly better than earlier in the "
513e02d70d95777d12b9__original,2009-11-04,equity market*,equity markets,258,272,unclassified,,[],tor implied that financing conditions differed for large and small firms. Large firms with access to debt and equity markets for financing had relatively little difficulty in obtaining credit and in many cases also had high levels of retained earnings with which to fund the
4116a04caac8403d9ea1__original,2009-11-04,equity price*,equity prices,329,342,positive,rise*,"[[321, 325]]","me growth, and tight credit, as well as wealth levels that remained relatively low despite the recent rise in equity prices and stabilization in house prices, were seen as weighing on consumer confidence and the growth of consumer spending for some time to come. In such an"
a295ef22ee0805e9ae00__original,2009-12-16,stock price*,stock price,168,179,unclassified,,[]," December 31 drove yields on such issues to zero in some recent auctions. Over the intermeeting period, broad stock price indexes increased further. The rise in share prices likely reflected the improvement in the economic outlook and strong third-quarter earnings, which"
0e9bdbaab71bb6b59414__original,2009-12-16,s p 500 index,s p 500 index,199,212,negative,declin*,"[[213, 221]]", to express concerns about the future profitability of the banking industry. Option-implied volatility on the s p 500 index declined. The spread between an estimate of the expected real return on equity over the next 10 years and an estimate of the real 10-year Treasury yi
92b87b496dcec3a1e7ba__original,2009-12-16,stock price*,stock price,111,122,unclassified,,[],"anknotes appeared to ebb, consistent with the continued stabilization in most global financial markets. Broad stock price indexes in major advanced foreign economies rose, although generally somewhat less than those in the United States. Stock price indexes in major emer"
92b87b496dcec3a1e7ba__original,2009-12-16,stock price*,Stock price,239,250,unclassified,,[],"s in major advanced foreign economies rose, although generally somewhat less than those in the United States. Stock price indexes in major emerging markets increased as well, particularly in Brazil and Mexico, amid generally rising commodity prices and a better-than-expe"
92b87b496dcec3a1e7ba__original,2009-12-16,stock price*,stock prices,433,445,unclassified,,[],"zil and Mexico, amid generally rising commodity prices and a better-than-expected Mexican GDP report; Chinese stock prices also increased strongly."
6df53a5f7be260679f53__original,2009-12-16,stock price*,stock price,6,17,unclassified,,[],"Broad stock price indexes in major advanced foreign economies rose, although generally somewhat less than those in the United States. Stock price indexes in major emer"
6df53a5f7be260679f53__original,2009-12-16,stock price*,Stock price,134,145,unclassified,,[],"s in major advanced foreign economies rose, although generally somewhat less than those in the United States. Stock price indexes in major emerging markets increased as well, particularly in Brazil and Mexico, amid generally rising commodity prices and a better-than-expe"
6df53a5f7be260679f53__original,2009-12-16,stock price*,stock prices,328,340,unclassified,,[],"zil and Mexico, amid generally rising commodity prices and a better-than-expected Mexican GDP report; Chinese stock prices also increased strongly. Long-term government bond yields declined in most advanced foreign economies, but increased in the United Kingdom."
5192461256397611b969__original,2009-12-16,equity price*,Equity prices,432,445,positive,rose,"[[446, 450]]","ally regarded as having become more supportive of continued economic recovery during the intermeeting period: Equity prices rose further, private credit spreads narrowed somewhat, and financial markets generally continued to function significantly better than early in the "
1a2cc934bc3ab0c4eb8e__original,2009-12-16,equity price*,equity prices,226,239,positive,gain*,"[[217, 222]]","sonal saving rate--in the second and third quarters of this year. Those revisions, along with recent gains in equity prices, suggested a smaller probability that households would reduce spending to rebuild their savings more rapidly. However, uncertain job prospects, modes"
1a2cc934bc3ab0c4eb8e__original,2009-12-16,equity price*,equity prices,503,516,positive,rise*,"[[495, 499]]","owth in real incomes, tight credit, and wealth levels that remained relatively low despite this years rise in equity prices and stabilization in house prices were seen as likely to weigh on consumer confidence and the growth of consumer spending for some time to come."
c0129b21be15467fd3bf__original,2009-12-16,equity price*,equity prices,44,57,positive,gain*,"[[35, 40]]","Those revisions, along with recent gains in equity prices, suggested a smaller probability that households would reduce spending to rebuild their savings more rapidly. However, uncertain job prospects, modes"
c0129b21be15467fd3bf__original,2009-12-16,equity price*,equity prices,321,334,positive,rise*,"[[313, 317]]","owth in real incomes, tight credit, and wealth levels that remained relatively low despite this years rise in equity prices and stabilization in house prices were seen as likely to weigh on consumer confidence and the growth of consumer spending for some time to come. Anec"
b833cbc74cad1a760aa0__original,2010-01-27,stock price*,stock price,257,268,unclassified,,[],"ng expiration of a number of the facilities. After trending higher for most of the intermeeting period, broad stock price indexes subsequently reversed course amid elevated volatility, ending the period little changed on balance. The gap between the staff's estimate of t"
a30b64919610350fbf5d__original,2010-01-27,stock price*,stock price,65,76,unclassified,,[],"After trending higher for most of the intermeeting period, broad stock price indexes subsequently reversed course amid elevated volatility, ending the period little changed on balance. The gap between the staff's estimate of t"
8ea694d9619b7ba22ed8__original,2010-01-27,equity price*,equity prices,75,88,unclassified,,[],"All major foreign central banks kept their policy rates unchanged. Foreign equity prices generally ended the intermeeting period down. European financial stocks declined substantially, as early profit reports for the fourth quarter from a"
1d086522a8f795518eca__original,2010-01-27,equity price*,equity prices,154,167,positive,increas*,"[[168, 177]]","s were, on balance, about as supportive of growth as when the Committee met in December. Though volatility in equity prices increased late in the intermeeting period, broad equity price indexes were about unchanged overall, private credit spreads narrowed somewhat, and fin"
1d086522a8f795518eca__original,2010-01-27,equity price index*,equity price indexes,217,237,unclassified,,[],"ommittee met in December. Though volatility in equity prices increased late in the intermeeting period, broad equity price indexes were about unchanged overall, private credit spreads narrowed somewhat, and financial markets generally continued to function significantly better th"
2caf1df665a586dd0c56__original,2010-03-16,stock price*,stock price,195,206,unclassified,,[],"the emergency lending facilities with no apparent adverse effects on financial markets or institutions. Broad stock price indexes rose, on net, over the intermeeting period, boosted in part by favorable earnings reports from the retail sector. Bank equity prices outperfo"
2caf1df665a586dd0c56__original,2010-03-16,equity price*,equity prices,334,347,unclassified,,[],"net, over the intermeeting period, boosted in part by favorable earnings reports from the retail sector. Bank equity prices outperformed the broader equity markets."
2caf1df665a586dd0c56__original,2010-03-16,equity market*,equity markets,373,387,unclassified,,[],ted in part by favorable earnings reports from the retail sector. Bank equity prices outperformed the broader equity markets.
0435dd06716f6c009bc7__original,2010-03-16,stock price*,stock price,6,17,unclassified,,[],"Broad stock price indexes rose, on net, over the intermeeting period, boosted in part by favorable earnings reports from the retail sector. Bank equity prices outperfo"
0435dd06716f6c009bc7__original,2010-03-16,equity price*,equity prices,145,158,unclassified,,[],"net, over the intermeeting period, boosted in part by favorable earnings reports from the retail sector. Bank equity prices outperformed the broader equity markets. Option-implied volatility on the s p 500 index dropped back to post-crisis lows after increasing earlier in "
0435dd06716f6c009bc7__original,2010-03-16,equity market*,equity markets,184,198,unclassified,,[],ted in part by favorable earnings reports from the retail sector. Bank equity prices outperformed the broader equity markets. Option-implied volatility on the s p 500 index dropped back to post-crisis lows after increasing earlier in the period on concerns about Chinese mon
0435dd06716f6c009bc7__original,2010-03-16,s p 500 index,s p 500 index,233,246,negative,drop*,"[[247, 254]]",e retail sector. Bank equity prices outperformed the broader equity markets. Option-implied volatility on the s p 500 index dropped back to post-crisis lows after increasing earlier in the period on concerns about Chinese monetary policy tightening and fiscal strains in Eu
51a5f993adf318e30742__original,2010-03-16,equity price*,equity prices,5,18,unclassified,,[],Bank equity prices outperformed the broader equity markets. Option-implied volatility on the s p 500 index dropped back to post-crisis lows after increasing earlier in 
51a5f993adf318e30742__original,2010-03-16,equity market*,equity markets,44,58,unclassified,,[],Bank equity prices outperformed the broader equity markets. Option-implied volatility on the s p 500 index dropped back to post-crisis lows after increasing earlier in the period on concerns about Chinese mon
51a5f993adf318e30742__original,2010-03-16,s p 500 index,s p 500 index,93,106,negative,drop*,"[[107, 114]]",Bank equity prices outperformed the broader equity markets. Option-implied volatility on the s p 500 index dropped back to post-crisis lows after increasing earlier in the period on concerns about Chinese monetary policy tightening and fiscal strains in Eu
a75db3497aad0aff9b11__original,2010-03-16,s p 500 index,s p 500 index,33,46,negative,drop*,"[[47, 54]]",Option-implied volatility on the s p 500 index dropped back to post-crisis lows after increasing earlier in the period on concerns about Chinese monetary policy tightening and fiscal strains in Eu
bdbd3925cbb2ade0d442__original,2010-03-16,equity price*,Equity prices,89,102,unclassified,,[],"In early March, the ECB announced several steps to normalize its provision of liquidity. Equity prices in most foreign countries were up moderately since the January FOMC meeting. Likely reflecting the concerns about Greece as well as weak economic dat"
2845df7b476e9c944ef9__original,2010-03-16,equity market*,equity markets,234,248,unclassified,,[],"arkets were near pre-crisis levels, and risk spreads on corporate bonds and measures of implied volatility in equity markets were broadly consistent with historical norms given the outlook for the economy. Participants were also reassured by the absence of any signs of rene"
b91628b5d50049e1b84c__original,2010-04-28,equity index*,Equity indexes,60,74,positive,rose,"[[75, 79]]","Spreads in the commercial paper market were little changed. Equity indexes rose, on balance, over the intermeeting period, with bank shares outperforming the broader market. Stock prices were supported by somewhat better-tha"
b91628b5d50049e1b84c__original,2010-04-28,stock price*,Stock prices,174,186,unclassified,,[],"ty indexes rose, on balance, over the intermeeting period, with bank shares outperforming the broader market. Stock prices were supported by somewhat better-than-expected macroeconomic data and a favorable response by investors to the initial batch of first-quarter earnin"
be6549798405cc7ad71c__original,2010-04-28,equity index*,Equity indexes,0,14,positive,rose,"[[15, 19]]","Equity indexes rose, on balance, over the intermeeting period, with bank shares outperforming the broader market. Stock prices were supported by somewhat better-tha"
be6549798405cc7ad71c__original,2010-04-28,stock price*,Stock prices,114,126,unclassified,,[],"ty indexes rose, on balance, over the intermeeting period, with bank shares outperforming the broader market. Stock prices were supported by somewhat better-than-expected macroeconomic data and a favorable response by investors to the initial batch of first-quarter earnin"
be6549798405cc7ad71c__original,2010-04-28,s p 500 index,s p 500 index,363,376,unclassified,,[],"of first-quarter earnings reports, especially those of banking institutions. Option-implied volatility on the s p 500 index generally declined over the period but jumped at end of April on renewed concerns regarding the fiscal situation in Greece."
45f9625ba8a93eba2136__original,2010-04-28,stock price*,Stock prices,0,12,unclassified,,[],Stock prices were supported by somewhat better-than-expected macroeconomic data and a favorable response by investors to the initial batch of first-quarter earnin
45f9625ba8a93eba2136__original,2010-04-28,s p 500 index,s p 500 index,249,262,unclassified,,[],"of first-quarter earnings reports, especially those of banking institutions. Option-implied volatility on the s p 500 index generally declined over the period but jumped at end of April on renewed concerns regarding the fiscal situation in Greece. The gap between the staff"
37f8c28e618a60c83104__original,2010-04-28,s p 500 index,s p 500 index,33,46,unclassified,,[],Option-implied volatility on the s p 500 index generally declined over the period but jumped at end of April on renewed concerns regarding the fiscal situation in Greece. The gap between the staff
64bb9a5b0b1be74a7fa3__original,2010-04-28,equity market*,equity market,363,376,unclassified,,[],"ficant volume of debt securities in the first quarter and also raised a moderate amount of gross funds in the equity market, a pattern that appeared to continue in the first half of April. Credit quality in the commercial real estate sector continued to deteriorate as the "
615cdefde23c67be7e27__original,2010-04-28,equity index*,equity indexes,392,406,positive,high*,"[[412, 418]]","t the Federal Reserve. Until the intensification of the Greek crisis near the end of the intermeeting period, equity indexes were higher in nearly all countries, and emerging-market risk spreads had generally declined. These moves appeared to reflect growing confidence that"
c96e6d0b54fca083797b__original,2010-04-28,stock price*,stock prices,231,243,positive,rising,"[[224, 230]]","ts were allowing low policy rates to be reflected more fully in the cost of capital. At the same time, rising stock prices and the apparent stabilization of house prices were helping to repair household balance sheets. As a result, consumers and firms were beginning to sa"
a6b3a1eedf43e6e615c8__original,2010-06-23,equity price*,equity prices,364,377,negative,mov* down,"[[378, 388]]","loyment and hours worked as well as slightly higher real wages, but home values declined in recent months and equity prices moved down since the April meeting. Measures of consumer sentiment improved in May and early June but were still at relatively low levels."
5ffd3777fa3e92bfac0a__original,2010-06-23,stock price*,stock price,3,14,unclassified,,[],"S. stock price indexes fell over the intermeeting period, in part reflecting deepening concerns about the European fiscal situation and its potential for adverse sp"
5ffd3777fa3e92bfac0a__original,2010-06-23,s p 500 index,s p 500 index,233,246,unclassified,,[],"ituation and its potential for adverse spillovers to global economic growth. Option-implied volatility on the s p 500 index spiked in mid-May, to more than double its value at the time of the April FOMC meeting, but largely reversed its run-up by the time of the June meeti"
b71f36f58ad7042219a3__original,2010-06-23,stock price*,stock price,0,11,unclassified,,[],"stock price indexes fell over the intermeeting period, in part reflecting deepening concerns about the European fiscal situation and its potential for adverse sp"
b71f36f58ad7042219a3__original,2010-06-23,s p 500 index,s p 500 index,230,243,unclassified,,[],"ituation and its potential for adverse spillovers to global economic growth. Option-implied volatility on the s p 500 index spiked in mid-May, to more than double its value at the time of the April FOMC meeting, but largely reversed its run-up by the time of the June meeti"
b71f36f58ad7042219a3__original,2010-06-23,equities,equities,468,476,unclassified,,[],un-up by the time of the June meeting. The spread between the staff's estimate of the expected real return on equities over the next 10 years and an estimate of the expected real return on a 10-year Treasury note--a measure of the equity risk premium--increased from i
90c1477937179f1cb6fc__original,2010-06-23,s p 500 index,s p 500 index,33,46,unclassified,,[],"Option-implied volatility on the s p 500 index spiked in mid-May, to more than double its value at the time of the April FOMC meeting, but largely reversed its run-up by the time of the June meeti"
90c1477937179f1cb6fc__original,2010-06-23,equities,equities,271,279,unclassified,,[],un-up by the time of the June meeting. The spread between the staff's estimate of the expected real return on equities over the next 10 years and an estimate of the expected real return on a 10-year Treasury note--a measure of the equity risk premium--increased from i
2f3a93ffa8f94a5bd941__original,2010-06-23,equity price*,equity prices,203,216,negative,declin*,"[[191, 199]]","of June. Gross equity issuance fell a bit, on net, in April and May, likely due in part to recent declines in equity prices and elevated market volatility. Measures of the credit quality of nonfinancial firms generally continued to improve, and first-quarter profits for fi"
be70e107f6ac95184735__original,2010-06-23,equity price*,equity prices,101,114,negative,declin*,"[[89, 97]]","Gross equity issuance fell a bit, on net, in April and May, likely due in part to recent declines in equity prices and elevated market volatility. Measures of the credit quality of nonfinancial firms generally continued to improve, and first-quarter profits for fi"
7867901d24c3d88c0a01__original,2010-06-23,equity price*,equity prices,275,288,negative,declin*,"[[263, 271]]","ost of the intermeeting period. This retreat led to a broad appreciation of the dollar as well as declines in equity prices abroad and in yields on benchmark sovereign bonds. However, investor sentiment improved near the end of the period, leading to a partial reversal in "
cfe71aa51562f4c4e523__original,2010-06-23,equity index*,equity indexes,272,286,negative,fell,"[[287, 291]]","below-investment-grade status in mid-June. On net, the dollar ended the intermeeting period up, most headline equity indexes fell, and benchmark government bond yields declined. Strains in euro-area bank funding markets reemerged during the period."
338fa1433e320d8e7165__original,2010-06-23,equity price*,equity prices,429,442,negative,drop*,"[[421, 425]]"," some European countries contributed to an increase in the foreign exchange value of the dollar and a drop in equity prices, which seemed likely to damp somewhat the expansion of domestic demand. The implications of these less-favorable factors for U."
7ff4a289757f3f6e396a__original,2010-06-23,equity price*,equity prices,266,279,negative,fall*,"[[284, 290]]","f greater global financial market tensions. Risk spreads for many corporate borrowers had widened noticeably, equity prices had fallen appreciably, and the dollar had risen in value against a broad basket of other currencies. Participants saw these changes as likely to wei"
be8b76dace2ba0eaf22b__original,2010-06-23,stock price*,stock prices,356,368,negative,low*,"[[350, 355]]","ts of income growth and improved confidence as the economy recovers more than offsetting the effects of lower stock prices and housing wealth. However, continued labor market weakness could weigh on consumer sentiment, and households were still repairing their balance she"
91f5a7579a9eaddd64ec__original,2010-08-10,household* net worth,household net worth,267,286,unclassified,,[],"e upwardly revised level reported in the revisions to the national income and product accounts. Indicators of household net worth--such as stock prices and house prices--were little changed, on net, over the intermeeting period. Consumer confidence fell back in July, with househ"
91f5a7579a9eaddd64ec__original,2010-08-10,stock price*,stock prices,296,308,unclassified,,[],"rted in the revisions to the national income and product accounts. Indicators of household net worth--such as stock prices and house prices--were little changed, on net, over the intermeeting period. Consumer confidence fell back in July, with households expressing greate"
570b149632411e1af429__original,2010-08-10,equity price index*,equity price indexes,3,23,positive,increas*,"[[24, 33]]","S. equity price indexes increased slightly, on net, as generally positive corporate earnings news and an easing of investors' worries about the potential effects of fiscal s"
357293581b0e2509d24b__original,2010-08-10,equity price index*,equity price indexes,0,20,positive,increas*,"[[21, 30]]","equity price indexes increased slightly, on net, as generally positive corporate earnings news and an easing of investors' worries about the potential effects of fiscal s"
357293581b0e2509d24b__original,2010-08-10,s p 500 index,s p 500 index,390,403,negative,declin*,"[[404, 412]]", s p 500 reported second-quarter earnings that exceeded analysts' forecasts. Option-implied volatility on the s p 500 index declined but remained somewhat elevated by historical standards.
b024cf3363afc1e652e1__original,2010-08-10,s p 500 index,s p 500 index,127,140,negative,declin*,"[[141, 149]]", s p 500 reported second-quarter earnings that exceeded analysts' forecasts. Option-implied volatility on the s p 500 index declined but remained somewhat elevated by historical standards. The spread between the staff's estimate of the expected real return on equities over
b024cf3363afc1e652e1__original,2010-08-10,equities,equities,277,285,unclassified,,[],what elevated by historical standards. The spread between the staff's estimate of the expected real return on equities over the next 10 years and an estimate of the expected real return on a 10-year Treasury note--a rough measure of the equity risk premium--was little
42ec78d04ffe7ed29514__original,2010-08-10,s p 500 index,s p 500 index,33,46,negative,declin*,"[[47, 55]]",Option-implied volatility on the s p 500 index declined but remained somewhat elevated by historical standards. The spread between the staff's estimate of the expected real return on equities over
42ec78d04ffe7ed29514__original,2010-08-10,equities,equities,183,191,unclassified,,[],what elevated by historical standards. The spread between the staff's estimate of the expected real return on equities over the next 10 years and an estimate of the expected real return on a 10-year Treasury note--a rough measure of the equity risk premium--was little
42ec78d04ffe7ed29514__original,2010-08-10,stock price*,stock prices,382,394,unclassified,,[],"Treasury note--a rough measure of the equity risk premium--was little changed at an elevated level. Financial stock prices moved about in line with broader indexes, and credit default swap spreads for large financial institutions narrowed moderately."
af5ec33787616276819a__original,2010-08-10,equities,equities,71,79,unclassified,,[],The spread between the staff's estimate of the expected real return on equities over the next 10 years and an estimate of the expected real return on a 10-year Treasury note--a rough measure of the equity risk premium--was little
af5ec33787616276819a__original,2010-08-10,stock price*,stock prices,270,282,unclassified,,[],"Treasury note--a rough measure of the equity risk premium--was little changed at an elevated level. Financial stock prices moved about in line with broader indexes, and credit default swap spreads for large financial institutions narrowed moderately. Gross bond issuance b"
f91eb61b0932e8521f0d__original,2010-08-10,equity price*,Equity prices,291,304,unclassified,,[],"hed on global sovereign bond yields, which declined on net in Canada, Germany, the United Kingdom, and Japan. Equity prices, while up in Europe over the intermeeting period, were little changed in Canada and down in Japan. By contrast, share prices rose in emerging markets"
fa2f78a79481155caa9e__original,2010-08-10,equity price*,equity prices,258,271,unclassified,,[],"ages moved down further over the intermeeting period; the dollar reversed its April to June appreciation; and equity prices edged higher. Over the medium term, the recovery in economic activity was expected to receive support from accommodative monetary policy, further imp"
9b65affabe5ac374a968__original,2010-08-10,equity price*,equity prices,312,325,negative,declin*,"[[301, 308]]","Europe: Medium- and longer-term interest rates had fallen, some risk spreads had narrowed, and the decline in equity prices that had occurred in the months before the Committee's June meeting had been partly reversed. Moreover, participants saw some indications that credit"
2e8bb3fc163378041e70__original,2010-09-21,household* net worth,household net worth,125,144,unclassified,,[],"ving rate edged down in July but remained near the high level registered in the second quarter. Indicators of household net worth were mixed; home prices moved down in July, while equity prices inched up, on balance, over the intermeeting period. After falling back in July, cons"
2e8bb3fc163378041e70__original,2010-09-21,equity price*,equity prices,195,208,unclassified,,[],"ed in the second quarter. Indicators of household net worth were mixed; home prices moved down in July, while equity prices inched up, on balance, over the intermeeting period. After falling back in July, consumer confidence remained downbeat in August and early September,"
7893ae84f5292a61b503__original,2010-09-21,stock price*,stock price,3,14,unclassified,,[],"S. stock price indexes edged up, on balance, over the intermeeting period, and option-implied volatility on the s p 500 index was little changed on net. The spread "
7893ae84f5292a61b503__original,2010-09-21,s p 500 index,s p 500 index,112,125,unclassified,,[]," stock price indexes edged up, on balance, over the intermeeting period, and option-implied volatility on the s p 500 index was little changed on net. The spread between the staff's estimate of the expected real return on equities over the next 10 years and an estimate of "
7893ae84f5292a61b503__original,2010-09-21,equities,equities,224,232,unclassified,,[],p 500 index was little changed on net. The spread between the staff's estimate of the expected real return on equities over the next 10 years and an estimate of the expected real return on a 10-year Treasury note--a rough measure of the equity risk premium--remained a
d56119c348d3addf3a86__original,2010-09-21,stock price*,stock price,0,11,unclassified,,[],"stock price indexes edged up, on balance, over the intermeeting period, and option-implied volatility on the s p 500 index was little changed on net. The spread "
d56119c348d3addf3a86__original,2010-09-21,s p 500 index,s p 500 index,109,122,unclassified,,[],"stock price indexes edged up, on balance, over the intermeeting period, and option-implied volatility on the s p 500 index was little changed on net. The spread between the staff's estimate of the expected real return on equities over the next 10 years and an estimate of "
d56119c348d3addf3a86__original,2010-09-21,equities,equities,221,229,unclassified,,[],p 500 index was little changed on net. The spread between the staff's estimate of the expected real return on equities over the next 10 years and an estimate of the expected real return on a 10-year Treasury note--a rough measure of the equity risk premium--remained a
d56119c348d3addf3a86__original,2010-09-21,equity market*,equity market,439,452,unclassified,,[],"ugh measure of the equity risk premium--remained at an elevated level. Bank stocks underperformed the broader equity market and continued to be more volatile, while credit default swap spreads for large banking organizations edged up."
cd0aa78cd7ccaf3facf5__original,2010-09-21,equities,equities,71,79,unclassified,,[],The spread between the staff's estimate of the expected real return on equities over the next 10 years and an estimate of the expected real return on a 10-year Treasury note--a rough measure of the equity risk premium--remained a
cd0aa78cd7ccaf3facf5__original,2010-09-21,equity market*,equity market,289,302,unclassified,,[],"ugh measure of the equity risk premium--remained at an elevated level. Bank stocks underperformed the broader equity market and continued to be more volatile, while credit default swap spreads for large banking organizations edged up. The greater volatility in bank stocks "
b3fdfdbdcb678c41164a__original,2010-09-21,equity price*,equity prices,261,274,negative,drop*,"[[252, 257]]","mely low levels. In foreign markets, concerns about the global economic outlook prompted substantial drops in equity prices and benchmark sovereign bond yields in many countries in August, and the dollar appreciated broadly on safe-haven demands. In September, however, as "
b3fdfdbdcb678c41164a__original,2010-09-21,equity price*,equity prices,492,505,unclassified,,[],"-haven demands. In September, however, as better economic news led to some improvement in investor sentiment, equity prices and bond yields moved back up, and the dollar retraced its earlier appreciation."
ee97b0c03c69891adfdc__original,2010-09-21,equity price*,equity prices,93,106,negative,drop*,"[[84, 89]]","In foreign markets, concerns about the global economic outlook prompted substantial drops in equity prices and benchmark sovereign bond yields in many countries in August, and the dollar appreciated broadly on safe-haven demands. In September, however, as "
ee97b0c03c69891adfdc__original,2010-09-21,equity price*,equity prices,324,337,unclassified,,[],"-haven demands. In September, however, as better economic news led to some improvement in investor sentiment, equity prices and bond yields moved back up, and the dollar retraced its earlier appreciation. Yield spreads relative to German bunds on the 10-year sovereign bond"
1ba15b1ce6eeccbd6051__original,2010-09-21,stock price*,stock prices,175,187,negative,fell,"[[188, 192]]","onds of Greece, Ireland, and Portugal widened to near-record levels over the period. Moreover, euro-area bank stock prices fell on continued concerns about the condition of some troubled institutions. With the yen at a 15-year high against the dollar in nominal terms, Jap"
6f4bc34f28e278f833c8__original,2010-11-03,equity price*,equity prices,98,111,positive,rising,"[[91, 97]]","Real personal consumption expenditures (PCE) rose at a moderate rate in the third quarter. Rising equity prices likely resulted in some further improvement in net worth over the same period. However, real disposable personal income, which rose strongly in the f"
4d60b8afd0d369adc347__original,2010-11-03,stock price*,stock price,3,14,unclassified,,[],"S. stock price indexes rose, on balance, over the intermeeting period, reflecting investor expectations of further monetary policy accommodation and better-than-exp"
4d60b8afd0d369adc347__original,2010-11-03,s p 500 index,s p 500 index,232,245,unclassified,,[],y policy accommodation and better-than-expected third-quarter earnings news; option-implied volatility on the s p 500 index was little changed. The spread between the staff's estimate of the expected real return on equities over the next 10 years and an estimate of the exp
4d60b8afd0d369adc347__original,2010-11-03,equities,equities,337,345,unclassified,,[], the s p 500 index was little changed. The spread between the staff's estimate of the expected real return on equities over the next 10 years and an estimate of the expected real return on a 10-year Treasury note--a rough measure of the equity risk premium--narrowed a
6e90449f6d553728ca78__original,2010-11-03,stock price*,stock price,0,11,unclassified,,[],"stock price indexes rose, on balance, over the intermeeting period, reflecting investor expectations of further monetary policy accommodation and better-than-exp"
6e90449f6d553728ca78__original,2010-11-03,s p 500 index,s p 500 index,229,242,unclassified,,[],y policy accommodation and better-than-expected third-quarter earnings news; option-implied volatility on the s p 500 index was little changed. The spread between the staff's estimate of the expected real return on equities over the next 10 years and an estimate of the exp
6e90449f6d553728ca78__original,2010-11-03,equities,equities,334,342,unclassified,,[], the s p 500 index was little changed. The spread between the staff's estimate of the expected real return on equities over the next 10 years and an estimate of the expected real return on a 10-year Treasury note--a rough measure of the equity risk premium--narrowed a
af62584964dd909f8ad1__original,2010-11-03,equity index*,equity indexes,294,308,unclassified,,[],"ds moved higher on concerns over the fiscal burdens associated with losses in the Irish banking sector. Major equity indexes in the euro area and in the United Kingdom increased moderately, whereas the Nikkei index declined. Several emerging market central banks tightened m"
a307559590434678e684__original,2010-11-03,asset market*,asset market,95,107,unclassified,,[],"However, the staff revised up its forecast for economic activity in 2011 and 2012. In light of asset market developments over the intermeeting period, which in large part appeared to reflect heightened expectations among investors that the Federal Reserve w"
a307559590434678e684__original,2010-11-03,stock price*,stock prices,400,412,positive,high*,"[[393, 399]]","es of longer-term securities, the November forecast was conditioned on lower long-term interest rates, higher stock prices, and a lower foreign exchange value of the dollar than was the staff's previous forecast. These factors were expected to provide additional support t"
184ca3246c6bed43f032__original,2010-11-03,equity price*,equity prices,372,385,positive,rose,"[[386, 390]]","onger-term nominal interest rates declined, real interest rates fell even more, credit spreads tightened, and equity prices rose, in part reflecting better-than-expected corporate earnings reports. Inflation compensation rose noticeably, returning to a level more typical o"
3cf335f7bcbbb9a8ddf2__original,2010-12-14,household* net worth,Household net worth,112,131,positive,rose,"[[132, 136]]","vised data on personal income indicated that it was stronger last spring and summer than previously reported. Household net worth rose further in the third quarter, as an increase in equity values more than offset the effect of a drop in house prices. Consumer sentiment turned m"
3cf335f7bcbbb9a8ddf2__original,2010-12-14,equity valu*,equity values,185,198,positive,increas*,"[[173, 181]]","and summer than previously reported. Household net worth rose further in the third quarter, as an increase in equity values more than offset the effect of a drop in house prices. Consumer sentiment turned more positive in November and early December, retracing most of the "
70f55ee9bd23e1005844__original,2010-12-14,equity price index*,equity price indexes,3,23,positive,increas*,"[[24, 33]]","S. equity price indexes increased moderately, on net, over the intermeeting period, in part reflecting incoming economic data that were read by investors as suggesting that "
70f55ee9bd23e1005844__original,2010-12-14,stock price*,Stock prices,250,262,unclassified,,[]," by investors as suggesting that the recovery could be gaining traction, at least outside the housing sector. Stock prices for domestic commercial banks were volatile but outperformed broad indexes on balance."
c970cc223ffb700e6cef__original,2010-12-14,equity price index*,equity price indexes,0,20,positive,increas*,"[[21, 30]]","equity price indexes increased moderately, on net, over the intermeeting period, in part reflecting incoming economic data that were read by investors as suggesting that "
c970cc223ffb700e6cef__original,2010-12-14,stock price*,Stock prices,247,259,unclassified,,[]," by investors as suggesting that the recovery could be gaining traction, at least outside the housing sector. Stock prices for domestic commercial banks were volatile but outperformed broad indexes on balance. Option-implied volatility on the s p 500 index fell modestly, "
c970cc223ffb700e6cef__original,2010-12-14,s p 500 index,s p 500 index,380,393,negative,fell,"[[394, 398]]","ic commercial banks were volatile but outperformed broad indexes on balance. Option-implied volatility on the s p 500 index fell modestly, and the spread between the staff's estimate of the expected real return on equity for s p 500 firms and the real 10-year Treasury yiel"
61f6d35114b330de384b__original,2010-12-14,stock price*,Stock prices,0,12,unclassified,,[],"Stock prices for domestic commercial banks were volatile but outperformed broad indexes on balance. Option-implied volatility on the s p 500 index fell modestly, "
61f6d35114b330de384b__original,2010-12-14,s p 500 index,s p 500 index,133,146,negative,fell,"[[147, 151]]","ic commercial banks were volatile but outperformed broad indexes on balance. Option-implied volatility on the s p 500 index fell modestly, and the spread between the staff's estimate of the expected real return on equity for s p 500 firms and the real 10-year Treasury yiel"
7e9238aa4c236ebfa443__original,2010-12-14,stock price*,stock price,131,142,unclassified,,[],"elds increased significantly throughout the AFEs, although by less than yields in the United States. Headline stock price indexes in the AFEs generally ended the period higher, whereas bank stocks in Europe declined. The People's Bank of China raised the required reserve"
e6d89b6617f5a3a6d303__original,2010-12-14,stock index*,stock indexes,301,314,unclassified,,[],"tes. China's Shanghai Composite Index fell in the wake of Chinese policy actions, while other emerging market stock indexes were mixed over the period. In Latin America, Brazil's central bank also raised reserve requirements late in the period."
d55cf9cc4ecffac11e20__original,2010-12-14,equity price*,equity prices,341,354,positive,rose,"[[355, 359]]","r maturities rose substantially over the intermeeting period, while credit spreads were roughly unchanged and equity prices rose moderately. Participants pointed to a number of factors that appeared to have contributed to the significant backup in yields, including an appa"
7b77f37bf366f93e3ca9__original,2011-01-26,household* net worth,household net worth,135,154,unclassified,,[],"ted that consumer spending was supported by gains in personal income in the fourth quarter of 2010. Moreover, household net worth appeared to have risen in the fourth quarter, as the large increase in equity prices more than offset further declines in house values. Consumer cred"
7b77f37bf366f93e3ca9__original,2011-01-26,equity price*,equity prices,226,239,positive,increas*,"[[214, 222]]","of 2010. Moreover, household net worth appeared to have risen in the fourth quarter, as the large increase in equity prices more than offset further declines in house values. Consumer credit started to increase again in October and November after having generally declined "
f843920714bfbf82af25__original,2011-01-26,stock price*,stock price,3,14,unclassified,,[],"S. stock price indexes rose, on net, over the intermeeting period, extending their recent strong performance; bank stock prices modestly outperformed the broader ma"
f843920714bfbf82af25__original,2011-01-26,stock price*,stock prices,115,127,unclassified,,[],"ock price indexes rose, on net, over the intermeeting period, extending their recent strong performance; bank stock prices modestly outperformed the broader market. The increase in equity prices reflected the apparent firming of the economic recovery and favorable early r"
f843920714bfbf82af25__original,2011-01-26,equity price*,equity prices,186,199,positive,increas*,"[[174, 182]]", their recent strong performance; bank stock prices modestly outperformed the broader market. The increase in equity prices reflected the apparent firming of the economic recovery and favorable early reports on fourth-quarter corporate earnings.
8b981dbcf5a1be91643c__original,2011-01-26,stock price*,stock price,0,11,unclassified,,[],"stock price indexes rose, on net, over the intermeeting period, extending their recent strong performance; bank stock prices modestly outperformed the broader ma"
8b981dbcf5a1be91643c__original,2011-01-26,stock price*,stock prices,112,124,unclassified,,[],"ock price indexes rose, on net, over the intermeeting period, extending their recent strong performance; bank stock prices modestly outperformed the broader market. The increase in equity prices reflected the apparent firming of the economic recovery and favorable early r"
8b981dbcf5a1be91643c__original,2011-01-26,equity price*,equity prices,183,196,positive,increas*,"[[171, 179]]", their recent strong performance; bank stock prices modestly outperformed the broader market. The increase in equity prices reflected the apparent firming of the economic recovery and favorable early reports on fourth-quarter corporate earnings. Option-implied volatility o
8b981dbcf5a1be91643c__original,2011-01-26,s p 500 index,s p 500 index,352,365,unclassified,,[],c recovery and favorable early reports on fourth-quarter corporate earnings. Option-implied volatility on the s p 500 index remained at a relatively low level.
dfbacf0196d7693c91ac__original,2011-01-26,equity price*,equity prices,16,29,positive,increas*,"[[4, 12]]",The increase in equity prices reflected the apparent firming of the economic recovery and favorable early reports on fourth-quarter corporate earnings. Option-implied volatility o
dfbacf0196d7693c91ac__original,2011-01-26,s p 500 index,s p 500 index,185,198,unclassified,,[],c recovery and favorable early reports on fourth-quarter corporate earnings. Option-implied volatility on the s p 500 index remained at a relatively low level. The spread between the staff's estimate of the expected real equity return for s p 500 firms and the real 10-year
f296dfaa382536d8cf39__original,2011-01-26,s p 500 index,s p 500 index,33,46,unclassified,,[],Option-implied volatility on the s p 500 index remained at a relatively low level. The spread between the staff's estimate of the expected real equity return for s p 500 firms and the real 10-year
093a305cc7868c4a8367__original,2011-01-26,equity price*,Equity prices,148,161,positive,increas*,"[[162, 171]]",ed higher in the core euro-area economies and the United Kingdom but were little changed in Japan and Canada. Equity prices increased in the AFEs and in many EMEs as market participants appeared to revise upward their outlook for the global economy. Financial market strain
6707ea8d4bcc1d7b573d__original,2011-01-26,equity price*,equity prices,321,334,positive,high*,"[[314, 320]]"," conditioning assumptions underlying the forecast were little changed and roughly offsetting: Although higher equity prices and a lower foreign exchange value of the dollar were expected to be slightly more supportive of economic growth, the staff anticipated that these in"
a0ce275b6362f619f223__original,2011-01-26,equity price*,equity prices,94,107,positive,rose,"[[108, 112]]","Conditions in financial markets improved somewhat further over the intermeeting period. Broad equity prices rose, adding to their substantial gains since the middle of 2010. Yields on longer-term nominal Treasury securities were little changed, on balance, "
7e9acbf921cbfdacc014__original,2011-03-15,household* net worth,Household net worth,145,164,positive,rose,"[[165, 169]]","a solid increase in real disposable income in January, reflecting in part the temporary cut in payroll taxes. Household net worth rose in the fourth quarter, as the increase in equity values during that period more than offset the further fall in house prices. However, consumer "
7e9acbf921cbfdacc014__original,2011-03-15,equity valu*,equity values,212,225,positive,increas*,"[[200, 208]]","n part the temporary cut in payroll taxes. Household net worth rose in the fourth quarter, as the increase in equity values during that period more than offset the further fall in house prices. However, consumer sentiment dropped back in early March, retracing its increase"
dbd9fad5a64ecb3c52c5__original,2011-03-15,stock price*,stock price,3,14,unclassified,,[],"S. stock price indexes were about unchanged, on net, over the intermeeting period. Option-implied volatility on the s p 500 index rose sharply in mid-February in re"
dbd9fad5a64ecb3c52c5__original,2011-03-15,s p 500 index,s p 500 index,116,129,positive,rose,"[[130, 134]]","ck price indexes were about unchanged, on net, over the intermeeting period. Option-implied volatility on the s p 500 index rose sharply in mid-February in response to events in the MENA region and remained somewhat elevated thereafter."
9f1e77a4b03e48942a58__original,2011-03-15,stock price*,stock price,0,11,unclassified,,[],"stock price indexes were about unchanged, on net, over the intermeeting period. Option-implied volatility on the s p 500 index rose sharply in mid-February in re"
9f1e77a4b03e48942a58__original,2011-03-15,s p 500 index,s p 500 index,113,126,positive,rose,"[[127, 131]]","ck price indexes were about unchanged, on net, over the intermeeting period. Option-implied volatility on the s p 500 index rose sharply in mid-February in response to events in the MENA region and remained somewhat elevated thereafter. The staff's estimate of the spread b"
8762863ae8a547174c45__original,2011-03-15,s p 500 index,s p 500 index,33,46,positive,rose,"[[47, 51]]",Option-implied volatility on the s p 500 index rose sharply in mid-February in response to events in the MENA region and remained somewhat elevated thereafter. The staff's estimate of the spread b
5950efff4e10d7405cb0__original,2011-03-15,equity price*,equity prices,41,54,positive,advanc*,"[[62, 70]]","bank notes. In financial markets abroad, equity prices in the advanced economies rose early in the intermeeting period, but they turned down in mid-February as oil prices increased and then fell sharply i"
5950efff4e10d7405cb0__original,2011-03-15,stock price*,stock prices,310,322,negative,down,"[[328, 332]]","ly in mid-March in the aftermath of the earthquake and tsunami in Japan. On net over the intermeeting period, stock prices were down in most of the advanced economies, with Japan's index having fallen most significantly."
8b273738d308bae08053__original,2011-03-15,equity price*,equity prices,29,42,positive,advanc*,"[[50, 58]]","In financial markets abroad, equity prices in the advanced economies rose early in the intermeeting period, but they turned down in mid-February as oil prices increased and then fell sharply i"
8b273738d308bae08053__original,2011-03-15,stock price*,stock prices,298,310,negative,down,"[[316, 320]]","ly in mid-March in the aftermath of the earthquake and tsunami in Japan. On net over the intermeeting period, stock prices were down in most of the advanced economies, with Japan's index having fallen most significantly. Emerging market equity price indexes, which had bee"
8b273738d308bae08053__original,2011-03-15,equity price index*,equity price indexes,425,445,unclassified,,[]," down in most of the advanced economies, with Japan's index having fallen most significantly. Emerging market equity price indexes, which had been underperforming in previous months, generally ended the period lower as well, and emerging market equity funds experienced outflows."
62f8a110a53db4af8934__original,2011-03-15,stock price*,stock prices,37,49,negative,down,"[[55, 59]]","On net over the intermeeting period, stock prices were down in most of the advanced economies, with Japan's index having fallen most significantly. Emerging market equity price indexes, which had bee"
62f8a110a53db4af8934__original,2011-03-15,equity price index*,equity price indexes,164,184,unclassified,,[]," down in most of the advanced economies, with Japan's index having fallen most significantly. Emerging market equity price indexes, which had been underperforming in previous months, generally ended the period lower as well, and emerging market equity funds experienced outflows. "
62f8a110a53db4af8934__original,2011-03-15,equity price*,equity prices,416,429,unclassified,,[],"funds experienced outflows. Movements in 10-year sovereign bond yields in Europe and Canada mirrored those in equity prices, climbing early in the intermeeting period but falling later."
bd497a5f94501161994b__original,2011-03-15,equity price index*,equity price indexes,16,36,unclassified,,[],"Emerging market equity price indexes, which had been underperforming in previous months, generally ended the period lower as well, and emerging market equity funds experienced outflows. "
bd497a5f94501161994b__original,2011-03-15,equity price*,equity prices,268,281,unclassified,,[],"funds experienced outflows. Movements in 10-year sovereign bond yields in Europe and Canada mirrored those in equity prices, climbing early in the intermeeting period but falling later. In part because of downgrades by credit rating agencies, yields on the 10-year sovereig"
478648ba3a617f3e2355__original,2011-04-27,stock price*,stock price,3,14,unclassified,,[],"S. stock price indexes rose, on net, over the intermeeting period, as initial reports of better-than-expected first-quarter earnings lifted stock prices in late Apr"
478648ba3a617f3e2355__original,2011-04-27,stock price*,stock prices,140,152,unclassified,,[],"n net, over the intermeeting period, as initial reports of better-than-expected first-quarter earnings lifted stock prices in late April. Option-implied volatility on the s p 500 index was moderately lower, on net, ending the intermeeting period at the low end of its rece"
478648ba3a617f3e2355__original,2011-04-27,s p 500 index,s p 500 index,201,214,negative,moderate*,"[[219, 229]]","tter-than-expected first-quarter earnings lifted stock prices in late April. Option-implied volatility on the s p 500 index was moderately lower, on net, ending the intermeeting period at the low end of its recent range."
d33972d9770abe134165__original,2011-04-27,stock price*,stock price,0,11,unclassified,,[],"stock price indexes rose, on net, over the intermeeting period, as initial reports of better-than-expected first-quarter earnings lifted stock prices in late Apr"
d33972d9770abe134165__original,2011-04-27,stock price*,stock prices,137,149,unclassified,,[],"n net, over the intermeeting period, as initial reports of better-than-expected first-quarter earnings lifted stock prices in late April. Option-implied volatility on the s p 500 index was moderately lower, on net, ending the intermeeting period at the low end of its rece"
d33972d9770abe134165__original,2011-04-27,s p 500 index,s p 500 index,198,211,negative,moderate*,"[[216, 226]]","tter-than-expected first-quarter earnings lifted stock prices in late April. Option-implied volatility on the s p 500 index was moderately lower, on net, ending the intermeeting period at the low end of its recent range. Net debt financing by nonfinancial corporations rema"
6f8a03ca212c0a23d335__original,2011-04-27,equity price*,equity prices,76,89,positive,rose,"[[90, 94]]","bank notes. Foreign sovereign bond yields generally were little changed and equity prices rose, on net, over the intermeeting period, although equity prices in Japan remained below their pre-earthquake levels despite the record amounts of "
6f8a03ca212c0a23d335__original,2011-04-27,equity price*,equity prices,143,156,unclassified,,[],"d yields generally were little changed and equity prices rose, on net, over the intermeeting period, although equity prices in Japan remained below their pre-earthquake levels despite the record amounts of liquidity injected by the Bank of Japan and the expansion of its as"
5337118cd5c7bd1299c2__original,2011-04-27,equity price*,Equity prices,79,92,positive,rise*,"[[97, 102]]","Financial market conditions continued to improve over the intermeeting period. Equity prices had risen, on balance, since the previous meeting, reflecting an improved outlook for earnings, and were up more substantially since the start of the"
e9d8853a9f84bb52ac7a__original,2011-06-22,stock price*,stock price,3,14,unclassified,,[],"S. stock price indexes declined, on net, over the intermeeting period, apparently in response to the downbeat economic data. Stock prices of financial firms underpe"
e9d8853a9f84bb52ac7a__original,2011-06-22,stock price*,Stock prices,125,137,unclassified,,[],"indexes declined, on net, over the intermeeting period, apparently in response to the downbeat economic data. Stock prices of financial firms underperformed the broader market, reflecting the weaker economic outlook, potential credit rating downgrades, and heightened conc"
8b2c086c81071d67f1d9__original,2011-06-22,stock price*,stock price,0,11,unclassified,,[],"stock price indexes declined, on net, over the intermeeting period, apparently in response to the downbeat economic data. Stock prices of financial firms underpe"
8b2c086c81071d67f1d9__original,2011-06-22,stock price*,Stock prices,122,134,unclassified,,[],"indexes declined, on net, over the intermeeting period, apparently in response to the downbeat economic data. Stock prices of financial firms underperformed the broader market, reflecting the weaker economic outlook, potential credit rating downgrades, and heightened conc"
8b2c086c81071d67f1d9__original,2011-06-22,s p 500 index,s p 500 index,414,427,positive,rose,"[[428, 432]]",ipated capital surcharge for systemically important financial institutions. Option-adjusted volatility on the s p 500 index rose somewhat on net.
d7af105a1132da39dd09__original,2011-06-22,stock price*,Stock prices,0,12,unclassified,,[],"Stock prices of financial firms underperformed the broader market, reflecting the weaker economic outlook, potential credit rating downgrades, and heightened conc"
d7af105a1132da39dd09__original,2011-06-22,s p 500 index,s p 500 index,292,305,positive,rose,"[[306, 310]]","ipated capital surcharge for systemically important financial institutions. Option-adjusted volatility on the s p 500 index rose somewhat on net. In the June 2011 Senior Credit Officer Opinion Survey on Dealer Financing Terms, dealers pointed to a continued gradual easing "
9843e9ba1a9389b53b45__original,2011-06-22,equities,equities,416,424,unclassified,,[]," demand for funding had increased over the same period for a broad range of securities, with the exception of equities. More recently, however, against a backdrop of disappointing economic data, heightened uncertainty about the situation in Europe, and, possibly, conc"
77f96eb534c1d1b1b38b__original,2011-06-22,equity index*,equity indexes,127,141,unclassified,,[],"OMC meeting, the dollar rose modestly, on net, after depreciating over the preceding several months. Headline equity indexes abroad and foreign benchmark sovereign yields declined over the intermeeting period in apparent response to signs of a slowdown in the pace of global"
6c9bcf8e171139b6febc__original,2011-06-22,equity market*,Equity markets,126,140,unclassified,,[],"cial market conditions since the April meeting suggested that investors had become more concerned about risk. Equity markets had seen a broad selloff, and risk spreads for many corporate borrowers had widened noticeably. Large businesses that have access to capital markets "
0fd0887c35276a2dbe53__original,2011-08-09,equity price*,equity prices,3,16,negative,fell,"[[17, 21]]","S. equity prices fell considerably in the last week of July and the first week of August, reportedly reflecting recent weaker-than-expected economic data releases, an"
e24bc656ba66944e9928__original,2011-08-09,stock price*,stock price,3,14,unclassified,,[],"S. stock price indexes fell sharply, on net, over the intermeeting period, as increased concerns about economic growth appeared to overshadow generally strong secon"
e24bc656ba66944e9928__original,2011-08-09,s p 500 index,s p 500 index,235,248,unclassified,,[],ed to overshadow generally strong second-quarter corporate earnings reports. Option-implied volatility on the s p 500 index jumped late in the period.
8256c7f751c72b1f2d7b__original,2011-08-09,stock price*,stock price,0,11,unclassified,,[],"stock price indexes fell sharply, on net, over the intermeeting period, as increased concerns about economic growth appeared to overshadow generally strong secon"
8256c7f751c72b1f2d7b__original,2011-08-09,s p 500 index,s p 500 index,232,245,unclassified,,[],ed to overshadow generally strong second-quarter corporate earnings reports. Option-implied volatility on the s p 500 index jumped late in the period. Yields on both investment- and speculative-grade corporate bonds fell a little less than those on comparable-maturity Trea
d6a0fa7f46fd721f6172__original,2011-08-09,equity index*,equity indexes,83,97,unclassified,,[],The rise in currency moderated over those two months but remained robust. Headline equity indexes abroad and foreign benchmark sovereign yields declined over the intermeeting period in apparent response to signs of a slowdown in the pace of global
80ca5d97df89f761302a__original,2011-08-09,stock price*,Stock prices,265,277,unclassified,,[],"to record highs relative to yields on German bunds, although later in the period, spreads fell back somewhat. Stock prices of European banks, which are significant investors in sovereign bonds issued by the peripheral euro-area countries, declined appreciably, and some of"
2dc61c0153dacef95871__original,2011-08-09,stock price*,stock prices,251,263,negative,declin*,"[[239, 247]]","ituation and the negotiations regarding the debt ceiling in the United States. However, the broad declines in stock prices and interest rates over the intermeeting period were seen as mostly reflecting the incoming data pointing to a weaker outlook for growth both in the "
9a730740db2d7cf1f775__original,2011-09-21,equity price*,equity prices,283,296,unclassified,,[],"protected Treasury securities each fell to the low end of their ranges for this year. Since early August, the equity prices of large U. S."
b75e13b9159c757723a9__original,2011-09-21,equity price*,equity prices,109,122,negative,declin*,"[[97, 105]]",financial institutions fell and their credit default swap (CDS) spreads widened. More-pronounced declines in equity prices and larger increases in CDS spreads occurred for some European financial institutions. Though many large European banks found it increasingly difficu
1f035035c13122784472__original,2011-09-21,stock price*,stock price,419,430,unclassified,,[]," the Bank of Japan added to its previously announced program of three-month and seven-day dollar loans. Broad stock price indexes were volatile but increased, on net, since the August FOMC meeting, following sharp declines in the days just preceding that meeting. Gross p"
a1cd5c201c5cc6fc2114__original,2011-09-21,equity price*,Equity prices,172,185,unclassified,,[],"sharply as market participants became increasingly concerned that Greece might default on its sovereign debt. Equity prices in the euro area decreased over the intermeeting period, following sharp declines in early August. After falling steeply before the August FOMC meeti"
a1cd5c201c5cc6fc2114__original,2011-09-21,equity price*,equity prices,355,368,unclassified,,[],"llowing sharp declines in early August. After falling steeply before the August FOMC meeting, emerging market equity prices were little changed, on net, over the period."
3dcf78ff2dec25bb1769__original,2011-09-21,equity price*,Equity prices,0,13,unclassified,,[],"Equity prices in the euro area decreased over the intermeeting period, following sharp declines in early August. After falling steeply before the August FOMC meeti"
3dcf78ff2dec25bb1769__original,2011-09-21,equity price*,equity prices,183,196,unclassified,,[],"llowing sharp declines in early August. After falling steeply before the August FOMC meeting, emerging market equity prices were little changed, on net, over the period. The European Central Bank continued to purchase, in the secondary market, sovereign debt of euro-area c"
d9182466fe4617bc6acd__original,2011-09-21,stock price*,stock prices,44,56,negative,pressure*,"[[26, 34]]","S. banks had seen further pressure on their stock prices and CDS spreads. Participants agreed that, if European policymakers did not respond effectively, European sovereign debt and banking problems could i"
4520bac51ea3b58a8d5a__original,2011-11-02,equity price*,equity prices,275,288,unclassified,,[],ar measures of longer-term inflation compensation were about unchanged. Credit default swap (CDS) spreads and equity prices of large U. S.
0165ab8d53b4f7786e9c__original,2011-11-02,equity price*,equity prices,69,82,unclassified,,[],"bank earnings reports generally met investors' expectations. On net, equity prices for U. S."
4067344992ee7e865199__original,2011-11-02,equity market*,equity markets,160,174,unclassified,,[],"hese institutions continued to face somewhat strained conditions in short-term bank funding markets. Although equity markets were volatile, broad U. S."
066258acb9c3ab4ff109__original,2011-11-02,equity price index*,equity price indexes,3,23,unclassified,,[],S. equity price indexes ended the intermeeting period little changed. Earnings reports for nonfinancial firms generally came in somewhat better than investors expected and a
a476ab8c66c5488bc083__original,2011-11-02,equity market*,equity markets,341,355,unclassified,,[],"er and October, with a large number of firms shelving planned initial public offerings amid the volatility in equity markets. Yields on investment- and speculative-grade corporate bonds edged lower, on net, over the period, leaving their spreads to Treasury securities sligh"
7b9e1c386d18851abc0c__original,2011-11-02,equity market*,equity market,228,241,unclassified,,[],"ors that contributed to M2 growth over the summer, such as concerns about European financial developments and equity market volatility, persisted and supported elevated levels of M2 deposits but did not trigger additional sizable inflows. The monetary base also grew modera"
d5138fef97b139c7dad5__original,2011-11-02,equity price*,equity prices,209,222,positive,rose,"[[223, 227]]"," many European financial institutions continued. After falling sharply in August and early September, foreign equity prices rose, with stocks in the euro area outperforming those in most other economies. For most of the period, market participants seemed heartened by Europ"
d5138fef97b139c7dad5__original,2011-11-02,stock price*,stock prices,539,551,negative,down,"[[552, 556]]","challenges present in the euro area, although the news late in the period on a possible Greek referendum sent stock prices down sharply."
8f863525d727e6fbad51__original,2011-11-02,equity price*,equity prices,61,74,positive,rose,"[[75, 79]]","After falling sharply in August and early September, foreign equity prices rose, with stocks in the euro area outperforming those in most other economies. For most of the period, market participants seemed heartened by Europ"
8f863525d727e6fbad51__original,2011-11-02,stock price*,stock prices,391,403,negative,down,"[[404, 408]]","challenges present in the euro area, although the news late in the period on a possible Greek referendum sent stock prices down sharply. Benchmark sovereign yields increased over the period, but spreads of yields on 10-year sovereign bonds of the most vulnerable euro-area"
900aec6fd16f296cd9a0__original,2011-12-13,equity price*,equity prices,147,160,unclassified,,[],nding all types of securities decreased over the same reference period. Credit default swap (CDS) spreads and equity prices of large U. S.
efc8af052586955be65a__original,2011-12-13,s p 500 index,s p 500 index,80,93,unclassified,,[],"banking organizations remained volatile over the intermeeting period. While the s p 500 index ended the period slightly higher, on net, equity prices for most major U. S."
efc8af052586955be65a__original,2011-12-13,equity price*,equity prices,136,149,unclassified,,[],"ined volatile over the intermeeting period. While the s p 500 index ended the period slightly higher, on net, equity prices for most major U. S."
bd567fbb354209836eda__original,2011-12-13,equity price*,Equity prices,148,161,unclassified,,[]," declines in third-quarter profits, in part reflecting write-downs of their holdings of Greek sovereign debt. Equity prices in both advanced and emerging market economies fluctuated widely, with advanced country equities little changed, on net, and emerging market equities"
bd567fbb354209836eda__original,2011-12-13,equities,equities,250,258,unclassified,,[],"n debt. Equity prices in both advanced and emerging market economies fluctuated widely, with advanced country equities little changed, on net, and emerging market equities ending the period lower. The foreign exchange value of the dollar appreciated, on balance, over "
bd567fbb354209836eda__original,2011-12-13,equities,equities,303,311,unclassified,,[],"arket economies fluctuated widely, with advanced country equities little changed, on net, and emerging market equities ending the period lower. The foreign exchange value of the dollar appreciated, on balance, over the intermeeting period."
779a7d8fdfe2b9c604f3__original,2012-01-25,equity price*,Equity prices,277,290,unclassified,,[],"titutions took advantage of easing credit conditions by issuing significant quantities of new long-term debt. Equity prices of most large domestic financial institutions outperformed the broader market, on net, over the intermeeting period. Nonetheless, the ratio of the ma"
6cde932e33000249163d__original,2012-01-25,equity price index*,equity price indexes,325,345,positive,increas*,"[[346, 355]]","edit exposures to other financial intermediaries, pointing to increased concern over counterparty risk. Broad equity price indexes increased more than 6 percent, on net, over the intermeeting period, and option-implied equity volatility declined notably. Yields on investment-grad"
b1d7bfbb83d49d3aacbc__original,2012-01-25,stock market*,stock markets,94,107,unclassified,,[],"While the dollar fell against most other currencies, it appreciated against the euro. Foreign stock markets generally ended the period higher, with headline equity indexes in Europe and the emerging market economies up substantially, although emerging marke"
b1d7bfbb83d49d3aacbc__original,2012-01-25,equity index*,equity indexes,157,171,unclassified,,[],"cies, it appreciated against the euro. Foreign stock markets generally ended the period higher, with headline equity indexes in Europe and the emerging market economies up substantially, although emerging market equity and bond funds continued to experience outflows on net "
a864f0b1b6416647ecf0__original,2012-01-25,equity price*,Equity prices,436,449,positive,rose,"[[450, 454]]","at financial conditions improved and financial market stresses eased somewhat during the intermeeting period: Equity prices rose, volatility declined, and bank lending conditions appeared to improve. Participants noted that the ECB's three-year refinancing operation had ap"
bd95b8c424ef2ad9b684__original,2012-03-13,household* net worth,households' net worth,124,145,unclassified,,[],"al disposable income increased, on balance, in December and January as labor earnings rose solidly. Moreover, households' net worth grew in the fourth quarter of last year and likely was boosted further by gains in equity values thus far this year. Nevertheless, real personal cons"
bd95b8c424ef2ad9b684__original,2012-03-13,equity valu*,equity values,229,242,positive,gain*,"[[220, 225]]","ver, households' net worth grew in the fourth quarter of last year and likely was boosted further by gains in equity values thus far this year. Nevertheless, real personal consumption expenditures (PCE) were reported to have been flat in December and January."
65d028b2e21535f646ba__original,2012-03-13,equity price index*,equity price indexes,3,23,positive,rose,"[[24, 28]]",S. equity price indexes rose significantly over the intermeeting period; equity prices of large banking organizations increased about in line with the broader market. Aggreg
65d028b2e21535f646ba__original,2012-03-13,equity price*,equity prices,73,86,unclassified,,[],S. equity price indexes rose significantly over the intermeeting period; equity prices of large banking organizations increased about in line with the broader market. Aggregate earnings per share for firms in the Standard and Poor's 5
28d5c25d649a88ae009b__original,2012-03-13,equity market*,equity markets,109,123,unclassified,,[],"Currency expanded robustly, and the monetary base also grew significantly over January and February. Foreign equity markets ended the period higher, particularly in Japan, and benchmark sovereign bond yields declined. Spreads of yields on euro-area peripheral sovereign deb"
d89cf215c4d25ee1ad69__original,2012-03-13,equity price*,equity prices,516,529,unclassified,,[],"k for economic activity abroad, a lower foreign exchange value for the dollar, and a higher projected path of equity prices. Nevertheless, the staff continued to forecast that real GDP growth would pick up only gradually in 2012 and 2013, supported by accommodative monetar"
442c4f1e31da59fc1f62__original,2012-03-13,equity price*,Equity prices,328,341,positive,high*,"[[347, 353]]","vision to the outlook for 2013 and 2014. Financial conditions had improved notably since the January meeting: Equity prices were higher and risk spreads had declined. Nonetheless, a number of factors continued to be seen as likely to restrain the pace of economic expansion"
996f64a8508a684d230b__original,2012-03-13,equity price*,equity prices,233,246,positive,high*,"[[226, 232]]","e supportive of economic growth than at the time of the January meeting. Among the evidence cited were higher equity prices and better conditions in corporate credit markets, especially the markets for high-yield bonds and leveraged loans. Banking contacts were reporting s"
fe7fca1c7356307bc36a__original,2012-04-25,stock price*,stock price,3,14,unclassified,,[],"S. stock price indexes followed the general pattern observed across asset markets, rising early in the period on increased investor optimism and then falling later "
fe7fca1c7356307bc36a__original,2012-04-25,asset market*,asset markets,68,81,unclassified,,[],"S. stock price indexes followed the general pattern observed across asset markets, rising early in the period on increased investor optimism and then falling later on, to end the period little changed on net. Equity prices of finan"
fe7fca1c7356307bc36a__original,2012-04-25,equity price*,Equity prices,209,222,unclassified,,[],"the period on increased investor optimism and then falling later on, to end the period little changed on net. Equity prices of financial institutions increased, reportedly as investors interpreted the first-quarter earnings of several large banking organizations and the re"
5b6fa7873b75d7f9b1de__original,2012-04-25,stock price*,stock price,0,11,unclassified,,[],"stock price indexes followed the general pattern observed across asset markets, rising early in the period on increased investor optimism and then falling later "
5b6fa7873b75d7f9b1de__original,2012-04-25,asset market*,asset markets,65,78,unclassified,,[],"stock price indexes followed the general pattern observed across asset markets, rising early in the period on increased investor optimism and then falling later on, to end the period little changed on net. Equity prices of finan"
5b6fa7873b75d7f9b1de__original,2012-04-25,equity price*,Equity prices,206,219,unclassified,,[],"the period on increased investor optimism and then falling later on, to end the period little changed on net. Equity prices of financial institutions increased, reportedly as investors interpreted the first-quarter earnings of several large banking organizations and the re"
ba5d992cef54733a0514__original,2012-04-25,equity index*,equity indexes,466,480,negative,drop*,"[[481, 488]]","ondon interbank offered rate over the comparable OIS rate narrowed on balance over the period, euro-area bank equity indexes dropped sharply, driven by declines in the share prices of Spanish and Italian banks. Five-year credit default swap premiums rose for a broad range o"
1842e0b9d3aeb52b682f__original,2012-04-25,equity index*,equity indexes,189,203,negative,declin*,"[[204, 212]]","s, especially Spanish banks. Against the background of these increased stresses within the euro area, foreign equity indexes declined and corporate credit spreads widened. The staff's broad nominal index of the foreign exchange value of the dollar was about unchanged over t"
75e1a14dd4dec622d26a__original,2012-04-25,household wealth,household wealth,218,234,positive,increas*,"[[205, 214]]","the desire for increased fuel efficiency in the wake of higher gasoline prices. Looking forward, increases in household wealth from the rise in equity prices, improving consumer sentiment, and a diminishing drag from household deleveraging were seen as helping to support cont"
75e1a14dd4dec622d26a__original,2012-04-25,equity price*,equity prices,252,265,positive,rise*,"[[244, 248]]","ciency in the wake of higher gasoline prices. Looking forward, increases in household wealth from the rise in equity prices, improving consumer sentiment, and a diminishing drag from household deleveraging were seen as helping to support continued increases in household ex"
8db8e854a1bf65311ae6__original,2012-04-25,equity price*,equity prices,3,16,positive,rise*,"[[21, 26]]","S. equity prices had risen early in the intermeeting period but subsequently declined, ending the period little changed on net; investment-grade corporate bond yields"
344cdcb6eff2e500f018__original,2012-06-20,household* net worth,Households' net worth,156,177,positive,increas*,"[[178, 187]]","dued pace in the first quarter of this year, though it received some boost from lower energy prices in April. Households' net worth increased in the first quarter, but the decline in equity prices during the intermeeting period suggested that net worth may have fallen more recentl"
344cdcb6eff2e500f018__original,2012-06-20,equity price*,equity prices,229,242,negative,declin*,"[[218, 225]]","t from lower energy prices in April. Households' net worth increased in the first quarter, but the decline in equity prices during the intermeeting period suggested that net worth may have fallen more recently. Consumer sentiment was lower in early June than earlier in the"
37b7c9a4b9d2047d404c__original,2012-06-20,stock price*,stock price,3,14,unclassified,,[],"S. stock price indexes declined, and option-implied volatility on the s p 500 index rose. Equity prices for large domestic banks significantly underperformed the br"
37b7c9a4b9d2047d404c__original,2012-06-20,s p 500 index,s p 500 index,70,83,positive,rose,"[[84, 88]]","S. stock price indexes declined, and option-implied volatility on the s p 500 index rose. Equity prices for large domestic banks significantly underperformed the broad indexes amid uncertainty about the situation in Europe and the ou"
37b7c9a4b9d2047d404c__original,2012-06-20,equity price*,Equity prices,90,103,unclassified,,[],"S. stock price indexes declined, and option-implied volatility on the s p 500 index rose. Equity prices for large domestic banks significantly underperformed the broad indexes amid uncertainty about the situation in Europe and the outlook for the global"
783817ca8d6e3e72d8a3__original,2012-06-20,stock price*,stock price,0,11,unclassified,,[],"stock price indexes declined, and option-implied volatility on the s p 500 index rose. Equity prices for large domestic banks significantly underperformed the br"
783817ca8d6e3e72d8a3__original,2012-06-20,s p 500 index,s p 500 index,67,80,positive,rose,"[[81, 85]]","stock price indexes declined, and option-implied volatility on the s p 500 index rose. Equity prices for large domestic banks significantly underperformed the broad indexes amid uncertainty about the situation in Europe and the ou"
783817ca8d6e3e72d8a3__original,2012-06-20,equity price*,Equity prices,87,100,unclassified,,[],"stock price indexes declined, and option-implied volatility on the s p 500 index rose. Equity prices for large domestic banks significantly underperformed the broad indexes amid uncertainty about the situation in Europe and the outlook for the global"
664a613ddb75246806d9__original,2012-06-20,equity price*,equity prices,169,182,negative,weigh* on,"[[154, 164]]","end of June, as part of rating agencies' review of major financial institutions, may also have weighed on the equity prices of those banks. In the June 2012 Senior Credit Officer Opinion Survey on Dealer Financing Terms (SCOOS), respondents reported that terms in a variety"
4e2df990dcf8210d5dbc__original,2012-06-20,equity price*,equity prices,49,62,unclassified,,[],"2 billion over the intermeeting period. Although equity prices in many countries rallied modestly late in the intermeeting period, global equity prices declined, on balance, over the period, with especially large"
4e2df990dcf8210d5dbc__original,2012-06-20,equity price*,equity prices,138,151,negative,declin*,"[[152, 160]]","ing period. Although equity prices in many countries rallied modestly late in the intermeeting period, global equity prices declined, on balance, over the period, with especially large net decreases in Japan and many emerging market economies. Flight-to-safety flows helped"
56244144083bce7f2a75__original,2012-06-20,equities,equities,360,368,unclassified,,[]," during the intermeeting period, leading to higher risk spreads and lower prices for riskier assets including equities and to broad-based appreciation of the U. S."
31036419d4e674e8425f__original,2012-08-01,equity price*,equity prices,3,16,positive,rose,"[[17, 21]]","S. equity prices rose somewhat, on net, over the intermeeting period, with significant gains prompted in part by comments from European officials that apparently rais"
31036419d4e674e8425f__original,2012-08-01,s p 500 index,s p 500 index,263,276,positive,rose,"[[277, 281]]",parently raised investor expectations for near-term European policy actions. Option-implied volatility on the s p 500 index rose slightly.
93af93f5afd7c53d8518__original,2012-08-01,equity price*,equity prices,0,13,positive,rose,"[[14, 18]]","equity prices rose somewhat, on net, over the intermeeting period, with significant gains prompted in part by comments from European officials that apparently rais"
93af93f5afd7c53d8518__original,2012-08-01,s p 500 index,s p 500 index,260,273,positive,rose,"[[274, 278]]","parently raised investor expectations for near-term European policy actions. Option-implied volatility on the s p 500 index rose slightly. Stock prices for the large domestic bank holding companies posted mixed changes over the period, and credit default swap (CDS) spreads"
93af93f5afd7c53d8518__original,2012-08-01,stock price*,Stock prices,289,301,unclassified,,[],"ctations for near-term European policy actions. Option-implied volatility on the s p 500 index rose slightly. Stock prices for the large domestic bank holding companies posted mixed changes over the period, and credit default swap (CDS) spreads for those firms generally m"
d29f3536b152e9233729__original,2012-08-01,s p 500 index,s p 500 index,33,46,positive,rose,"[[47, 51]]","Option-implied volatility on the s p 500 index rose slightly. Stock prices for the large domestic bank holding companies posted mixed changes over the period, and credit default swap (CDS) spreads"
d29f3536b152e9233729__original,2012-08-01,stock price*,Stock prices,62,74,unclassified,,[],"Option-implied volatility on the s p 500 index rose slightly. Stock prices for the large domestic bank holding companies posted mixed changes over the period, and credit default swap (CDS) spreads for those firms generally m"
97d5ca3f7e697607221e__original,2012-08-01,stock market*,stock markets,382,395,unclassified,,[]," later in July that the central bank might take further steps to support the monetary union. On net, European stock markets finished the period higher. Yield spreads on Spanish and Italian 10-year bonds over their German equivalents, which rose sharply over most of July, f"
275abd7f9da203edf079__original,2012-08-01,equity index*,equity indexes,371,385,unclassified,,[],"ownside risk to the domestic economic outlook. Several participants indicated that recent trends in euro-area equity indexes and sovereign debt yields had not been encouraging, and some noted that the uncertainty prevailing in global financial markets was showing through in"
19b598644c5c43d50c08__original,2012-09-13,equity price*,equity prices,160,173,positive,increas*,"[[148, 156]]"," boosted in part by lower energy prices. The continued rise in house values through July, and the increase in equity prices during the intermeeting period, suggested that households' net worth may have improved a little in recent months. However, consumer sentiment remaine"
19b598644c5c43d50c08__original,2012-09-13,household* net worth,households' net worth,221,242,positive,improv*,"[[252, 260]]","n house values through July, and the increase in equity prices during the intermeeting period, suggested that households' net worth may have improved a little in recent months. However, consumer sentiment remained more downbeat in August than earlier in the year."
1ba9c25d5321e8574258__original,2012-09-13,equities,equities,3,11,positive,rose,"[[12, 16]]","S. equities rose moderately, on net, over the intermeeting period, prompted by generally better-than-expected readings on economic activity released early in the"
1ba9c25d5321e8574258__original,2012-09-13,s p 500 index,s p 500 index,340,353,negative,fell,"[[354, 358]]", some additional anticipation of monetary policy easing later in the period. Option-implied volatility on the s p 500 index fell in early August to levels not seen since the middle of 2007; it subsequently partially retraced.
01087ccd96081665bcea__original,2012-09-13,equities,equities,0,8,positive,rose,"[[9, 13]]","equities rose moderately, on net, over the intermeeting period, prompted by generally better-than-expected readings on economic activity released early in the"
01087ccd96081665bcea__original,2012-09-13,s p 500 index,s p 500 index,337,350,negative,fell,"[[351, 355]]", some additional anticipation of monetary policy easing later in the period. Option-implied volatility on the s p 500 index fell in early August to levels not seen since the middle of 2007; it subsequently partially retraced. Equity prices for large domestic banks rose abo
01087ccd96081665bcea__original,2012-09-13,equity price*,Equity prices,453,466,unclassified,,[],"0 index fell in early August to levels not seen since the middle of 2007; it subsequently partially retraced. Equity prices for large domestic banks rose about in line with the broad equity price indexes, and credit default swap (CDS) spreads for the largest bank holding c"
01087ccd96081665bcea__original,2012-09-13,equity price index*,equity price indexes,526,546,unclassified,,[]," it subsequently partially retraced. Equity prices for large domestic banks rose about in line with the broad equity price indexes, and credit default swap (CDS) spreads for the largest bank holding companies continued to move down."
c28f4e8c4cdc4c8387ac__original,2012-09-13,s p 500 index,s p 500 index,33,46,negative,fell,"[[47, 51]]",Option-implied volatility on the s p 500 index fell in early August to levels not seen since the middle of 2007; it subsequently partially retraced. Equity prices for large domestic banks rose abo
c28f4e8c4cdc4c8387ac__original,2012-09-13,equity price*,Equity prices,149,162,unclassified,,[],"0 index fell in early August to levels not seen since the middle of 2007; it subsequently partially retraced. Equity prices for large domestic banks rose about in line with the broad equity price indexes, and credit default swap (CDS) spreads for the largest bank holding c"
c28f4e8c4cdc4c8387ac__original,2012-09-13,equity price index*,equity price indexes,222,242,unclassified,,[]," it subsequently partially retraced. Equity prices for large domestic banks rose about in line with the broad equity price indexes, and credit default swap (CDS) spreads for the largest bank holding companies continued to move down. Yields on investment-grade corporate bonds were"
6b6d73426e85139c2c24__original,2012-09-13,equity price*,equity prices,289,302,positive,mov* up,"[[303, 311]]"," demands eased with the lessening of concerns about the European situation. Most global benchmark indexes for equity prices moved up, and the equity prices of European banks rose sharply. Funding conditions for euro-area banks improved, although these conditions remained f"
6b6d73426e85139c2c24__original,2012-09-13,equity price*,equity prices,321,334,unclassified,,[],"g of concerns about the European situation. Most global benchmark indexes for equity prices moved up, and the equity prices of European banks rose sharply. Funding conditions for euro-area banks improved, although these conditions remained fragile, and draws on the Federal"
29c51f67eb6799f9695b__original,2012-09-13,equity price*,equity prices,536,549,unclassified,,[],"cting a slight improvement in the outlook for the European situation and a somewhat higher projected path for equity prices. Nevertheless, with fiscal policy assumed to be tighter next year than this year, the staff expected that increases in real GDP would not materially "
c405ee16093bef0764b2__original,2012-09-13,equity price*,equity prices,115,128,positive,rise*,"[[133, 138]]","cial markets remained favorable. Longer-term interest rates were low and supportive of economic growth, while equity prices had risen. One participant noted that, while there were few current signs of excessive risk-taking, low interest rates could ultimately lead to finan"
aa17188de04a3b960206__original,2012-10-24,index* of equity price*,Indexes of equity prices,104,128,unclassified,,[],"Indicators of the condition of domestic financial institutions were mixed over the intermeeting period. Indexes of equity prices for those institutions were modestly lower. But spreads on credit default swaps for large financial institutions declined in recent months, and third"
937a17751e7d959bf983__original,2012-10-24,equity price index*,equity price indexes,184,204,unclassified,,[],"uarter-end but subsequently more than retraced that move, ending the intermeeting period down slightly. Broad equity price indexes were a little lower, on balance, as gains following the September FOMC meeting and generally better-than-expected economic data releases were more th"
937a17751e7d959bf983__original,2012-10-24,s p 500 index,s p 500 index,441,454,negative,fell,"[[455, 459]]","a releases were more than offset by concerns about corporate profitability. Option-implied volatility for the s p 500 index fell noticeably following the September FOMC meeting but increased, on net, over the intermeeting period."
71588f4ed08dafbf0457__original,2012-10-24,equity price index*,equity price indexes,6,26,unclassified,,[],"Broad equity price indexes were a little lower, on balance, as gains following the September FOMC meeting and generally better-than-expected economic data releases were more th"
71588f4ed08dafbf0457__original,2012-10-24,s p 500 index,s p 500 index,263,276,negative,fell,"[[277, 281]]","a releases were more than offset by concerns about corporate profitability. Option-implied volatility for the s p 500 index fell noticeably following the September FOMC meeting but increased, on net, over the intermeeting period. Yields on investment-grade corporate bonds "
af74baf030958bb78d4e__original,2012-10-24,equity index*,equity indexes,141,155,unclassified,,[]," monetary policy during the period, including those of Australia, Brazil, Japan, Korea, and Thailand. Foreign equity indexes, which generally rose following the September FOMC statement, ended the intermeeting period higher in most markets, although stock prices in the euro"
af74baf030958bb78d4e__original,2012-10-24,stock price*,stock prices,281,293,unclassified,,[],"y rose following the September FOMC statement, ended the intermeeting period higher in most markets, although stock prices in the euro area were down on net. Ten-year sovereign yields in Germany and the United Kingdom moved down just a few basis points."
dce56379bbc99e6081ff__original,2012-10-24,household wealth,household wealth,352,368,positive,increas*,"[[339, 348]]","addition, lower mortgage rates had spurred a rise in refinancing activity, which, along with the increases in household wealth attributable to higher home values and equity prices, would provide support for consumer spending going forward. Participants generally agreed that a"
dce56379bbc99e6081ff__original,2012-10-24,equity price*,equity prices,408,421,unclassified,,[],"inancing activity, which, along with the increases in household wealth attributable to higher home values and equity prices, would provide support for consumer spending going forward. Participants generally agreed that a recovery in housing activity now appeared to be unde"
0c1101162edfcffb5041__original,2012-10-24,equity market*,equity markets,427,441,unclassified,,[],"still seemed quite high, citing the very low yields on longer-term TIPS and a large estimated risk premium in equity markets. Participants also discussed the efficacy and potential costs of the Committee's asset purchases."
42bc3041d5b60da9f14c__original,2012-12-12,equity price*,equity prices,238,251,negative,reduc*,"[[225, 234]]"," fiscal outlook and ongoing federal budget negotiations seemed to intensify, prompting a notable reduction in equity prices and yields on Treasury securities. But these concerns reportedly eased somewhat over subsequent weeks, and the initial move in equity prices was reve"
42bc3041d5b60da9f14c__original,2012-12-12,equity price*,equity prices,379,392,unclassified,,[],"asury securities. But these concerns reportedly eased somewhat over subsequent weeks, and the initial move in equity prices was reversed."
e36f65a7409112a653bc__original,2012-12-12,equity price*,equity prices,154,167,negative,reduc*,"[[141, 150]]"," fiscal outlook and ongoing federal budget negotiations seemed to intensify, prompting a notable reduction in equity prices and yields on Treasury securities. But these concerns reportedly eased somewhat over subsequent weeks, and the initial move in equity prices was reve"
e36f65a7409112a653bc__original,2012-12-12,equity price*,equity prices,295,308,unclassified,,[],"asury securities. But these concerns reportedly eased somewhat over subsequent weeks, and the initial move in equity prices was reversed. In contrast, yields on intermediate- and long-term nominal Treasury securities declined, on net, perhaps reflecting some increase in sa"
7dbe85aae5d5f1eeb9e8__original,2012-12-12,equity price index*,equity price indexes,3,23,positive,edge* up,"[[24, 32]]","S. equity price indexes edged up, on net, over the intermeeting period, while equity prices of large domestic banks decreased a little. Nevertheless, the credit default swap"
7dbe85aae5d5f1eeb9e8__original,2012-12-12,equity price*,equity prices,78,91,unclassified,,[],"S. equity price indexes edged up, on net, over the intermeeting period, while equity prices of large domestic banks decreased a little. Nevertheless, the credit default swap spreads of most large domestic bank holding companies continued to "
8eb6d14de209e8a81ad1__original,2012-12-12,s p 500 index,s p 500 index,151,164,unclassified,,[],"eads of most large domestic bank holding companies continued to move lower. Option-implied volatility for the s p 500 index over the next month declined moderately, on balance, while measures of equity market volatility for longer maturities remained above their historical"
8eb6d14de209e8a81ad1__original,2012-12-12,equity market*,equity market,236,249,unclassified,,[],"plied volatility for the s p 500 index over the next month declined moderately, on balance, while measures of equity market volatility for longer maturities remained above their historical averages, excluding the financial crisis period. Yields on investment-grade corporat"
0dfb4bfa93c7220ceb4d__original,2012-12-12,equity price*,equity prices,110,123,positive,rose,"[[124, 128]]","However, spreads on Italian and Spanish bonds were little changed on balance over the period. On net, foreign equity prices rose slightly. The foreign exchange value of the dollar edged lower on balance."
1819b884234608f978db__original,2013-01-30,stock price*,stock prices,134,146,positive,rose,"[[147, 151]]","ion of domestic financial institutions generally improved over the intermeeting period. A broad index of bank stock prices rose, and the median spread on credit default swaps of the largest banking organizations moved lower. Broad U."
34ad48500b36f477ee6b__original,2013-01-30,equity price index*,equity price indexes,3,23,positive,increas*,"[[24, 33]]","S. equity price indexes increased on net over the intermeeting period, buoyed by many of the same factors that contributed to the rise in Treasury yields. In addition, the f"
41607df37d9015915fc5__original,2013-01-30,s p 500 index,s p 500 index,219,232,unclassified,,[],ere above analysts' expectations for a higher-than-average number of firms. Option-implied volatility for the s p 500 index over the near term dipped to its lowest level since early 2007. The option-implied price of insurance against downside risk on the index at longer ho
297b3039fa445ebd216f__original,2013-01-30,equity price*,equity prices,235,248,positive,rose,"[[249, 253]]","licy legislation in the United States and to further progress in addressing euro-area strains. On net, global equity prices rose and euro-area peripheral spreads narrowed. As global risk sentiment improved, the dollar depreciated against the euro and most emerging market c"
abe5b89f179c1896f0d9__original,2013-03-20,household* net worth,household net worth,487,506,unclassified,,[],"he beginning of the year and the previous pulling forward of taxable income from 2013 into 2012; in contrast, household net worth likely rose in recent months as a result of higher equity values and home prices. Consumer sentiment in the Thomson Reuters/University of Michigan Su"
abe5b89f179c1896f0d9__original,2013-03-20,equity valu*,equity values,558,571,positive,high*,"[[551, 557]]","come from 2013 into 2012; in contrast, household net worth likely rose in recent months as a result of higher equity values and home prices. Consumer sentiment in the Thomson Reuters/University of Michigan Surveys of Consumers rose somewhat in February, but it declined in "
5f48180c28da775bb5d5__original,2013-03-20,equity price*,equity prices,8,21,positive,rose,"[[22, 26]]","S. bank equity prices rose, on net, over the intermeeting period, and credit default swap spreads for most large domestic banks edged down on balance. Broad equity price i"
5f48180c28da775bb5d5__original,2013-03-20,equity price index*,equity price indexes,157,177,positive,increas*,"[[178, 187]]","termeeting period, and credit default swap spreads for most large domestic banks edged down on balance. Broad equity price indexes increased over the intermeeting period, bolstered by favorable incoming economic data."
6db6c6433b921a2bac00__original,2013-03-20,equity price*,equity prices,5,18,positive,rose,"[[19, 23]]","bank equity prices rose, on net, over the intermeeting period, and credit default swap spreads for most large domestic banks edged down on balance. Broad equity price i"
6db6c6433b921a2bac00__original,2013-03-20,equity price index*,equity price indexes,154,174,positive,increas*,"[[175, 184]]","termeeting period, and credit default swap spreads for most large domestic banks edged down on balance. Broad equity price indexes increased over the intermeeting period, bolstered by favorable incoming economic data. Option-implied volatility for the s p 500 index over the near "
6db6c6433b921a2bac00__original,2013-03-20,s p 500 index,s p 500 index,296,309,unclassified,,[],"ver the intermeeting period, bolstered by favorable incoming economic data. Option-implied volatility for the s p 500 index over the near term rose slightly but remained low, at levels last seen in early 2007."
5e9df7f7e26054208c2f__original,2013-03-20,equity price index*,equity price indexes,6,26,positive,increas*,"[[27, 36]]","Broad equity price indexes increased over the intermeeting period, bolstered by favorable incoming economic data. Option-implied volatility for the s p 500 index over the near "
5e9df7f7e26054208c2f__original,2013-03-20,s p 500 index,s p 500 index,148,161,unclassified,,[],"ver the intermeeting period, bolstered by favorable incoming economic data. Option-implied volatility for the s p 500 index over the near term rose slightly but remained low, at levels last seen in early 2007. Fourth-quarter earnings per share for s p 500 firms were estima"
dd19cdbf64dc372dc609__original,2013-03-20,s p 500 index,s p 500 index,34,47,unclassified,,[],"Option-implied volatility for the s p 500 index over the near term rose slightly but remained low, at levels last seen in early 2007. Fourth-quarter earnings per share for s p 500 firms were estima"
057551c73aa0ef84769f__original,2013-03-20,stock price*,stock price,477,488,unclassified,,[],"yen depreciated further, 10-year Japanese government bond yields declined to near record lows, and the Nikkei stock price index rose substantially. Movements in the currencies of EMEs against the dollar were generally small."
8a017ac1e2ef5990b71d__original,2013-03-20,equity index*,equity indexes,184,198,unclassified,,[],"l. Although inflows into emerging market mutual funds continued, they slowed notably in recent weeks, and EME equity indexes were, on average, slightly lower. Some EME central banks cut interest rates, citing concerns about economic growth."
645316885a4e8e4bfa2a__original,2013-03-20,household wealth,household wealth,597,613,unclassified,,[],"llar were essentially offset by a brighter outlook for domestic energy production and a higher projection for household wealth, which reflected upward revisions to the projected paths for both equity prices and home prices. On balance, with fiscal policy expected to be tighte"
645316885a4e8e4bfa2a__original,2013-03-20,equity price*,equity prices,680,693,unclassified,,[],"nd a higher projection for household wealth, which reflected upward revisions to the projected paths for both equity prices and home prices. On balance, with fiscal policy expected to be tighter in 2013 than in 2012, the staff expected that increases in real GDP this year "
217bd71ee689b1471635__original,2013-05-01,household* net worth,household net worth,270,289,unclassified,,[],"sing power and offset to some extent the effects of this year's higher payroll and income taxes. In addition, household net worth likely rose in recent months as a result of higher equity values and home prices. In contrast, consumer sentiment in the Thomson Reuters/University o"
217bd71ee689b1471635__original,2013-05-01,equity valu*,equity values,341,354,positive,high*,"[[334, 340]]","payroll and income taxes. In addition, household net worth likely rose in recent months as a result of higher equity values and home prices. In contrast, consumer sentiment in the Thomson Reuters/University of Michigan Surveys of Consumers was roughly flat, on balance, in "
60508cefe20065a5de36__original,2013-05-01,equity price*,Equity prices,142,155,positive,rose,"[[156, 160]]","es as well as policy actions by the Bank of Japan that were more accommodative than the markets had expected. Equity prices rose modestly, on net, supported in part by solid quarterly earnings reports. The expected path of the federal funds rate implied by market quotes sh"
f2a0fcea423e4c007eae__original,2013-05-01,equity price index*,equity price indexes,205,225,positive,increas*,"[[226, 235]]","bank credit default swap spreads edged a bit higher, on average, across the larger firms in the sector. Broad equity price indexes increased, on net, over the intermeeting period, likely reflecting solid quarterly earnings reports, stable medium-term earnings expectations, and lo"
f2a0fcea423e4c007eae__original,2013-05-01,s p 500 index,s p 500 index,429,442,unclassified,,[],"eports, stable medium-term earnings expectations, and lower interest rates. Option-implied volatility for the s p 500 index over the near term remained in a range that was low by historical standards."
445d091f49b277d903fe__original,2013-05-01,equity price index*,equity price indexes,6,26,positive,increas*,"[[27, 36]]","Broad equity price indexes increased, on net, over the intermeeting period, likely reflecting solid quarterly earnings reports, stable medium-term earnings expectations, and lo"
445d091f49b277d903fe__original,2013-05-01,s p 500 index,s p 500 index,230,243,unclassified,,[],"eports, stable medium-term earnings expectations, and lower interest rates. Option-implied volatility for the s p 500 index over the near term remained in a range that was low by historical standards. Yields on corporate bonds fell roughly in line with those on Treasury se"
a8e4dedc2a28b2107cc5__original,2013-05-01,equity index*,equity indexes,293,307,unclassified,,[],"ded bank holiday in that country, but outside of Cyprus those movements generally proved temporary. Euro-area equity indexes, which fell as stresses in Cyprus intensified, ended the period up slightly. By contrast, stock prices in Japan rose sharply, as the Bank of Japan su"
a8e4dedc2a28b2107cc5__original,2013-05-01,stock price*,stock prices,398,410,unclassified,,[],"area equity indexes, which fell as stresses in Cyprus intensified, ended the period up slightly. By contrast, stock prices in Japan rose sharply, as the Bank of Japan surprised investors with the scale of its new monetary policy program aimed at raising inflation to 2 per"
efe9526e5541df7073fd__original,2013-05-01,equity index*,equity indexes,10,24,unclassified,,[],"Euro-area equity indexes, which fell as stresses in Cyprus intensified, ended the period up slightly. By contrast, stock prices in Japan rose sharply, as the Bank of Japan su"
efe9526e5541df7073fd__original,2013-05-01,stock price*,stock prices,115,127,unclassified,,[],"area equity indexes, which fell as stresses in Cyprus intensified, ended the period up slightly. By contrast, stock prices in Japan rose sharply, as the Bank of Japan surprised investors with the scale of its new monetary policy program aimed at raising inflation to 2 per"
cf6511542ebc6f9fb52f__original,2013-05-01,stock price*,stock prices,172,184,unclassified,,[],"lar depreciated against most currencies, although it continued to appreciate against the yen. Emerging market stock prices changed little, on net, and emerging market equity mutual funds experienced modest outflows. Staff Economic Outlook"
365da0ead11ce2aad066__original,2013-05-01,equity and housing price*,equity and housing prices,205,230,positive,rising,"[[198, 204]]","e remained elevated. Spending by consumers continued to expand, supported by better credit conditions, rising equity and housing prices, and lower energy prices; and the housing sector improved further. However, growth in business investment spending slowed somewhat, and fiscal policy"
7493160ecc436d3a184c__original,2013-05-01,equity and house price*,equity and house prices,341,364,positive,rising,"[[334, 340]]","ported to be strong in a number of areas of the country and, more broadly, appeared to be supported by rising equity and house prices, improved household balance sheets, and easier credit conditions. However, concerns were expressed that this rate of growth in consumer expenditures "
6a8c5c3461914b7cad5d__original,2013-06-19,household* net worth,Households' net worth,184,205,unclassified,,[],"sed, households' real disposable income rose in April, in part reflecting a small decline in consumer prices. Households' net worth likely increased in recent months, as equity values and home prices rose further. Moreover, consumer sentiment in the Thomson Reuters/University of M"
6a8c5c3461914b7cad5d__original,2013-06-19,equity valu*,equity values,244,257,unclassified,,[],"rt reflecting a small decline in consumer prices. Households' net worth likely increased in recent months, as equity values and home prices rose further. Moreover, consumer sentiment in the Thomson Reuters/University of Michigan Surveys of Consumers improved notably, on ba"
2b1d084a5279c202c913__original,2013-06-19,equity price*,Equity prices,236,249,unclassified,,[]," related in part to further reductions in nonperforming loans and growing confidence in the economic outlook. Equity prices for large domestic banks outperformed broad equity indexes over the intermeeting period, as did the equity prices for most other types of financial i"
2b1d084a5279c202c913__original,2013-06-19,equity index*,equity indexes,294,308,unclassified,,[],"ans and growing confidence in the economic outlook. Equity prices for large domestic banks outperformed broad equity indexes over the intermeeting period, as did the equity prices for most other types of financial institutions. In contrast, equity prices for agency mortgage"
2b1d084a5279c202c913__original,2013-06-19,equity price*,equity prices,350,363,unclassified,,[],"ty prices for large domestic banks outperformed broad equity indexes over the intermeeting period, as did the equity prices for most other types of financial institutions. In contrast, equity prices for agency mortgage real estate investment trusts declined, reflecting the"
2b1d084a5279c202c913__original,2013-06-19,equity price*,equity prices,425,438,unclassified,,[],"he intermeeting period, as did the equity prices for most other types of financial institutions. In contrast, equity prices for agency mortgage real estate investment trusts declined, reflecting the rise in longer-term interest rates, the underperformance of agency MBS, an"
11a5f7c8ec2fc10bb5fc__original,2013-06-19,equity price*,Equity prices,0,13,unclassified,,[],"Equity prices for large domestic banks outperformed broad equity indexes over the intermeeting period, as did the equity prices for most other types of financial i"
11a5f7c8ec2fc10bb5fc__original,2013-06-19,equity index*,equity indexes,58,72,unclassified,,[],"Equity prices for large domestic banks outperformed broad equity indexes over the intermeeting period, as did the equity prices for most other types of financial institutions. In contrast, equity prices for agency mortgage"
11a5f7c8ec2fc10bb5fc__original,2013-06-19,equity price*,equity prices,114,127,unclassified,,[],"ty prices for large domestic banks outperformed broad equity indexes over the intermeeting period, as did the equity prices for most other types of financial institutions. In contrast, equity prices for agency mortgage real estate investment trusts declined, reflecting the"
11a5f7c8ec2fc10bb5fc__original,2013-06-19,equity price*,equity prices,189,202,unclassified,,[],"he intermeeting period, as did the equity prices for most other types of financial institutions. In contrast, equity prices for agency mortgage real estate investment trusts declined, reflecting the rise in longer-term interest rates, the underperformance of agency MBS, an"
07a51807fe632f910092__original,2013-06-19,equity market*,equity markets,107,121,unclassified,,[],"Treasury securities higher, and volatility in sovereign bond markets rose, particularly in Japan. Japanese equity markets also displayed substantial volatility; equity prices fell sharply late in the period and erased the gains that had been registered since early April,"
07a51807fe632f910092__original,2013-06-19,equity price*,equity prices,161,174,negative,fell,"[[175, 179]]","eign bond markets rose, particularly in Japan. Japanese equity markets also displayed substantial volatility; equity prices fell sharply late in the period and erased the gains that had been registered since early April, when the Bank of Japan announced that it would expan"
07a51807fe632f910092__original,2013-06-19,equity index*,equity indexes,412,426,unclassified,,[],"ed that it would expand its asset purchases in order to nearly double the size of its balance sheet. European equity indexes were little changed, on net, over the period, and euro-area financial conditions remained relatively stable."
7c912ef2d7e84042080a__original,2013-06-19,equity market*,equity markets,9,23,unclassified,,[],"Japanese equity markets also displayed substantial volatility; equity prices fell sharply late in the period and erased the gains that had been registered since early April,"
7c912ef2d7e84042080a__original,2013-06-19,equity price*,equity prices,63,76,negative,fell,"[[77, 81]]","Japanese equity markets also displayed substantial volatility; equity prices fell sharply late in the period and erased the gains that had been registered since early April, when the Bank of Japan announced that it would expan"
7c912ef2d7e84042080a__original,2013-06-19,equity index*,equity indexes,314,328,unclassified,,[],"ed that it would expand its asset purchases in order to nearly double the size of its balance sheet. European equity indexes were little changed, on net, over the period, and euro-area financial conditions remained relatively stable. Spreads of yields on Italian and Spanish"
73bd689f487b92c09aa1__original,2013-06-19,stock price*,stock prices,100,112,negative,declin*,"[[113, 121]]","Treasury yields. Emerging market mutual funds experienced sharp outflows in recent weeks, while EME stock prices declined and EME credit spreads widened on net. The staff reported on potential risks to financial stability, including the stability of banking firm"
73bd689f487b92c09aa1__original,2013-06-19,asset market*,asset markets,303,316,unclassified,,[],"risks to financial stability, including the stability of banking firms, nonbank financial intermediaries, and asset markets."
679ca8080538da219164__original,2013-06-19,asset market*,asset markets,142,155,unclassified,,[],"risks to financial stability, including the stability of banking firms, nonbank financial intermediaries, and asset markets. Most market-based measures of the health of the banking sector--such as banks' stock prices, credit default swap spreads, and equity correlations--p"
679ca8080538da219164__original,2013-06-19,stock price*,stock prices,236,248,unclassified,,[],"rmediaries, and asset markets. Most market-based measures of the health of the banking sector--such as banks' stock prices, credit default swap spreads, and equity correlations--pointed to an improvement in the stability of the banking sector, in part because of rising le"
c55867aaddcba45e6a6a__original,2013-06-19,equity and home price*,equity and home prices,123,145,unclassified,,[],"staff's medium-term projection for real GDP was revised up somewhat. The staff raised its projected paths for equity and home prices, which pushed up expected consumer spending over the medium term, and boosted its outlook for domestic oil production, which reduced oil imports in t"
51ed514bb6b7189c1b82__original,2013-06-19,stock market*,stock market,297,309,positive,gain*,"[[284, 289]]","oved over the intermeeting period, which some participants attributed to rising house prices and gains in the stock market. It was noted that the mutually reinforcing dynamic of rising confidence, declining risk premiums, improving credit availability, increasing spending"
5fcf1f00587488bca8c3__original,2013-06-19,stock market*,stock market,437,449,unclassified,,[],"t the economic outlook. It was noted that corporate credit spreads had not widened substantially and that the stock market had posted further gains, suggesting that the higher rates reflected, at least in part, increasing confidence that moderate economic growth would be "
45db8517e20896558f43__original,2013-07-31,equity valu*,equity values,235,248,positive,gain*,"[[226, 231]]"," factors that tend to support household spending were more positive in recent months; in particular, gains in equity values and home prices boosted household net worth, and consumer sentiment in the Thomson Reuters/University of Michigan Surveys of Consumers rose in July t"
45db8517e20896558f43__original,2013-07-31,household* net worth,household net worth,273,292,positive,boost*,"[[265, 272]]","d spending were more positive in recent months; in particular, gains in equity values and home prices boosted household net worth, and consumer sentiment in the Thomson Reuters/University of Michigan Surveys of Consumers rose in July to its highest level since the onset of the r"
ee05a9a1342b9cf97bb8__original,2013-07-31,asset price*,asset price,205,216,unclassified,,[]," Federal Reserve communications and to incoming economic data and as market dynamics appeared to amplify some asset price moves. Broad equity price indexes ended the period higher, and longer-term interest rates rose significantly. Sizable increases in rates occurred fol"
ee05a9a1342b9cf97bb8__original,2013-07-31,equity price index*,equity price indexes,230,250,unclassified,,[],"ations and to incoming economic data and as market dynamics appeared to amplify some asset price moves. Broad equity price indexes ended the period higher, and longer-term interest rates rose significantly. Sizable increases in rates occurred following the June FOMC meeting, as i"
735050371049cf9c9e45__original,2013-07-31,stock price*,Stock prices,214,226,unclassified,,[],"meeting period, as the largest banks reported second-quarter earnings that were above analysts' expectations. Stock prices of large domestic banks outperformed broader equity indexes, and credit default swap spreads for the largest bank holding companies moved about in li"
735050371049cf9c9e45__original,2013-07-31,equity index*,equity indexes,272,286,unclassified,,[],"er earnings that were above analysts' expectations. Stock prices of large domestic banks outperformed broader equity indexes, and credit default swap spreads for the largest bank holding companies moved about in line with trends in broad credit indexes. Municipal bond yield"
c9de508205eb14a7d104__original,2013-07-31,equity price*,equity prices,57,70,unclassified,,[],"The dollar was mixed against the EME currencies. Foreign equity prices generally increased, although equity prices in China declined amid investor concerns regarding further signs that the economy was slowing and over vo"
c9de508205eb14a7d104__original,2013-07-31,equity price*,equity prices,101,114,unclassified,,[],"The dollar was mixed against the EME currencies. Foreign equity prices generally increased, although equity prices in China declined amid investor concerns regarding further signs that the economy was slowing and over volatility in Chinese interbank funding market"
647e011de08260baccf7__original,2013-07-31,equity price*,equity prices,237,250,positive,high*,"[[230, 236]]"," output. The staff's projection for real GDP growth over the medium term was essentially unrevised, as higher equity prices were seen as offsetting the restrictive effects of the increase in longer-term interest rates. The staff continued to forecast that the rate of real "
a93b1b578b897162ff81__original,2013-07-31,household wealth,household wealth,58,74,unclassified,,[],"Recent high readings on consumer confidence and boosts to household wealth from increased equity and real estate prices suggested that consumer spending would gather momentum in the second half of the year. However, a few pa"
a93b1b578b897162ff81__original,2013-07-31,household wealth,household wealth,265,281,positive,high*,"[[258, 264]]","uld gather momentum in the second half of the year. However, a few participants expressed concern that higher household wealth might not translate into greater consumer spending, cautioning that household income growth remained slow, that households might not treat the additi"
a93b1b578b897162ff81__original,2013-07-31,equity price*,equity price,465,477,positive,increas*,"[[478, 487]]","hold income growth remained slow, that households might not treat the additions to wealth arising from recent equity price increases as lasting, or that households' scope to extract housing equity for the purpose of increasing their expenditures was less than in the past."
2dd91e4c537a18a73a27__original,2013-07-31,equity price*,equity prices,485,498,positive,increas*,"[[473, 481]]","wever, judged that the rise in rates was likely to exert relatively little restraint, or that the increase in equity prices and easing in bank lending standards would largely offset the effects of the rise in longer-term interest rates. Some participants also stated that f"
b31d9c380e1e9d50e319__original,2013-09-18,equity price*,equity prices,108,121,unclassified,,[],"Staff Review of the Financial Situation Longer-term interest rates rose over the intermeeting period, while equity prices were fairly volatile but ended the period modestly higher. The move in interest rates appeared to be importantly influenced by shifting expectations "
db95f19abbef684de75c__original,2013-09-18,stock price*,Stock prices,243,255,unclassified,,[],"nd extending into early July, liquidity and functioning had deteriorated in a number of fixed-income markets. Stock prices for financial-sector firms underperformed the broad equity market somewhat over the intermeeting period. However, spreads on credit default swaps (CD"
db95f19abbef684de75c__original,2013-09-18,equity market*,equity market,308,321,unclassified,,[],"iorated in a number of fixed-income markets. Stock prices for financial-sector firms underperformed the broad equity market somewhat over the intermeeting period. However, spreads on credit default swaps (CDS) for the largest bank holding companies remained stable at level"
3fb516f3bfff04d946ad__original,2013-09-18,equity price*,Equity prices,200,213,unclassified,,[],"a broad set of currencies, but it appreciated notably against the currencies of India, Indonesia, and Turkey. Equity prices in Germany increased substantially and sovereign yields in the United Kingdom and Germany continued to rise as data on economic activity in Europe ge"
13d0cd85154a1266c85c__original,2013-09-18,equity and home price*,equity and home prices,469,491,unclassified,,[],"rm interest rates and the foreign exchange value of the dollar, along with slightly lower projected paths for equity and home prices. The staff still anticipated that the pace of expansion in real GDP this year would only moderately exceed the growth rate of potential output but co"
f5fb3901c738e7193fc3__original,2013-09-18,asset price*,asset prices,133,145,unclassified,,[],"hat the increase in longer-term yields in recent months had not seemed to leave a meaningful imprint on other asset prices, suggesting that the effects on the economy were likely to be relatively muted. While recognizing the potentially significant impact of higher mortga"
f5fb3901c738e7193fc3__original,2013-09-18,equity price*,equity prices,369,382,positive,high*,"[[362, 368]]"," significant impact of higher mortgage rates on the housing market, these same participants pointed to higher equity prices, the further gradual loosening of terms in bank lending, and the continued availability of credit at inexpensive terms in corporate debt markets as s"
47119ae245b3fe939da3__original,2013-10-30,household* net worth,Households' net worth,244,265,unclassified,,[],"motor vehicles declined. Recent readings on key factors that influence consumer spending were somewhat mixed: Households' net worth likely expanded further as both equity values and home prices rose in recent months, and real disposable incomes increased solidly in August, but mea"
47119ae245b3fe939da3__original,2013-10-30,equity valu*,equity values,298,311,unclassified,,[],"s that influence consumer spending were somewhat mixed: Households' net worth likely expanded further as both equity values and home prices rose in recent months, and real disposable incomes increased solidly in August, but measures of consumer sentiment declined in Septem"
fdce48d35d9c6964f8f8__original,2013-10-30,equity price*,equity prices,121,134,positive,rose,"[[135, 139]]","w of the Financial Situation On balance over the intermeeting period, longer-term interest rates declined and equity prices rose, largely in response to expectations for more-accommodative monetary policy. In addition, financial markets were affected for a time by uncertai"
ee7460951565955029e2__original,2013-10-30,stock price*,stock prices,118,130,positive,rose,"[[131, 135]]","flows to deposits were estimated to have reversed shortly after the debt limit agreement was reached. Foreign stock prices rose, foreign yields and yield spreads declined, and the dollar depreciated against most other currencies. A large portion of these asset price chang"
ee7460951565955029e2__original,2013-10-30,asset price*,asset price,263,274,unclassified,,[],"nd yield spreads declined, and the dollar depreciated against most other currencies. A large portion of these asset price changes occurred immediately following the September FOMC announcement."
d25ca9c06b8c67de56e4__original,2013-10-30,equity price*,equity prices,617,630,unclassified,,[],"n exchange value of the dollar and longer-term interest rates, along with somewhat higher projected paths for equity prices and home values. The staff anticipated that the pace of expansion in real GDP this year would be about the same as the growth rate of potential outpu"
7d5be18ff561ed5adc6b__original,2013-10-30,household wealth,household wealth,422,438,positive,high*,"[[415, 421]]","easing of debt burdens, continued gains in employment, lower gasoline prices, higher real incomes, and higher household wealth boosted by rising home prices and equity values. Nonetheless, consumer sentiment remained unusually low, posing a downside risk to the forecast, and "
7d5be18ff561ed5adc6b__original,2013-10-30,equity valu*,equity values,473,486,unclassified,,[],"nt, lower gasoline prices, higher real incomes, and higher household wealth boosted by rising home prices and equity values. Nonetheless, consumer sentiment remained unusually low, posing a downside risk to the forecast, and uncertainty surrounding prospective fiscal delib"
4b3ee6eacf4b5b3ba977__original,2013-10-30,equity valu*,equity values,227,240,positive,increas*,"[[214, 223]]","ions eased notably over the intermeeting period, with declines in longer-term interest rates and increases in equity values. Financial quotes suggested that markets moved out the date at which they expected to see the Committee first increase the federal funds rate target."
e4056ad519840928a465__original,2013-12-18,household* net worth,Households' net worth,146,167,unclassified,,[]," factors that support household spending was consistent with further solid gains in PCE in the coming months. Households' net worth likely expanded as equity values and home prices increased further in recent months; real disposable income rose, on net, in September and October; a"
e4056ad519840928a465__original,2013-12-18,equity valu*,equity values,187,200,unclassified,,[],"was consistent with further solid gains in PCE in the coming months. Households' net worth likely expanded as equity values and home prices increased further in recent months; real disposable income rose, on net, in September and October; and consumer sentiment in the Thom"
eeb12a3605b78c520170__original,2013-12-18,stock price*,Stock prices,124,136,unclassified,,[],"rrent-coupon yield on agency mortgage-backed securities increased a bit more than the 10-year Treasury yield. Stock prices were about unchanged, on net, over the intermeeting period, even though some broad equity price indexes temporarily touched all-time nominal highs. C"
eeb12a3605b78c520170__original,2013-12-18,equity price index*,equity price indexes,220,240,unclassified,,[],"easury yield. Stock prices were about unchanged, on net, over the intermeeting period, even though some broad equity price indexes temporarily touched all-time nominal highs. Corporate risk spreads narrowed somewhat."
eb8db0d81e519d6f6173__original,2013-12-18,stock price*,Stock prices,241,253,unclassified,,[],partially offset by declines in the outstanding balances of closed-end residential mortgages on banks' books. Stock prices for large and regional domestic banking firms outperformed the broad equity market over the intermeeting period amid better-than-expected economic da
eb8db0d81e519d6f6173__original,2013-12-18,equity market*,equity market,323,336,unclassified,,[], mortgages on banks' books. Stock prices for large and regional domestic banking firms outperformed the broad equity market over the intermeeting period amid better-than-expected economic data and the settlement of mortgage-related litigation by some large banking organiza
a5c50338dfbb1103beee__original,2013-12-18,equity price*,equity prices,342,355,unclassified,,[],"icy abroad may have also boosted the exchange value of the dollar, most notably against the Japanese yen, and equity prices in Japan rose substantially further during the period. By contrast, equity prices declined in many emerging market economies; in some cases, those de"
a5c50338dfbb1103beee__original,2013-12-18,equity price*,equity prices,424,437,negative,declin*,"[[438, 446]]","ainst the Japanese yen, and equity prices in Japan rose substantially further during the period. By contrast, equity prices declined in many emerging market economies; in some cases, those declines were large and accompanied by sizable decreases in currency values and sove"
248c345510f798ae9ced__original,2013-12-18,equity price*,equity prices,167,180,unclassified,,[],"icy abroad may have also boosted the exchange value of the dollar, most notably against the Japanese yen, and equity prices in Japan rose substantially further during the period. By contrast, equity prices declined in many emerging market economies; in some cases, those de"
248c345510f798ae9ced__original,2013-12-18,equity price*,equity prices,249,262,negative,declin*,"[[263, 271]]","ainst the Japanese yen, and equity prices in Japan rose substantially further during the period. By contrast, equity prices declined in many emerging market economies; in some cases, those declines were large and accompanied by sizable decreases in currency values and sove"
248c345510f798ae9ced__original,2013-12-18,equity price*,equity prices,440,453,unclassified,,[],clines were large and accompanied by sizable decreases in currency values and sovereign bond prices. European equity prices were also lower over the period.
35c6711baccc49348e3e__original,2013-12-18,equity price*,equity prices,13,26,negative,declin*,"[[27, 35]]","By contrast, equity prices declined in many emerging market economies; in some cases, those declines were large and accompanied by sizable decreases in currency values and sove"
35c6711baccc49348e3e__original,2013-12-18,equity price*,equity prices,204,217,unclassified,,[],"clines were large and accompanied by sizable decreases in currency values and sovereign bond prices. European equity prices were also lower over the period. Long-term benchmark sovereign yields in the United Kingdom and Canada increased, in line with, but somewhat less tha"
154d36959a72b9847c36__original,2013-12-18,equity valu*,equity values,702,715,unclassified,,[],"assumed would be enacted; a lower anticipated trajectory for longer-term interest rates; and higher paths for equity values and home prices. Those factors, in total, more than offset a higher path for the foreign exchange value of the dollar."
f0d15b93048a61075fd4__original,2013-12-18,household wealth,household wealth,341,357,positive,gain*,"[[332, 337]]","sts, and the recent improvement in consumer sentiment. More broadly, spending was being supported by gains in household wealth associated with rising house prices and equity values, the still-low level of interest rates, and the progress that households have made in reducing "
f0d15b93048a61075fd4__original,2013-12-18,equity valu*,equity values,398,411,unclassified,,[],"re broadly, spending was being supported by gains in household wealth associated with rising house prices and equity values, the still-low level of interest rates, and the progress that households have made in reducing debt and strengthening their balance sheets. These fav"
a4524c464d826736e7c5__original,2014-01-29,household* net worth,households' net worth,241,262,unclassified,,[],"pensation program at the end of 2013 was expected to reduce aggregate income growth early this year. However, households' net worth likely continued to expand in recent months as a result of rising equity prices and home values. Consumer sentiment in the Thomson Reuters/University"
a4524c464d826736e7c5__original,2014-01-29,equity price*,equity prices,329,342,positive,rising,"[[322, 328]]","y this year. However, households' net worth likely continued to expand in recent months as a result of rising equity prices and home values. Consumer sentiment in the Thomson Reuters/University of Michigan Surveys of Consumers improved, on balance, in December and early Ja"
0e9bccfa0a52a4630ad7__original,2014-01-29,equity price*,Equity prices,338,351,positive,increas*,"[[352, 361]]"," financial conditions in the United States remained supportive of growth in economic activity and employment: Equity prices increased a bit, longer-term interest rates declined, and the dollar appreciated against most other currencies. While investors were somewhat surpris"
1081ef0edfe15d74d783__original,2014-01-29,stock price*,stock prices,144,156,unclassified,,[]," Reflecting the improved outlook for economic activity and despite mixed fourth-quarter earnings results, the stock prices of bank holding companies rose notably and spreads on credit default swaps for the largest bank holding companies narrowed somewhat. According to the"
5c32c95250228a64dffd__original,2014-01-29,equity price index*,equity price indexes,3,23,unclassified,,[],"S. equity price indexes edged higher, on net, over the intermeeting period, and equity issuance by nonfinancial corporations increased. Credit remained widely available to l"
321ec5ef0d880786ad34__original,2014-01-29,equity index*,equity indexes,190,204,positive,increas*,"[[205, 214]]","ing period generally became more supportive of growth. Long-term government bond yields declined and headline equity indexes increased, on net, in most of these countries, with bank stock prices in the euro area rising more than broader indexes. In addition, debt issuance b"
321ec5ef0d880786ad34__original,2014-01-29,stock price*,stock prices,262,274,unclassified,,[],"ent bond yields declined and headline equity indexes increased, on net, in most of these countries, with bank stock prices in the euro area rising more than broader indexes. In addition, debt issuance by both governments and banks in the European periphery picked up, and "
4d0e1b33a103fabbc721__original,2014-01-29,stock price*,stock price,295,306,unclassified,,[],"od. In contrast, amid a ratcheting-up of financial market strains in some emerging market economies, headline stock price indexes in most emerging market economies declined, outflows from emerging market mutual funds continued, and yield spreads on dollar-denominated eme"
866b38692d073dc1a0bf__original,2014-03-19,household* net worth,Households' net worth,216,237,unclassified,,[],"eather would return to seasonal norms, generally pointed toward additional gains in PCE in the coming months. Households' net worth probably continued to expand as equity prices and home values increased further, and consumer sentiment in the Thomson Reuters/University of Michigan"
866b38692d073dc1a0bf__original,2014-03-19,equity price*,equity prices,270,283,unclassified,,[],"ed toward additional gains in PCE in the coming months. Households' net worth probably continued to expand as equity prices and home values increased further, and consumer sentiment in the Thomson Reuters/University of Michigan Surveys of Consumers during February and earl"
616fe31063aa7ca883cf__original,2014-03-19,equity price*,equity prices,209,222,positive,rose,"[[223, 227]]","cted path of the federal funds rate was little changed, longer-term yields on Treasury securities edged down, equity prices rose, speculative-grade corporate bond spreads narrowed, and the foreign exchange value of the dollar depreciated slightly. FOMC communications over "
ea31489be6dd9773b9be__original,2014-03-19,stock price*,stock price,293,304,unclassified,,[]," over-the-counter derivatives markets and in credit terms applicable to most classes of counterparties. Broad stock price indexes rose over the intermeeting period, apparently boosted by a solid finish to the corporate earnings season. Equity prices were also supported b"
ea31489be6dd9773b9be__original,2014-03-19,equity price*,Equity prices,419,432,unclassified,,[],"xes rose over the intermeeting period, apparently boosted by a solid finish to the corporate earnings season. Equity prices were also supported by a broad increase in investors' willingness to take riskier positions, in part likely reflecting an easing of concerns about EM"
aaf3a451a05cb6786a33__original,2014-03-19,stock price*,stock price,6,17,unclassified,,[],"Broad stock price indexes rose over the intermeeting period, apparently boosted by a solid finish to the corporate earnings season. Equity prices were also supported b"
aaf3a451a05cb6786a33__original,2014-03-19,equity price*,Equity prices,132,145,unclassified,,[],"xes rose over the intermeeting period, apparently boosted by a solid finish to the corporate earnings season. Equity prices were also supported by a broad increase in investors' willingness to take riskier positions, in part likely reflecting an easing of concerns about EM"
dc1cac378259a6e7834c__original,2014-03-19,equity price index*,equity price indexes,201,221,negative,fell,"[[222, 226]]","spect to the stresses that had developed in some EMEs just prior to the January FOMC meeting. Although global equity price indexes fell abruptly on March 3 amid the deepening of the political crisis in Ukraine, most markets quickly retraced those losses. Consistent with the gener"
194e7f2979e16b0f4e3b__original,2014-03-19,equity price index*,equity price indexes,113,133,unclassified,,[]," notable exception was the Chinese renminbi, which depreciated against the dollar. The performance of foreign equity price indexes was mixed, on net: Stock prices rose in the EMEs, but they were flat in Europe and declined substantially in Japan. Longer-term sovereign bond yields"
194e7f2979e16b0f4e3b__original,2014-03-19,stock price*,Stock prices,153,165,positive,rose,"[[166, 170]]","nbi, which depreciated against the dollar. The performance of foreign equity price indexes was mixed, on net: Stock prices rose in the EMEs, but they were flat in Europe and declined substantially in Japan. Longer-term sovereign bond yields in the advanced economies fell "
ace82879e5528ffab362__original,2014-03-19,equity market valu*,equity market valuations,423,447,unclassified,,[],dermine financial stability over time. One participant voiced concern about high levels of margin debt and of equity market valuations as well as a notable shift into commodity investments. Another participant stressed the growth in consumer credit to less creditworthy households.
c728e217796ec6bcd3df__original,2014-04-30,asset price*,Asset prices,0,12,unclassified,,[],"Asset prices moved in response to economic data releases that were, on balance, a little stronger than expected and to Federal Reserve communications. The anticip"
cdc08d4e8e5e8d40ed84__original,2014-04-30,stock market index*,stock market indexes,324,344,negative,edge* down,"[[345, 355]]","ON RRP rate of 5 basis points. The s p 500 increased a bit, on net, over the intermeeting period, but broader stock market indexes edged down. The prices of social media and biotechnology stocks, which had risen substantially faster than the broader market over the previous year,"
856539219b66165f6d05__original,2014-04-30,stock price*,stock prices,215,227,unclassified,,[],"tions companies, advanced. First-quarter earnings reports for large banking organizations were mixed, and the stock prices of such firms generally underperformed broad equity indexes. Credit flows to nonfinancial corporations remained robust, on balance, notwithstanding s"
856539219b66165f6d05__original,2014-04-30,equity index*,equity indexes,273,287,unclassified,,[],"for large banking organizations were mixed, and the stock prices of such firms generally underperformed broad equity indexes. Credit flows to nonfinancial corporations remained robust, on balance, notwithstanding subdued bond issuance in April that was attributed to typical"
e33e0ba5a2adb74417c0__original,2014-04-30,equity index*,equity indexes,137,151,positive,rose,"[[152, 156]]"," consumer asset-backed securities market remained favorable, and issuance continued to be solid. Most foreign equity indexes rose over the period despite a global selloff of technology-related stocks, and 10-year sovereign bond yields in Canada, Germany, and the United King"
9e7b860e3369ed0bdbdc__original,2014-04-30,equity index*,equity index,358,370,unclassified,,[]," and Poor's, contributed to a rise in Russia's 10-year sovereign bond yield and a sharp decline in its main equity index. Outside of that region, however, these building tensions left little imprint on global financial markets."
30e81e75a3f04087a35d__original,2014-04-30,equity market*,equity market,366,379,unclassified,,[],"l financial stability. However, the staff report also highlighted valuation pressures in some segments of the equity market, continued strong demand for corporate debt instruments and associated pressures on underwriting standards, and liquidity risks associated with fixed"
c5ebbb3ffe732c6ed7d3__original,2014-06-18,household* net worth,households' net worth,179,200,unclassified,,[],"g mostly pointed to gains in PCE in the coming months. Real disposable income continued to rise in April, and households' net worth likely increased as equity prices and home values advanced further; however, consumer sentiment in the Thomson Reuters/University of Michigan Surveys"
c5ebbb3ffe732c6ed7d3__original,2014-06-18,equity price*,equity prices,221,234,unclassified,,[],"ming months. Real disposable income continued to rise in April, and households' net worth likely increased as equity prices and home values advanced further; however, consumer sentiment in the Thomson Reuters/University of Michigan Surveys of Consumers moved down somewhat "
c724d649f0fd39abac5f__original,2014-06-18,equity price*,equity prices,304,317,positive,rose,"[[318, 322]]","funds rate was slightly lower in the long run, yields on longer-term Treasury securities moved down modestly, equity prices rose, corporate bond spreads narrowed, and the foreign exchange value of the dollar was little changed. Federal Reserve communications over the inter"
cc31a99df25fd4162caa__original,2014-06-18,stock price*,stock price,118,129,unclassified,,[],"er of participants and the total amount awarded increased over the course of the first five operations. Broad stock price indexes rose over the intermeeting period, apparently boosted by a more optimistic assessment of near-term economic prospects and likely supported by"
97ebdc9ea028dff4146c__original,2014-06-18,stock price*,stock price,6,17,unclassified,,[],"Broad stock price indexes rose over the intermeeting period, apparently boosted by a more optimistic assessment of near-term economic prospects and likely supported by"
97ebdc9ea028dff4146c__original,2014-06-18,s p 500 index,s p 500 index,488,501,unclassified,,[],"ings per share for s p 500 firms. The VIX, an index of option-implied volatility for one-month returns on the s p 500 index, continued to decline and ended the period near its historical lows."
28c7ec50f1d02d315137__original,2014-06-18,s p 500 index,s p 500 index,290,303,unclassified,,[],"ings per share for s p 500 firms. The VIX, an index of option-implied volatility for one-month returns on the s p 500 index, continued to decline and ended the period near its historical lows. Measures of uncertainty in other financial markets also declined; results from t"
78c8ffd7e5608c1b034e__original,2014-06-18,equity price*,equity prices,295,308,unclassified,,[],"erging market currencies. Consistent with some improvement in investor sentiment toward risky assets, foreign equity prices generally rose over the intermeeting period, and foreign sovereign and corporate bond spreads narrowed. In addition, both bond and equity emerging ma"
9606cd7821f7bfd8198d__original,2014-07-30,equity valu*,equity values,114,127,positive,gain*,"[[105, 110]]","factors that tend to influence household spending remained positive in recent months. In particular, gains in equity values and home prices boosted household net worth, and real disposable personal income continued to rise in the second quarter. Consumer sentiment in the T"
9606cd7821f7bfd8198d__original,2014-07-30,household* net worth,household net worth,152,171,positive,boost*,"[[144, 151]]","ld spending remained positive in recent months. In particular, gains in equity values and home prices boosted household net worth, and real disposable personal income continued to rise in the second quarter. Consumer sentiment in the Thomson Reuters/University of Michigan Survey"
93344e8bd30fcb8420e5__original,2014-07-30,equity price*,equity prices,214,227,positive,rose,"[[228, 232]]","litical risks weighed on investor sentiment at times. On net, yields on longer-term Treasury securities fell, equity prices rose, and the foreign exchange value of the dollar was little changed. Market participants characterized the Federal Reserve's monetary policy commun"
f221482cdfb64e31bcf9__original,2014-07-30,s p 500 index,s p 500 index,177,190,positive,rose,"[[191, 195]]","es in offer rates and in the maximum individual award amounts generally resulted in higher participation. The s p 500 index rose about 1-1/2 percent over the intermeeting period, as earnings reports from a range of companies appeared to indicate that profits in the second "
f221482cdfb64e31bcf9__original,2014-07-30,s p 500 index,s p 500 index,478,491,unclassified,,[],"ly relative to the first quarter. The VIX, an index of option-implied volatility for one-month returns on the s p 500 index, remained at low levels over the intermeeting period."
9540604bbf28ad541975__original,2014-07-30,s p 500 index,s p 500 index,4,17,positive,rose,"[[18, 22]]","The s p 500 index rose about 1-1/2 percent over the intermeeting period, as earnings reports from a range of companies appeared to indicate that profits in the second "
9540604bbf28ad541975__original,2014-07-30,s p 500 index,s p 500 index,305,318,unclassified,,[],"ly relative to the first quarter. The VIX, an index of option-implied volatility for one-month returns on the s p 500 index, remained at low levels over the intermeeting period. Credit flows to nonfinancial corporations remained strong in the second quarter."
1450413e2e8c1cecf3ac__original,2014-07-30,equity price index*,equity price indexes,493,513,unclassified,,[],"ropean financial markets, prompting yield spreads on peripheral sovereign bonds in the euro area to widen and equity price indexes for European banks to decline. Intermeeting data releases on euro-area industrial production came in below market expectations, also weighing on head"
1450413e2e8c1cecf3ac__original,2014-07-30,equity market*,equity markets,668,682,unclassified,,[],"data releases on euro-area industrial production came in below market expectations, also weighing on headline equity markets in the region."
39afdc09f0c82d5e5bb3__original,2014-07-30,equity price index*,equity price indexes,219,239,unclassified,,[],"ropean financial markets, prompting yield spreads on peripheral sovereign bonds in the euro area to widen and equity price indexes for European banks to decline. Intermeeting data releases on euro-area industrial production came in below market expectations, also weighing on head"
39afdc09f0c82d5e5bb3__original,2014-07-30,equity market*,equity markets,394,408,unclassified,,[],"data releases on euro-area industrial production came in below market expectations, also weighing on headline equity markets in the region. Mixed news from emerging market economies, including better-than-expected GDP growth in China and concerns about Argentina's scheduled"
980819c794297ef986cb__original,2014-07-30,equity index*,equity indexes,214,228,unclassified,,[],"ns about Argentina's scheduled debt payments, generally had modest market effects. Changes in emerging market equity indexes were mixed over the period, and emerging market bond yields generally declined. The broad trade-weighted dollar was little changed, on net, over the "
f7c167b475ae8857a039__original,2014-09-17,household* net worth,households' net worth,398,419,unclassified,,[],"actors that influence consumer spending were positive: Real disposable incomes continued to increase in July, households' net worth likely edged up as equity prices and home values rose somewhat further, and consumer sentiment as measured by the Thomson Reuters/University of Michi"
f7c167b475ae8857a039__original,2014-09-17,equity price*,equity prices,439,452,unclassified,,[],"ere positive: Real disposable incomes continued to increase in July, households' net worth likely edged up as equity prices and home values rose somewhat further, and consumer sentiment as measured by the Thomson Reuters/University of Michigan Surveys of Consumers improved"
891665e6943a05a66037__original,2014-09-17,equity price*,equity prices,312,325,positive,edge* up,"[[326, 334]]","anticipated. Reflecting these and other developments, yields on nominal Treasury securities rose somewhat and equity prices edged up over the intermeeting period. On net, the conflicts in the Middle East and Ukraine and other geopolitical tensions had limited effects on do"
b248b5fca6b02d3c0d26__original,2014-09-17,equity price*,equity prices,221,234,positive,up,"[[240, 242]]","ecting the lower-than-expected CPI data in July and recent declines in oil prices. Broad measures of domestic equity prices were up modestly over the intermeeting period, with some reports suggesting that investors were interpreting incoming economic data as implying that "
13e2711000f822c83fad__original,2014-09-17,equity index*,equity indexes,183,197,unclassified,,[],spreads of sovereign bonds from the euro-area periphery over German bunds narrowed considerably. Most foreign equity indexes ended the period modestly higher. Staff Economic Outlook
8bf4c6c9a2ea1572bd44__original,2014-09-17,stock market*,stock market,335,347,unclassified,,[],"financial stability over time were noted, including a deterioration in leveraged lending standards, stretched stock market valuations, and compressed risk spreads. However, one participant suggested that the leveraged loan market seemed to be moving into better balance, a"
d617ee45965dc6cdfd12__original,2014-10-29,household* net worth,household net worth,212,231,unclassified,,[],"son Reuters/University of Michigan Surveys of Consumers improved in September and early October. In contrast, household net worth likely decreased because of a decline in equity prices. Housing market conditions seemed to be improving only slowly."
d617ee45965dc6cdfd12__original,2014-10-29,equity price*,equity prices,273,286,negative,declin*,"[[262, 269]]","ved in September and early October. In contrast, household net worth likely decreased because of a decline in equity prices. Housing market conditions seemed to be improving only slowly."
46ecbcc0df80ca7a6ced__original,2014-10-29,equity price*,equity prices,3,16,negative,edge* down,"[[17, 27]]","S. equity prices edged down, corporate bond spreads widened modestly, and the dollar appreciated moderately against most other currencies. Federal Reserve communicati"
8bb9f75c3f121ee95d2c__original,2014-10-29,s p 500 index,s p 500 index,234,247,negative,decreas*,"[[248, 257]]"," both investment- and speculative-grade corporate bonds widened modestly relative to Treasury securities. The s p 500 index decreased about 1 percent, on net, over the intermeeting period. Option-implied volatility for the s p 500 index over the next month increased modera"
8bb9f75c3f121ee95d2c__original,2014-10-29,s p 500 index,s p 500 index,347,360,unclassified,,[]," 500 index decreased about 1 percent, on net, over the intermeeting period. Option-implied volatility for the s p 500 index over the next month increased moderately, on balance, ending the period below its long-run historical average, though during the mid-October volatili"
45dc1f1763e129ef99ca__original,2014-10-29,s p 500 index,s p 500 index,4,17,negative,decreas*,"[[18, 27]]","The s p 500 index decreased about 1 percent, on net, over the intermeeting period. Option-implied volatility for the s p 500 index over the next month increased modera"
45dc1f1763e129ef99ca__original,2014-10-29,s p 500 index,s p 500 index,117,130,unclassified,,[]," 500 index decreased about 1 percent, on net, over the intermeeting period. Option-implied volatility for the s p 500 index over the next month increased moderately, on balance, ending the period below its long-run historical average, though during the mid-October volatili"
45dc1f1763e129ef99ca__original,2014-10-29,s p 500 index,s p 500 index,371,384,unclassified,,[],"id-October volatility spike, it briefly touched high levels last seen in 2011. About half of the firms in the s p 500 index reported earnings for the third quarter, with the reports generally viewed as positive."
45fcf55a84b05a4252bc__original,2014-10-29,s p 500 index,s p 500 index,34,47,unclassified,,[],"Option-implied volatility for the s p 500 index over the next month increased moderately, on balance, ending the period below its long-run historical average, though during the mid-October volatili"
45fcf55a84b05a4252bc__original,2014-10-29,s p 500 index,s p 500 index,288,301,unclassified,,[],"id-October volatility spike, it briefly touched high levels last seen in 2011. About half of the firms in the s p 500 index reported earnings for the third quarter, with the reports generally viewed as positive. Overall, third-quarter earnings estimates continued to imply "
78d1156d5af31222fad9__original,2014-10-29,equity index*,equity indexes,170,184,negative,down,"[[190, 194]]","arkets became more concerned, on balance, about prospects for global economic growth. On net over the period, equity indexes were down in most advanced and emerging market economies, and measures of implied volatility rose. Benchmark sovereign yields fell sharply, with Germ"
7c953c22c3f3b35a2595__original,2014-10-29,equity price*,equity prices,396,409,negative,declin*,"[[385, 392]]","ise in the foreign exchange value of the dollar, a deterioration in global growth prospects, and a decline in equity prices, the staff revised down its projection for real GDP growth a little over the medium term. Even with the slower expansion of economic activity in this"
a846d4d277d2b97f86ae__original,2014-12-17,asset market*,asset markets,100,113,unclassified,,[],"The sharp decline in oil prices weighed on inflation compensation and left a mixed imprint on other asset markets. On net, yields on longer-term Treasury securities fell, corporate bond spreads widened, equity prices were little changed, and the foreign exchange "
a846d4d277d2b97f86ae__original,2014-12-17,equity price*,equity prices,203,216,unclassified,,[]," other asset markets. On net, yields on longer-term Treasury securities fell, corporate bond spreads widened, equity prices were little changed, and the foreign exchange value of the dollar appreciated. Economic data releases reinforced the views of market participants tha"
a3595021e6ec46d7def4__original,2014-12-17,equity price index*,equity price indexes,3,23,unclassified,,[],S. equity price indexes were about unchanged over the intermeeting period. Option-implied volatility for one-month returns on the s p 500 index--the VIX--rose sharply late i
a3595021e6ec46d7def4__original,2014-12-17,s p 500 index,s p 500 index,130,143,unclassified,,[],xes were about unchanged over the intermeeting period. Option-implied volatility for one-month returns on the s p 500 index--the VIX--rose sharply late in the period to levels close to those in mid-October.
e289bb3389d97e68480d__original,2014-12-17,equity price index*,equity price indexes,0,20,unclassified,,[],equity price indexes were about unchanged over the intermeeting period. Option-implied volatility for one-month returns on the s p 500 index--the VIX--rose sharply late i
e289bb3389d97e68480d__original,2014-12-17,s p 500 index,s p 500 index,127,140,unclassified,,[],xes were about unchanged over the intermeeting period. Option-implied volatility for one-month returns on the s p 500 index--the VIX--rose sharply late in the period to levels close to those in mid-October. Investment- and speculative-grade corporate bond spreads widened o
caaf4536936da03d0c2b__original,2014-12-17,stock price*,stock prices,124,136,unclassified,,[],"ds fell to new record lows, spreads of most euro-area peripheral bonds over those yields narrowed. Changes in stock prices abroad were mixed, on net, over the intermeeting period: There were large increases in Japan and China along with large decreases in oil-exporting co"
7e59ffaa40d332aaedce__original,2014-12-17,equity price*,equity prices,153,166,unclassified,,[],"DP growth was revised up a little on net. The projected path for oil prices was lower, and the trajectory for equity prices was a bit higher. And although the projected path of the dollar was revised up, the staff revised down its estimate of how much the appreciation of t"
4db60d33b9d28ec14d6a__original,2015-01-28,household* net worth,Households' net worth,162,183,unclassified,,[],"r; since then, continued declines in energy prices likely raised the purchasing power of households' incomes. Households' net worth likely increased as home values and equity prices advanced, and consumer sentiment, as measured by the Thomson Reuters/University of Michigan Surveys"
4db60d33b9d28ec14d6a__original,2015-01-28,equity price*,equity prices,220,233,positive,advanc*,"[[234, 242]]","raised the purchasing power of households' incomes. Households' net worth likely increased as home values and equity prices advanced, and consumer sentiment, as measured by the Thomson Reuters/University of Michigan Surveys of Consumers, moved up in early January to its hi"
0dffa0ebe7ecd3a7c2b6__original,2015-01-28,equity market*,equity markets,3,17,unclassified,,[],"S. equity markets were volatile. Option-implied volatility for the s p 500 index declined, on balance, but remained in the upper half of the range seen over the past y"
0dffa0ebe7ecd3a7c2b6__original,2015-01-28,s p 500 index,s p 500 index,67,80,negative,declin*,"[[81, 89]]","S. equity markets were volatile. Option-implied volatility for the s p 500 index declined, on balance, but remained in the upper half of the range seen over the past year."
eabc66ea12684aa2b36e__original,2015-01-28,equity market*,equity markets,0,14,unclassified,,[],"equity markets were volatile. Option-implied volatility for the s p 500 index declined, on balance, but remained in the upper half of the range seen over the past y"
eabc66ea12684aa2b36e__original,2015-01-28,s p 500 index,s p 500 index,64,77,negative,declin*,"[[78, 86]]","equity markets were volatile. Option-implied volatility for the s p 500 index declined, on balance, but remained in the upper half of the range seen over the past year. Broad U."
053c792d2e249f3b5a27__original,2015-01-28,equity price index*,equity price indexes,3,23,positive,mov* high*,"[[24, 36]]","S. equity price indexes moved higher, while stock prices for large domestic banking organizations moved lower on net. Corporate bond spreads were also volatile over the inte"
053c792d2e249f3b5a27__original,2015-01-28,stock price*,stock prices,44,56,unclassified,,[],"S. equity price indexes moved higher, while stock prices for large domestic banking organizations moved lower on net. Corporate bond spreads were also volatile over the intermeeting period but were little c"
e9a78c3a4f66c924249c__original,2015-01-28,equity market*,equity markets,108,122,unclassified,,[],"yields responding to a shift in expectations toward a later start of Bank of England policy firming. Global equity markets were broadly higher, rebounding from declines in mid-December. Several central banks announced monetary policy actions during the period."
9cf5cd08924718dc9995__original,2015-03-18,household* net worth,households' net worth,153,174,unclassified,,[],"continued to be supported by low energy prices, and real disposable income rose briskly in January. Moreover, households' net worth likely increased as equity prices and home values advanced further, and consumer sentiment in the University of Michigan Surveys of Consumers was sti"
9cf5cd08924718dc9995__original,2015-03-18,equity price*,equity prices,195,208,unclassified,,[],"ices, and real disposable income rose briskly in January. Moreover, households' net worth likely increased as equity prices and home values advanced further, and consumer sentiment in the University of Michigan Surveys of Consumers was still near its highest level since pr"
73ca04ca5d211dccb76e__original,2015-03-18,equity price*,Equity prices,295,308,positive,high*,"[[314, 320]]","ouraging economic news from Europe all appeared to contribute to the improved sentiment in financial markets. Equity prices were higher, on net, although they declined later in the period. Federal Reserve communications over the intermeeting period, including the minutes o"
e9335d03b1523ac7fe1a__original,2015-03-18,equity price index*,equity price indexes,3,23,positive,mov* up,"[[24, 32]]","S. equity price indexes moved up, on balance, over the intermeeting period, and one-month option-implied volatility on the s p 500 index moved down on net. Spreads of 10-yea"
e9335d03b1523ac7fe1a__original,2015-03-18,s p 500 index,s p 500 index,123,136,negative,mov* down,"[[137, 147]]","ce indexes moved up, on balance, over the intermeeting period, and one-month option-implied volatility on the s p 500 index moved down on net. Spreads of 10-year corporate bond yields over those on comparable-maturity Treasury securities for both BBB-rated and speculative-"
2ffbdb8af327cd920288__original,2015-03-18,equity price*,Equity prices,174,187,positive,rose,"[[188, 192]]","epo) rate was reduced in February to below zero for the first time, and a further cut was announced in March. Equity prices rose in most of the advanced foreign economies, with euro-area stocks rallying both before and after the early March commencement of sovereign bond p"
2ffbdb8af327cd920288__original,2015-03-18,stock market*,Stock market,373,385,unclassified,,[],"ing both before and after the early March commencement of sovereign bond purchases by the ECB under its PSPP. Stock market performance in the emerging market economies was more varied, with net losses in some and net gains in others."
eb7d791e323176a6c6b1__original,2015-03-18,equity price*,Equity prices,0,13,positive,rose,"[[14, 18]]","Equity prices rose in most of the advanced foreign economies, with euro-area stocks rallying both before and after the early March commencement of sovereign bond p"
eb7d791e323176a6c6b1__original,2015-03-18,stock market*,Stock market,199,211,unclassified,,[],"ing both before and after the early March commencement of sovereign bond purchases by the ECB under its PSPP. Stock market performance in the emerging market economies was more varied, with net losses in some and net gains in others. Yields on German government securities"
e8530b9a1881548e892a__original,2015-04-29,equity price*,equity prices,221,234,unclassified,,[]," quarter, buoyed in part by earlier declines in energy prices. In addition, further gains in house values and equity prices likely raised households' net worth, and the index of consumer sentiment in the University of Michigan Surveys of Consumers remained near its highest"
e8530b9a1881548e892a__original,2015-04-29,household* net worth,households' net worth,249,270,positive,rais*,"[[242, 248]]","earlier declines in energy prices. In addition, further gains in house values and equity prices likely raised households' net worth, and the index of consumer sentiment in the University of Michigan Surveys of Consumers remained near its highest level since prior to the most recen"
1ccf5d83ca7b86bd5b2f__original,2015-04-29,equity price*,equity prices,146,159,positive,increas*,"[[160, 169]]","e March employment report, also pushed interest rates lower. On net, measures of inflation compensation rose, equity prices increased somewhat, and the foreign exchange value of the dollar declined. The expected path of the federal funds rate moved down following the March"
de7e29dec12c95bef88f__original,2015-04-29,equity price index*,equity price indexes,3,23,positive,rose,"[[24, 28]]",S. equity price indexes rose somewhat and option-implied volatility for the s p 500 index over the next month declined. Energy firms' stock prices retraced a small portion o
de7e29dec12c95bef88f__original,2015-04-29,s p 500 index,s p 500 index,76,89,unclassified,,[],S. equity price indexes rose somewhat and option-implied volatility for the s p 500 index over the next month declined. Energy firms' stock prices retraced a small portion of their substantial drop since mid-2014.
de7e29dec12c95bef88f__original,2015-04-29,stock price*,stock prices,134,146,unclassified,,[],rose somewhat and option-implied volatility for the s p 500 index over the next month declined. Energy firms' stock prices retraced a small portion of their substantial drop since mid-2014.
cd585f7ba8a36bf784aa__original,2015-04-29,equity price index*,equity price indexes,0,20,positive,rose,"[[21, 25]]",equity price indexes rose somewhat and option-implied volatility for the s p 500 index over the next month declined. Energy firms' stock prices retraced a small portion o
cd585f7ba8a36bf784aa__original,2015-04-29,s p 500 index,s p 500 index,73,86,unclassified,,[],equity price indexes rose somewhat and option-implied volatility for the s p 500 index over the next month declined. Energy firms' stock prices retraced a small portion of their substantial drop since mid-2014. Spreads of yields on 10-y
cd585f7ba8a36bf784aa__original,2015-04-29,stock price*,stock prices,131,143,unclassified,,[],rose somewhat and option-implied volatility for the s p 500 index over the next month declined. Energy firms' stock prices retraced a small portion of their substantial drop since mid-2014. Spreads of yields on 10-year speculative-grade corporate bonds over those on compa
577313166010a92ab5af__original,2015-04-29,s p 500 index,s p 500 index,260,273,unclassified,,[],"rther decrease in spreads on speculative-grade bonds issued by energy firms. About 40 percent of firms in the s p 500 index had reported earnings for the first quarter, with those reports generally viewed as better than anticipated. Nonetheless, first-quarter earnings per "
dadd14e9a93a0fffe877__original,2015-04-29,equity price*,Equity prices,88,101,unclassified,,[],"Spillovers from Greek markets into other peripheral financial markets remained limited. Equity prices in most advanced foreign economies moved higher, buoyed in part by ongoing monetary policy accommodation. Equity prices also rose in most emerging ma"
dadd14e9a93a0fffe877__original,2015-04-29,equity price*,Equity prices,208,221,unclassified,,[],"ces in most advanced foreign economies moved higher, buoyed in part by ongoing monetary policy accommodation. Equity prices also rose in most emerging market economies, with the stock market in China outperforming."
dadd14e9a93a0fffe877__original,2015-04-29,stock market*,stock market,276,288,unclassified,,[],"by ongoing monetary policy accommodation. Equity prices also rose in most emerging market economies, with the stock market in China outperforming."
93f69133d6a258bf7143__original,2015-04-29,equity price*,Equity prices,0,13,unclassified,,[],"Equity prices in most advanced foreign economies moved higher, buoyed in part by ongoing monetary policy accommodation. Equity prices also rose in most emerging ma"
93f69133d6a258bf7143__original,2015-04-29,equity price*,Equity prices,120,133,unclassified,,[],"ces in most advanced foreign economies moved higher, buoyed in part by ongoing monetary policy accommodation. Equity prices also rose in most emerging market economies, with the stock market in China outperforming. The staff provided its latest report on potential risks to"
93f69133d6a258bf7143__original,2015-04-29,stock market*,stock market,188,200,unclassified,,[],"by ongoing monetary policy accommodation. Equity prices also rose in most emerging market economies, with the stock market in China outperforming. The staff provided its latest report on potential risks to financial stability."
db91bbf162e6b8c75610__original,2015-04-29,equities,equities,137,145,negative,mov* down,"[[146, 156]]","ggested that valuations remained stretched for some asset classes. An estimate of the expected real return on equities moved down, reflecting an increase in stock prices and downward revisions to forecasts of corporate earnings, and corporate bond spreads declined som"
db91bbf162e6b8c75610__original,2015-04-29,stock price*,stock prices,184,196,positive,increas*,"[[172, 180]]","some asset classes. An estimate of the expected real return on equities moved down, reflecting an increase in stock prices and downward revisions to forecasts of corporate earnings, and corporate bond spreads declined somewhat. The staff also noted changes in the structur"
39c5e2f070672d8c874a__original,2015-06-17,equity price index*,equity price indexes,3,23,negative,mov* down,"[[24, 34]]","S. equity price indexes moved down a bit, on net, amid mixed macroeconomic news and little information on earnings. Option-implied volatility on the s p 500 index over the n"
39c5e2f070672d8c874a__original,2015-06-17,s p 500 index,s p 500 index,149,162,unclassified,,[],"t, on net, amid mixed macroeconomic news and little information on earnings. Option-implied volatility on the s p 500 index over the next month increased, on balance, but remained near the lower end of its historical range."
e7ea1dc91305cafb1365__original,2015-06-17,equity price index*,equity price indexes,0,20,negative,mov* down,"[[21, 31]]","equity price indexes moved down a bit, on net, amid mixed macroeconomic news and little information on earnings. Option-implied volatility on the s p 500 index over the n"
e7ea1dc91305cafb1365__original,2015-06-17,s p 500 index,s p 500 index,146,159,unclassified,,[],"t, on net, amid mixed macroeconomic news and little information on earnings. Option-implied volatility on the s p 500 index over the next month increased, on balance, but remained near the lower end of its historical range. Spreads on 10-year triple-B-rated corporate bonds"
566cd62f31be3c7dbc7a__original,2015-06-17,equity price*,equity prices,289,302,negative,declin*,"[[303, 311]]","yields was to be expected. Against this backdrop and with a step-up in concerns about developments in Greece, equity prices declined in most countries. Stock prices in Japan and especially in China were the main exceptions."
566cd62f31be3c7dbc7a__original,2015-06-17,stock price*,Stock prices,331,343,unclassified,,[],"ckdrop and with a step-up in concerns about developments in Greece, equity prices declined in most countries. Stock prices in Japan and especially in China were the main exceptions."
b0dd12af040e6926130e__original,2015-06-17,equity price*,equity prices,83,96,negative,declin*,"[[97, 105]]","Against this backdrop and with a step-up in concerns about developments in Greece, equity prices declined in most countries. Stock prices in Japan and especially in China were the main exceptions. The foreign exchange value of the dollar increase"
b0dd12af040e6926130e__original,2015-06-17,stock price*,Stock prices,125,137,unclassified,,[],"ckdrop and with a step-up in concerns about developments in Greece, equity prices declined in most countries. Stock prices in Japan and especially in China were the main exceptions. The foreign exchange value of the dollar increased a bit, on balance, during the intermeet"
fddd70bbad2bad329837__original,2015-07-29,equity price*,equity prices,384,397,unclassified,,[],"es of inflation compensation over the next 5 years based on Treasury Inflation-Protected Securities declined, equity prices were little changed, and the foreign exchange value of the dollar rose modestly. The expected path of the federal funds rate moved down following the"
413b9061687e8e760d8c__original,2015-07-29,equity price index*,equity price indexes,3,23,unclassified,,[],S. equity price indexes were little changed over the intermeeting period. Option-implied volatility on the s p 500 index over the next month increased for a time in response
413b9061687e8e760d8c__original,2015-07-29,s p 500 index,s p 500 index,107,120,unclassified,,[],S. equity price indexes were little changed over the intermeeting period. Option-implied volatility on the s p 500 index over the next month increased for a time in response to foreign developments before falling back to the lower end of its range over recent years.
b886f31586d5481e0fb4__original,2015-07-29,equity price index*,equity price indexes,0,20,unclassified,,[],equity price indexes were little changed over the intermeeting period. Option-implied volatility on the s p 500 index over the next month increased for a time in response
b886f31586d5481e0fb4__original,2015-07-29,s p 500 index,s p 500 index,104,117,unclassified,,[],equity price indexes were little changed over the intermeeting period. Option-implied volatility on the s p 500 index over the next month increased for a time in response to foreign developments before falling back to the lower end of its range over recent years. Bas
b886f31586d5481e0fb4__original,2015-07-29,s p 500 index,s p 500 index,319,332,unclassified,,[]," back to the lower end of its range over recent years. Based on reports from about 40 percent of firms in the s p 500 index, earnings per share in the second quarter were about unchanged or slightly higher than their first-quarter levels."
dafebe6120f772554bd0__original,2015-07-29,s p 500 index,s p 500 index,33,46,unclassified,,[],Option-implied volatility on the s p 500 index over the next month increased for a time in response to foreign developments before falling back to the lower end of its range over recent years. Bas
dafebe6120f772554bd0__original,2015-07-29,s p 500 index,s p 500 index,248,261,unclassified,,[]," back to the lower end of its range over recent years. Based on reports from about 40 percent of firms in the s p 500 index, earnings per share in the second quarter were about unchanged or slightly higher than their first-quarter levels. Spreads on 10-year triple-B-rated "
49aa1c0ec87b0368850c__original,2015-07-29,stock price*,stock prices,263,275,negative,fell,"[[276, 280]]","ads narrowed, on net, over the intermeeting period as news emerged of progress toward an agreement. In China, stock prices fell substantially, prompting a number of policy and regulatory actions by Chinese officials to support the stock market. While these developments at"
49aa1c0ec87b0368850c__original,2015-07-29,stock market*,stock market,384,396,unclassified,,[],"s fell substantially, prompting a number of policy and regulatory actions by Chinese officials to support the stock market. While these developments attracted investor attention, reaction in asset markets outside Greece and China was limited on balance."
49aa1c0ec87b0368850c__original,2015-07-29,asset market*,asset markets,465,478,unclassified,,[],"ese officials to support the stock market. While these developments attracted investor attention, reaction in asset markets outside Greece and China was limited on balance."
f9272b095284815266e5__original,2015-07-29,stock market*,Stock markets,18,31,unclassified,,[],"trading partners. Stock markets in most advanced foreign economies ended the period higher. Equity prices in emerging market economies, however, generally moved lower on net."
f9272b095284815266e5__original,2015-07-29,equity price*,Equity prices,92,105,unclassified,,[],"trading partners. Stock markets in most advanced foreign economies ended the period higher. Equity prices in emerging market economies, however, generally moved lower on net."
7280dda3f7628291ad76__original,2015-07-29,stock market*,Stock markets,0,13,unclassified,,[],"Stock markets in most advanced foreign economies ended the period higher. Equity prices in emerging market economies, however, generally moved lower on net. The st"
7280dda3f7628291ad76__original,2015-07-29,equity price*,Equity prices,74,87,unclassified,,[],"Stock markets in most advanced foreign economies ended the period higher. Equity prices in emerging market economies, however, generally moved lower on net. The staff provided its latest report on potential risks to financial stability."
40c5d6118ec2ebb4d170__original,2015-07-29,stock market*,stock market,341,353,negative,declin*,"[[354, 361]]","lenges and that Greek economic progress was likely to be limited over the near term. While the recent Chinese stock market decline seemed to have had limited implications to date for the growth outlook in China, several participants noted that a material slowdown in Chine"
99b604c144cb1a8624ff__original,2015-09-17,wealth to income ratio,wealth-to-income ratio,320,342,unclassified,,[],p in both months. Household spending was supported by moderate growth in real disposable income in July and a wealth-to-income ratio that remained high even after recent declines in equity values. Consumer sentiment in the University of Michigan Surveys of Consumers decreased in ea
99b604c144cb1a8624ff__original,2015-09-17,equity valu*,equity values,392,405,negative,declin*,"[[380, 388]]"," real disposable income in July and a wealth-to-income ratio that remained high even after recent declines in equity values. Consumer sentiment in the University of Michigan Surveys of Consumers decreased in early September, reportedly in part because of the recent decline"
99b604c144cb1a8624ff__original,2015-09-17,stock market price*,stock market prices,559,578,negative,declin*,"[[548, 555]]","chigan Surveys of Consumers decreased in early September, reportedly in part because of the recent decline in stock market prices, but it remained above its year-earlier level."
1550623741e3e9cdf248__original,2015-09-17,wealth to income ratio,wealth-to-income ratio,92,114,unclassified,,[],Household spending was supported by moderate growth in real disposable income in July and a wealth-to-income ratio that remained high even after recent declines in equity values. Consumer sentiment in the University of Michigan Surveys of Consumers decreased in ea
1550623741e3e9cdf248__original,2015-09-17,equity valu*,equity values,164,177,negative,declin*,"[[152, 160]]"," real disposable income in July and a wealth-to-income ratio that remained high even after recent declines in equity values. Consumer sentiment in the University of Michigan Surveys of Consumers decreased in early September, reportedly in part because of the recent decline"
1550623741e3e9cdf248__original,2015-09-17,stock market price*,stock market prices,331,350,negative,declin*,"[[320, 327]]","chigan Surveys of Consumers decreased in early September, reportedly in part because of the recent decline in stock market prices, but it remained above its year-earlier level. Activity in the housing sector remained on a gradual upward trend."
addc554976c6f5bd29d4__original,2015-09-17,stock market index*,Stock market indexes,304,324,unclassified,,[],increase in financial market volatility and a deterioration in risk sentiment during the intermeeting period. Stock market indexes in most advanced and emerging market economies ended the period sharply lower. Tighter financial market conditions and greater volatility contributed
ba3f85cb8666a57144c8__original,2015-09-17,equity market*,equity markets,189,203,unclassified,,[],"ected path of the federal funds rate, on balance, over the intermeeting period. Despite the decline in global equity markets and the downward shift in the expected path of the federal funds rate, yields on nominal Treasury securities moved up modestly, with some market part"
56bb5725cc6fc71d88dd__original,2015-09-17,equity price index*,equity price indexes,3,23,positive,high*,"[[29, 35]]",S. equity price indexes were highly correlated with foreign equity indexes over the intermeeting period and posted net declines. Although concerns about global economic grow
56bb5725cc6fc71d88dd__original,2015-09-17,equity index*,equity indexes,60,74,unclassified,,[],S. equity price indexes were highly correlated with foreign equity indexes over the intermeeting period and posted net declines. Although concerns about global economic growth likely contributed to the declines in domestic e
56bb5725cc6fc71d88dd__original,2015-09-17,equity price*,equity prices,223,236,unclassified,,[],"d net declines. Although concerns about global economic growth likely contributed to the declines in domestic equity prices, investors may also have reassessed valuations and risk in equity markets."
56bb5725cc6fc71d88dd__original,2015-09-17,equity market*,equity markets,296,310,unclassified,,[],"tributed to the declines in domestic equity prices, investors may also have reassessed valuations and risk in equity markets."
86b1bfff673bab0f2a78__original,2015-09-17,equity price index*,equity price indexes,0,20,positive,high*,"[[26, 32]]",equity price indexes were highly correlated with foreign equity indexes over the intermeeting period and posted net declines. Although concerns about global economic grow
86b1bfff673bab0f2a78__original,2015-09-17,equity index*,equity indexes,57,71,unclassified,,[],equity price indexes were highly correlated with foreign equity indexes over the intermeeting period and posted net declines. Although concerns about global economic growth likely contributed to the declines in domestic e
86b1bfff673bab0f2a78__original,2015-09-17,equity price*,equity prices,220,233,unclassified,,[],"d net declines. Although concerns about global economic growth likely contributed to the declines in domestic equity prices, investors may also have reassessed valuations and risk in equity markets. Domestic equity indexes were quite volatile in late August and early Septe"
86b1bfff673bab0f2a78__original,2015-09-17,equity market*,equity markets,293,307,unclassified,,[],"tributed to the declines in domestic equity prices, investors may also have reassessed valuations and risk in equity markets. Domestic equity indexes were quite volatile in late August and early September, and one-month-ahead option-implied volatility on the s p 500 index r"
86b1bfff673bab0f2a78__original,2015-09-17,equity index*,equity indexes,318,332,unclassified,,[],"in domestic equity prices, investors may also have reassessed valuations and risk in equity markets. Domestic equity indexes were quite volatile in late August and early September, and one-month-ahead option-implied volatility on the s p 500 index reached levels last seen i"
86b1bfff673bab0f2a78__original,2015-09-17,s p 500 index,s p 500 index,442,455,unclassified,,[]," were quite volatile in late August and early September, and one-month-ahead option-implied volatility on the s p 500 index reached levels last seen in 2011."
50f4aa78c0d3e82d9a6a__original,2015-09-17,equity price*,equity prices,94,107,unclassified,,[],"Although concerns about global economic growth likely contributed to the declines in domestic equity prices, investors may also have reassessed valuations and risk in equity markets. Domestic equity indexes were quite volatile in late August and early Septe"
50f4aa78c0d3e82d9a6a__original,2015-09-17,equity market*,equity markets,167,181,unclassified,,[],"tributed to the declines in domestic equity prices, investors may also have reassessed valuations and risk in equity markets. Domestic equity indexes were quite volatile in late August and early September, and one-month-ahead option-implied volatility on the s p 500 index r"
50f4aa78c0d3e82d9a6a__original,2015-09-17,equity index*,equity indexes,192,206,unclassified,,[],"in domestic equity prices, investors may also have reassessed valuations and risk in equity markets. Domestic equity indexes were quite volatile in late August and early September, and one-month-ahead option-implied volatility on the s p 500 index reached levels last seen i"
50f4aa78c0d3e82d9a6a__original,2015-09-17,s p 500 index,s p 500 index,316,329,unclassified,,[]," were quite volatile in late August and early September, and one-month-ahead option-implied volatility on the s p 500 index reached levels last seen in 2011. Spreads on 10-year triple-B-rated and speculative-grade corporate bonds over comparable-maturity Treasury securitie"
62549be0410b2b133040__original,2015-09-17,equity price*,equity prices,63,76,negative,declin*,"[[77, 85]]","S. economic activity was generally stronger than expected, but equity prices declined, the foreign exchange value of the dollar appreciated further, and indicators of foreign economic growth were generally weak. The staff left"
41c6a9ea86e7a4672ba3__original,2015-09-17,equity price*,equity prices,65,78,negative,fell,"[[79, 83]]","consumer price inflation in the near term. In the United States, equity prices fell, on balance, amid significant volatility, and risk spreads for businesses widened. Many participants judged that the effects of these developmen"
60bd483110069c5fc3c7__original,2015-09-17,equity price*,equity prices,68,81,negative,declin*,"[[57, 64]]","net exports. Some participants commented that the recent decline in equity prices needed to be viewed in the context of overall valuation levels, which they saw as relatively high, and a couple noted that volatility had begun to su"
60bd483110069c5fc3c7__original,2015-09-17,asset price*,asset prices,366,378,unclassified,,[],"ssion of economic conditions and monetary policy, participants indicated that they did not see the changes in asset prices during the intermeeting period as bearing significantly on their policy choice except insofar as they affected the outlook for achieving the Committe"
392b3f3749d2893d6714__original,2015-10-28,household* net worth,Households' net worth,64,85,unclassified,,[],"Real disposable income grew at a solid pace in July and August. Households' net worth was boosted by recent gains in home values and the net increase in equity prices over the intermeeting period. Moreover, consumer sentiment in the Un"
392b3f3749d2893d6714__original,2015-10-28,equity price*,equity prices,153,166,positive,increas*,"[[141, 149]]"," in July and August. Households' net worth was boosted by recent gains in home values and the net increase in equity prices over the intermeeting period. Moreover, consumer sentiment in the University of Michigan Surveys of Consumers improved in early October."
006bc34b8afd8e371f35__original,2015-10-28,equity price index*,equity price indexes,3,23,negative,fell,"[[24, 28]]",S. equity price indexes fell in the first few weeks after the September FOMC meeting but subsequently more than retraced those declines. Spreads of yields on triple-B-rated 
0d394efecd1c9cb3bbb0__original,2015-10-28,equity price*,equity prices,149,162,unclassified,,[],"ayed robust. Continued concerns about the outlook for global economic growth weighed on commodity and foreign equity prices early in the intermeeting period. These declines subsequently were reversed, and foreign equity price indexes ended the period higher, pushed up by e"
0d394efecd1c9cb3bbb0__original,2015-10-28,equity price index*,equity price indexes,252,272,unclassified,,[],"oreign equity prices early in the intermeeting period. These declines subsequently were reversed, and foreign equity price indexes ended the period higher, pushed up by expectations of additional monetary policy accommodation in major foreign economies and some favorable economic"
59123517a8f990b793f7__original,2015-10-28,equity price*,equity prices,97,110,unclassified,,[],"Continued concerns about the outlook for global economic growth weighed on commodity and foreign equity prices early in the intermeeting period. These declines subsequently were reversed, and foreign equity price indexes ended the period higher, pushed up by e"
59123517a8f990b793f7__original,2015-10-28,equity price index*,equity price indexes,200,220,unclassified,,[],"oreign equity prices early in the intermeeting period. These declines subsequently were reversed, and foreign equity price indexes ended the period higher, pushed up by expectations of additional monetary policy accommodation in major foreign economies and some favorable economic"
8e06a5293ad287d495fa__original,2015-10-28,equity price*,equity prices,216,229,unclassified,,[],"lity. They noted that volatility in global financial markets had abated since the previous FOMC meeting, with equity prices in the United States largely retracing the declines experienced late in the summer. The U."
8c38c098febe5a66c9fb__original,2015-12-16,equity price*,equity prices,3,16,negative,declin*,"[[17, 25]]","S. equity prices declined, with a steep selloff in energy-sector stocks, and the one-month-ahead option-implied volatility on the s p 500 index, the VIX, climbed. In "
8c38c098febe5a66c9fb__original,2015-12-16,s p 500 index,s p 500 index,130,143,unclassified,,[],"lined, with a steep selloff in energy-sector stocks, and the one-month-ahead option-implied volatility on the s p 500 index, the VIX, climbed. In addition, strains in the high-yield bond market increased notably after a mutual fund that specialized in very low-rated and un"
bc727e97dd1d5774db43__original,2015-12-16,equity index*,Equity indexes,56,70,negative,declin*,"[[71, 79]]",The broad nominal index of the dollar rose appreciably. Equity indexes declined in many advanced and emerging market economies amid concerns about corporate earnings and falling oil and metals prices. Short-term sovereig
66e4a54d3103bfbc00ad__original,2016-01-27,household* net worth,Households' net worth,68,89,unclassified,,[],"Growth in real disposable income continued to be solid in November. Households' net worth was supported by further strong gains in home values through November, although equity prices declined in recent months. Also, consumer sentiment in "
66e4a54d3103bfbc00ad__original,2016-01-27,equity price*,equity prices,170,183,negative,declin*,"[[184, 192]]","vember. Households' net worth was supported by further strong gains in home values through November, although equity prices declined in recent months. Also, consumer sentiment in the University of Michigan Surveys of Consumers remained at an elevated level in early January"
99ef8161b932ff39b9f5__original,2016-01-27,equity price*,equity prices,318,331,negative,declin*,"[[307, 314]]","lback from risky assets. The increased reluctance to hold risky assets was associated with a sharp decline in equity prices and a notable widening in risk spreads on corporate bonds. Treasury yields declined across maturities, reflecting a downward revision in the expected"
7b0057f3e6bd7e2a232a__original,2016-01-27,equity price index*,equity price indexes,3,23,negative,declin*,"[[24, 32]]","S. equity price indexes declined sharply over the intermeeting period, exhibiting a high correlation with movements in crude oil prices and foreign equity indexes. Domestic "
7b0057f3e6bd7e2a232a__original,2016-01-27,equity index*,equity indexes,148,162,unclassified,,[],"ly over the intermeeting period, exhibiting a high correlation with movements in crude oil prices and foreign equity indexes. Domestic equity indexes were quite volatile in January, and one-month-ahead option-implied volatility on the s p 500 index climbed to the upper end "
7b0057f3e6bd7e2a232a__original,2016-01-27,equity index*,equity indexes,173,187,unclassified,,[],"period, exhibiting a high correlation with movements in crude oil prices and foreign equity indexes. Domestic equity indexes were quite volatile in January, and one-month-ahead option-implied volatility on the s p 500 index climbed to the upper end of its range of the past "
7b0057f3e6bd7e2a232a__original,2016-01-27,s p 500 index,s p 500 index,273,286,unclassified,,[]," Domestic equity indexes were quite volatile in January, and one-month-ahead option-implied volatility on the s p 500 index climbed to the upper end of its range of the past few years."
9d0b535fd208d2d434bb__original,2016-01-27,equity price index*,equity price indexes,0,20,negative,declin*,"[[21, 29]]","equity price indexes declined sharply over the intermeeting period, exhibiting a high correlation with movements in crude oil prices and foreign equity indexes. Domestic "
9d0b535fd208d2d434bb__original,2016-01-27,equity index*,equity indexes,145,159,unclassified,,[],"ly over the intermeeting period, exhibiting a high correlation with movements in crude oil prices and foreign equity indexes. Domestic equity indexes were quite volatile in January, and one-month-ahead option-implied volatility on the s p 500 index climbed to the upper end "
9d0b535fd208d2d434bb__original,2016-01-27,equity index*,equity indexes,170,184,unclassified,,[],"period, exhibiting a high correlation with movements in crude oil prices and foreign equity indexes. Domestic equity indexes were quite volatile in January, and one-month-ahead option-implied volatility on the s p 500 index climbed to the upper end of its range of the past "
9d0b535fd208d2d434bb__original,2016-01-27,s p 500 index,s p 500 index,270,283,unclassified,,[]," Domestic equity indexes were quite volatile in January, and one-month-ahead option-implied volatility on the s p 500 index climbed to the upper end of its range of the past few years. Spreads on corporate bonds over comparable-maturity Treasury securities widened over the"
a22d0a84aa1e55aa624a__original,2016-01-27,equity price*,Equity prices,225,238,unclassified,,[],"kets and the further decrease in crude oil prices appeared to increase concerns about global economic growth. Equity prices in emerging market economies (EMEs) and in advanced foreign economies (AFEs) fell sharply, and 10-year sovereign yields in the AFEs decreased substan"
ae282d020743a4bddd8b__original,2016-01-27,equity price*,equity prices,197,210,unclassified,,[],"ance, than the previous forecast. The staff estimated that the negative effects of a lower projected path for equity prices and a higher assumed trajectory for the foreign exchange value of the dollar would be mostly offset by the positive effects of a lower path for crude"
7c2cb20efdebb24ebb62__original,2016-01-27,equity valu*,equity values,368,381,unclassified,,[]," of 2015 might suggest an elevated degree of caution about the economic outlook or that the recent retreat in equity values, if sustained, might damp spending. Nonetheless, a couple of others pointed out that information from surveys of consumer sentiment suggested that ho"
2ac80ec2f6d2fc7a4546__original,2016-01-27,equity price*,equity prices,246,259,negative,declin*,"[[234, 242]]"," events as indicative of tighter financial conditions in the United States; these events included declines in equity prices, a widening in credit spreads, a further rise in the exchange value of the dollar, and an increase in financial market volatility. Some participants "
a01ac87967164176a99a__original,2016-01-27,equity price*,equity prices,87,100,negative,declin*,"[[76, 83]]","economic developments. A couple of participants pointed out that the recent decline in equity prices could be viewed as bringing equity valuations more in line with historical norms. Additionally, a few participants cautioned that valuations in CRE m"
a01ac87967164176a99a__original,2016-01-27,equity valu*,equity valuations,129,146,unclassified,,[],"ts. A couple of participants pointed out that the recent decline in equity prices could be viewed as bringing equity valuations more in line with historical norms. Additionally, a few participants cautioned that valuations in CRE markets should be closely monitored."
c66c4e183fc955cd577d__original,2016-03-16,household* net worth,Households' net worth,67,88,unclassified,,[],Gains in real disposable income picked up in December and January. Households' net worth was supported both by a rebound in equity prices following declines earlier in the year and by further increases in home values through January. Also
c66c4e183fc955cd577d__original,2016-03-16,equity price*,equity prices,124,137,positive,rebound*,"[[113, 120]]","disposable income picked up in December and January. Households' net worth was supported both by a rebound in equity prices following declines earlier in the year and by further increases in home values through January. Also, consumer sentiment in the University of Michiga"
a473e287b800fc2e9eb7__original,2016-03-16,stock price*,Stock prices,176,188,positive,rose,"[[189, 193]]"," mid-February, and domestic financial conditions generally eased, on balance, since the January FOMC meeting: Stock prices rose, equity price volatility declined, and credit spreads on corporate bonds narrowed. The dollar depreciated against most foreign currencies, and l"
a473e287b800fc2e9eb7__original,2016-03-16,equity price*,equity price,195,207,unclassified,,[],"domestic financial conditions generally eased, on balance, since the January FOMC meeting: Stock prices rose, equity price volatility declined, and credit spreads on corporate bonds narrowed. The dollar depreciated against most foreign currencies, and long-term sovereign "
a07ab10e7cf102450959__original,2016-03-16,equity market index*,equity market indexes,263,284,positive,increas*,"[[285, 294]]","FOMC's target range for the federal funds rate this year, one fewer than they had projected in January. Broad equity market indexes increased, on balance, over the intermeeting period and continued to exhibit a high correlation with crude oil prices. Reflecting the improvement in "
9c8b765e6d6fd7ab383f__original,2016-03-16,equity price*,equity prices,135,148,unclassified,,[],"eriod, foreign financial conditions improved on net. After deteriorating further early in the period, foreign equity prices bounced back and credit spreads on emerging market bonds narrowed, in both cases returning to December levels in most countries. Since the January FO"
c2a37100d20faeecbc28__original,2016-03-16,equity price index*,equity price indexes,210,230,unclassified,,[]," over Treasury securities little changed over the period between mid-December and mid-March. Similarly, broad equity price indexes ended this interval only a bit lower, and one-month-ahead option-implied volatility on the s p 500 index, the VIX, declined on balance. The broad ind"
c2a37100d20faeecbc28__original,2016-03-16,s p 500 index,s p 500 index,322,335,unclassified,,[],"uity price indexes ended this interval only a bit lower, and one-month-ahead option-implied volatility on the s p 500 index, the VIX, declined on balance. The broad index of the foreign exchange value of the dollar was also roughly unchanged, on net, since the December mee"
1095b412af3836dca332__original,2016-03-16,equity price*,equity prices,454,467,unclassified,,[],"crease slightly faster than in the previous forecast, largely reflecting a somewhat higher projected path for equity prices and a lower assumed trajectory for the foreign exchange value of the dollar. The staff continued to project that real GDP would expand at a somewhat "
387f768ef7f4aaebe535__original,2016-03-16,equity price*,equity prices,193,206,negative,fall*,"[[207, 214]]","c outlook appeared to trigger a sharp reduction in their risk-taking. Financial conditions deteriorated, with equity prices falling and credit spreads on riskier corporate bonds widening. Subsequently, investor sentiment rebounded, and domestic and global financial conditi"
e7e578b136e8600b72c1__original,2016-04-27,household* net worth,Households' net worth,67,88,unclassified,,[],"Gains in real disposable income continued to be solid in February. Households' net worth was boosted by the rise in equity prices over the intermeeting period and by further strong increases in home values through February. Also, consumer"
e7e578b136e8600b72c1__original,2016-04-27,equity price*,equity prices,116,129,positive,rise*,"[[108, 112]]","in real disposable income continued to be solid in February. Households' net worth was boosted by the rise in equity prices over the intermeeting period and by further strong increases in home values through February. Also, consumer sentiment as measured by the University "
8e5113e2c56c33ba8d92__original,2016-04-27,equity price index*,equity price indexes,3,23,positive,mov* up,"[[24, 32]]","S. equity price indexes moved up, on net, likely because of investors' views that monetary policy would be more accommodative than previously expected along with an improvem"
8e5113e2c56c33ba8d92__original,2016-04-27,stock price*,Stock prices,196,208,positive,increas*,"[[209, 218]]","tary policy would be more accommodative than previously expected along with an improvement in risk sentiment. Stock prices increased broadly across industries, including the energy sector."
5a18d3458ba5c850b0fe__original,2016-04-27,equity price index*,equity price indexes,0,20,positive,mov* up,"[[21, 29]]","equity price indexes moved up, on net, likely because of investors' views that monetary policy would be more accommodative than previously expected along with an improvem"
5a18d3458ba5c850b0fe__original,2016-04-27,stock price*,Stock prices,193,205,positive,increas*,"[[206, 215]]","tary policy would be more accommodative than previously expected along with an improvement in risk sentiment. Stock prices increased broadly across industries, including the energy sector. One-month-ahead implied volatility on the s p 500 index--the VIX--moved down and en"
5a18d3458ba5c850b0fe__original,2016-04-27,s p 500 index,s p 500 index,314,327,unclassified,,[],"s increased broadly across industries, including the energy sector. One-month-ahead implied volatility on the s p 500 index--the VIX--moved down and ended the period below its historical median."
519a00f4c6aaf0da9589__original,2016-04-27,stock price*,Stock prices,0,12,positive,increas*,"[[13, 22]]","Stock prices increased broadly across industries, including the energy sector. One-month-ahead implied volatility on the s p 500 index--the VIX--moved down and en"
519a00f4c6aaf0da9589__original,2016-04-27,s p 500 index,s p 500 index,121,134,unclassified,,[],"s increased broadly across industries, including the energy sector. One-month-ahead implied volatility on the s p 500 index--the VIX--moved down and ended the period below its historical median. Spreads on 10-year corporate bond yields over yields on comparable-maturity Tr"
b6dada74211adbb33045__original,2016-04-27,s p 500 index,s p 500 index,382,395,unclassified,,[],"rnings deteriorated somewhat over the period. In light of available earnings reports of some companies in the s p 500 index along with equity analysts' forecasts for companies that had not yet issued reports, corporate earnings in the first quarter appeared to have decreas"
77264ee2af20370ed46a__original,2016-04-27,stock price*,stock prices,118,130,positive,rose,"[[131, 135]]","t was also likely boosted by the release of generally favorable foreign economic data. Against this backdrop, stock prices rose in most countries, with the equity indexes of the EMEs outperforming those of the AFEs. Changes in longer-term yields in the AFEs were mixed: Te"
77264ee2af20370ed46a__original,2016-04-27,equity index*,equity indexes,164,178,unclassified,,[],"nerally favorable foreign economic data. Against this backdrop, stock prices rose in most countries, with the equity indexes of the EMEs outperforming those of the AFEs. Changes in longer-term yields in the AFEs were mixed: Ten-year sovereign yields decreased slightly in Ge"
2416133048208258f173__original,2016-04-27,equity price*,equity prices,457,470,unclassified,,[]," slightly faster than in the previous forecast, largely reflecting a somewhat higher projected trajectory for equity prices and lower assumed paths for both longer-term interest rates and the foreign exchange value of the dollar. The staff continued to project that real GD"
2408d9b21a7a598b6eed__original,2016-04-27,equity index*,equity indexes,108,122,positive,rise*,"[[100, 104]]","S. and global financial conditions improved significantly over the intermeeting period, marked by a rise in equity indexes, more positive risk sentiment, and a decline in financial market volatility. During their discussion of these developments, participants cited severa"
59ec0108ab0bd9dd107e__original,2016-04-27,equity price*,Equity prices,486,499,positive,rose,"[[500, 504]]","aggregate demand and suggesting that market participants saw some reduction in downside risks to the outlook: Equity prices rose further, credit spreads declined somewhat, and the dollar depreciated over the intermeeting period. Taking these developments into account, part"
81fc83bf0b4c01f8d8ff__original,2016-06-15,equity price index*,Equity price indexes,90,110,unclassified,,[],"Domestic financial market conditions remained accommodative over the intermeeting period. Equity price indexes and corporate bond spreads were little changed, on net, and, in aggregate, corporations continued to tap credit markets at a solid pace. Credit also "
207a54ed577259bfe212__original,2016-06-15,stock price*,stock price,302,313,unclassified,,[],"S-based measures might have been driven by elevated demand for longer-term nominal Treasury securities. Broad stock price indexes moved within narrow ranges but were modestly lower, on net, over the intermeeting period. However, one-month-ahead option-implied volatility "
207a54ed577259bfe212__original,2016-06-15,s p 500 index,s p 500 index,470,483,unclassified,,[],"destly lower, on net, over the intermeeting period. However, one-month-ahead option-implied volatility on the s p 500 index--the VIX--rose notably from fairly low levels and ended the period close to its historical median level."
f35957d866799398b030__original,2016-06-15,stock price*,stock price,6,17,unclassified,,[],"Broad stock price indexes moved within narrow ranges but were modestly lower, on net, over the intermeeting period. However, one-month-ahead option-implied volatility "
f35957d866799398b030__original,2016-06-15,s p 500 index,s p 500 index,174,187,unclassified,,[],"destly lower, on net, over the intermeeting period. However, one-month-ahead option-implied volatility on the s p 500 index--the VIX--rose notably from fairly low levels and ended the period close to its historical median level. Spreads of 10-year triple-B-rated corporate "
ae72fc83de5d0d1db932__original,2016-06-15,equity index*,equity indexes,149,163,negative,decreas*,"[[136, 145]]"," following polls showing an increase in support for the ""leave"" vote in the upcoming referendum. Decreases in equity indexes in the AFEs, particularly in Europe, also reportedly reflected concerns about the possibility of a successful ""leave"" vote. Most EME equity markets a"
ae72fc83de5d0d1db932__original,2016-06-15,equity market*,equity markets,297,311,unclassified,,[],"ly in Europe, also reportedly reflected concerns about the possibility of a successful ""leave"" vote. Most EME equity markets also edged lower."
58ca49bed92e2b280f15__original,2016-06-15,equity index*,equity indexes,13,27,negative,decreas*,"[[0, 9]]","Decreases in equity indexes in the AFEs, particularly in Europe, also reportedly reflected concerns about the possibility of a successful ""leave"" vote. Most EME equity markets a"
58ca49bed92e2b280f15__original,2016-06-15,equity market*,equity markets,161,175,unclassified,,[],"ly in Europe, also reportedly reflected concerns about the possibility of a successful ""leave"" vote. Most EME equity markets also edged lower. Staff Economic Outlook"
0b559f53d7e5835e233f__original,2016-07-27,equity price*,equity prices,3,16,negative,declin*,"[[17, 25]]","S. equity prices declined, and the foreign exchange value of the dollar increased. However, these changes generally reversed in subsequent weeks."
71434bbabd418166165d__original,2016-07-27,equity price*,equity prices,145,158,positive,high*,"[[164, 170]]","versed in subsequent weeks. On balance, Treasury yields were down only slightly over the intermeeting period, equity prices were higher, and the foreign exchange value of the dollar was little changed. Al­though the expected path of the federal funds rate implied by market"
5d6e80d9592683908f6d__original,2016-07-27,equity price index*,Equity price indexes,83,103,positive,increas*,"[[104, 113]]","Domestic financial conditions remained accommodative over the intermeeting period. Equity price indexes increased, on net, despite an initial sharp decline following the Brexit vote, and corporate bond spreads declined on balance. Conditions in business"
feb11796108c8cbb3c4d__original,2016-07-27,asset price*,asset prices,51,63,unclassified,,[],"In the days immediately following the Brexit vote, asset prices were volatile, and some financial markets, particularly certain foreign exchange markets, experienced brief periods of strained liquidity. Global sto"
feb11796108c8cbb3c4d__original,2016-07-27,stock index*,stock indexes,210,223,negative,fell,"[[224, 228]]","rkets, particularly certain foreign exchange markets, experienced brief periods of strained liquidity. Global stock indexes fell notably, credit spreads widened, and safe-haven assets appreciated substantially. However, broad-based market dislocations did not develop, appa"
48ce18a95b2cac028f61__original,2016-07-27,stock price*,stock price,115,126,unclassified,,[],"ds of yields on agency mortgage-backed securities over yields on Treasury securities narrowed slightly. Broad stock price indexes increased, on net, over the intermeeting period. One-month-ahead option-implied volatility on the s p 500 index--the VIX--fell, returning to "
48ce18a95b2cac028f61__original,2016-07-27,s p 500 index,s p 500 index,233,246,unclassified,,[],"ice indexes increased, on net, over the intermeeting period. One-month-ahead option-implied volatility on the s p 500 index--the VIX--fell, returning to the lower end of its distribution of the past few years."
95b5f3ada70245589b06__original,2016-07-27,stock price*,stock price,6,17,unclassified,,[],"Broad stock price indexes increased, on net, over the intermeeting period. One-month-ahead option-implied volatility on the s p 500 index--the VIX--fell, returning to "
95b5f3ada70245589b06__original,2016-07-27,s p 500 index,s p 500 index,124,137,unclassified,,[],"ice indexes increased, on net, over the intermeeting period. One-month-ahead option-implied volatility on the s p 500 index--the VIX--fell, returning to the lower end of its distribution of the past few years. U."
1c7dcd36f6801a81dbe8__original,2016-07-27,stock price*,stock prices,8,20,negative,drop*,"[[21, 28]]","S. bank stock prices dropped sharply after the Brexit vote but then retraced that decrease, buoyed by better-than-expected earnings reports from some of the largest domes"
1c7dcd36f6801a81dbe8__original,2016-07-27,stock price*,stock prices,207,219,unclassified,,[],d by better-than-expected earnings reports from some of the largest domestic banks. Declines in European bank stock prices following the Brexit vote also reversed later in the intermeeting period.
69108329da6b893a41d0__original,2016-07-27,stock price*,stock prices,5,17,negative,drop*,"[[18, 25]]","bank stock prices dropped sharply after the Brexit vote but then retraced that decrease, buoyed by better-than-expected earnings reports from some of the largest domes"
69108329da6b893a41d0__original,2016-07-27,stock price*,stock prices,204,216,unclassified,,[],d by better-than-expected earnings reports from some of the largest domestic banks. Declines in European bank stock prices following the Brexit vote also reversed later in the intermeeting period. Spreads of yields on investment-grade corporate bonds over those on compara
de4ceeb139d56a0ef524__original,2016-07-27,equity index*,equity indexes,119,133,unclassified,,[]," yields remained low on expectations of slower growth there and further monetary policy accommodation. Global equity indexes ended higher, on net, over the intermeeting period. However, European bank equities, especially those of Italian banks, underperformed, reflecting in"
de4ceeb139d56a0ef524__original,2016-07-27,equities,equities,209,217,unclassified,,[],"commodation. Global equity indexes ended higher, on net, over the intermeeting period. However, European bank equities, especially those of Italian banks, underperformed, reflecting investor fears that lower interest rates will continue to weigh on profitability."
1be68b8cee389f30fe75__original,2016-07-27,equity index*,equity indexes,7,21,unclassified,,[],"Global equity indexes ended higher, on net, over the intermeeting period. However, European bank equities, especially those of Italian banks, underperformed, reflecting in"
1be68b8cee389f30fe75__original,2016-07-27,equities,equities,97,105,unclassified,,[],"Global equity indexes ended higher, on net, over the intermeeting period. However, European bank equities, especially those of Italian banks, underperformed, reflecting investor fears that lower interest rates will continue to weigh on profitability. Emer"
1be68b8cee389f30fe75__original,2016-07-27,asset price*,asset prices,267,279,unclassified,,[]," reflecting investor fears that lower interest rates will continue to weigh on profitability. Emerging market asset prices were generally resilient over the intermeeting period; the dollar was weaker against most emerging market currencies, and flows into emerging market "
31251408198f21dafa1f__original,2016-07-27,equity valu*,equity values,351,364,unclassified,,[],"rs that had likely been supporting household spending, including solid real income growth, gains in house and equity values, low gasoline prices, and favorable levels of consumer confidence. Residential investment posted a strong increase in the first quarter of the year, "
e17138178a7ca4dc039f__original,2016-07-27,equity index*,equity indexes,68,82,positive,rose,"[[83, 87]]","S. financial conditions eased during the intermeeting period: Major equity indexes rose, longer-term interest rates fell, credit spreads narrowed, and the broad index of the foreign exchange value of the dollar was little changed. I"
a8528652c4e1d1bf05e2__original,2016-07-27,equity price*,equity prices,135,148,negative,declin*,"[[117, 125]]"," European banks, particularly Italian banks, were under pressure--as evidenced by the sharp declines in their equity prices--from a weaker economic outlook for that region, thin interest margins, and concerns about the quality of their loan portfolios. In U."
cbee9f4adf119bc56960__original,2016-07-27,level* of equity valu*,level of equity values,356,378,positive,elevat*,"[[347, 355]]","ipants commented on a few developments, including potential overvaluation in the market for CRE, the elevated level of equity values relative to expected earnings, and the incentives for investors to reach for yield in an environment of continued low interest rates. Regarding CRE, "
4da4029d21660aa9eb5f__original,2016-09-21,stock price*,stock price,171,182,unclassified,,[],"Inflation-Protected Securities rose slightly but remained near the lower end of their historical range. Broad stock price indexes moved down, on net, since the July FOMC meeting. Realized and implied volatilities in various asset markets were relatively low during most o"
4da4029d21660aa9eb5f__original,2016-09-21,asset market*,asset markets,285,298,unclassified,,[],"k price indexes moved down, on net, since the July FOMC meeting. Realized and implied volatilities in various asset markets were relatively low during most of the intermeeting period but increased somewhat in the last few days before the meeting as market participants reac"
5e6c6e770467d91e5399__original,2016-09-21,equity price*,equity prices,237,250,positive,increas*,"[[251, 260]]"," narrowed further. European financial markets remained resilient following the Brexit vote, and European bank equity prices increased on net. Announcements by foreign central banks garnered investor attention and contributed to somewhat higher asset price volatility later "
5e6c6e770467d91e5399__original,2016-09-21,asset price*,asset price,371,382,positive,high*,"[[364, 370]]",on net. Announcements by foreign central banks garnered investor attention and contributed to somewhat higher asset price volatility later in the period.
c66c021c4e0fd742c59b__original,2016-11-02,stock price*,stock price,310,321,unclassified,,[],"cerns about the risk of very low inflation outcomes, as implied by quotes on inflation caps and floors. Broad stock price indexes were little changed, on net, since the September FOMC meeting. Realized and implied volatility in equity markets remained relatively low."
c66c021c4e0fd742c59b__original,2016-11-02,equity market*,equity markets,428,442,unclassified,,[],"ice indexes were little changed, on net, since the September FOMC meeting. Realized and implied volatility in equity markets remained relatively low."
3d80060a1cf8e697b60a__original,2016-11-02,stock price*,stock price,6,17,unclassified,,[],"Broad stock price indexes were little changed, on net, since the September FOMC meeting. Realized and implied volatility in equity markets remained relatively low. Spr"
3d80060a1cf8e697b60a__original,2016-11-02,equity market*,equity markets,124,138,unclassified,,[],"ice indexes were little changed, on net, since the September FOMC meeting. Realized and implied volatility in equity markets remained relatively low. Spreads of yields on nonfinancial investment-grade and speculative-grade corporate bonds over those of comparable-maturity T"
3889c14a5f54a186801b__original,2016-11-02,equity index*,equity indexes,241,255,unclassified,,[],"hird quarter, reflecting improvements across a wide range of industries, including the energy sector. Foreign equity indexes broadly increased over the intermeeting period. Nonetheless, foreign financial markets were sensitive to news about upcoming negotiations between the"
490b510efc1dbaecb573__original,2016-12-14,equity index*,equity indexes,3,17,positive,increas*,"[[18, 27]]","S. equity indexes increased considerably, and credit spreads on U. S."
41582d1e083ae7f5450b__original,2016-12-14,equity price index*,equity price indexes,186,206,positive,increas*,"[[207, 216]]","nflation compensation based on Treasury Inflation-Protected Securities continued to move up. Meanwhile, broad equity price indexes increased, and credit spreads on corporate bonds narrowed. Most private borrowing rates increased somewhat, but financing conditions for nonfinancial"
5351d49e8cf611e00ee4__original,2016-12-14,equity price index*,equity price indexes,3,23,positive,rose,"[[24, 28]]","S. equity price indexes rose over the intermeeting period, apparently boosted by investors' expectations of stronger earnings growth and improved risk sentiment, with much o"
ca2016b7bf22ed0b9beb__original,2016-12-14,stock price*,stock prices,88,100,unclassified,,[],"elections. Share prices for the financial sector outperformed the broader market, while stock prices in sectors that typically benefit from lower interest rates, such as utilities, underperformed. Implied volatility in equity markets decreased, and y"
ca2016b7bf22ed0b9beb__original,2016-12-14,equity market*,equity markets,219,233,negative,decreas*,"[[234, 243]]","rs that typically benefit from lower interest rates, such as utilities, underperformed. Implied volatility in equity markets decreased, and yield spreads of nonfinancial corporate bonds over those of comparable-maturity Treasury securities narrowed for both investment- and "
781778154979e2784cb6__original,2016-12-14,stock price*,stock prices,77,89,unclassified,,[],"Share prices for the financial sector outperformed the broader market, while stock prices in sectors that typically benefit from lower interest rates, such as utilities, underperformed. Implied volatility in equity markets decreased, and y"
781778154979e2784cb6__original,2016-12-14,equity market*,equity markets,208,222,negative,decreas*,"[[223, 232]]","rs that typically benefit from lower interest rates, such as utilities, underperformed. Implied volatility in equity markets decreased, and yield spreads of nonfinancial corporate bonds over those of comparable-maturity Treasury securities narrowed for both investment- and "
781778154979e2784cb6__original,2016-12-14,s p 500 index,s p 500 index,456,469,positive,increas*,"[[470, 479]]"," for both investment- and speculative-grade firms. Available reports suggested that earnings for firms in the s p 500 index increased in the third quarter on a seasonally adjusted basis, and the improvement in earnings was broad based across sectors."
503fbc5ed98eb5249cb4__original,2016-12-14,equity market*,equity markets,22,36,negative,decreas*,"[[37, 46]]","Implied volatility in equity markets decreased, and yield spreads of nonfinancial corporate bonds over those of comparable-maturity Treasury securities narrowed for both investment- and "
503fbc5ed98eb5249cb4__original,2016-12-14,s p 500 index,s p 500 index,270,283,positive,increas*,"[[284, 293]]"," for both investment- and speculative-grade firms. Available reports suggested that earnings for firms in the s p 500 index increased in the third quarter on a seasonally adjusted basis, and the improvement in earnings was broad based across sectors. Money market flows con"
45ba7daad04da3f366a7__original,2016-12-14,equity price*,equity prices,29,42,unclassified,,[],"S. markets lifted yields and equity prices in most AFEs, but higher yields in the United States seemed to weigh on investor sentiment toward EMEs, where prices of risky assets declined. On a t"
45ba7daad04da3f366a7__original,2016-12-14,price* of risk* asset*,prices of risky assets,153,175,negative,declin*,"[[176, 184]]","in most AFEs, but higher yields in the United States seemed to weigh on investor sentiment toward EMEs, where prices of risky assets declined. On a trade-weighted basis, the dollar appreciated notably against both AFE and EME currencies."
033fa1c30ab48670228a__original,2016-12-14,household wealth,household wealth,159,175,unclassified,,[],"nd income, and household balance sheets had improved. The personal saving rate was still relatively high, and household wealth had been boosted by ongoing gains in housing and equity prices. In the housing market, recent data on starts and permits for new residential construc"
033fa1c30ab48670228a__original,2016-12-14,housing and equity price*,housing and equity prices,213,238,positive,gain*,"[[204, 209]]","The personal saving rate was still relatively high, and household wealth had been boosted by ongoing gains in housing and equity prices. In the housing market, recent data on starts and permits for new residential construction suggested a firming in residential investment after two qu"
e796ee2116f33b14c832__original,2016-12-14,equity price*,equity prices,410,423,positive,rise*,"[[402, 406]]","ng period--including the increase in longer-term interest rates, the strengthening of the dollar, the rise in equity prices, and the narrowing of credit spreads--to expectations for more expansionary fiscal policies in coming years or to possible reductions in corporate ta"
39f48aa6367335261d01__original,2017-02-01,equity price index*,equity price indexes,109,129,unclassified,,[],"Domestic financial conditions were mostly little changed, on balance, since the December FOMC meeting. Broad equity price indexes fluctuated in a relatively narrow range and ended the intermeeting period about unchanged. Nominal Treasury yields moved up across most maturities in"
3a53a9ff910dde8f92a2__original,2017-02-01,equity price index*,equity price indexes,3,23,unclassified,,[],"S. equity price indexes fluctuated in a relatively narrow range and were little changed, on net, over the intermeeting period. However, equity prices remained notably higher"
3a53a9ff910dde8f92a2__original,2017-02-01,equity price*,equity prices,136,149,unclassified,,[],"uctuated in a relatively narrow range and were little changed, on net, over the intermeeting period. However, equity prices remained notably higher than just before the November elections, apparently reflecting investors' expectations that fiscal and other policy changes w"
302c70a99121b65bd2fd__original,2017-02-01,equity price index*,equity price indexes,0,20,unclassified,,[],"equity price indexes fluctuated in a relatively narrow range and were little changed, on net, over the intermeeting period. However, equity prices remained notably higher"
302c70a99121b65bd2fd__original,2017-02-01,equity price*,equity prices,133,146,unclassified,,[],"uctuated in a relatively narrow range and were little changed, on net, over the intermeeting period. However, equity prices remained notably higher than just before the November elections, apparently reflecting investors' expectations that fiscal and other policy changes w"
302c70a99121b65bd2fd__original,2017-02-01,s p 500 index,s p 500 index,393,406,negative,edge* down,"[[407, 417]]",icy changes would boost corporate profits and economic activity in the medium term. Implied volatility on the s p 500 index edged down since the December meeting and remained relatively low.
edf5eb84efd09ce4f8fb__original,2017-02-01,equity price*,equity prices,9,22,unclassified,,[],"However, equity prices remained notably higher than just before the November elections, apparently reflecting investors' expectations that fiscal and other policy changes w"
edf5eb84efd09ce4f8fb__original,2017-02-01,s p 500 index,s p 500 index,269,282,negative,edge* down,"[[283, 293]]",icy changes would boost corporate profits and economic activity in the medium term. Implied volatility on the s p 500 index edged down since the December meeting and remained relatively low. Corporate bond spreads for both investment- and speculative-grade firms continued 
1eb57e13977cc0610fdb__original,2017-02-01,equity price*,equity prices,242,255,unclassified,,[],"er measures to support struggling banks. Reflecting the improved sentiment and positive economic news, global equity prices and longer-term sovereign yields in most AFEs increased moderately over the period. Yield spreads on EME sovereign bonds narrowed somewhat, and flows"
9ac9b0bfc0422a36a0ba__original,2017-02-01,equity price*,Equity prices,471,484,positive,rise*,"[[489, 494]]","tighter resource utilization. Financial conditions appeared to have changed little, on net, in recent months: Equity prices had risen and credit spreads had narrowed, but longer-term interest rates had increased and the dollar had appreciated further. In their discussion, "
3f3f04f93d0f35d10a71__original,2017-02-01,equity price*,equity prices,258,271,positive,increas*,"[[246, 254]]"," maturity and liquidity transformation had declined. A few participants commented that the recent increase in equity prices might in part reflect investors' anticipation of a boost to earnings from a cut in corporate taxes or more expansionary fiscal policy, which might no"
3f3f04f93d0f35d10a71__original,2017-02-01,equity market*,equity markets,508,522,unclassified,,[]," policy, which might not materialize. They also expressed concern that the low level of implied volatility in equity markets appeared inconsistent with the considerable uncertainty attending the outlook for such policy initiatives."
980c998a97af45c44e63__original,2017-02-01,equity price*,equity prices,57,70,positive,increas*,"[[45, 53]]","A few participants commented that the recent increase in equity prices might in part reflect investors' anticipation of a boost to earnings from a cut in corporate taxes or more expansionary fiscal policy, which might no"
980c998a97af45c44e63__original,2017-02-01,equity market*,equity markets,307,321,unclassified,,[]," policy, which might not materialize. They also expressed concern that the low level of implied volatility in equity markets appeared inconsistent with the considerable uncertainty attending the outlook for such policy initiatives. Recent reforms had diminished the risk of "
4fb521225f673028f189__original,2017-03-15,equity price*,equity prices,114,127,unclassified,,[],"global financial markets during the period since the Committee met on January 31 and February 1, 2017. Global equity prices generally increased further, credit spreads on corporate debt and emerging market bonds narrowed, and yields on Treasury securities rose somewhat. In"
b45f45c260ff95c4ab12__original,2017-03-15,equity price index*,equity price indexes,152,172,positive,rose,"[[173, 177]]","t range for the federal funds rate unchanged at the January-February FOMC meeting was well anticipated. Broad equity price indexes rose further, leaving some standard measures of valuations above historical norms. Treasury yields rose late in the intermeeting period, following mo"
dad07b648dced6fa6867__original,2017-03-15,equity price index*,equity price indexes,3,23,positive,increas*,"[[24, 33]]","S. equity price indexes increased over the intermeeting period, and some measures of valuations, such as price-to-earnings ratios, rose further above historical norms. A sta"
b61b8c67d7a4591c2c6a__original,2017-03-15,stock price*,Stock prices,155,167,positive,rose,"[[168, 172]]"," edged lower, declining into the lower quartile of its historical distribution of the previous three decades. Stock prices rose across most industries, and equity prices for financial firms outperformed broader indexes. Meanwhile, spreads of yields on bonds issued by nonf"
b61b8c67d7a4591c2c6a__original,2017-03-15,equity price*,equity prices,201,214,unclassified,,[],"e of its historical distribution of the previous three decades. Stock prices rose across most industries, and equity prices for financial firms outperformed broader indexes. Meanwhile, spreads of yields on bonds issued by nonfinancial corporations over those on comparable-"
32051f93d19ed100d3f4__original,2017-03-15,equity price*,equity prices,285,298,positive,increas*,"[[299, 308]]","eting, better-than-expected economic data and earnings releases abroad also supported risk sentiment: Foreign equity prices increased, flows to emerging market mutual funds picked up, and emerging market bond spreads narrowed. Consistent with improved sentiment toward the "
959facb870a46a0af90b__original,2017-03-15,equity price*,equity prices,376,389,unclassified,,[],"ffect of this timing change on projected real GDP growth through 2019 was offset by a higher assumed path for equity prices and by a lower assumed path for the exchange value of the dollar. All told, the staff's forecast for the level of real GDP at the end of 2019 was ess"
ec928739acfadb80dbd9__original,2017-03-15,equity price*,equity prices,318,331,positive,rise*,"[[310, 314]]","ed to support the expansion of economic activity. Many participants discussed the implications of the rise in equity prices over the past few months, with several of them citing it as contributing to an easing of financial conditions. A few participants attributed the rece"
ec928739acfadb80dbd9__original,2017-03-15,equity price*,equity price,484,496,unclassified,,[],them citing it as contributing to an easing of financial conditions. A few participants attributed the recent equity price appreciation to expectations for corporate tax cuts or to increased risk tolerance among investors rather than to expectations of stronger economic g
2a95e641203e2c733ba1__original,2017-03-15,equity price*,equity prices,60,73,positive,rise*,"[[52, 56]]","Many participants discussed the implications of the rise in equity prices over the past few months, with several of them citing it as contributing to an easing of financial conditions. A few participants attributed the rece"
2a95e641203e2c733ba1__original,2017-03-15,equity price*,equity price,226,238,unclassified,,[],them citing it as contributing to an easing of financial conditions. A few participants attributed the recent equity price appreciation to expectations for corporate tax cuts or to increased risk tolerance among investors rather than to expectations of stronger economic g
2a95e641203e2c733ba1__original,2017-03-15,equity price*,equity prices,420,433,unclassified,,[],k tolerance among investors rather than to expectations of stronger economic growth. Some participants viewed equity prices as quite high relative to standard valuation measures.
16efa472e1a4e509e9f7__original,2017-03-15,equity price*,equity price,41,53,unclassified,,[],A few participants attributed the recent equity price appreciation to expectations for corporate tax cuts or to increased risk tolerance among investors rather than to expectations of stronger economic g
16efa472e1a4e509e9f7__original,2017-03-15,equity price*,equity prices,235,248,unclassified,,[],"k tolerance among investors rather than to expectations of stronger economic growth. Some participants viewed equity prices as quite high relative to standard valuation measures. It was observed that prices of other risk assets, such as emerging market stocks, high-yield c"
4ab63901790ac02917c2__original,2017-05-03,equity market*,equity markets,152,166,negative,declin*,"[[167, 175]]","ad, spreads on some European sovereign debt securities narrowed noticeably. Measures of implied volatility in equity markets declined, on net, to levels that were historically very low. Market pricing and survey evidence indicated that investors anticipated no change in the"
9e0cc2bcbee78532db1f__original,2017-05-03,equity price index*,equity price indexes,3,23,positive,increas*,"[[24, 33]]","S. equity price indexes increased slightly, on net, since the March FOMC meeting. One-month-ahead option-implied volatility on the s p 500 index--the VIX--rose appreciably i"
9e0cc2bcbee78532db1f__original,2017-05-03,s p 500 index,s p 500 index,131,144,unclassified,,[],"es increased slightly, on net, since the March FOMC meeting. One-month-ahead option-implied volatility on the s p 500 index--the VIX--rose appreciably in mid-April, reflecting in part increased investor concerns about geopolitical factors and foreign political developments"
4833071b4080afff32ad__original,2017-05-03,equity price index*,equity price indexes,0,20,positive,increas*,"[[21, 30]]","equity price indexes increased slightly, on net, since the March FOMC meeting. One-month-ahead option-implied volatility on the s p 500 index--the VIX--rose appreciably i"
4833071b4080afff32ad__original,2017-05-03,s p 500 index,s p 500 index,128,141,unclassified,,[],"es increased slightly, on net, since the March FOMC meeting. One-month-ahead option-implied volatility on the s p 500 index--the VIX--rose appreciably in mid-April, reflecting in part increased investor concerns about geopolitical factors and foreign political developments"
8e0f944570778909cc7d__original,2017-05-03,equity index*,Equity indexes,101,115,unclassified,,[],"yields, contributing to a modest depreciation of the dollar against both the AFE and EME currencies. Equity indexes in most advanced and emerging economies rose. Flows to emerging market mutual funds remained strong, and spreads on emerging market debt were little "
a2cdfaa8b76cd7718082__original,2017-06-14,equity price*,equity prices,268,281,unclassified,,[],"ting. Yields on Treasury securities and the foreign exchange value of the dollar had declined modestly, while equity prices had continued to rise, contributing to a further easing of financial conditions according to some measures. Moreover, realized and implied volatility"
0be0c6c94af478bbaad8__original,2017-06-14,equity price*,equity prices,3,16,positive,increas*,"[[17, 26]]","S. equity prices increased over the period, longer-term Treasury yields declined, and the dollar depreciated. A decline in the perceived likelihood of a significant f"
52078403328916a939ea__original,2017-06-14,equity price index*,equity price indexes,3,23,positive,increas*,"[[24, 33]]","S. equity price indexes increased. One-month-ahead option-implied volatility on the s p 500 index--the VIX--was little changed, on net, and remained near the lower end of it"
52078403328916a939ea__original,2017-06-14,s p 500 index,s p 500 index,84,97,unclassified,,[],"S. equity price indexes increased. One-month-ahead option-implied volatility on the s p 500 index--the VIX--was little changed, on net, and remained near the lower end of its historical range."
5ed829b410a50d77a5e4__original,2017-06-14,equity price index*,equity price indexes,0,20,positive,increas*,"[[21, 30]]","equity price indexes increased. One-month-ahead option-implied volatility on the s p 500 index--the VIX--was little changed, on net, and remained near the lower end of it"
5ed829b410a50d77a5e4__original,2017-06-14,s p 500 index,s p 500 index,81,94,unclassified,,[],"equity price indexes increased. One-month-ahead option-implied volatility on the s p 500 index--the VIX--was little changed, on net, and remained near the lower end of its historical range. Conditions in short-term funding markets were stable o"
1829a95b650abafbf622__original,2017-06-14,equity index*,equity indexes,197,211,unclassified,,[],"y incoming economic data and by political developments both abroad and in the United States. Most AFE and EME equity indexes edged higher, supported by robust first-quarter earnings reports and generally positive data releases overseas. The broad U."
e215d98e99a5800cef82__original,2017-06-14,equity price*,equity prices,221,234,positive,rose,"[[235, 239]]","ussion of recent developments in financial markets, participants observed that, over the intermeeting period, equity prices rose, longer-term interest rates declined, and volatility in financial markets was generally low. They also noted that, according to some measures, f"
603b8c9077b74d43b55d__original,2017-06-14,equity price*,equity prices,182,195,positive,high*,"[[201, 205]]"," tightened. Corporate earnings growth had been robust; nevertheless, in the assessment of a few participants, equity prices were high when judged against standard valuation measures. Longer-term Treasury yields had declined since earlier in the year and remained low."
e5b38dd7f0455e7f3e17__original,2017-07-26,equity price*,Equity prices,57,70,positive,rose,"[[71, 75]]","Implied volatility in fixed-income markets remained low. Equity prices rose further, with notable advances in indexes for emerging markets. The increase in the FOMC's target range for the federal funds rate at the June m"
7a892920df7b90fcf430__original,2017-07-26,equity price*,equity prices,3,16,positive,rose,"[[17, 21]]","S. equity prices rose, longer-term Treasury yields increased slightly, and the dollar depreciated. The Committee's decision to raise the target range for the federal "
cecf0280646f4c76cbb5__original,2017-07-26,equity price index*,equity price indexes,3,23,positive,rose,"[[24, 28]]",S. equity price indexes rose. One-month-ahead option-implied volatility of the s p 500 index--the VIX--remained at historically low levels.
cecf0280646f4c76cbb5__original,2017-07-26,s p 500 index,s p 500 index,79,92,unclassified,,[],S. equity price indexes rose. One-month-ahead option-implied volatility of the s p 500 index--the VIX--remained at historically low levels.
365d076028ea9ef4bbaa__original,2017-07-26,equity price index*,equity price indexes,0,20,positive,rose,"[[21, 25]]",equity price indexes rose. One-month-ahead option-implied volatility of the s p 500 index--the VIX--remained at historically low levels. Spreads of yields on investment- 
365d076028ea9ef4bbaa__original,2017-07-26,s p 500 index,s p 500 index,76,89,unclassified,,[],equity price indexes rose. One-month-ahead option-implied volatility of the s p 500 index--the VIX--remained at historically low levels. Spreads of yields on investment- and speculative-grade nonfinancial corporate bonds over comparable-ma
f4d5a7078a2d7a120283__original,2017-07-26,equity index*,equity indexes,98,112,unclassified,,[],"Sovereign yields increased notably in Canada, Germany, and the United Kingdom. Changes in foreign equity indexes were mixed over the intermeeting period: European equities edged lower, Japanese equities were little changed, and EME equities increased. European p"
f4d5a7078a2d7a120283__original,2017-07-26,equities,equities,163,171,unclassified,,[],", and the United Kingdom. Changes in foreign equity indexes were mixed over the intermeeting period: European equities edged lower, Japanese equities were little changed, and EME equities increased. European peripheral sovereign bond spreads narrowed over the period, "
f4d5a7078a2d7a120283__original,2017-07-26,equities,equities,194,202,unclassified,,[],"es in foreign equity indexes were mixed over the intermeeting period: European equities edged lower, Japanese equities were little changed, and EME equities increased. European peripheral sovereign bond spreads narrowed over the period, reflecting in part positive sen"
f4d5a7078a2d7a120283__original,2017-07-26,equities,equities,232,240,positive,increas*,"[[241, 250]]","d over the intermeeting period: European equities edged lower, Japanese equities were little changed, and EME equities increased. European peripheral sovereign bond spreads narrowed over the period, reflecting in part positive sentiment related to the outcomes of the "
add3f30431ffbfc92d9e__original,2017-07-26,equity price*,equity prices,352,365,positive,increas*,"[[339, 348]]","ke on excessive risk in a search for higher returns. Several participants noted that the further increases in equity prices, together with continued low longer-term interest rates, had led to an easing of financial conditions. However, different assessments were expressed "
1ece83517e183861a334__original,2017-07-26,equity price*,equity prices,340,353,positive,rise*,"[[331, 336]]",", and that a tighter monetary policy than otherwise was warranted. According to another view, recent rises in equity prices might be part of a broad-based adjustment of asset prices to changes in longer-term financial conditions, importantly including a lower neutral real "
1ece83517e183861a334__original,2017-07-26,asset price*,asset prices,399,411,unclassified,,[],"ranted. According to another view, recent rises in equity prices might be part of a broad-based adjustment of asset prices to changes in longer-term financial conditions, importantly including a lower neutral real interest rate, and, therefore, the recent equity price inc"
1ece83517e183861a334__original,2017-07-26,equity price*,equity price,545,557,positive,increas*,"[[558, 567]]","rm financial conditions, importantly including a lower neutral real interest rate, and, therefore, the recent equity price increases might not provide much additional impetus to aggregate spending on goods and services. Participants also considered equity valuations in th"
1ece83517e183861a334__original,2017-07-26,equity valu*,equity valuations,684,701,unclassified,,[],not provide much additional impetus to aggregate spending on goods and services. Participants also considered equity valuations in their discussion of financial stability.
9115871acdba53cd5faa__original,2017-07-26,equity valu*,equity valuations,29,46,unclassified,,[],Participants also considered equity valuations in their discussion of financial stability. A couple of participants noted that favorable macroeconomic factors provided backing for current equity v
9115871acdba53cd5faa__original,2017-07-26,equity valu*,equity valuations,188,205,unclassified,,[],"l stability. A couple of participants noted that favorable macroeconomic factors provided backing for current equity valuations; in addition, as recent equity price increases did not seem to stem importantly from greater use of leverage by investors, these increases might not "
9115871acdba53cd5faa__original,2017-07-26,equity price*,equity price,230,242,positive,increas*,"[[243, 252]]","d that favorable macroeconomic factors provided backing for current equity valuations; in addition, as recent equity price increases did not seem to stem importantly from greater use of leverage by investors, these increases might not pose appreciable risks to financial s"
61e7db9007930bdc5531__original,2017-09-20,equity price index*,equity price indexes,293,313,positive,increas*,"[[318, 327]]","erm Treasury securities had fallen modestly, the foreign exchange value of the dollar had declined, and broad equity price indexes had increased. Survey responses suggested that the vast majority of market participants expected the FOMC to announce a change in SOMA reinvestment p"
e990e876d1960d2a0f86__original,2017-09-20,equity price*,equity prices,3,16,positive,increas*,"[[17, 26]]","S. equity prices increased, longer-term Treasury yields declined, and the dollar depreciated. Investors' interpretations of FOMC communications, market perceptions of"
6d3849a1c0b5ff6622af__original,2017-09-20,equity price index*,equity price indexes,3,23,positive,increas*,"[[24, 33]]",S. equity price indexes increased over the intermeeting period. One-month-ahead option-implied volatility of the s p 500 index--the VIX--remained at historically low levels 
6d3849a1c0b5ff6622af__original,2017-09-20,s p 500 index,s p 500 index,113,126,unclassified,,[],equity price indexes increased over the intermeeting period. One-month-ahead option-implied volatility of the s p 500 index--the VIX--remained at historically low levels despite brief spikes associated with increased investor concerns about geopolitical tensions and politi
00a6ce31b1f311dc0729__original,2017-09-20,equity price index*,equity price indexes,0,20,positive,increas*,"[[21, 30]]",equity price indexes increased over the intermeeting period. One-month-ahead option-implied volatility of the s p 500 index--the VIX--remained at historically low levels 
00a6ce31b1f311dc0729__original,2017-09-20,s p 500 index,s p 500 index,110,123,unclassified,,[],equity price indexes increased over the intermeeting period. One-month-ahead option-implied volatility of the s p 500 index--the VIX--remained at historically low levels despite brief spikes associated with increased investor concerns about geopolitical tensions and politi
6b21e605f39e8e98df00__original,2017-09-20,equity price*,equity prices,358,371,unclassified,,[],"hough the ECB kept its policy stance unchanged. Despite generally better-than-expected earnings releases, AFE equity prices were mixed over the period, with bank stocks underperforming broader indexes. Outside South Korea, most emerging market asset prices were little affe"
6b21e605f39e8e98df00__original,2017-09-20,asset price*,asset prices,492,504,unclassified,,[]," over the period, with bank stocks underperforming broader indexes. Outside South Korea, most emerging market asset prices were little affected by the recent escalation of geopolitical concerns."
d426d6e1594457369ddc__original,2017-09-20,equity price*,equity prices,363,376,positive,increas*,"[[377, 386]]","r-term interest rates and the foreign exchange value of the dollar declined over the intermeeting period, and equity prices increased. It was noted that U."
a4301a67cd2ef4fbc412__original,2017-11-01,equity price index*,equity price indexes,160,180,unclassified,,[],"A) reported on developments in domestic and foreign financial markets since the September FOMC meeting. Broad equity price indexes extended earlier increases, yields on longer-term Treasury securities rose, yield spreads on corporate bonds declined, and the foreign exchange value"
5fc981c1a4ac47cacb9d__original,2017-11-01,equity price*,equity prices,3,16,positive,mov* up,"[[17, 25]]","S. equity prices moved up, and the dollar appreciated. There was no discernible reaction in financial markets to the widely anticipated announcement of the FOMC's cha"
d33e7f02152e6dd7f838__original,2017-11-01,equity price index*,equity price indexes,202,222,positive,rose,"[[223, 227]]"," somewhat following the slightly lower-than-expected September CPI data but were little changed on net. Broad equity price indexes rose notably, reportedly reflecting in part investors' perceptions that tax reform was becoming more likely. One-month-ahead option-implied volatilit"
d33e7f02152e6dd7f838__original,2017-11-01,s p 500 index,s p 500 index,381,394,unclassified,,[],stors' perceptions that tax reform was becoming more likely. One-month-ahead option-implied volatility on the s p 500 index--the VIX--remained near historically low levels.
7c0f5102b00961e71687__original,2017-11-01,equity price index*,equity price indexes,6,26,positive,rose,"[[27, 31]]","Broad equity price indexes rose notably, reportedly reflecting in part investors' perceptions that tax reform was becoming more likely. One-month-ahead option-implied volatilit"
7c0f5102b00961e71687__original,2017-11-01,s p 500 index,s p 500 index,185,198,unclassified,,[],stors' perceptions that tax reform was becoming more likely. One-month-ahead option-implied volatility on the s p 500 index--the VIX--remained near historically low levels. Spreads of yields on both investment- and speculative-grade corporate bonds over comparable-maturity
020d42b2e983fbaa207e__original,2017-11-01,equity index*,equity indexes,231,245,positive,increas*,"[[246, 255]]"," held down in part by uncertainty about negotiations on the North American Free Trade Agreement. Most foreign equity indexes increased. In Japan, equity indexes rose notably in advance of parliamentary elections that resulted in a strong victory for Prime Minister Abe's rul"
020d42b2e983fbaa207e__original,2017-11-01,equity index*,equity indexes,267,281,positive,rose,"[[282, 286]]","out negotiations on the North American Free Trade Agreement. Most foreign equity indexes increased. In Japan, equity indexes rose notably in advance of parliamentary elections that resulted in a strong victory for Prime Minister Abe's ruling coalition, a development seen by"
4ee01445ac99c5933adf__original,2017-11-01,equity index*,equity indexes,13,27,positive,increas*,"[[28, 37]]","Most foreign equity indexes increased. In Japan, equity indexes rose notably in advance of parliamentary elections that resulted in a strong victory for Prime Minister Abe's rul"
4ee01445ac99c5933adf__original,2017-11-01,equity index*,equity indexes,49,63,positive,rose,"[[64, 68]]","Most foreign equity indexes increased. In Japan, equity indexes rose notably in advance of parliamentary elections that resulted in a strong victory for Prime Minister Abe's ruling coalition, a development seen by"
b981f6b2cf79c531d3dc__original,2017-12-13,equity price*,Equity prices,156,169,positive,mov* high*,"[[170, 182]]","(SOMA) reported on developments in domestic and international financial markets over the intermeeting period. Equity prices moved higher over the period, with market participants pointing to the likely passage of tax reform legislation as an important factor contributing t"
c57c2ebe35f9cdde633b__original,2017-12-13,equity price*,equity prices,3,16,positive,mov* up,"[[17, 25]]","S. equity prices moved up, and the foreign exchange value of the dollar was little changed. Financing conditions for businesses and households remained broadly suppor"
baa7044cdca3fbd630d0__original,2017-12-13,equity price index*,equity price indexes,182,202,positive,rose,"[[203, 207]]","sury and agency MBS markets to the implementation of reductions in reinvestments of the SOMA portfolio. Broad equity price indexes rose over the intermeeting period, likely reflecting in part investors' perceptions of increased odds for the passage of federal tax legislation and "
baa7044cdca3fbd630d0__original,2017-12-13,s p 500 index,s p 500 index,454,467,unclassified,,[],"ion and an associated potential boost to corporate earnings. One-month-ahead option-implied volatility on the s p 500 index--the VIX--was little changed, on net, at levels close to historical lows."
d12717198c5641f95a56__original,2017-12-13,equity price index*,equity price indexes,6,26,positive,rose,"[[27, 31]]","Broad equity price indexes rose over the intermeeting period, likely reflecting in part investors' perceptions of increased odds for the passage of federal tax legislation and "
d12717198c5641f95a56__original,2017-12-13,s p 500 index,s p 500 index,278,291,unclassified,,[],"ion and an associated potential boost to corporate earnings. One-month-ahead option-implied volatility on the s p 500 index--the VIX--was little changed, on net, at levels close to historical lows. Spreads on both investment- and speculative-grade corporate bond yields ove"
409d2f35d82ccb9182ae__original,2017-12-13,equity index*,equity indexes,331,345,negative,mov* lower,"[[346, 357]]"," the dollar was little changed, longer-term sovereign bond yields in AFEs declined modestly, and most foreign equity indexes moved lower over the intermeeting period. The euro appreciated modestly against the U."
137d0cf0f3ba602d2e1a__original,2017-12-13,equity valu*,equity values,459,472,positive,high*,"[[454, 458]]","emained accommodative, citing a range of indicators including low interest rates, narrow credit spreads, high equity values, a lower dollar, and some evidence of easier terms for lending to risky borrowers. In light of elevated asset valuations and low financial market vol"
137d0cf0f3ba602d2e1a__original,2017-12-13,asset valu*,asset valuations,577,593,positive,elevat*,"[[568, 576]]","alues, a lower dollar, and some evidence of easier terms for lending to risky borrowers. In light of elevated asset valuations and low financial market volatility, a couple of participants expressed concern that the persistence of highly accommodative financial conditions cou"
4e19156e3b85c53162df__original,2018-01-31,equity price*,equity prices,78,91,unclassified,,[],S Treasury securities moved up some while corporate risk spreads narrowed and equity prices recorded further significant gains. Breakeven measures of inflation compensation derived from Treasury Inflation Protected Securities (TIPS) moved up
d7ada01bffc1876b101a__original,2018-01-31,equity price*,equity prices,3,16,unclassified,,[],"S. equity prices, Treasury yields, and market-based measures of inflation compensation rose, and spreads of yields on investment- and speculative-grade nonfinancial c"
30cb2afd98d6cc2b1815__original,2018-01-31,equity price index*,equity price indexes,224,244,positive,rose,"[[245, 249]]","ed to levels seen in early 2017 before the string of generally weaker-than-expected inflation readings. Broad equity price indexes rose substantially over the intermeeting period, with investors pointing to a stronger global economic outlook and the supportive effect of the recen"
30cb2afd98d6cc2b1815__original,2018-01-31,s p 500 index,s p 500 index,517,530,unclassified,,[],"ax legislation on risk sentiment. The VIX, an index of option-implied volatility for one-month returns on the s p 500 index, increased but remained low by historical standards."
07f052ed8d1a7554938c__original,2018-01-31,equity price index*,equity price indexes,6,26,positive,rose,"[[27, 31]]","Broad equity price indexes rose substantially over the intermeeting period, with investors pointing to a stronger global economic outlook and the supportive effect of the recen"
07f052ed8d1a7554938c__original,2018-01-31,s p 500 index,s p 500 index,299,312,unclassified,,[],"ax legislation on risk sentiment. The VIX, an index of option-implied volatility for one-month returns on the s p 500 index, increased but remained low by historical standards. Spreads of both investment- and speculative-grade corporate bond yields over comparable-maturity"
da7857407910f2096165__original,2018-01-31,equity price*,equity prices,253,266,unclassified,,[],"ronounced against AFE currencies, but the dollar depreciated notably against most EME currencies as well. EME equity prices registered substantial gains, in part supported by a significant rise in commodity prices; emerging market bond spreads narrowed moderately, and flow"
083d98ff9d2af3ca0088__original,2018-01-31,equity price*,equity prices,368,381,unclassified,,[],"revised up, reflecting a reassessment of the recently enacted tax cuts, along with higher projected paths for equity prices and foreign economic growth and a lower assumed path for the foreign exchange value of the dollar. Real GDP was projected to increase at a somewhat f"
c33d018648d35c7b4028__original,2018-01-31,equity price*,equity prices,483,496,positive,rise*,"[[475, 479]]",period; these participants generally viewed the economic effects of the decline in the dollar and the rise in equity prices as more than offsetting the effects of the increase in nominal Treasury yields. One participant reported that financial market contacts did not see t
1bc7ab0fef1414570330__original,2018-03-21,equity market*,equity markets,365,379,unclassified,,[],nced a notable bout of volatility early in the intermeeting period; volatility was particularly pronounced in equity markets. Market participants pointed to incoming economic data released in early February--particularly data on average hourly earnings--as raising concerns 
a0b8911681c7cc66af23__original,2018-03-21,equity price*,equity prices,276,289,negative,declin*,"[[265, 272]]",s for higher inflation and higher interest rates. These concerns reportedly contributed to a steep decline in equity prices and an associated rise in measures of volatility. Some reports suggested that the increase in volatility was amplified by the unwinding of trading po
c6b4fff9b0a3da230c0b__original,2018-03-21,equity market*,equity market,176,189,unclassified,,[],"ed by the unwinding of trading positions based on various types of volatility trading strategies. Measures of equity market volatility declined over subsequent weeks but remained above levels that prevailed earlier in the year, and stock prices finished lower, on net, over"
c6b4fff9b0a3da230c0b__original,2018-03-21,stock price*,stock prices,298,310,unclassified,,[],"t volatility declined over subsequent weeks but remained above levels that prevailed earlier in the year, and stock prices finished lower, on net, over the intermeeting period. Interest rates rose modestly over the period."
636a4e52c0acc0c472e5__original,2018-03-21,equity price*,equity prices,3,16,negative,declin*,"[[17, 25]]","S. equity prices declined, corporate bond spreads widened, and nominal Treasury yields rose. Broad equity price indexes decreased over the intermeeting period."
636a4e52c0acc0c472e5__original,2018-03-21,equity price index*,equity price indexes,99,119,negative,decreas*,"[[120, 129]]","S. equity prices declined, corporate bond spreads widened, and nominal Treasury yields rose. Broad equity price indexes decreased over the intermeeting period."
63b2e244ef41b15846a4__original,2018-03-21,equity price*,equity prices,0,13,negative,declin*,"[[14, 22]]","equity prices declined, corporate bond spreads widened, and nominal Treasury yields rose. Broad equity price indexes decreased over the intermeeting period. Market"
63b2e244ef41b15846a4__original,2018-03-21,equity price index*,equity price indexes,96,116,negative,decreas*,"[[117, 126]]","equity prices declined, corporate bond spreads widened, and nominal Treasury yields rose. Broad equity price indexes decreased over the intermeeting period. Market participants pointed to a larger-than-expected increase in average hourly earnings in the January empl"
f7917969586ce93e4fdf__original,2018-03-21,equity price*,equity prices,301,314,negative,declin*,"[[290, 297]]",nd the associated pace of interest rate increases. Those concerns appeared to induce a substantial decline in equity prices. The decline may have been exacerbated by broader concerns about the level of stock market valuations.
f7917969586ce93e4fdf__original,2018-03-21,level* of stock market*,level of stock market,384,405,unclassified,,[],e a substantial decline in equity prices. The decline may have been exacerbated by broader concerns about the level of stock market valuations.
ac887279b956dad4f902__original,2018-03-21,equity price*,equity prices,59,72,negative,declin*,"[[48, 55]]","Those concerns appeared to induce a substantial decline in equity prices. The decline may have been exacerbated by broader concerns about the level of stock market valuations. On February 5, the VIX--an index of option-imp"
ac887279b956dad4f902__original,2018-03-21,level* of stock market*,level of stock market,142,163,unclassified,,[],"e a substantial decline in equity prices. The decline may have been exacerbated by broader concerns about the level of stock market valuations. On February 5, the VIX--an index of option-implied volatility for one-month returns on the s p 500 index--rose to its highest level since"
ac887279b956dad4f902__original,2018-03-21,s p 500 index,s p 500 index,267,280,positive,rose,"[[282, 286]]","market valuations. On February 5, the VIX--an index of option-implied volatility for one-month returns on the s p 500 index--rose to its highest level since 2015, reportedly driven in part by the unwinding of investment strategies designed to profit from low volatility."
95e65fd1ede1df269ce5__original,2018-03-21,level* of stock market*,level of stock market,68,89,unclassified,,[],"The decline may have been exacerbated by broader concerns about the level of stock market valuations. On February 5, the VIX--an index of option-implied volatility for one-month returns on the s p 500 index--rose to its highest level since"
95e65fd1ede1df269ce5__original,2018-03-21,s p 500 index,s p 500 index,193,206,positive,rose,"[[208, 212]]","market valuations. On February 5, the VIX--an index of option-implied volatility for one-month returns on the s p 500 index--rose to its highest level since 2015, reportedly driven in part by the unwinding of investment strategies designed to profit from low volatility. Su"
95e65fd1ede1df269ce5__original,2018-03-21,equity price*,equity prices,368,381,unclassified,,[],"riven in part by the unwinding of investment strategies designed to profit from low volatility. Subsequently, equity prices recovered about half of their decline, and the VIX partially retraced its earlier increase."
7b09630ed5ef2d7429d9__original,2018-03-21,s p 500 index,s p 500 index,91,104,positive,rose,"[[106, 110]]","On February 5, the VIX--an index of option-implied volatility for one-month returns on the s p 500 index--rose to its highest level since 2015, reportedly driven in part by the unwinding of investment strategies designed to profit from low volatility. Su"
7b09630ed5ef2d7429d9__original,2018-03-21,equity price*,equity prices,266,279,unclassified,,[],"riven in part by the unwinding of investment strategies designed to profit from low volatility. Subsequently, equity prices recovered about half of their decline, and the VIX partially retraced its earlier increase. Monetary policy communications over the intermeeting peri"
9818babd554b376ff2b8__original,2018-03-21,equity market*,equity market,198,211,unclassified,,[],"were little changed on net. Option-implied volatility on longer-term rates rose notably following the jump in equity market volatility on February 5 but mostly retraced that increase by the end of the intermeeting period. On balance, spreads on investment- and speculative-"
5c29662f8858b4279615__original,2018-03-21,equity price*,equity prices,270,283,unclassified,,[],"w signs of a significant restriction in credit supply for auto loans. Since the January FOMC meeting, foreign equity prices moved notably lower, on net, and generally declined more in the AFEs than in the United States. Longer-term yields on sovereign debt in AFEs either d"
8c853358d146202fc684__original,2018-03-21,equities,equities,497,505,unclassified,,[],pments over the intermeeting period highlighted some downside risks associated with still-high valuations for equities or from market volatility more generally . A few participants expressed concern that a lengthy period in which the economy operates beyond potential 
f259072838d9bf6e4182__original,2018-05-02,equity price*,equity prices,3,16,negative,low*,"[[17, 22]]","S. equity prices lower, the foreign exchange value of the dollar moderately higher, and longer-term Treasury yields up a little. Market participants pointed to a rang"
f259072838d9bf6e4182__original,2018-05-02,stock price*,stock prices,210,222,negative,declin*,"[[199, 206]]","Treasury yields up a little. Market participants pointed to a range of factors contributing to the decline in stock prices, including concerns about the outlook for trade policy both in the United States and abroad, the potential for increased regulatory oversight of U."
45799943bc9c2d6d0e3d__original,2018-05-02,equity price*,equity prices,0,13,negative,low*,"[[14, 19]]","equity prices lower, the foreign exchange value of the dollar moderately higher, and longer-term Treasury yields up a little. Market participants pointed to a rang"
45799943bc9c2d6d0e3d__original,2018-05-02,stock price*,stock prices,207,219,negative,declin*,"[[196, 203]]","Treasury yields up a little. Market participants pointed to a range of factors contributing to the decline in stock prices, including concerns about the outlook for trade policy both in the United States and abroad, the potential for increased regulatory oversight of U. S"
25aae1a724e2b65a5f00__original,2018-05-02,equity price*,Equity prices,272,285,negative,declin*,"[[286, 294]]","ets, but these concerns subsequently seemed to recede amid stronger-than-expected corporate earnings reports. Equity prices declined, nominal Treasury yields increased modestly, and market-based measures of inflation compensation ticked up on net. Meanwhile, financing cond"
88e6e20dcee3444d1996__original,2018-05-02,s p 500 index,s p 500 index,169,182,negative,decreas*,"[[183, 192]]","st rates continued to decline over the intermeeting period after their marked increase earlier this year. The s p 500 index decreased over the period on net. Equity prices declined early in the intermeeting period, reportedly in response to trade tensions between the Unite"
88e6e20dcee3444d1996__original,2018-05-02,equity price*,Equity prices,217,230,negative,declin*,"[[231, 239]]","ing period after their marked increase earlier this year. The s p 500 index decreased over the period on net. Equity prices declined early in the intermeeting period, reportedly in response to trade tensions between the United States and China as well as negative news abou"
931c6a866c7332d9e6b6__original,2018-05-02,s p 500 index,s p 500 index,4,17,negative,decreas*,"[[18, 27]]","The s p 500 index decreased over the period on net. Equity prices declined early in the intermeeting period, reportedly in response to trade tensions between the Unite"
931c6a866c7332d9e6b6__original,2018-05-02,equity price*,Equity prices,52,65,negative,declin*,"[[66, 74]]","The s p 500 index decreased over the period on net. Equity prices declined early in the intermeeting period, reportedly in response to trade tensions between the United States and China as well as negative news abou"
931c6a866c7332d9e6b6__original,2018-05-02,equity price*,equity prices,249,262,unclassified,,[],"e tensions between the United States and China as well as negative news about the technology sector. However, equity prices subsequently retraced some of the earlier declines as concerns about trade policy seemed to ease and corporate earnings reports for the first quarter"
0f98530f91ab79efb33d__original,2018-05-02,equity price*,Equity prices,0,13,negative,declin*,"[[14, 22]]","Equity prices declined early in the intermeeting period, reportedly in response to trade tensions between the United States and China as well as negative news abou"
0f98530f91ab79efb33d__original,2018-05-02,equity price*,equity prices,197,210,unclassified,,[],"e tensions between the United States and China as well as negative news about the technology sector. However, equity prices subsequently retraced some of the earlier declines as concerns about trade policy seemed to ease and corporate earnings reports for the first quarter"
0f98530f91ab79efb33d__original,2018-05-02,s p 500 index,s p 500 index,444,457,unclassified,,[],"orts for the first quarter of 2018 generally came in stronger than expected. Option-implied volatility on the s p 500 index at the one-month horizon--the VIX--declined but remained at elevated levels relative to 2017, ending the period at approximately 15 percent."
9d6e6d16903ebdd5ee9a__original,2018-05-02,equity price*,equity prices,9,22,unclassified,,[],"However, equity prices subsequently retraced some of the earlier declines as concerns about trade policy seemed to ease and corporate earnings reports for the first quarter"
9d6e6d16903ebdd5ee9a__original,2018-05-02,s p 500 index,s p 500 index,256,269,unclassified,,[],"orts for the first quarter of 2018 generally came in stronger than expected. Option-implied volatility on the s p 500 index at the one-month horizon--the VIX--declined but remained at elevated levels relative to 2017, ending the period at approximately 15 percent. On net, "
de380327cb2f09fa9e05__original,2018-05-02,equity market*,equity markets,93,107,unclassified,,[],"Money market dynamics over quarter-end were muted relative to previous quarter-ends. Foreign equity markets were mixed over the intermeeting period, with investors attuned to developments related to U. S."
1cb946105eff65277f23__original,2018-05-02,equity index*,equity indexes,47,61,unclassified,,[],technology sector. Broad Japanese and European equity indexes outperformed their U. S.
1111ae0d3d18f2725404__original,2018-05-02,equity price*,equity prices,194,207,unclassified,,[],"a bit of the depreciation of the dollar since its 2016 peak. With their decline over the intermeeting period, equity prices were about unchanged, on net, since the beginning of the year but were still near their historical highs. Longer-term Treasury yields rose, but somew"
140b730be99d243b18c1__original,2018-06-13,stock price*,stock price,220,231,unclassified,,[],"notably as a range of AFE and EME currencies and sovereign bonds came under pressure. However, broad domestic stock price indexes increased, on net, as generally strong corporate earnings reports helped support prices. Meanwhile, financing conditions for nonfinancial bus"
a6a5a45bc6040e81d436__original,2018-06-13,equity price*,equity prices,231,244,unclassified,,[],"vulnerabilities. EME mutual funds saw slight net outflows, and, on balance, EME sovereign spreads widened and equity prices edged lower. In the AFEs, sovereign spreads in some peripheral European countries widened and European bank shares came under pressure, as investors "
d2adf4165eb49279cb2c__original,2018-06-13,equity index*,equity indexes,186,200,unclassified,,[]," and European bank shares came under pressure, as investors focused on political developments in Italy. Broad equity indexes in the euro area, with the exception of Italy, ended the period little changed, while those in Canada, the United Kingdom, and Japan edged higher. Ma"
ed90738db242d1488c15__original,2018-06-13,equity price index*,equity price indexes,3,23,positive,increas*,"[[24, 33]]","S. equity price indexes increased about 5 percent, on net, since the May FOMC meeting, boosted in part by the stronger-than-expected May Employment Situation report. Stock p"
ed90738db242d1488c15__original,2018-06-13,stock price*,Stock prices,166,178,unclassified,,[],"t, since the May FOMC meeting, boosted in part by the stronger-than-expected May Employment Situation report. Stock prices also appeared to have been buoyed by first-quarter earnings reports that generally beat expectations--particularly for the technology sector, which o"
1ba8be9deb385f4defc7__original,2018-06-13,equity price index*,equity price indexes,0,20,positive,increas*,"[[21, 30]]","equity price indexes increased about 5 percent, on net, since the May FOMC meeting, boosted in part by the stronger-than-expected May Employment Situation report. Stock p"
1ba8be9deb385f4defc7__original,2018-06-13,stock price*,Stock prices,163,175,unclassified,,[],"t, since the May FOMC meeting, boosted in part by the stronger-than-expected May Employment Situation report. Stock prices also appeared to have been buoyed by first-quarter earnings reports that generally beat expectations--particularly for the technology sector, which o"
1ba8be9deb385f4defc7__original,2018-06-13,equity price*,equity prices,461,474,negative,weigh* on,"[[450, 460]]","rket. However, the turbulence abroad and, to a lesser degree, mounting concerns about trade policy weighed on equity prices at times."
ad5f06cee32cacacef28__original,2018-06-13,stock price*,Stock prices,0,12,unclassified,,[],"Stock prices also appeared to have been buoyed by first-quarter earnings reports that generally beat expectations--particularly for the technology sector, which o"
ad5f06cee32cacacef28__original,2018-06-13,equity price*,equity prices,298,311,negative,weigh* on,"[[287, 297]]","rket. However, the turbulence abroad and, to a lesser degree, mounting concerns about trade policy weighed on equity prices at times. Option-implied volatility on the s p 500 at the one-month horizon--the VIX--was down somewhat, on net, remaining just a couple of percentag"
66ff803efe4037bcefb5__original,2018-06-13,equity price*,equity prices,104,117,negative,weigh* on,"[[93, 103]]","However, the turbulence abroad and, to a lesser degree, mounting concerns about trade policy weighed on equity prices at times. Option-implied volatility on the s p 500 at the one-month horizon--the VIX--was down somewhat, on net, remaining just a couple of percentag"
449891fad7c4def3c98b__original,2018-08-01,equity price*,equity prices,288,301,unclassified,,[],tes and the European Union to continue talks to resolve their trade disputes provided some support for global equity prices. The manager summarized recent policy announcements by the European Central Bank (ECB) and the Bank of Japan (BOJ).
09f5df2d4a8253253472__original,2018-08-01,equity market*,equity markets,196,210,unclassified,,[],"weighed on market sentiment at times over the intermeeting period, prompting notable declines in some foreign equity markets but leaving only a modest imprint on domestic asset prices on net. Meanwhile, FOMC communications were viewed by market participants as slightly less"
09f5df2d4a8253253472__original,2018-08-01,asset price*,asset prices,257,269,unclassified,,[],"riod, prompting notable declines in some foreign equity markets but leaving only a modest imprint on domestic asset prices on net. Meanwhile, FOMC communications were viewed by market participants as slightly less accommodative than expected, and domestic economic data re"
4b5dc5ee547f1a6777f8__original,2018-08-01,equity price index*,equity price indexes,3,23,unclassified,,[],S. equity price indexes displayed mixed results since the June FOMC meeting. Option-implied volatility on the s p 500 index at the one-month horizon--the VIX--was little cha
4b5dc5ee547f1a6777f8__original,2018-08-01,s p 500 index,s p 500 index,110,123,unclassified,,[],"S. equity price indexes displayed mixed results since the June FOMC meeting. Option-implied volatility on the s p 500 index at the one-month horizon--the VIX--was little changed, on net, and remained only a bit above the very low levels that prevailed before early February"
a4389aabc5017e1a380b__original,2018-08-01,equity price index*,equity price indexes,0,20,unclassified,,[],equity price indexes displayed mixed results since the June FOMC meeting. Option-implied volatility on the s p 500 index at the one-month horizon--the VIX--was little cha
a4389aabc5017e1a380b__original,2018-08-01,s p 500 index,s p 500 index,107,120,unclassified,,[],"equity price indexes displayed mixed results since the June FOMC meeting. Option-implied volatility on the s p 500 index at the one-month horizon--the VIX--was little changed, on net, and remained only a bit above the very low levels that prevailed before early February"
0cf42460fda04873b14a__original,2018-08-01,equity price*,equity prices,132,145,negative,low*,"[[146, 151]]","ons contributed to an unusually sharp depreciation of the Chinese renminbi. Trade tensions also drove foreign equity prices lower, but there was a modest reversal late in the intermeeting period following an agreement between the United States and the European Union to hol"
0cf42460fda04873b14a__original,2018-08-01,equity price*,equity prices,359,372,unclassified,,[],"he United States and the European Union to hold off on tariff increases pending further negotiations. On net, equity prices were little changed in the AFEs, while they declined in the EMEs, led largely by a steep drop in China."
50e46c883ce84f599c31__original,2018-08-01,equity price*,equity prices,34,47,negative,low*,"[[48, 53]]","Trade tensions also drove foreign equity prices lower, but there was a modest reversal late in the intermeeting period following an agreement between the United States and the European Union to hol"
50e46c883ce84f599c31__original,2018-08-01,equity price*,equity prices,261,274,unclassified,,[],"he United States and the European Union to hold off on tariff increases pending further negotiations. On net, equity prices were little changed in the AFEs, while they declined in the EMEs, led largely by a steep drop in China. Outflows from dedicated emerging market funds"
78a2fb374ac80d82ccd6__original,2018-08-01,equity price*,equity prices,233,246,unclassified,,[],"meeting period, only a small change in overall financial conditions occurred, with modest movements on net in equity prices and in the foreign exchange value of the dollar. The yield curve had flattened further over the intermeeting period."
51e22bd53adba7c7e320__original,2018-09-26,equity market*,equity markets,140,154,unclassified,,[],"nts. In global markets, strains in emerging market economies (EMEs) contributed to volatility in currency and equity markets over the period. In addition, concerns about trade tensions between the United States and China were the focus of a great deal of attention among mar"
a31a7e07586264135214__original,2018-09-26,equity market*,equity markets,3,17,unclassified,,[],"S. equity markets had posted strong gains, spurred by optimism regarding the U. S."
ec391c13bc410f540454__original,2018-09-26,stock price*,stock prices,121,133,positive,rose,"[[134, 138]]","ications over the period were largely in line with expectations and elicited little market reaction. Domestic stock prices rose, buoyed in part by positive news about corporate earnings, while foreign equity indexes declined and the broad dollar index moved up. Financing "
ec391c13bc410f540454__original,2018-09-26,equity index*,equity indexes,212,226,negative,declin*,"[[227, 235]]","reaction. Domestic stock prices rose, buoyed in part by positive news about corporate earnings, while foreign equity indexes declined and the broad dollar index moved up. Financing conditions for nonfinancial businesses and households remained supportive of economic activit"
e213997ad8821e220c4b__original,2018-09-26,equity price*,equity prices,138,151,unclassified,,[],"om dedicated emerging market funds, and EME sovereign bond spreads widened. Trade tensions weighed on foreign equity prices, as the United States continued its trade negotiations with Canada and placed additional tariffs on Chinese products. FOMC communications elicited li"
b9c5f6868f2366209150__original,2018-09-26,equity price index*,equity price indexes,3,23,positive,increas*,"[[24, 33]]","S. equity price indexes increased about 4 percent since the August FOMC meeting, as positive news about corporate earnings and the domestic economy outweighed negative inter"
b9c5f6868f2366209150__original,2018-09-26,stock price*,Stock prices,196,208,positive,increas*,"[[209, 218]]","sitive news about corporate earnings and the domestic economy outweighed negative international developments. Stock prices increased for many sectors in the s p 500 index, as the second-quarter earnings reports for firms that reported later in the earnings cycle came in s"
b9c5f6868f2366209150__original,2018-09-26,s p 500 index,s p 500 index,243,256,unclassified,,[],"mestic economy outweighed negative international developments. Stock prices increased for many sectors in the s p 500 index, as the second-quarter earnings reports for firms that reported later in the earnings cycle came in strong."
1b945a844a75194b7752__original,2018-09-26,equity price index*,equity price indexes,0,20,positive,increas*,"[[21, 30]]","equity price indexes increased about 4 percent since the August FOMC meeting, as positive news about corporate earnings and the domestic economy outweighed negative inter"
1b945a844a75194b7752__original,2018-09-26,stock price*,Stock prices,193,205,positive,increas*,"[[206, 215]]","sitive news about corporate earnings and the domestic economy outweighed negative international developments. Stock prices increased for many sectors in the s p 500 index, as the second-quarter earnings reports for firms that reported later in the earnings cycle came in s"
1b945a844a75194b7752__original,2018-09-26,s p 500 index,s p 500 index,240,253,unclassified,,[],"mestic economy outweighed negative international developments. Stock prices increased for many sectors in the s p 500 index, as the second-quarter earnings reports for firms that reported later in the earnings cycle came in strong. However, concerns about economic prospect"
07a1fba0344137c2d05f__original,2018-09-26,s p 500 index,s p 500 index,224,237,unclassified,,[],"o weigh on stocks in the energy and basic materials sectors, which declined. Option-implied volatility on the s p 500 index at the one-month horizon--the VIX--moved down but remained somewhat above the extremely low levels seen in late 2017. Spreads of investment- and spec"
1b26492b1eb72ccb4663__original,2018-09-26,equity price*,equity prices,679,692,positive,increas*,"[[666, 675]]","in interest rates and appreciation of the dollar over the intermeeting period had been offset by increases in equity prices, and broader measures continued to point to accommodative financial conditions. Some participants commented about the continued growth in leveraged l"
d60719bfb2423831e6d8__original,2018-11-08,equity market*,equity market,128,141,unclassified,,[]," System Open Market Account (SOMA) reviewed recent developments in domestic and global financial markets. The equity market was quite volatile over the intermeeting period, with U. S."
43eda91e24cac83ee2d4__original,2018-11-08,stock price*,stock prices,3,15,negative,down,"[[16, 20]]",S. stock prices down as much as 10 percent at one point before recovering somewhat. Investors pointed to a number of uncertainties in the global outlook that may hav
43eda91e24cac83ee2d4__original,2018-11-08,stock price*,stock prices,197,209,negative,declin*,"[[186, 193]]","estors pointed to a number of uncertainties in the global outlook that may have contributed to the decline in stock prices, including ongoing trade tensions between the United States and China, growing concerns about the fiscal position of the Italian government and its b"
bfd7cc072eebba9cd716__original,2018-11-08,stock price*,stock prices,0,12,negative,down,"[[13, 17]]",stock prices down as much as 10 percent at one point before recovering somewhat. Investors pointed to a number of uncertainties in the global outlook that may hav
bfd7cc072eebba9cd716__original,2018-11-08,stock price*,stock prices,194,206,negative,declin*,"[[183, 190]]","estors pointed to a number of uncertainties in the global outlook that may have contributed to the decline in stock prices, including ongoing trade tensions between the United States and China, growing concerns about the fiscal position of the Italian government and its b"
bfd7cc072eebba9cd716__original,2018-11-08,equity price*,equity prices,668,681,negative,pressure*,"[[656, 664]]", an increase in longer-term Treasury yields over recent weeks as factors contributing to downward pressure on equity prices.
4ee71e245e7e70fa4773__original,2018-11-08,stock price*,stock prices,113,125,negative,declin*,"[[102, 109]]","estors pointed to a number of uncertainties in the global outlook that may have contributed to the decline in stock prices, including ongoing trade tensions between the United States and China, growing concerns about the fiscal position of the Italian government and its b"
4ee71e245e7e70fa4773__original,2018-11-08,equity price*,equity prices,587,600,negative,pressure*,"[[575, 583]]"," an increase in longer-term Treasury yields over recent weeks as factors contributing to downward pressure on equity prices. The volatility in equity markets was accompanied by a rise in risk spreads on corporate debt, although the widening in risk spreads was not as notab"
4ee71e245e7e70fa4773__original,2018-11-08,equity market*,equity markets,620,634,unclassified,,[],"ury yields over recent weeks as factors contributing to downward pressure on equity prices. The volatility in equity markets was accompanied by a rise in risk spreads on corporate debt, although the widening in risk spreads was not as notable as in some past stock market do"
4ee71e245e7e70fa4773__original,2018-11-08,stock market*,stock market,769,781,unclassified,,[],"e in risk spreads on corporate debt, although the widening in risk spreads was not as notable as in some past stock market downturns."
51265710f72dff350821__original,2018-11-08,equity price*,equity prices,189,202,negative,pressure*,"[[177, 185]]"," an increase in longer-term Treasury yields over recent weeks as factors contributing to downward pressure on equity prices. The volatility in equity markets was accompanied by a rise in risk spreads on corporate debt, although the widening in risk spreads was not as notab"
51265710f72dff350821__original,2018-11-08,equity market*,equity markets,222,236,unclassified,,[],"ury yields over recent weeks as factors contributing to downward pressure on equity prices. The volatility in equity markets was accompanied by a rise in risk spreads on corporate debt, although the widening in risk spreads was not as notable as in some past stock market do"
51265710f72dff350821__original,2018-11-08,stock market*,stock market,371,383,unclassified,,[],"e in risk spreads on corporate debt, although the widening in risk spreads was not as notable as in some past stock market downturns. On balance, the turbulence in equity markets did not leave much imprint on near-term U."
51265710f72dff350821__original,2018-11-08,equity market*,equity markets,425,439,unclassified,,[],"ning in risk spreads was not as notable as in some past stock market downturns. On balance, the turbulence in equity markets did not leave much imprint on near-term U."
39dd114a54416344a0f9__original,2018-11-08,equity market*,equity markets,18,32,unclassified,,[],"The volatility in equity markets was accompanied by a rise in risk spreads on corporate debt, although the widening in risk spreads was not as notable as in some past stock market do"
39dd114a54416344a0f9__original,2018-11-08,stock market*,stock market,167,179,unclassified,,[],"e in risk spreads on corporate debt, although the widening in risk spreads was not as notable as in some past stock market downturns. On balance, the turbulence in equity markets did not leave much imprint on near-term U. S."
39dd114a54416344a0f9__original,2018-11-08,equity market*,equity markets,221,235,unclassified,,[],"ning in risk spreads was not as notable as in some past stock market downturns. On balance, the turbulence in equity markets did not leave much imprint on near-term U. S."
8efbcbfc68b69a6e5a1f__original,2018-11-08,stock price*,stock price,165,176,unclassified,,[],"lowing of economic expansion and the implications of continued trade tensions with the United States. Chinese stock price indexes declined further over the intermeeting period and were off nearly 20 percent on the year to date. The renminbi continued to depreciate, movin"
e34e0a8d720a421c3dbb__original,2018-11-08,equity price*,equity prices,301,314,positive,increas*,"[[288, 297]]","er spending--including solid gains in real disposable personal income and the effects of earlier increases in equity prices and home values on households' net worth--continued to be supportive of solid real PCE growth in the near term. Consumer sentiment, as measured by th"
e34e0a8d720a421c3dbb__original,2018-11-08,household* net worth,households' net worth,334,355,unclassified,,[],"s in real disposable personal income and the effects of earlier increases in equity prices and home values on households' net worth--continued to be supportive of solid real PCE growth in the near term. Consumer sentiment, as measured by the University of Michigan Surveys of Consu"
edba10fb4a7ad919e9ca__original,2018-11-08,equity market*,equity market,164,177,unclassified,,[]," ongoing international trade tensions, the global growth outlook, and rising interest rates weighed on global equity market sentiment over the intermeeting period. Domestic stock prices declined considerably, on net, and equity market implied volatility rose."
edba10fb4a7ad919e9ca__original,2018-11-08,stock price*,stock prices,227,239,negative,declin*,"[[240, 248]]","k, and rising interest rates weighed on global equity market sentiment over the intermeeting period. Domestic stock prices declined considerably, on net, and equity market implied volatility rose."
edba10fb4a7ad919e9ca__original,2018-11-08,equity market*,equity market,275,288,unclassified,,[],"quity market sentiment over the intermeeting period. Domestic stock prices declined considerably, on net, and equity market implied volatility rose."
ec98ef6fbf2e40c279dc__original,2018-11-08,equity market*,equity market,124,137,unclassified,,[]," ongoing international trade tensions, the global growth outlook, and rising interest rates weighed on global equity market sentiment over the intermeeting period. Domestic stock prices declined considerably, on net, and equity market implied volatility rose. Nominal Treas"
ec98ef6fbf2e40c279dc__original,2018-11-08,stock price*,stock prices,187,199,negative,declin*,"[[200, 208]]","k, and rising interest rates weighed on global equity market sentiment over the intermeeting period. Domestic stock prices declined considerably, on net, and equity market implied volatility rose. Nominal Treasury yields ended the period higher amid some moderate volatili"
ec98ef6fbf2e40c279dc__original,2018-11-08,equity market*,equity market,235,248,unclassified,,[],"quity market sentiment over the intermeeting period. Domestic stock prices declined considerably, on net, and equity market implied volatility rose. Nominal Treasury yields ended the period higher amid some moderate volatility, and the broad dollar index moved up."
33c800ea5e9f66d218b6__original,2018-11-08,equity price index*,equity price indexes,3,23,negative,declin*,"[[24, 32]]","S. equity price indexes declined considerably, on net, amid somewhat elevated day-to-day volatility. Various factors appeared to weigh on investor sentiment including news r"
18fdf58369b8f6dc6314__original,2018-11-08,stock price*,Stock prices,205,217,unclassified,,[],"national trade tensions and investors' concerns about the sustainability of strong corporate earnings growth. Stock prices in the basic materials and industrial sectors underperformed the broader market, reportedly reflecting an increase in trade tensions with China. More"
18fdf58369b8f6dc6314__original,2018-11-08,equity valu*,equity valuations,406,423,unclassified,,[],"t, reportedly reflecting an increase in trade tensions with China. More broadly, investors seemed to reassess equity valuations that appeared elevated."
0ff8b449337e9fa858bd__original,2018-11-08,s p 500 index,s p 500 index,190,203,unclassified,,[],"rising costs on their future profitability in their latest earnings reports. Option-implied volatility on the s p 500 index at the one-month horizon--the VIX--increased, though it remained below the levels seen in early February. Despite the considerable declines in domest"
0ff8b449337e9fa858bd__original,2018-11-08,stock price*,stock prices,356,368,unclassified,,[],"ed, though it remained below the levels seen in early February. Despite the considerable declines in domestic stock prices, spreads of investment- and speculative-grade corporate bonds over comparable-maturity Treasury yields widened only modestly."
a799960a54dd730b4e6a__original,2018-11-08,s p 500 index,s p 500 index,33,46,unclassified,,[],"Option-implied volatility on the s p 500 index at the one-month horizon--the VIX--increased, though it remained below the levels seen in early February. Despite the considerable declines in domest"
a799960a54dd730b4e6a__original,2018-11-08,stock price*,stock prices,199,211,unclassified,,[],"ed, though it remained below the levels seen in early February. Despite the considerable declines in domestic stock prices, spreads of investment- and speculative-grade corporate bonds over comparable-maturity Treasury yields widened only modestly. FOMC communications ove"
b001adf1d3a0f87b595e__original,2018-11-08,equity price*,equity prices,3,16,unclassified,,[],"S. equity prices and interest rates, ongoing trade tensions between the United States and China, and uncertainty regarding budget negotiations between the Italian gov"
b001adf1d3a0f87b595e__original,2018-11-08,equity price*,equity prices,206,219,unclassified,,[], and uncertainty regarding budget negotiations between the Italian government and the European Union. Foreign equity prices posted notable net declines; option-implied measures of foreign equity volatility spiked in October but remained well below levels seen in February a
fb96915beb07880852d9__original,2018-11-08,equity price*,equity prices,0,13,unclassified,,[],"equity prices and interest rates, ongoing trade tensions between the United States and China, and uncertainty regarding budget negotiations between the Italian gov"
fb96915beb07880852d9__original,2018-11-08,equity price*,equity prices,203,216,unclassified,,[], and uncertainty regarding budget negotiations between the Italian government and the European Union. Foreign equity prices posted notable net declines; option-implied measures of foreign equity volatility spiked in October but remained well below levels seen in February a
3b2b9257644666ad5dd9__original,2018-11-08,equity price*,equity prices,317,330,unclassified,,[],"P growth was only a bit weaker than in the previous forecast, primarily reflecting a lower projected path for equity prices, leaving the unemployment rate forecast little revised. With labor market conditions already tight, the staff continued to assume that projected empl"
9df671d12f071c4ac3b3__original,2018-11-08,equity price*,equity prices,223,236,negative,declin*,"[[237, 245]]","cial developments, participants observed that financial conditions tightened over the intermeeting period, as equity prices declined, longer-term yields and borrowing costs for most sectors increased, and the foreign exchange value of the dollar rose. Despite these develop"
5bbeb822125f2d79b8f6__original,2018-12-19,stock price*,stock prices,3,15,negative,down,"[[21, 25]]","S. stock prices were down nearly 8 percent on the period. Risk spreads on corporate bonds widened appreciably, with market participants reportedly focusing on the po"
ada14a5e81eded9f8837__original,2018-12-19,equity price*,equity prices,249,262,positive,increas*,"[[236, 245]]"," spending--including ongoing gains in real disposable personal income and the effects of earlier increases in equity prices and home values on households' net worth--continued to be supportive of solid real PCE growth in the near term. Consumer sentiment, as measured by th"
ada14a5e81eded9f8837__original,2018-12-19,household* net worth,households' net worth,282,303,unclassified,,[],"s in real disposable personal income and the effects of earlier increases in equity prices and home values on households' net worth--continued to be supportive of solid real PCE growth in the near term. Consumer sentiment, as measured by the University of Michigan Surveys of Consu"
d8a5af0edc95c2f187b6__original,2018-12-19,equity price*,equity prices,3,16,negative,declin*,"[[17, 25]]",S. equity prices declined notably over the period. Financing conditions for businesses and households tightened a bit but generally remained supportive of economic gr
b13effcfb3059e0e7945__original,2018-12-19,equity price*,equity prices,3,16,unclassified,,[],S. equity prices. The declines were largest in the technology and retail sectors.
34b5d3cd653c8816f2a2__original,2018-12-19,s p 500 index,s p 500 index,107,120,unclassified,,[],"The declines were largest in the technology and retail sectors. One-month option-implied volatility on the s p 500 index--the VIX--increased over the period and corporate credit spreads widened, consistent with the selloff in equities. Over the intermeeting period, fore"
34b5d3cd653c8816f2a2__original,2018-12-19,equities,equities,226,234,unclassified,,[],"ndex--the VIX--increased over the period and corporate credit spreads widened, consistent with the selloff in equities. Over the intermeeting period, foreign financial markets were affected by perceived increases in downside risks to the global growth outlook and ongo"
adc87008a1ae9391e77b__original,2018-12-19,equity market*,Equity markets,107,121,unclassified,,[],"Investors also focused on the state of negotiations over Brexit and the Italian government budget deficit. Equity markets in AFEs posted notable declines, and Europe-dedicated bond and equity funds reported strong outflows. Equity declines in EMEs were more modest, and e"
0acd6ee6151722970676__original,2018-12-19,stock market*,stock market,285,297,unclassified,,[],"nce through both seasoned and initial offerings moderated, consistent with the weakness and volatility in the stock market. In the commercial real estate (CRE) sector, financing conditions remained accommodative."
09855ac709dd81f7b122__original,2018-12-19,equity price*,equity prices,170,183,negative,declin*,"[[159, 166]]","ming data on economic activity and the recent tightening in financial conditions, particularly the decline in equity prices, the U. S."
e4c6090c009d6f8b3f09__original,2018-12-19,equity price*,equity prices,322,335,negative,declin*,"[[310, 318]]","ial markets were volatile and conditions had tightened over the intermeeting period, with sizable declines in equity prices and notably wider corporate credit spreads coinciding with a continued flattening of the Treasury yield curve; in part, these changes in financial co"
26e531f54768287f63ef__original,2018-12-19,equity price*,equity prices,457,470,negative,declin*,"[[471, 479]]","t financial markets had been volatile and financial conditions had tightened over the intermeeting period, as equity prices declined, corporate credit spreads widened, and the Treasury yield curve continued to flatten. Some participants commented that these developments ma"
b37deae4c19f8160d0e4__original,2019-01-30,stock price*,stock prices,316,328,unclassified,,[],"olicy and that it would be flexible in managing the reduction of securities holdings in the SOMA. On balance, stock prices finished the period up almost 5 percent while corporate risk spreads narrowed, reversing a portion of the changes in these variables since the Septem"
a2fdebe0013cef02e372__original,2019-01-30,equity market*,equity markets,382,396,unclassified,,[],"t runoff and associated ""quantitative tightening"" had been an important factor contributing to the selloff in equity markets in the closing months of last year. While respondents assessed that the reduction of securities held in the SOMA would put some modest upward pressur"
c3957cfe8759bb51dd81__original,2019-01-30,equity index*,equity indexes,336,350,negative,declin*,"[[351, 359]]","articipants as contributing to a deterioration in risk sentiment early in the period. During this time, broad equity indexes declined substantially amid a sharp rise in financial market volatility, and corporate bond spreads widened notably. Subsequently, positive signals r"
d223036550e8dcf7bde8__original,2019-01-30,s p 500 index,s p 500 index,181,194,positive,rose,"[[195, 199]]","data releases, and communications from FOMC participants led to an improvement in risk sentiment. On net, the s p 500 index rose, option-implied volatility--the VIX--fell, Treasury yields declined, and corporate spreads narrowed over the intermeeting period. Despite the in"
40ea3e6176ff62b06b1f__original,2019-01-30,asset market*,asset markets,9,22,unclassified,,[],"S. risky asset markets, the s p 500 equity index was down as much as 8 percent at one point during the period but ended the period notably higher. On net, the VIX fell subs"
40ea3e6176ff62b06b1f__original,2019-01-30,equity index*,equity index,36,48,negative,down,"[[53, 57]]","S. risky asset markets, the s p 500 equity index was down as much as 8 percent at one point during the period but ended the period notably higher. On net, the VIX fell substantially while corporate "
122d136e99e21ab9ad73__original,2019-01-30,equity price*,equity prices,111,124,positive,mov* up,"[[125, 133]]","oreign financial markets followed the same general pattern as those in the United States. On balance, foreign equity prices moved up moderately and sovereign credit spreads in EMEs narrowed. Moreover, inflows to dedicated emerging market funds resumed after two quarters of"
6e7ec9ae71bab6a8ab4c__original,2019-01-30,equity price*,equity prices,176,189,unclassified,,[],"eting was revised down a little, on balance, primarily reflecting somewhat lower projected paths for domestic equity prices and foreign economic growth. The staff estimated that U."
bc84b20186f93e7a969d__original,2019-01-30,equity price*,equity prices,448,461,negative,low*,"[[442, 447]]","n volatile and financial conditions were materially tighter than they had been several months ago, with lower equity prices and wider corporate risk spreads. Several participants also noted that the slope of the Treasury yield curve was unusually flat by historical standar"
b6c0f8f0aa6887634572__original,2019-03-20,equity index*,equity indexes,127,141,positive,mov* high*,"[[142, 154]]","e SOMA discussed developments in global financial markets over the intermeeting period. In the United States, equity indexes moved higher and credit spreads tightened. Market participants attributed these moves largely to a perceived shift in the FOMC's approach to policy f"
590a8892a87c7947a01e__original,2019-03-20,equity market*,equity markets,575,589,unclassified,,[],"cement of another round of targeted long-term refinancing operations, were followed by a decline in euro-area equity markets, particularly bank stocks, as well as declines in euro-area rates. Market contacts attributed the price reaction to a perception that the measures we"
b674beb61540d089d12f__original,2019-03-20,equity price index*,equity price indexes,191,211,positive,increas*,"[[212, 221]]","sm for a trade deal between the United States and China as factors that contributed to the improvement. Broad equity price indexes increased notably, corporate bond spreads narrowed, and measures of equity market volatility declined. Meanwhile, financing conditions for businesses"
b674beb61540d089d12f__original,2019-03-20,equity market*,equity market,280,293,unclassified,,[],"e improvement. Broad equity price indexes increased notably, corporate bond spreads narrowed, and measures of equity market volatility declined. Meanwhile, financing conditions for businesses and households improved slightly and generally remained supportive of economic ac"
a959d5281dbb011fb79c__original,2019-03-20,equity price index*,equity price indexes,3,23,positive,increas*,"[[24, 33]]","S. equity price indexes increased over the intermeeting period, with broad-based gains across sectors. Improved prospects for a trade deal between the United States and Chin"
4d250254534db56681bd__original,2019-03-20,stock price*,stock prices,329,341,unclassified,,[],"urth quarter of 2018 and earnings projections for 2019. Consistent with reports about a potential trade deal, stock prices of firms with greater exposure to China generally outperformed the s p 500 index. Option-"
4d250254534db56681bd__original,2019-03-20,s p 500 index,s p 500 index,409,422,unclassified,,[],"about a potential trade deal, stock prices of firms with greater exposure to China generally outperformed the s p 500 index. Option-"
68f029ef2489e6526658__original,2019-03-20,s p 500 index,s p 500 index,34,47,unclassified,,[],Option- implied volatility on the s p 500 index at the one-month horizon--the VIX--declined and reached its lowest point this year. Spreads on investment- and speculative-grade corporate bonds narr
68f029ef2489e6526658__original,2019-03-20,equity price*,equity prices,232,245,positive,gain*,"[[223, 228]]","his year. Spreads on investment- and speculative-grade corporate bonds narrowed, consistent with the gains in equity prices, but were still wider than levels observed last fall."
21c76404c373752d7ac1__original,2019-03-20,s p 500 index,s p 500 index,26,39,unclassified,,[],implied volatility on the s p 500 index at the one-month horizon--the VIX--declined and reached its lowest point this year. Spreads on investment- and speculative-grade corporate bonds narr
21c76404c373752d7ac1__original,2019-03-20,equity price*,equity prices,224,237,positive,gain*,"[[215, 220]]","his year. Spreads on investment- and speculative-grade corporate bonds narrowed, consistent with the gains in equity prices, but were still wider than levels observed last fall. Conditions in short-term funding markets generally remained stable over the intermeeting period"
2f14bffd99002a480dc2__original,2019-03-20,equity price*,equity prices,325,338,unclassified,,[],"s and more than offset the effects of continued concerns about foreign economic growth. In particular, global equity prices generally ended the period higher, and dedicated emerging market funds continued to see inflows. At the same time, long-term AFE yields declined some"
f9502d06a84878a623fa__original,2019-03-20,stock market*,stock market,224,236,unclassified,,[],"of gross equity issuance was sluggish in January but ticked up in February, consistent with the uptick in the stock market. In the commercial real estate (CRE) sector, financing conditions continued to be generally accommodative."
a5664a9363c0ee706108__original,2019-03-20,equity price*,equity prices,326,339,unclassified,,[], and foreign economic growth that were only partially offset by a somewhat higher projected path for domestic equity prices and a lower projected trajectory for interest rates. The staff forecast that U.
e9cabecf0f4e9646f176__original,2019-05-01,equities,equities,130,138,unclassified,,[],"OMA reviewed developments in financial markets over the intermeeting period. In the United States, prices for equities and other risk assets reportedly were buoyed by perceptions of an accommodative stance of monetary policy, incoming economic data pointing to continu"
ea7be1045ecf0b4f826a__original,2019-05-01,equity price index*,equity price indexes,76,96,positive,rose,"[[97, 101]]","Investor sentiment continued to improve over the intermeeting period. Broad equity price indexes rose notably and corporate bond spreads narrowed amid a decline in market volatility, and financing conditions for businesses and households also eas"
edb05b5ac9ecc960304b__original,2019-05-01,equity price index*,equity price indexes,3,23,positive,increas*,"[[24, 33]]","S. equity price indexes increased over the intermeeting period, with the s p 500 equity index returning to the levels it reached before its decline in the last quarter of 20"
edb05b5ac9ecc960304b__original,2019-05-01,equity index*,equity index,81,93,unclassified,,[],"S. equity price indexes increased over the intermeeting period, with the s p 500 equity index returning to the levels it reached before its decline in the last quarter of 2018. Following the March FOMC meeting, bank stock prices declined, repo"
edb05b5ac9ecc960304b__original,2019-05-01,stock price*,stock prices,216,228,negative,declin*,"[[229, 237]]"," the levels it reached before its decline in the last quarter of 2018. Following the March FOMC meeting, bank stock prices declined, reportedly on concerns about the potential effects of a flat or inverted yield curve on bank profits; bank stocks subsequently retraced thi"
355aa1d6342df04cd736__original,2019-05-01,equity price index*,equity price indexes,0,20,positive,increas*,"[[21, 30]]","equity price indexes increased over the intermeeting period, with the s p 500 equity index returning to the levels it reached before its decline in the last quarter of 20"
355aa1d6342df04cd736__original,2019-05-01,equity index*,equity index,78,90,unclassified,,[],"equity price indexes increased over the intermeeting period, with the s p 500 equity index returning to the levels it reached before its decline in the last quarter of 2018. Following the March FOMC meeting, bank stock prices declined, repo"
355aa1d6342df04cd736__original,2019-05-01,stock price*,stock prices,213,225,negative,declin*,"[[226, 234]]"," the levels it reached before its decline in the last quarter of 2018. Following the March FOMC meeting, bank stock prices declined, reportedly on concerns about the potential effects of a flat or inverted yield curve on bank profits; bank stocks subsequently retraced thi"
d7cf435f226e9c7626a2__original,2019-05-01,equity price*,equity prices,58,71,positive,increas*,"[[72, 81]]","Treasury yields following the March FOMC meeting. Foreign equity prices increased, on balance, amid optimism around trade negotiations between the United States and China, stronger-than-expected Chinese data, and accommod"
28c305f7fedbf8340428__original,2019-05-01,equity price*,equity prices,353,366,unclassified,,[],"as revised up, primarily reflecting a lower assumed path for interest rates, a slightly higher trajectory for equity prices, and somewhat less appreciation of the broad real dollar. The staff's lower path for interest rates reflected a methodological change in how the staf"
ea9e3937b9056ef79668__original,2019-06-19,equity price*,Equity prices,18,31,unclassified,,[],economic outlook. Equity prices and interest rates fell noticeably after the announcement of higher tariffs on Chinese imports in early May and then again after news that tariffs mi
2834910ccee49de679e0__original,2019-06-19,equity price*,Equity prices,123,136,negative,declin*,"[[137, 145]]","ury yields posted notable declines and the expected path of policy shifted down considerably over the period. Equity prices declined, on net, and corporate bond spreads widened. However, financing conditions for businesses and households generally remained supportive of ec"
2db859e5c3e7c02a5090__original,2019-06-19,equity price index*,equity price indexes,3,23,negative,declin*,"[[24, 32]]","S. equity price indexes declined, on net, over the intermeeting period. Equity prices fell notably over the first few weeks of the period, primarily in response to the escal"
2db859e5c3e7c02a5090__original,2019-06-19,equity price*,Equity prices,72,85,negative,fell,"[[86, 90]]","S. equity price indexes declined, on net, over the intermeeting period. Equity prices fell notably over the first few weeks of the period, primarily in response to the escalation of trade tensions with China and Mexico."
f4ce14de2766a31479dc__original,2019-06-19,equity price index*,equity price indexes,0,20,negative,declin*,"[[21, 29]]","equity price indexes declined, on net, over the intermeeting period. Equity prices fell notably over the first few weeks of the period, primarily in response to the escal"
f4ce14de2766a31479dc__original,2019-06-19,equity price*,Equity prices,69,82,negative,fell,"[[83, 87]]","equity price indexes declined, on net, over the intermeeting period. Equity prices fell notably over the first few weeks of the period, primarily in response to the escalation of trade tensions with China and Mexico. Firms with high"
f4845bf96609c696b1f0__original,2019-06-19,stock price*,stock prices,212,224,unclassified,,[],"ndustrials, communication services, and banks-posted particularly large losses. However, later in the period, stock prices regained a significant portion of their losses amid an easing of trade tensions with Mexico and expectations of a more accommodative stance of policy"
f4845bf96609c696b1f0__original,2019-06-19,s p 500 index,s p 500 index,419,432,unclassified,,[]," Mexico and expectations of a more accommodative stance of policy. One-month option-implied volatility on the s p 500 index-the VIX-increased over the period, and corporate credit spreads widened."
61c7f1576badb2855f6d__original,2019-06-19,stock price*,stock prices,30,42,unclassified,,[],"However, later in the period, stock prices regained a significant portion of their losses amid an easing of trade tensions with Mexico and expectations of a more accommodative stance of policy"
61c7f1576badb2855f6d__original,2019-06-19,s p 500 index,s p 500 index,237,250,unclassified,,[]," Mexico and expectations of a more accommodative stance of policy. One-month option-implied volatility on the s p 500 index-the VIX-increased over the period, and corporate credit spreads widened. Conditions in short-term funding markets remained stable over the intermeeti"
ef8d84da41a322500121__original,2019-06-19,equity price index*,equity price indexes,113,133,negative,declin*,"[[134, 142]]","alation of trade tensions and soft economic data also weighed on foreign financial markets. Most major global equity price indexes declined, on net, and EME sovereign spreads widened modestly. In the AFEs, policy expectations and sovereign yields declined notably, in part reflect"
c57053f641ff047f8d44__original,2019-07-31,equity price*,Equity prices,66,79,positive,increas*,"[[80, 89]]","Yields on nominal Treasury securities were little changed on net. Equity prices increased, corporate bond spreads narrowed, and inflation compensation rose modestly. Financing conditions for businesses and households were little "
2f09bd816710c36448b2__original,2019-07-31,stock price*,stock price,250,261,unclassified,,[],"increased geopolitical tensions with Iran-contributed to the upward pressure on inflation compensation. Broad stock price indexes increased, on net, over the intermeeting period, with notable increases following the June FOMC communications, the Chair's July Monetary Pol"
14e6319ecbb5a5c82521__original,2019-07-31,equity price*,Equity price,113,125,positive,increas*,"[[126, 135]]","itionally, there was a slight positive reaction to news of an agreement on the federal budget and debt limit. Equity price increases were broad based across major sectors, with technology, financial, and communication services firms outperforming broad indexes. One-month "
14e6319ecbb5a5c82521__original,2019-07-31,s p 500 index,s p 500 index,308,321,unclassified,,[],"ial, and communication services firms outperforming broad indexes. One-month option-implied volatility on the s p 500 index-the VIX-decreased slightly, on net, and corporate credit spreads narrowed."
8e984786bc95d1ad7135__original,2019-07-31,equity price*,Equity price,0,12,positive,increas*,"[[13, 22]]","Equity price increases were broad based across major sectors, with technology, financial, and communication services firms outperforming broad indexes. One-month "
8e984786bc95d1ad7135__original,2019-07-31,s p 500 index,s p 500 index,195,208,unclassified,,[],"ial, and communication services firms outperforming broad indexes. One-month option-implied volatility on the s p 500 index-the VIX-decreased slightly, on net, and corporate credit spreads narrowed. Conditions in domestic short-term funding markets remained fairly stable."
24ef17346578040ceee1__original,2019-07-31,equity index*,equity indexes,193,207,positive,increas*,"[[208, 217]]","d some easing of trade tensions generally supported foreign risky assets over the intermeeting period. Global equity indexes increased modestly, while emerging market sovereign spreads narrowed. On balance, the broad dollar index ended the period modestly lower."
0d27866083992e9aa321__original,2019-07-31,equity price*,equity prices,356,369,unclassified,,[],"DP growth over the medium term was a little stronger, supported by the effects of a higher projected path for equity prices and a lower trajectory for interest rates. Real GDP was forecast to expand at a rate a little above the staff's estimate of potential output growth i"
0d0b87ae6db1ba03e86c__original,2019-07-31,stock price*,stock prices,337,349,unclassified,,[],"pants observed that financial conditions remained supportive of economic growth, with borrowing rates low and stock prices near all-time highs. Participants observed that current financial conditions appeared to be premised importantly on expectations that the Federal Res"
8ef78ee423898a16d8fc__original,2019-07-31,equity price*,equity prices,581,594,unclassified,,[],"the Committee's 2 percent target, and financial stability concerns were elevated, as indicated by near-record equity prices and corporate leverage. Consistent with the Committee's decision to lower the target range for the federal funds rate to 2 to 2-1/4 percent, the Boar"
eb8d61715cf874e789b3__original,2019-09-18,equity price index*,equity price indexes,77,97,negative,down,"[[103, 107]]",The market-implied path of the federal funds rate shifted down on net. Broad equity price indexes were down as much as 6 percent in early August but almost fully recovered by the end of the intermeeting period. Spreads on investment-grade corporat
b7b2e043c9182a938e78__original,2019-09-18,stock price*,stock price,111,122,unclassified,,[],"easures of inflation compensation derived from Treasury Inflation-Protected Securities declined on net. Broad stock price indexes decreased slightly, on net, over the intermeeting period amid heightened volatility. The escalation of trade tensions between China and the U"
b7b2e043c9182a938e78__original,2019-09-18,equity price*,equity prices,296,309,negative,weigh* on,"[[285, 295]]","d amid heightened volatility. The escalation of trade tensions between China and the United States weighed on equity prices, but investors' expectations that major central banks would shift toward more accommodative monetary policies provided some support."
ad638f15d2e881a12519__original,2019-09-18,stock price*,stock price,6,17,unclassified,,[],"Broad stock price indexes decreased slightly, on net, over the intermeeting period amid heightened volatility. The escalation of trade tensions between China and the U"
ad638f15d2e881a12519__original,2019-09-18,equity price*,equity prices,191,204,negative,weigh* on,"[[180, 190]]","d amid heightened volatility. The escalation of trade tensions between China and the United States weighed on equity prices, but investors' expectations that major central banks would shift toward more accommodative monetary policies provided some support. Equity prices we"
ad638f15d2e881a12519__original,2019-09-18,equity price*,Equity prices,338,351,unclassified,,[],tions that major central banks would shift toward more accommodative monetary policies provided some support. Equity prices were also boosted by better-than-anticipated corporate earnings and retail-sector data.
cb23cc60f60d78e9db45__original,2019-09-18,equity price*,equity prices,80,93,negative,weigh* on,"[[69, 79]]","The escalation of trade tensions between China and the United States weighed on equity prices, but investors' expectations that major central banks would shift toward more accommodative monetary policies provided some support. Equity prices we"
cb23cc60f60d78e9db45__original,2019-09-18,equity price*,Equity prices,227,240,unclassified,,[],tions that major central banks would shift toward more accommodative monetary policies provided some support. Equity prices were also boosted by better-than-anticipated corporate earnings and retail-sector data. Stock prices of firms with high exposure to China underperfor
cb23cc60f60d78e9db45__original,2019-09-18,stock price*,Stock prices,329,341,unclassified,,[],"upport. Equity prices were also boosted by better-than-anticipated corporate earnings and retail-sector data. Stock prices of firms with high exposure to China underperformed the broader market somewhat, as did bank stocks amid downward revisions to banks' earnings foreca"
bf61cc94a4ddda36b32e__original,2019-09-18,equity price*,Equity prices,0,13,unclassified,,[],Equity prices were also boosted by better-than-anticipated corporate earnings and retail-sector data. Stock prices of firms with high exposure to China underperfor
bf61cc94a4ddda36b32e__original,2019-09-18,stock price*,Stock prices,102,114,unclassified,,[],"Equity prices were also boosted by better-than-anticipated corporate earnings and retail-sector data. Stock prices of firms with high exposure to China underperformed the broader market somewhat, as did bank stocks amid downward revisions to banks' earnings foreca"
bf61cc94a4ddda36b32e__original,2019-09-18,stock price*,stock prices,285,297,unclassified,,[],"der market somewhat, as did bank stocks amid downward revisions to banks' earnings forecasts. Conversely, the stock prices of utilities and real estate firms increased noticeably, reportedly benefiting from demand by investors reaching for less cyclical and higher-yieldin"
0a7c1e579eec1dd989ea__original,2019-09-18,stock price*,Stock prices,0,12,unclassified,,[],"Stock prices of firms with high exposure to China underperformed the broader market somewhat, as did bank stocks amid downward revisions to banks' earnings foreca"
0a7c1e579eec1dd989ea__original,2019-09-18,stock price*,stock prices,183,195,unclassified,,[],"der market somewhat, as did bank stocks amid downward revisions to banks' earnings forecasts. Conversely, the stock prices of utilities and real estate firms increased noticeably, reportedly benefiting from demand by investors reaching for less cyclical and higher-yieldin"
0a7c1e579eec1dd989ea__original,2019-09-18,s p 500 index,s p 500 index,398,411,unclassified,,[],"y investors reaching for less cyclical and higher-yielding assets. One-month option-implied volatility on the s p 500 index-the VIX-was little changed, on net, over the intermeeting period and remained at the lower end of its historical distribution after retracing a sharp"
7710f45f866798a30133__original,2019-09-18,stock price*,stock prices,16,28,unclassified,,[],"Conversely, the stock prices of utilities and real estate firms increased noticeably, reportedly benefiting from demand by investors reaching for less cyclical and higher-yieldin"
7710f45f866798a30133__original,2019-09-18,s p 500 index,s p 500 index,231,244,unclassified,,[],"y investors reaching for less cyclical and higher-yielding assets. One-month option-implied volatility on the s p 500 index-the VIX-was little changed, on net, over the intermeeting period and remained at the lower end of its historical distribution after retracing a sharp"
f7e4550b51b95039c65b__original,2019-09-18,equities,equities,246,254,negative,declin*,"[[255, 263]]","d. Early in the intermeeting period, bond yields in the advanced foreign economies (AFEs) plunged and foreign equities declined notably following an increase in U. S."
98f786ee220a37c03d2a__original,2019-09-18,equity price*,equity prices,247,260,unclassified,,[],"ad contributed to further declines in yields. Later in the period, AFE yields partially rebounded and foreign equity prices fully recovered on some easing of U. S."
8957ef59d39f18111fc5__original,2019-09-18,equity price*,equity prices,130,143,unclassified,,[],"dged that a prolonged inversion of the yield curve could be a matter of concern. Participants also noted that equity prices had exhibited volatility but had been largely flat, on balance, over the intermeeting period. Several participants cited considerations that led them"
d61a4aebfb483cd2be06__original,2019-10-30,equity price*,equity prices,290,303,unclassified,,[],"sm regarding ongoing trade negotiations between the United States and China and positive Brexit news. On net, equity prices and corporate bond spreads were little changed, and the Treasury yield curve steepened a bit. Financing conditions for businesses and households rema"
69f94682630d9d95a418__original,2019-10-30,stock price*,stock price,188,199,unclassified,,[],"ad based on Treasury Inflation-Protected Securities inched down and remained near multiyear low levels. Broad stock price indexes fell by as much as 4 percent during the first half of the intermeeting period but recovered afterward, ending the period roughly unchanged. O"
69f94682630d9d95a418__original,2019-10-30,s p 500 index,s p 500 index,381,394,negative,declin*,"[[395, 403]]","meeting period but recovered afterward, ending the period roughly unchanged. Option-implied volatility on the s p 500 index declined slightly and ended the period below the middle of its historical distribution."
440336a9625180c93772__original,2019-10-30,stock price*,stock price,6,17,unclassified,,[],"Broad stock price indexes fell by as much as 4 percent during the first half of the intermeeting period but recovered afterward, ending the period roughly unchanged. O"
440336a9625180c93772__original,2019-10-30,s p 500 index,s p 500 index,199,212,negative,declin*,"[[213, 221]]","meeting period but recovered afterward, ending the period roughly unchanged. Option-implied volatility on the s p 500 index declined slightly and ended the period below the middle of its historical distribution. On net, corporate credit spreads were little changed."
ae31f04a2d9df5ad9f9a__original,2019-12-11,equity price*,equity prices,154,167,positive,increas*,"[[168, 177]]","meeting period largely in response to ongoing trade negotiations between the United States and China. On net, equity prices increased moderately while corporate bond spreads narrowed slightly. Yields on nominal Treasury securities were little changed."
9cc6901be9a103b0516e__original,2019-12-11,stock price*,stock price,187,198,unclassified,,[],ead based on Treasury Inflation-Protected Securities increased slightly from near multiyear low levels. Broad stock price indexes increased moderately over the intermeeting period amid movements largely attributed to trade-related developments and stronger-than-expected 
f387c4a3e3c659a5613c__original,2019-12-11,s p 500 index,s p 500 index,53,66,positive,increas*,"[[67, 76]]","employment reports. Option-implied volatility on the s p 500 index increased modestly but remained near the low end of its historical distribution. On net, corporate credit spreads narrowed slightly."
2fe5da4326127a478e8f__original,2019-12-11,equity price index*,equity price indexes,40,60,unclassified,,[],"-China trade negotiations. Most foreign equity price indexes and long-term sovereign yields in Germany, the United Kingdom, and Japan increased modestly on net. The broad dollar index ended the period little ch"
422f39d46003303c0bed__original,2019-12-11,equity price*,equity prices,382,395,unclassified,,[],"ium term was also revised up a bit, on balance, primarily in response to a somewhat higher projected path for equity prices. Nevertheless, real GDP growth was still expected to slow modestly in the coming years, largely because of a fading boost from fiscal policy."
a2b632eeecfe331e87ea__original,2020-01-29,equity price*,equity prices,3,16,unclassified,,[],"S. equity prices. On balance, U."
5d4e84c0bd47dfffb52a__original,2020-01-29,equity price*,equity prices,85,98,positive,rising,"[[99, 105]]","S. financial conditions became more accommodative over the intermeeting period, with equity prices rising notably. Despite signs of reduced risks to the outlook and of some stabilization in economic activity abroad, financial market participants' v"
303ef3ea71e9051439ec__original,2020-01-29,price* of risk* asset*,prices of risky assets,194,216,negative,declin*,"[[178, 186]]","ut its potential economic effect weighed negatively on investor sentiment and led to moderate declines in the prices of risky assets. On net, equity prices increased notably over the intermeeting period, while corporate bond spreads were little changed and yields on nominal Treasur"
303ef3ea71e9051439ec__original,2020-01-29,equity price*,equity prices,226,239,positive,increas*,"[[240, 249]]"," weighed negatively on investor sentiment and led to moderate declines in the prices of risky assets. On net, equity prices increased notably over the intermeeting period, while corporate bond spreads were little changed and yields on nominal Treasury securities declined. "
bfb3bf811ffb7caea25d__original,2020-01-29,stock price*,stock price,199,210,unclassified,,[]," Treasury Inflation-Protected Securities decreased, on net, but remained above their October 2019 lows. Broad stock price indexes increased notably, on balance, over the intermeeting period, with gains largely attributed to improved market sentiment about trade negotiati"
bfb3bf811ffb7caea25d__original,2020-01-29,equity price*,equity prices,442,455,unclassified,,[],"timent about trade negotiations and a perceived lower probability of a disorderly Brexit. Late in the period, equity prices retraced some of their gains, as concerns about the spread of the coronavirus weighed negatively on risk sentiment."
fe90cb500ddbfbc801ca__original,2020-01-29,stock price*,stock price,6,17,unclassified,,[],"Broad stock price indexes increased notably, on balance, over the intermeeting period, with gains largely attributed to improved market sentiment about trade negotiati"
fe90cb500ddbfbc801ca__original,2020-01-29,equity price*,equity prices,249,262,unclassified,,[],"timent about trade negotiations and a perceived lower probability of a disorderly Brexit. Late in the period, equity prices retraced some of their gains, as concerns about the spread of the coronavirus weighed negatively on risk sentiment. Overall movements in stock prices"
fe90cb500ddbfbc801ca__original,2020-01-29,stock price*,stock prices,400,412,unclassified,,[],"s, as concerns about the spread of the coronavirus weighed negatively on risk sentiment. Overall movements in stock prices varied widely across economic sectors, with stocks of firms in the information technology and utilities sectors significantly outperforming aggregate"
fe90cb500ddbfbc801ca__original,2020-01-29,stock price*,stock prices,578,590,unclassified,,[],"irms in the information technology and utilities sectors significantly outperforming aggregate indexes, while stock prices of firms in the energy sector declined markedly."
4e51be74d0fac709ff54__original,2020-01-29,equity price*,equity prices,20,33,unclassified,,[],"Late in the period, equity prices retraced some of their gains, as concerns about the spread of the coronavirus weighed negatively on risk sentiment. Overall movements in stock prices"
4e51be74d0fac709ff54__original,2020-01-29,stock price*,stock prices,171,183,unclassified,,[],"s, as concerns about the spread of the coronavirus weighed negatively on risk sentiment. Overall movements in stock prices varied widely across economic sectors, with stocks of firms in the information technology and utilities sectors significantly outperforming aggregate"
4e51be74d0fac709ff54__original,2020-01-29,stock price*,stock prices,349,361,unclassified,,[],"irms in the information technology and utilities sectors significantly outperforming aggregate indexes, while stock prices of firms in the energy sector declined markedly. Option-implied volatility on the s p 500 index increased a bit, on balance, while corporate credit s"
4e51be74d0fac709ff54__original,2020-01-29,s p 500 index,s p 500 index,444,457,positive,increas*,"[[458, 467]]","indexes, while stock prices of firms in the energy sector declined markedly. Option-implied volatility on the s p 500 index increased a bit, on balance, while corporate credit spreads were little changed."
cc5815dab6d07302f4f7__original,2020-01-29,stock price*,stock prices,21,33,unclassified,,[],"Overall movements in stock prices varied widely across economic sectors, with stocks of firms in the information technology and utilities sectors significantly outperforming aggregate"
cc5815dab6d07302f4f7__original,2020-01-29,stock price*,stock prices,199,211,unclassified,,[],"irms in the information technology and utilities sectors significantly outperforming aggregate indexes, while stock prices of firms in the energy sector declined markedly. Option-implied volatility on the s p 500 index increased a bit, on balance, while corporate credit s"
cc5815dab6d07302f4f7__original,2020-01-29,s p 500 index,s p 500 index,294,307,positive,increas*,"[[308, 317]]","indexes, while stock prices of firms in the energy sector declined markedly. Option-implied volatility on the s p 500 index increased a bit, on balance, while corporate credit spreads were little changed. Conditions in domestic short-term funding markets, including in secu"
4bb9b08b2a18b5c73720__original,2020-01-29,equity price*,equity prices,99,112,positive,rose,"[[113, 117]]","The Desk's open market operations proceeded smoothly. For most of the intermeeting period, foreign equity prices rose amid progress on U. S."
41747c52f180f0837df0__original,2020-01-29,equity index*,equity indexes,136,150,positive,increas*,"[[151, 160]]","r, concerns about the coronavirus outbreak in China weighed on risk sentiment. On balance, most major foreign equity indexes increased modestly, and AFE long-term sovereign yields ended the period somewhat lower. U."
3113afa026e863354c00__original,2020-03-15,s p 500 index,s p 500 index,182,195,negative,declin*,"[[196, 204]]"," of the coronavirus and uncertainty regarding its effects. Since the meeting of the FOMC in late January, the s p 500 index declined 18 percent, nominal U. S."
f82bbbfca312fea4bcf2__original,2020-03-15,equity price*,Equity prices,129,142,unclassified,,[],"coronavirus outbreak dominated financial market developments at home and abroad over the intermeeting period. Equity prices, sovereign yields, and the market-implied expected trajectory of the federal funds rate all plummeted, and the volatility of asset prices soared. Lat"
f82bbbfca312fea4bcf2__original,2020-03-15,asset price*,asset prices,268,280,unclassified,,[],"ds, and the market-implied expected trajectory of the federal funds rate all plummeted, and the volatility of asset prices soared. Late in the intermeeting period, short-term funding markets showed signs of stress, with elevated demand for repo funding and increased short"
4b917be722c9765d9854__original,2020-03-15,stock price*,stock price,76,87,unclassified,,[],"Market depth was extremely thin, and bid-ask spreads widened sharply. Broad stock price indexes plummeted because of a flight to safety amid escalating concerns about global economic activity. Although the declines were broad based, the "
1c0293a445239d7750ed__original,2020-03-15,stock price*,Stock price,111,122,unclassified,,[],"lthough the declines were broad based, the airline, energy, and bank sectors were among the worst performers. Stock price indexes were extremely volatile, and the one-month option-implied volatility on the s p 500 index soared, sometimes reaching levels not seen since th"
1c0293a445239d7750ed__original,2020-03-15,s p 500 index,s p 500 index,207,220,unclassified,,[],"t performers. Stock price indexes were extremely volatile, and the one-month option-implied volatility on the s p 500 index soared, sometimes reaching levels not seen since the fall of 2008. Corporate bond spreads over comparable-maturity Treasury yields widened significan"
7a3de7b337db9d7b0263__original,2020-03-15,risk* asset price*,risk asset prices,38,55,negative,plummet*,"[[56, 65]]","Over the intermeeting period, foreign risk asset prices plummeted amid a rapid deterioration of investor sentiment due to the global spread of the coronavirus. Major foreign equity indexes dropped sharply "
7a3de7b337db9d7b0263__original,2020-03-15,equity index*,equity indexes,174,188,negative,drop*,"[[189, 196]]","d amid a rapid deterioration of investor sentiment due to the global spread of the coronavirus. Major foreign equity indexes dropped sharply over the intermeeting period, while option-implied volatility measures climbed to their highest levels since the Global Financial Cri"
f60f8f86257e73d0898c__original,2020-03-15,equity index*,equity indexes,14,28,negative,low*,"[[34, 39]]",S. and global equity indexes were lower than at the time of the Committee's meeting in January and implied equity market volatility had risen to levels not seen since 2015. The d
f60f8f86257e73d0898c__original,2020-03-15,equity market*,equity market,107,120,unclassified,,[],S. and global equity indexes were lower than at the time of the Committee's meeting in January and implied equity market volatility had risen to levels not seen since 2015. The deterioration in risk sentiment had also been reflected in a significant widening in U.
9f0b7bf3cc865e59d779__original,2020-04-29,equity price index*,Equity price indexes,70,90,positive,up,"[[96, 98]]","Financial conditions had shown notable improvement over recent weeks. Equity price indexes were up substantially from the lows of late March, safe-haven demands for the dollar had receded, and measures of realized and implied volatility acr"
e0a017d3735f5e63f29e__original,2020-04-29,s p 500 index,s p 500 index,452,465,positive,rose,"[[466, 470]]","quidity subsided and prices of most risky assets increased notably. Over the intermeeting period, on net, the s p 500 index rose, option-implied volatility fell, and Treasury yields declined, while corporate bond spreads widened somewhat. Financing conditions for businesse"
7ea5b3534a9d96daafe8__original,2020-04-29,stock price*,Stock price,171,182,unclassified,,[],"tly in the second half of March, supported by the Federal Reserve's additional purchases of these securities. Stock price indexes were exceptionally volatile early in the intermeeting period, and one-month option-implied volatility on the s p 500 index reached a record h"
7ea5b3534a9d96daafe8__original,2020-04-29,s p 500 index,s p 500 index,300,313,unclassified,,[]," were exceptionally volatile early in the intermeeting period, and one-month option-implied volatility on the s p 500 index reached a record high. Equity market volatility moved down substantially over the remainder of the intermeeting period but remained elevated, and equ"
7ea5b3534a9d96daafe8__original,2020-04-29,equity market*,Equity market,337,350,unclassified,,[]," the intermeeting period, and one-month option-implied volatility on the s p 500 index reached a record high. Equity market volatility moved down substantially over the remainder of the intermeeting period but remained elevated, and equity prices more than retraced their e"
7ea5b3534a9d96daafe8__original,2020-04-29,equity price*,equity prices,460,473,unclassified,,[]," volatility moved down substantially over the remainder of the intermeeting period but remained elevated, and equity prices more than retraced their earlier declines to end the intermeeting period notably higher."
a4a6516280af3f11418b__original,2020-04-29,stock price*,Stock price,0,11,unclassified,,[],"Stock price indexes were exceptionally volatile early in the intermeeting period, and one-month option-implied volatility on the s p 500 index reached a record h"
a4a6516280af3f11418b__original,2020-04-29,s p 500 index,s p 500 index,129,142,unclassified,,[]," were exceptionally volatile early in the intermeeting period, and one-month option-implied volatility on the s p 500 index reached a record high. Equity market volatility moved down substantially over the remainder of the intermeeting period but remained elevated, and equ"
a4a6516280af3f11418b__original,2020-04-29,equity market*,Equity market,166,179,unclassified,,[]," the intermeeting period, and one-month option-implied volatility on the s p 500 index reached a record high. Equity market volatility moved down substantially over the remainder of the intermeeting period but remained elevated, and equity prices more than retraced their e"
a4a6516280af3f11418b__original,2020-04-29,equity price*,equity prices,289,302,unclassified,,[]," volatility moved down substantially over the remainder of the intermeeting period but remained elevated, and equity prices more than retraced their earlier declines to end the intermeeting period notably higher. Broad stock price index increases over the intermeeting peri"
a4a6516280af3f11418b__original,2020-04-29,stock price*,stock price,398,409,unclassified,,[]," equity prices more than retraced their earlier declines to end the intermeeting period notably higher. Broad stock price index increases over the intermeeting period were led by the energy, consumer discretionary, basic materials, and health-care sectors."
13ffcf0148b300f67e61__original,2020-04-29,equity market*,Equity market,0,13,unclassified,,[],"Equity market volatility moved down substantially over the remainder of the intermeeting period but remained elevated, and equity prices more than retraced their e"
13ffcf0148b300f67e61__original,2020-04-29,equity price*,equity prices,123,136,unclassified,,[]," volatility moved down substantially over the remainder of the intermeeting period but remained elevated, and equity prices more than retraced their earlier declines to end the intermeeting period notably higher. Broad stock price index increases over the intermeeting peri"
13ffcf0148b300f67e61__original,2020-04-29,stock price*,stock price,232,243,unclassified,,[]," equity prices more than retraced their earlier declines to end the intermeeting period notably higher. Broad stock price index increases over the intermeeting period were led by the energy, consumer discretionary, basic materials, and health-care sectors. Broad equity p"
13ffcf0148b300f67e61__original,2020-04-29,equity price index*,equity price indexes,385,405,unclassified,,[],"eeting period were led by the energy, consumer discretionary, basic materials, and health-care sectors. Broad equity price indexes remained, however, markedly below peaks registered earlier this year."
2ed75580dd10c9023890__original,2020-04-29,stock price*,stock price,6,17,unclassified,,[],"Broad stock price index increases over the intermeeting period were led by the energy, consumer discretionary, basic materials, and health-care sectors. Broad equity p"
2ed75580dd10c9023890__original,2020-04-29,equity price index*,equity price indexes,159,179,unclassified,,[],"eeting period were led by the energy, consumer discretionary, basic materials, and health-care sectors. Broad equity price indexes remained, however, markedly below peaks registered earlier this year. Corporate bond spreads over comparable-maturity Treasury yields widened sharply"
19c8a16c7e6c2c39a944__original,2020-04-29,equity index*,equity indexes,203,217,unclassified,,[],"abroad. Many foreign financial markets experienced severe illiquidity and substantial volatility, and foreign equity indexes posted large declines. However, extraordinary monetary and fiscal policy actions in the United States and abroad helped improve market sentiment, and"
19c8a16c7e6c2c39a944__original,2020-04-29,equity index*,equity indexes,387,401,unclassified,,[],"fiscal policy actions in the United States and abroad helped improve market sentiment, and most major foreign equity indexes subsequently rebounded notably."
a55516b2705c39babdf0__original,2020-04-29,equity index*,equity indexes,102,116,unclassified,,[],"Many foreign financial markets experienced severe illiquidity and substantial volatility, and foreign equity indexes posted large declines. However, extraordinary monetary and fiscal policy actions in the United States and abroad helped improve market sentiment, and"
a55516b2705c39babdf0__original,2020-04-29,equity index*,equity indexes,286,300,unclassified,,[],"fiscal policy actions in the United States and abroad helped improve market sentiment, and most major foreign equity indexes subsequently rebounded notably. That said, compared with early this year, foreign equity indexes stayed sharply lower, and option-implied equity vola"
a55516b2705c39babdf0__original,2020-04-29,equity index*,equity indexes,383,397,unclassified,,[],"ajor foreign equity indexes subsequently rebounded notably. That said, compared with early this year, foreign equity indexes stayed sharply lower, and option-implied equity volatility abroad remained elevated."
11962dc5ae976a7d5f13__original,2020-04-29,equity index*,equity indexes,146,160,unclassified,,[],"fiscal policy actions in the United States and abroad helped improve market sentiment, and most major foreign equity indexes subsequently rebounded notably. That said, compared with early this year, foreign equity indexes stayed sharply lower, and option-implied equity vola"
11962dc5ae976a7d5f13__original,2020-04-29,equity index*,equity indexes,243,257,unclassified,,[],"ajor foreign equity indexes subsequently rebounded notably. That said, compared with early this year, foreign equity indexes stayed sharply lower, and option-implied equity volatility abroad remained elevated. Advanced-economy sovereign yields were also volatile, but most s"
9dd06caf9d34e1136ccf__original,2020-06-10,equity price*,equity prices,164,177,unclassified,,[],"ying a foundation for the improvement in risk sentiment. Against this backdrop, staff analysis suggested that equity prices had been supported by expectations for a strong rebound in earnings next year, low risk-free rates and positive risk sentiment. Despite this improvem"
03e731a71c7af76db10f__original,2020-06-10,equity price*,Equity prices,475,488,positive,rose,"[[489, 493]]","alth experts that openings may have been premature, and renewed tensions between the United States and China. Equity prices rose, and corporate bond spreads narrowed notably. The Treasury yield curve steepened, and the market-implied expected path of the federal funds rate"
f84c42fc0b5cdf30e6ea__original,2020-06-10,stock price*,stock price,151,162,unclassified,,[],th measures stood roughly halfway between their mid-March lows and typical levels seen in recent years. Broad stock price indexes moved higher. One-month implied volatility on the s p 500 index declined somewhat but still stood at the 85th percentile of its distribution 
f84c42fc0b5cdf30e6ea__original,2020-06-10,s p 500 index,s p 500 index,221,234,negative,declin*,"[[235, 243]]",ical levels seen in recent years. Broad stock price indexes moved higher. One-month implied volatility on the s p 500 index declined somewhat but still stood at the 85th percentile of its distribution since 1990.
795270335236ad9bb5c0__original,2020-06-10,stock price*,stock price,6,17,unclassified,,[],Broad stock price indexes moved higher. One-month implied volatility on the s p 500 index declined somewhat but still stood at the 85th percentile of its distribution 
795270335236ad9bb5c0__original,2020-06-10,s p 500 index,s p 500 index,76,89,negative,declin*,"[[90, 98]]",Broad stock price indexes moved higher. One-month implied volatility on the s p 500 index declined somewhat but still stood at the 85th percentile of its distribution since 1990. Spreads on investment- and speculative-grade corporate bonds
e6f98e882dd2bc033b87__original,2020-06-10,equity market*,equity markets,358,372,unclassified,,[],"ign bond yields rose moderately, while fiscal stimulus in Japan and Europe boosted prices in their respective equity markets. Euro-area peripheral bond spreads narrowed after the European Commission proposed that the European Union be given the authority to borrow €750 bill"
9f2d437c1d54866c683d__original,2020-07-29,equity price index*,equity price indexes,81,101,unclassified,,[],"Over the intermeeting period, overall financial conditions eased slightly. Broad equity price indexes were roughly flat even as concerns about the resurgence in the coronavirus (COVID-19) in the United States grew. At the same time, Treasury yields an"
a5180e783f382f748f51__original,2020-07-29,s p 500 index,s p 500 index,75,88,unclassified,,[],"Overall, volatility remained subdued relative to recent periods. While the s p 500 index was little changed, the effect of renewed outbreaks was evident in the differentiated performance across s p industry sectors. Virus-sensitive sector"
39aa2104a1262adb959e__original,2020-07-29,s p 500 index,s p 500 index,238,251,unclassified,,[],"rovisions and compressed net interest margins-continued to underperform. As the SOMA manager highlighted, the s p 500 index has been supported by its significant share of technology firms, many of which have been relatively resilient to virus containment measures. In contr"
3a5893a187a74f71bf06__original,2020-07-29,s p 500 index,s p 500 index,37,50,unclassified,,[],"As the SOMA manager highlighted, the s p 500 index has been supported by its significant share of technology firms, many of which have been relatively resilient to virus containment measures. In contr"
6ee53a61a5d683199a23__original,2020-07-29,equity price index*,equity price indexes,199,219,unclassified,,[],"ic spread of the coronavirus and its uncertain effects on the future course of the economy. On balance, broad equity price indexes were roughly unchanged, Treasury yields declined and the yield curve flattened, corporate and municipal bond spreads narrowed, and the dollar weakene"
ed31bb1cfb195e1dc478__original,2020-07-29,stock price*,stock price,228,239,unclassified,,[],"ed that investors generally did not expect the FOMC to lower the federal funds target range below zero. Broad stock price indexes fluctuated substantially, largely in reaction to news about the pandemic and economic activity, and ended the intermeeting period roughly unc"
ed31bb1cfb195e1dc478__original,2020-07-29,equity price*,equity prices,467,480,unclassified,,[]," intermeeting period roughly unchanged. Technology stocks continued to outperform the broader market, whereas equity prices in the bank and energy sectors fell notably over the period."
343c8d39f09dc2491b3e__original,2020-07-29,stock price*,stock price,6,17,unclassified,,[],"Broad stock price indexes fluctuated substantially, largely in reaction to news about the pandemic and economic activity, and ended the intermeeting period roughly unc"
343c8d39f09dc2491b3e__original,2020-07-29,equity price*,equity prices,245,258,unclassified,,[]," intermeeting period roughly unchanged. Technology stocks continued to outperform the broader market, whereas equity prices in the bank and energy sectors fell notably over the period. One-month option-implied volatility on the s p 500 index-the VIX-rose markedly earlier i"
343c8d39f09dc2491b3e__original,2020-07-29,s p 500 index,s p 500 index,363,376,unclassified,,[],rices in the bank and energy sectors fell notably over the period. One-month option-implied volatility on the s p 500 index-the VIX-rose markedly earlier in the period but subsequently declined and ended the period lower.
ccd1b80c8475ce4560b7__original,2020-07-29,equity price*,equity prices,70,83,unclassified,,[],"Technology stocks continued to outperform the broader market, whereas equity prices in the bank and energy sectors fell notably over the period. One-month option-implied volatility on the s p 500 index-the VIX-rose markedly earlier i"
ccd1b80c8475ce4560b7__original,2020-07-29,s p 500 index,s p 500 index,188,201,unclassified,,[],rices in the bank and energy sectors fell notably over the period. One-month option-implied volatility on the s p 500 index-the VIX-rose markedly earlier in the period but subsequently declined and ended the period lower. Equity market volatility remained elevated relative
ccd1b80c8475ce4560b7__original,2020-07-29,equity market*,Equity market,300,313,unclassified,,[],p 500 index-the VIX-rose markedly earlier in the period but subsequently declined and ended the period lower. Equity market volatility remained elevated relative to its normal range over the past several years.
c52b8e00c1a47b366d41__original,2020-07-29,s p 500 index,s p 500 index,43,56,unclassified,,[],One-month option-implied volatility on the s p 500 index-the VIX-rose markedly earlier in the period but subsequently declined and ended the period lower. Equity market volatility remained elevated relative
c52b8e00c1a47b366d41__original,2020-07-29,equity market*,Equity market,155,168,unclassified,,[],p 500 index-the VIX-rose markedly earlier in the period but subsequently declined and ended the period lower. Equity market volatility remained elevated relative to its normal range over the past several years. Spreads of investment- and speculative-grade corporate bond yi
c8583b79a838b51f344f__original,2020-07-29,equity price*,equity prices,244,257,unclassified,,[],of countries against improving economic data releases and ongoing fiscal and monetary policy support. Foreign equity prices generally declined on net. A resurgence of geopolitical tensions between the United States and China weighed on investor sentiment late in the period
1425d0c8ecef50039aff__original,2020-09-16,equity price*,Equity prices,65,78,positive,rose,"[[79, 83]]","On net, financial conditions eased over the intermeeting period. Equity prices rose and the broad dollar continued to depreciate from its crisis-driven peak in March. Yields on Treasury inflation-protected securities fell, while"
4fbc689ce55c7b588406__original,2020-09-16,stock price*,stock price,243,254,unclassified,,[],"ed States and stronger-than-anticipated corporate earnings reports and domestic economic data releases. Broad stock price indexes rose, on net, despite notable declines late in the intermeeting period. Inflation compensation increased further, reaching pre-pandemic level"
fc3807a28cd8e421a9eb__original,2020-09-16,stock price*,stock price,265,276,unclassified,,[]," revised consensus statement had been a factor boosting TIPS inflation compensation over recent months. Broad stock price indexes rose, on net, during the intermeeting period, consistent with generally better-than-expected news on both the economy and second-quarter corp"
fc3807a28cd8e421a9eb__original,2020-09-16,equity market*,equity markets,584,598,unclassified,,[],"ity on the s p 500-the VIX-was roughly unchanged, on net, al­though measures of longer-term downside risks in equity markets, such as the option-implied cost of insuring against a 10 percent decline in the s p 500 index in three months, increased somewhat."
fc3807a28cd8e421a9eb__original,2020-09-16,s p 500 index,s p 500 index,680,693,negative,declin*,"[[665, 672]]","side risks in equity markets, such as the option-implied cost of insuring against a 10 percent decline in the s p 500 index in three months, increased somewhat."
1ca4fe2be983b70cfe61__original,2020-09-16,stock price*,stock price,6,17,unclassified,,[],"Broad stock price indexes rose, on net, during the intermeeting period, consistent with generally better-than-expected news on both the economy and second-quarter corp"
1ca4fe2be983b70cfe61__original,2020-09-16,equity market*,equity markets,325,339,unclassified,,[],"ity on the s p 500-the VIX-was roughly unchanged, on net, al­though measures of longer-term downside risks in equity markets, such as the option-implied cost of insuring against a 10 percent decline in the s p 500 index in three months, increased somewhat. Spreads of invest"
1ca4fe2be983b70cfe61__original,2020-09-16,s p 500 index,s p 500 index,421,434,negative,declin*,"[[406, 413]]","side risks in equity markets, such as the option-implied cost of insuring against a 10 percent decline in the s p 500 index in three months, increased somewhat. Spreads of investment- and speculative-grade corporate bond yields over comparable-maturity Treasury yields narr"
f499c3438094733979c6__original,2020-09-16,asset price*,asset price,8,19,unclassified,,[],"Foreign asset price movements were generally muted, with market participants likely weighing concerns over rising infection rates in some countries against the prospect "
f499c3438094733979c6__original,2020-09-16,equity market*,equity markets,235,249,unclassified,,[],"ates in some countries against the prospect of a COVID-19 vaccine. In emerging market economies (EMEs), Asian equity markets significantly outperformed Latin American counterparts, with Chinese equities showing particular strength. In most AFEs, equity indexes rose modestly"
f499c3438094733979c6__original,2020-09-16,equities,equities,319,327,unclassified,,[],"t economies (EMEs), Asian equity markets significantly outperformed Latin American counterparts, with Chinese equities showing particular strength. In most AFEs, equity indexes rose modestly and long-term sovereign yields edged higher."
f499c3438094733979c6__original,2020-09-16,equity index*,equity indexes,371,385,positive,rose,"[[386, 390]]","ly outperformed Latin American counterparts, with Chinese equities showing particular strength. In most AFEs, equity indexes rose modestly and long-term sovereign yields edged higher."
d26e53e8714bb55d47f9__original,2020-09-16,equity market*,equity markets,43,57,unclassified,,[],"In emerging market economies (EMEs), Asian equity markets significantly outperformed Latin American counterparts, with Chinese equities showing particular strength. In most AFEs, equity indexes rose modestly"
d26e53e8714bb55d47f9__original,2020-09-16,equities,equities,127,135,unclassified,,[],"t economies (EMEs), Asian equity markets significantly outperformed Latin American counterparts, with Chinese equities showing particular strength. In most AFEs, equity indexes rose modestly and long-term sovereign yields edged higher. In line with the modest improvem"
d26e53e8714bb55d47f9__original,2020-09-16,equity index*,equity indexes,179,193,positive,rose,"[[194, 198]]","ly outperformed Latin American counterparts, with Chinese equities showing particular strength. In most AFEs, equity indexes rose modestly and long-term sovereign yields edged higher. In line with the modest improvement in risk sentiment, the staff's broad dollar index decl"
b5d12ad8e31547e2bc7e__original,2020-09-16,equity market*,equity market,157,170,positive,gain*,"[[171, 176]]","ked up slightly in July but remained below the levels observed during the same period last year. Amid notable equity market gains in August, gross equity issuance was robust, as seasoned offerings strengthened to about double their typical pace. Commercial and industrial l"
a4f4829bef62ad2a52bf__original,2020-11-05,equity price*,equity prices,111,124,unclassified,,[],". fiscal policy as well as stronger-than-expected economic data and corporate earnings reports helped support equity prices. Later in the intermeeting period, however, rising COVID-19 cases in Europe and the United States weighed on the outlook, and equity prices reversed "
a4f4829bef62ad2a52bf__original,2020-11-05,equity price*,equity prices,251,264,unclassified,,[],"termeeting period, however, rising COVID-19 cases in Europe and the United States weighed on the outlook, and equity prices reversed some of their earlier gains."
4ea29016ae9daf0d61c3__original,2020-11-05,equity price*,equity prices,108,121,unclassified,,[],"fiscal policy as well as stronger-than-expected economic data and corporate earnings reports helped support equity prices. Later in the intermeeting period, however, rising COVID-19 cases in Europe and the United States weighed on the outlook, and equity prices reversed "
4ea29016ae9daf0d61c3__original,2020-11-05,equity price*,equity prices,248,261,unclassified,,[],"termeeting period, however, rising COVID-19 cases in Europe and the United States weighed on the outlook, and equity prices reversed some of their earlier gains. Implied volatility in the equity market moved higher during the intermeeting period, reflecting uncertainties a"
4ea29016ae9daf0d61c3__original,2020-11-05,equity market*,equity market,326,339,positive,mov* high*,"[[340, 352]]","tes weighed on the outlook, and equity prices reversed some of their earlier gains. Implied volatility in the equity market moved higher during the intermeeting period, reflecting uncertainties associated with the U."
48ebb97a0902d72a3b33__original,2020-11-05,equity price*,equity prices,125,138,unclassified,,[],"termeeting period, however, rising COVID-19 cases in Europe and the United States weighed on the outlook, and equity prices reversed some of their earlier gains. Implied volatility in the equity market moved higher during the intermeeting period, reflecting uncertainties a"
48ebb97a0902d72a3b33__original,2020-11-05,equity market*,equity market,203,216,positive,mov* high*,"[[217, 229]]","tes weighed on the outlook, and equity prices reversed some of their earlier gains. Implied volatility in the equity market moved higher during the intermeeting period, reflecting uncertainties associated with the U. S."
e0003da0604127e7f7de__original,2020-11-05,equity price index*,equity price indexes,201,221,positive,increas*,"[[222, 231]]","ope. On net, the Treasury yield curve steepened modestly, corporate bond spreads narrowed somewhat, and broad equity price indexes increased. Inflation compensation increased a little further, remaining close to pre-pandemic levels."
087f35a0000898be921d__original,2020-11-05,stock price*,stock price,103,114,unclassified,,[],"Survey-based expectations favored the first increase in the federal funds rate to occur in 2024. Broad stock price indexes increased, on balance, over the intermeeting period amid volatility associated with market participants' reactions to news on the U. S."
1c4bf4d202faa554a92e__original,2020-11-05,asset price*,asset price,39,50,unclassified,,[],"presidential election also caused some asset price volatility abroad. On net, most foreign equity indexes declined, option-implied volatility in the euro area increased a bit, and most AFE long-term s"
1c4bf4d202faa554a92e__original,2020-11-05,equity index*,equity indexes,91,105,negative,declin*,"[[106, 114]]","presidential election also caused some asset price volatility abroad. On net, most foreign equity indexes declined, option-implied volatility in the euro area increased a bit, and most AFE long-term sovereign yields fell. Overall, the broad dollar index w"
de154262d42b260bb0d1__original,2020-12-16,equity price index*,equity price indexes,3,23,unclassified,,[],"S. equity price indexes reached all-time highs, with the largest gains registered in sectors that have underperformed during the pandemic. Corporate credit spreads tightened"
224623beb88ab77bf99e__original,2020-12-16,equity price index*,equity price indexes,174,194,unclassified,,[],"n inflation compensation. The positive vaccine news also supported risk sentiment abroad, leading many global equity price indexes to advance and the U. S."
d3b6f83d3ef1c59b6894__original,2020-12-16,equity price index*,equity price indexes,182,202,positive,rose,"[[203, 207]]","19 cases and the potential effects of ensuing restrictions. Corporate bond spreads narrowed, and major global equity price indexes rose on net. The prospect of additional fiscal stimulus likely contributed to a steeper U."
f2b1ca68575478b16c9b__original,2020-12-16,stock price*,stock price,147,158,unclassified,,[],"market expectations regarding the federal funds rate target range did not show a tightening until 2024. Broad stock price indexes increased over the intermeeting period, led by steep stock price gains in cyclical sectors and buoyed by the prospect of successful vaccines "
f2b1ca68575478b16c9b__original,2020-12-16,stock price*,stock price,220,231,positive,gain*,"[[232, 237]]"," show a tightening until 2024. Broad stock price indexes increased over the intermeeting period, led by steep stock price gains in cyclical sectors and buoyed by the prospect of successful vaccines and lower post-election uncertainty. One-month s p 500 option-implied vol"
4e51854046cb05a97b6d__original,2020-12-16,stock price*,stock price,6,17,unclassified,,[],"Broad stock price indexes increased over the intermeeting period, led by steep stock price gains in cyclical sectors and buoyed by the prospect of successful vaccines "
4e51854046cb05a97b6d__original,2020-12-16,stock price*,stock price,79,90,positive,gain*,"[[91, 96]]","Broad stock price indexes increased over the intermeeting period, led by steep stock price gains in cyclical sectors and buoyed by the prospect of successful vaccines and lower post-election uncertainty. One-month s p 500 option-implied vol"
4e51854046cb05a97b6d__original,2020-12-16,stock price*,stock prices,338,350,unclassified,,[],"-implied volatility-the VIX-declined, reversing a pre-election increase. Consistent with the optimism driving stock prices, spreads of corporate bond yields over comparable-maturity Treasury yields narrowed markedly across the credit spectrum, most notably for debt securi"
41b753622bcbc27c5566__original,2020-12-16,stock price*,stock prices,134,146,unclassified,,[],"-implied volatility-the VIX-declined, reversing a pre-election increase. Consistent with the optimism driving stock prices, spreads of corporate bond yields over comparable-maturity Treasury yields narrowed markedly across the credit spectrum, most notably for debt securi"
345817572c600dff663d__original,2020-12-16,equity price*,equity prices,199,212,positive,rose,"[[213, 217]]","owers. Financing conditions eased further for large corporations that were able to access capital markets, as equity prices rose and corporate credit spreads continued to narrow, but smaller firms and some households reliant on bank lending continued to face tight lending "
66f88928dc234fbbbaf4__original,2021-01-27,equities,equities,3,11,unclassified,,[],"S. equities again centered on cyclical sectors and smaller-capitalization firms most sensitive to growth. Credit spreads narrowed further, especially for riskier"
0e01d5121924ea4419b1__original,2021-01-27,risk* asset price*,risk asset prices,32,49,positive,mov* high*,"[[50, 62]]","Investor sentiment improved and risk asset prices moved higher over the intermeeting period on greater prospects for additional fiscal stimulus. Domestic and foreign equity prices increased notably, "
0e01d5121924ea4419b1__original,2021-01-27,equity price*,equity prices,166,179,positive,increas*,"[[180, 189]]","higher over the intermeeting period on greater prospects for additional fiscal stimulus. Domestic and foreign equity prices increased notably, and spreads on corporate and municipal bonds narrowed. The nominal Treasury yield curve steepened, partly reflecting an increase i"
24d2b8eff5a05fae85f4__original,2021-01-27,stock price*,stock price,361,372,unclassified,,[],"spects for additional fiscal stimulus and an associated improvement in the longer-run economic outlook. Broad stock price indexes increased, on net, over the intermeeting period, boosted by gains in the share prices of banks and companies in more cyclically sensitive sec"
a05d898ce73f1d1aa287__original,2021-01-27,stock price*,stock price,6,17,unclassified,,[],"Broad stock price indexes increased, on net, over the intermeeting period, boosted by gains in the share prices of banks and companies in more cyclically sensitive sec"
a05d898ce73f1d1aa287__original,2021-01-27,stock price*,stock prices,451,463,unclassified,,[],"ing modestly elevated relative to its range over the past several years. Consistent with the optimism driving stock prices, spreads on corporate bond yields over comparable-maturity Treasury yields narrowed somewhat."
311158d2a33aa8b68d87__original,2021-01-27,stock price*,stock prices,203,215,unclassified,,[],"ing modestly elevated relative to its range over the past several years. Consistent with the optimism driving stock prices, spreads on corporate bond yields over comparable-maturity Treasury yields narrowed somewhat. Spreads on municipal bond yields narrowed notably in Ja"
d96b957939fea8bf3c46__original,2021-01-27,equity price*,equity prices,209,222,positive,increas*,"[[223, 232]]","ighed investor concerns around new virus strains and the sluggish global vaccine rollout. On balance, foreign equity prices increased moderately, with notable outperformance in some Asian indexes, and capital inflows into mutual funds dedicated to emerging markets continue"
1d045a6443ba9065688b__original,2021-01-27,equity valu*,equity valuations,113,130,positive,high*,"[[108, 112]]","ancing conditions in capital markets remained broadly accommodative, supported by low interest rates and high equity valuations. Gross corporate bond issuance was fairly strong in November and December, and seasoned and initial public offerings in the equity markets were robus"
1d045a6443ba9065688b__original,2021-01-27,equity market*,equity markets,255,269,unclassified,,[],"te bond issuance was fairly strong in November and December, and seasoned and initial public offerings in the equity markets were robust. Gross institutional leveraged loan issuance was also strong in December, as issuance volumes excluding refinancing topped their averages"
e7327543f4d576aeecd6__original,2021-03-17,equity price index*,equity price indexes,3,23,positive,increas*,"[[24, 33]]","S. equity price indexes increased moderately, with the largest gains in cyclically sensitive sectors. The rise in U."
63935c51eb704de88f44__original,2021-03-17,equity market*,equity market,201,214,unclassified,,[],"-term real yields, al­though measures of inflation compensation also increased further. Despite the spikes in equity market volatility early in the intermeeting period, spurred by heavy trading concentrated in a few specific stocks and subsequent concerns over the rapid ri"
63935c51eb704de88f44__original,2021-03-17,equity price index*,equity price indexes,404,424,positive,rose,"[[425, 429]]","ted in a few specific stocks and subsequent concerns over the rapid rise in longer-term interest rates, broad equity price indexes rose on net. Consistent with the stronger outlook, spreads on high-yield corporate bonds narrowed."
9216d7dced9090f1c7b2__original,2021-03-17,stock price*,stock price,329,340,unclassified,,[],"he first quarter of 2023, about three quarters sooner than expected at the time of the January meeting. Broad stock price indexes increased, on net, over the intermeeting period, consistent with increased investor optimism about the economic outlook and the enactment of "
49decac60db9c256ce4b__original,2021-03-17,equity index*,equity indexes,81,95,positive,increas*,"[[96, 105]]","However, flows into dedicated EME equity funds remained strong. Overall, foreign equity indexes increased slightly in most major markets. Financing conditions for nonfinancial businesses in capital markets remained broadly accommodative over the"
49decac60db9c256ce4b__original,2021-03-17,equity valu*,equity valuations,308,325,positive,high*,"[[303, 307]]","markets remained broadly accommodative over the intermeeting period, supported by low interest rates and high equity valuations."
3711a96b6eb2cd49f771__original,2021-04-28,equity price*,Equity prices,166,179,positive,rose,"[[180, 184]]","ts continued to focus on progress toward economic reopening as well as supportive monetary and fiscal policy. Equity prices rose, with the s p 500 index reaching a record high, while Treasury yields, the dollar, and credit spreads declined modestly. The equity gains were b"
3711a96b6eb2cd49f771__original,2021-04-28,s p 500 index,s p 500 index,195,208,unclassified,,[],"ress toward economic reopening as well as supportive monetary and fiscal policy. Equity prices rose, with the s p 500 index reaching a record high, while Treasury yields, the dollar, and credit spreads declined modestly. The equity gains were broad based across sectors, th"
0c9edc7d3056727527c3__original,2021-04-28,equity price*,equity prices,221,234,unclassified,,[],"index, declined. News regarding losses associated with a highly levered family investment office affected the equity prices of some large financial firms, but the broader financial market effects appeared limited. After rising sharply in recent months, longer-term Treasury"
4dd15b6ca3602a99f09a__original,2021-04-28,equity price*,equity prices,218,231,positive,increas*,"[[232, 241]]","rospects for infrastructure spending, and stronger-than-expected labor market and retail sales data. Domestic equity prices increased notably amid declining equity market volatility, and corporate bond spreads narrowed. The nominal Treasury yield curve was little changed, "
4dd15b6ca3602a99f09a__original,2021-04-28,equity market*,equity market,265,278,negative,declin*,"[[255, 264]]","ger-than-expected labor market and retail sales data. Domestic equity prices increased notably amid declining equity market volatility, and corporate bond spreads narrowed. The nominal Treasury yield curve was little changed, as were measures of inflation compensation."
d659e5e0b83bbd417759__original,2021-04-28,stock price*,stock price,155,166,unclassified,,[],"s for commercial and industrial (C and I) and consumer loans remained tighter than pre-pandemic levels. Broad stock price indexes increased over the intermeeting period, with outperformance by technology stocks and stocks sensitive to consumer discretionary spending. One"
3f2da13a1fd3d4cc6c8a__original,2021-04-28,stock price*,stock price,6,17,unclassified,,[],"Broad stock price indexes increased over the intermeeting period, with outperformance by technology stocks and stocks sensitive to consumer discretionary spending. One"
c0ad77b8d432f37078a2__original,2021-04-28,equity index*,equity indexes,173,187,positive,rose,"[[188, 192]]"," in a number of countries-appeared less concerning to global investors over the intermeeting period. Most AFE equity indexes rose modestly, and most AFE sovereign bond yields were little changed. In emerging market economies (EMEs), market optimism was tempered in part by r"
70b181570c89d7f5833d__original,2021-04-28,equity price index*,equity price index,114,132,unclassified,,[],"merging market economies (EMEs), market optimism was tempered in part by rising COVID-19 cases. The broad EME equity price index was little changed, while credit spreads widened somewhat in the most vulnerable EMEs. After robust inflows earlier this year, flows into EME-dedicat"
4a7bc810730afa237c93__original,2021-04-28,equity market*,equity markets,245,259,unclassified,,[]," over the intermeeting period, as reflected in low corporate bond yields and high price-to-earnings ratios in equity markets. Gross corporate bond issuance and gross leveraged loan issuance were robust in February and March."
85de059d3dcb01b571ca__original,2021-04-28,equity market*,equity market,321,334,unclassified,,[],"er, and nonprice measures, such as high IPO volume, also indicated elevated investor appetite for risk in the equity market. Valuation pressures for CRE remained high, although information related to CRE continued to be noisier than usual due to pandemic-induced declines i"
9ed9f79f59d774647691__original,2021-04-28,stock market*,stock market,286,298,unclassified,,[],"ose notably through the fourth quarter of last year, reflecting elevated hedge fund leverage related to their stock market activities. The staff highlighted recent episodes underlining the opacity of risk exposures among some leveraged entities."
2de3b94b514b5bb14582__original,2021-06-16,equities,Equities,148,156,positive,rose,"[[157, 161]]","ignificant component of the declines, as reflected by lower implied volatility on longer-term interest rates. Equities rose slightly, the broad dollar weakened, and credit spreads were little changed at historically tight levels. Over the period, market participants f"
6b0ff050c89bc3b59844__original,2021-06-16,equity price*,equity prices,287,300,positive,edge* up,"[[301, 309]]","tion over the medium term would stay contained, and that monetary policy would remain accommodative. Domestic equity prices edged up, and corporate bond spreads narrowed a little. Yields on nominal Treasury securities declined modestly since the previous FOMC meeting."
0977a77a9559d0598299__original,2021-06-16,stock price*,stock price,156,167,unclassified,,[]," path over the medium term, as implied by OIS quotes unadjusted for term premiums, declined moderately. Broad stock price indexes increased slightly over the intermeeting period, with stocks in cyclically sensitive sectors generally outperforming. One-month option-implie"
106ca8e61715888df2d1__original,2021-06-16,stock price*,stock price,6,17,unclassified,,[],"Broad stock price indexes increased slightly over the intermeeting period, with stocks in cyclically sensitive sectors generally outperforming. One-month option-implie"
7cbb9a388c12aae1f19e__original,2021-06-16,equity index*,Equity indexes,115,129,positive,increas*,"[[130, 139]]","erging markets, credit spreads narrowed a bit, and capital flows into EME funds continued at a moderate pace. Equity indexes increased somewhat in both emerging and advanced foreign economies. Financing conditions for nonfinancial firms through capital markets remained high"
7cbb9a388c12aae1f19e__original,2021-06-16,equity market*,equity markets,419,433,unclassified,,[], in historically low corporate bond and leveraged loan yields as well as high price-to-earnings ratios in the equity markets.
28fc3e8ba2d79f04b865__original,2021-06-16,equity index*,Equity indexes,0,14,positive,increas*,"[[15, 24]]",Equity indexes increased somewhat in both emerging and advanced foreign economies. Financing conditions for nonfinancial firms through capital markets remained high
28fc3e8ba2d79f04b865__original,2021-06-16,equity market*,equity markets,304,318,unclassified,,[], in historically low corporate bond and leveraged loan yields as well as high price-to-earnings ratios in the equity markets. Gross issuance of corporate bonds and leveraged loans was solid.
e6075bd63cd28f7ec02d__original,2021-07-28,equity price*,equity prices,167,180,positive,rose,"[[181, 185]]","lines in real yields, while longer-horizon forward measures of inflation compensation also declined. Domestic equity prices rose moderately, and corporate bond spreads remained near the low end of their historical ranges. Short-term funding markets were stable, while parti"
5449d263aa36bfe95537__original,2021-07-28,stock market price*,stock market prices,152,171,positive,rose,"[[172, 176]]","icy rate was little changed for horizons up to late 2023, while it shifted lower beyond those horizons. Broad stock market prices rose moderately over the intermeeting period, supported in part by some strong second-quarter earnings reports that bolstered investor risk sentiment"
5449d263aa36bfe95537__original,2021-07-28,stock price*,stock prices,512,524,unclassified,,[],ely with economic conditions-such as stocks for smaller companies and for firms in cyclical industries-as did stock prices for firms in sectors such as airlines and hotels that were negatively affected by the pandemic.
d7799043a1ade92a87fa__original,2021-07-28,stock market price*,stock market prices,6,25,positive,rose,"[[26, 30]]","Broad stock market prices rose moderately over the intermeeting period, supported in part by some strong second-quarter earnings reports that bolstered investor risk sentiment"
d7799043a1ade92a87fa__original,2021-07-28,stock price*,stock prices,366,378,unclassified,,[],ely with economic conditions-such as stocks for smaller companies and for firms in cyclical industries-as did stock prices for firms in sectors such as airlines and hotels that were negatively affected by the pandemic. Bank stock prices also fell.
d7799043a1ade92a87fa__original,2021-07-28,stock price*,stock prices,480,492,unclassified,,[],k prices for firms in sectors such as airlines and hotels that were negatively affected by the pandemic. Bank stock prices also fell.
1b456434a8ce8abe5d0b__original,2021-07-28,stock price*,stock prices,189,201,unclassified,,[],ely with economic conditions-such as stocks for smaller companies and for firms in cyclical industries-as did stock prices for firms in sectors such as airlines and hotels that were negatively affected by the pandemic. Bank stock prices also fell. One-month option-implied
1b456434a8ce8abe5d0b__original,2021-07-28,stock price*,stock prices,303,315,unclassified,,[],k prices for firms in sectors such as airlines and hotels that were negatively affected by the pandemic. Bank stock prices also fell. One-month option-implied volatility on the s p 500-the VIX-spiked to reach a two-month high.
24902952e9fbe681edde__original,2021-07-28,stock price*,stock prices,5,17,unclassified,,[],"Bank stock prices also fell. One-month option-implied volatility on the s p 500-the VIX-spiked to reach a two-month high. For the intermeeting period as a whole, howev"
51f5aa0d7a36f65c55ca__original,2021-07-28,equity index*,equity indexes,279,293,negative,declin*,"[[294, 302]]","appreciated, longer-term yields in major advanced foreign economies decreased notably, and most major foreign equity indexes declined moderately. Equity markets in China and Hong Kong underperformed notably amid increased regulatory uncertainty in China."
51f5aa0d7a36f65c55ca__original,2021-07-28,equity market*,Equity markets,315,329,unclassified,,[],"ajor advanced foreign economies decreased notably, and most major foreign equity indexes declined moderately. Equity markets in China and Hong Kong underperformed notably amid increased regulatory uncertainty in China."
6aaa1c99b7e7fdbe9e5d__original,2021-07-28,equity index*,equity indexes,129,143,negative,declin*,"[[144, 152]]","appreciated, longer-term yields in major advanced foreign economies decreased notably, and most major foreign equity indexes declined moderately. Equity markets in China and Hong Kong underperformed notably amid increased regulatory uncertainty in China. In addition, EME so"
6aaa1c99b7e7fdbe9e5d__original,2021-07-28,equity market*,Equity markets,165,179,unclassified,,[],"ajor advanced foreign economies decreased notably, and most major foreign equity indexes declined moderately. Equity markets in China and Hong Kong underperformed notably amid increased regulatory uncertainty in China. In addition, EME sovereign credit spreads widened sligh"
47e7c552d7b2ca1d2a6e__original,2021-07-28,asset valu*,asset valuation,22,37,negative,pressure*,"[[38, 47]]","The staff judged that asset valuation pressures were elevated. In particular, the forward price-to-earnings ratio for the s p 500 index stood at the upper end of its historical distributi"
47e7c552d7b2ca1d2a6e__original,2021-07-28,s p 500 index,s p 500 index,122,135,unclassified,,[],"dged that asset valuation pressures were elevated. In particular, the forward price-to-earnings ratio for the s p 500 index stood at the upper end of its historical distribution; high-yield corporate bond spreads tightened further and were near the low end of their histori"
061ad725fb34cfba97c6__original,2021-09-22,equity price*,equity prices,215,228,unclassified,,[],"rmediate maturities increased modestly, the market-implied path of the federal funds rate steepened, domestic equity prices were unchanged, and speculative-grade corporate bond spreads narrowed modestly. Short-term funding markets were stable."
7b06bc6a8e5b2c2c7bc0__original,2021-09-22,stock market price*,stock market prices,140,159,unclassified,,[],"e effective federal funds rate for the ends of 2023 and 2024 rose 12 and 17 basis points, respectively. Broad stock market prices were about unchanged, on net, over the intermeeting period. Early in the period, concerns over the Delta variant were a headwind for stock prices."
7b06bc6a8e5b2c2c7bc0__original,2021-09-22,stock price*,stock prices,293,305,unclassified,,[],"n net, over the intermeeting period. Early in the period, concerns over the Delta variant were a headwind for stock prices."
96ac23d73b815b6fb95f__original,2021-09-22,stock market price*,stock market prices,6,25,unclassified,,[],"Broad stock market prices were about unchanged, on net, over the intermeeting period. Early in the period, concerns over the Delta variant were a headwind for stock prices. Pr"
96ac23d73b815b6fb95f__original,2021-09-22,stock price*,stock prices,159,171,unclassified,,[],"n net, over the intermeeting period. Early in the period, concerns over the Delta variant were a headwind for stock prices. Prices recovered following the FDA's first full approval of a COVID-19 vaccine and signs that the Delta variant surge was starting to abate."
198513e5061ffb335f4f__original,2021-09-22,stock market price*,stock market prices,188,207,negative,fell,"[[208, 212]]","ds of municipal bond indexes increased slightly but remained well below pre-pandemic levels. On September 20, stock market prices fell notably and speculative-grade yield spreads widened amid rising concerns about the creditworthiness of a Chinese property developer, but these m"
198513e5061ffb335f4f__original,2021-09-22,stock market*,stock market,429,441,unclassified,,[],"hinese property developer, but these moves were mostly reversed during the following day, particularly in the stock market. Short-term funding markets were stable over the intermeeting period."
d0dc1e550170a2926d57__original,2021-09-22,equity index*,equity indexes,256,270,unclassified,,[],"nsified later in the period, but effects on broader financial markets were limited. On balance, major foreign equity indexes were mixed, the broad dollar appreciated a touch, and sovereign yields in most major AFEs increased moderately. In the euro area and the United Kingd"
e058e2f3b2e0ae31f510__original,2021-11-03,equity index*,equity indexes,3,17,positive,rose,"[[18, 22]]",S. equity indexes rose and the one-month option-implied volatility on the s p 500-the VIX-fell to post-pandemic lows. Continued strong earnings underpinned the rise in
e058e2f3b2e0ae31f510__original,2021-11-03,equity price*,equity prices,168,181,positive,rise*,"[[160, 164]]","latility on the s p 500-the VIX-fell to post-pandemic lows. Continued strong earnings underpinned the rise in equity prices, with firms posting profits near historical highs."
04936a5e8386eb884699__original,2021-11-03,equity index*,equity indexes,0,14,positive,rose,"[[15, 19]]",equity indexes rose and the one-month option-implied volatility on the s p 500-the VIX-fell to post-pandemic lows. Continued strong earnings underpinned the rise in
04936a5e8386eb884699__original,2021-11-03,equity price*,equity prices,165,178,positive,rise*,"[[157, 161]]","latility on the s p 500-the VIX-fell to post-pandemic lows. Continued strong earnings underpinned the rise in equity prices, with firms posting profits near historical highs. Despite signs of robust risk appetite, market participants continued to note prominent risks to th"
86d68d47fb86f068a8a3__original,2021-11-03,equity index*,equity indexes,99,113,positive,increas*,"[[114, 123]]","Long-term sovereign yields in AFEs also increased notably. Despite these pressures, broad domestic equity indexes increased, on net, supported by strong earnings reports. Spreads of corporate bonds were little changed overall."
a6d68508b71397a7a34d__original,2021-11-03,equity index*,equity indexes,123,137,positive,increas*,"[[138, 147]]","lso contributed to increases in Treasury yields, with 2-, 5-, and 10-year yields rising notably on net. Broad equity indexes increased, on net, over the intermeeting period. Perceptions of increased risks related to inflation were more than offset by a short-term resolution"
c92f85918b810f1ba167__original,2021-11-03,equity index*,equity indexes,230,244,positive,increas*,"[[245, 254]]","vesting in China slowed, but the effects on broader financial markets were limited. On balance, major foreign equity indexes increased moderately, and the broad dollar appreciated a touch. In domestic credit markets, financing conditions faced by nonfinancial firms in capit"
4c19f52b1b73f3fe3577__original,2021-11-03,asset valu*,asset valuations,21,37,unclassified,,[],"The staff noted that asset valuations remained generally high relative to historical norms. In particular, bond and leveraged loan spreads remained narrow, while equity prices continued t"
4c19f52b1b73f3fe3577__original,2021-11-03,equity price*,equity prices,162,175,unclassified,,[],"ally high relative to historical norms. In particular, bond and leveraged loan spreads remained narrow, while equity prices continued to increase, supported by strong earnings expectations, still-low Treasury yields, and high risk appetite. House prices rose rapidly, outpa"
44b0f0dfc4fcc3bdceda__original,2021-12-15,equities,equities,153,161,unclassified,,[],"deral Reserve policy accommodation lifted short-term interest rates and supported the dollar. While prices of equities that are sensitive to COVID-19 risks declined significantly, the s p 500 index was little changed. Over the period, market participants considered po"
44b0f0dfc4fcc3bdceda__original,2021-12-15,s p 500 index,s p 500 index,227,240,unclassified,,[],"pported the dollar. While prices of equities that are sensitive to COVID-19 risks declined significantly, the s p 500 index was little changed. Over the period, market participants considered potential drivers of the notable decline in far-forward sovereign yields in the U"
b63a09a4110acc5d28e3__original,2021-12-15,risk* asset price*,risky asset prices,109,127,negative,weigh* on,"[[98, 108]]","Pandemic-related fears as well as concerns about inflation and tighter monetary policy apparently weighed on risky asset prices despite continued robust economic data. In domestic markets, broad equity price indexes were little changed, equity market volatility increased marke"
b63a09a4110acc5d28e3__original,2021-12-15,equity price index*,equity price indexes,195,215,unclassified,,[],"y apparently weighed on risky asset prices despite continued robust economic data. In domestic markets, broad equity price indexes were little changed, equity market volatility increased markedly, and spreads on corporate bonds widened moderately. In AFEs, sovereign yields declin"
b63a09a4110acc5d28e3__original,2021-12-15,equity market*,equity market,237,250,unclassified,,[]," despite continued robust economic data. In domestic markets, broad equity price indexes were little changed, equity market volatility increased markedly, and spreads on corporate bonds widened moderately. In AFEs, sovereign yields declined, and major equity indexes edged "
b63a09a4110acc5d28e3__original,2021-12-15,equity index*,equity indexes,379,393,negative,edge* down,"[[394, 404]]","ed markedly, and spreads on corporate bonds widened moderately. In AFEs, sovereign yields declined, and major equity indexes edged down."
34b35df5b3d317cf6297__original,2021-12-15,equity price index*,equity price indexes,27,47,unclassified,,[],"In domestic markets, broad equity price indexes were little changed, equity market volatility increased markedly, and spreads on corporate bonds widened moderately. In AFEs, sovereign yields declin"
34b35df5b3d317cf6297__original,2021-12-15,equity market*,equity market,69,82,unclassified,,[],"In domestic markets, broad equity price indexes were little changed, equity market volatility increased markedly, and spreads on corporate bonds widened moderately. In AFEs, sovereign yields declined, and major equity indexes edged "
34b35df5b3d317cf6297__original,2021-12-15,equity index*,equity indexes,211,225,negative,edge* down,"[[226, 236]]","ed markedly, and spreads on corporate bonds widened moderately. In AFEs, sovereign yields declined, and major equity indexes edged down. Short-term funding markets were stable, while participation in the ON RRP facility increased further."
d184d487e6a44cd7d122__original,2021-12-15,equity index*,equity indexes,247,261,unclassified,,[],"ing period despite stronger-than-anticipated data on economic activity and surprisingly high inflation. Broad equity indexes were little changed, on net, since the previous FOMC meeting, as strong economic data appeared to offset concerns regarding monetary policy, inflatio"
089487ceeb7972d90d99__original,2021-12-15,asset price*,asset prices,8,20,unclassified,,[],"Foreign asset prices fluctuated over the intermeeting period in response to central bank communications, headlines regarding COVID-related restrictions in some countries,"
089487ceeb7972d90d99__original,2021-12-15,equity index*,equity indexes,263,277,unclassified,,[],"n some countries, and the spread of the Omicron variant. On net, AFE sovereign yields declined, major foreign equity indexes generally edged down, and the broad dollar index increased modestly. Emerging market economy (EME) sovereign spreads widened, and capital flows into "
04bd90aa8c447d6479e3__original,2022-01-26,s p 500 index,s p 500 index,154,167,negative,declin*,"[[168, 176]]","ad, as well as an easing of COVID-related concerns, were cited as contributing to the increase in yields. The s p 500 index declined around 5 percent, with sharp moves toward the end of the period, reportedly prompted by concerns about the implications of a tighter path of"
b719670c8808347f66e5__original,2022-01-26,equity index*,equity indexes,69,83,negative,decreas*,"[[84, 93]]","Long-term sovereign yields in AFEs also rose notably. Broad domestic equity indexes decreased markedly, and spreads of corporate bonds widened modestly. Short-term funding markets were stable, while participation in the overnight rev"
53c9a54a1f25eaef0e97__original,2022-01-26,equity index*,equity indexes,103,117,negative,decreas*,"[[118, 127]]","Inflation compensation implied by Treasury Inflation-Protected Securities rose slightly, on net. Broad equity indexes decreased markedly, on net, particularly in the latter part of the intermeeting period, as shifts in expectations about the pace of monetary policy t"
53c9a54a1f25eaef0e97__original,2022-01-26,equity price*,equity prices,371,384,negative,weigh* on,"[[360, 370]]","licy tightening, global inflationary pressures, and escalating tensions between Russia and Ukraine weighed on equity prices. The one-month option-implied volatility on the s p 500-the VIX-increased considerably, on net, to above the 90th percentile of its historical distri"
9d1e7648a5400e0bace4__original,2022-01-26,equity index*,equity indexes,6,20,negative,decreas*,"[[21, 30]]","Broad equity indexes decreased markedly, on net, particularly in the latter part of the intermeeting period, as shifts in expectations about the pace of monetary policy t"
9d1e7648a5400e0bace4__original,2022-01-26,equity price*,equity prices,274,287,negative,weigh* on,"[[263, 273]]","licy tightening, global inflationary pressures, and escalating tensions between Russia and Ukraine weighed on equity prices. The one-month option-implied volatility on the s p 500-the VIX-increased considerably, on net, to above the 90th percentile of its historical distri"
702ee84ebfbbb28e44d1__original,2022-01-26,equity index*,equity indexes,185,199,negative,declin*,"[[200, 208]]","ed to Russia as contributing to the moves. On net, AFE sovereign yields increased notably, most major foreign equity indexes declined moderately, and the broad dollar index decreased modestly. EME sovereign spreads widened, and capital flows into EME-dedicated bond funds re"
114c6552d9d57ceaa16a__original,2022-01-26,asset valu*,asset valuation,22,37,negative,pressure*,"[[38, 47]]","The staff judged that asset valuation pressures remained elevated. In particular, the forward price-to-earnings ratio for the s p 500 index stood at the upper end of its historical distri"
114c6552d9d57ceaa16a__original,2022-01-26,s p 500 index,s p 500 index,126,139,unclassified,,[]," that asset valuation pressures remained elevated. In particular, the forward price-to-earnings ratio for the s p 500 index stood at the upper end of its historical distribution; high-yield corporate bond spreads and the excess loan premium for leveraged loans remained at "
af3d96fc45f84adb7c6c__original,2022-03-16,equities,equities,257,265,unclassified,,[],"the dollar. Prices of dollar-denominated Russian bonds plunged 80 to 90 percent, and local trading of Russian equities was suspended after a precipitous decline in Russian stock price indexes. Global financial conditions tightened, reflecting declines in equity prices"
af3d96fc45f84adb7c6c__original,2022-03-16,stock price*,stock price,319,330,unclassified,,[]," 80 to 90 percent, and local trading of Russian equities was suspended after a precipitous decline in Russian stock price indexes. Global financial conditions tightened, reflecting declines in equity prices, increases in sovereign yields and credit spreads, and-for the U"
af3d96fc45f84adb7c6c__original,2022-03-16,equity price*,equity prices,402,415,negative,declin*,"[[390, 398]]","ipitous decline in Russian stock price indexes. Global financial conditions tightened, reflecting declines in equity prices, increases in sovereign yields and credit spreads, and-for the United States-an appreciation of the dollar."
ca9491e6d71795e6607e__original,2022-03-16,equities,equities,98,106,unclassified,,[],"Prices of dollar-denominated Russian bonds plunged 80 to 90 percent, and local trading of Russian equities was suspended after a precipitous decline in Russian stock price indexes. Global financial conditions tightened, reflecting declines in equity prices"
ca9491e6d71795e6607e__original,2022-03-16,stock price*,stock price,160,171,unclassified,,[]," 80 to 90 percent, and local trading of Russian equities was suspended after a precipitous decline in Russian stock price indexes. Global financial conditions tightened, reflecting declines in equity prices, increases in sovereign yields and credit spreads, and-for the U"
ca9491e6d71795e6607e__original,2022-03-16,equity price*,equity prices,243,256,negative,declin*,"[[231, 239]]","ipitous decline in Russian stock price indexes. Global financial conditions tightened, reflecting declines in equity prices, increases in sovereign yields and credit spreads, and-for the United States-an appreciation of the dollar. Prices of commodities that Russia exports"
6de9c2d7cca8d05f723a__original,2022-03-16,equity price*,equity prices,198,211,negative,declin*,"[[212, 220]]","ncreased sharply across advanced economies. In Eastern European countries, currencies depreciated notably and equity prices declined, but most emerging market currencies outside of Eastern Europe depreciated only modestly or rose. Sovereign spreads for emerging market econ"
35517f953d63f9761552__original,2022-03-16,equity index*,equity indexes,268,282,negative,declin*,"[[283, 291]]","e viewed as implying a more rapid removal of monetary policy accommodation than previously expected. Domestic equity indexes declined modestly, while those in Europe fell noticeably. Financing conditions remained accommodative, although borrowing costs increased further."
333545ecbbf92eb00a70__original,2022-03-16,equity index*,equity indexes,86,100,negative,declin*,"[[101, 109]]","Spreads of municipal bonds also widened significantly across credit categories. Broad equity indexes declined modestly, on net, amid significant fluctuations. Equity prices increased early in the period because of stronger-than-anticipated corporate "
333545ecbbf92eb00a70__original,2022-03-16,equity price*,Equity prices,159,172,positive,increas*,"[[173, 182]]","ntly across credit categories. Broad equity indexes declined modestly, on net, amid significant fluctuations. Equity prices increased early in the period because of stronger-than-anticipated corporate earnings and economic data releases, but they retraced these gains as in"
fb16b8dab70fc8874ffb__original,2022-03-16,equity index*,equity indexes,6,20,negative,declin*,"[[21, 29]]","Broad equity indexes declined modestly, on net, amid significant fluctuations. Equity prices increased early in the period because of stronger-than-anticipated corporate "
fb16b8dab70fc8874ffb__original,2022-03-16,equity price*,Equity prices,79,92,positive,increas*,"[[93, 102]]","Broad equity indexes declined modestly, on net, amid significant fluctuations. Equity prices increased early in the period because of stronger-than-anticipated corporate earnings and economic data releases, but they retraced these gains as in"
c71efa675ad9bfe82e93__original,2022-03-16,equity price*,Equity prices,0,13,positive,increas*,"[[14, 23]]","Equity prices increased early in the period because of stronger-than-anticipated corporate earnings and economic data releases, but they retraced these gains as in"
c71efa675ad9bfe82e93__original,2022-03-16,asset price*,asset prices,408,420,positive,high*,"[[426, 432]]","d briefly immediately following the invasion but ended the intermeeting period slightly lower on net. Foreign asset prices were highly volatile over the intermeeting period in response to geopolitical developments, central bank communications, and rising inflation concern"
88d749ddf4a0bd33cc0c__original,2022-03-16,asset price*,asset prices,8,20,positive,high*,"[[26, 32]]","Foreign asset prices were highly volatile over the intermeeting period in response to geopolitical developments, central bank communications, and rising inflation concern"
88d749ddf4a0bd33cc0c__original,2022-03-16,equity index*,equity indexes,276,290,unclassified,,[],"cerns. News related to Russia's invasion of Ukraine, in particular, contributed to decreases in major foreign equity indexes, especially in Europe, and a moderate increase in the broad dollar index. Despite downward pressure from the geopolitical events, AFE sovereign yield"
98451aaf0918f1dac205__original,2022-03-16,equity price*,equity prices,240,253,unclassified,,[],"he volatility of price moves and may have contributed to the particularly large swings in Treasury yields and equity prices late in the intermeeting period. Short-term funding markets were mostly stable over the intermeeting period, although spreads in some segments widene"
cc1fb352b625495cfc15__original,2022-05-04,equity index*,Equity indexes,157,171,unclassified,,[],"higher, with 30-year fixed-rate mortgage rates rising above 5 percent to the highest levels in over a decade. Equity indexes ended the period substantially lower, on net. These indexes moved up earlier in the period in connection with a perceived reduction in tail risks ste"
48cb423fb7feec3092ff__original,2022-05-04,equity price index*,equity price indexes,93,113,negative,declin*,"[[114, 122]]","Sovereign yields in advanced foreign economies (AFEs) also increased notably. Broad domestic equity price indexes declined on net, and the one-month option-implied volatility on the s p 500 index-the VIX-remained elevated. Short-term funding markets were stable, "
48cb423fb7feec3092ff__original,2022-05-04,s p 500 index,s p 500 index,182,195,unclassified,,[],"ably. Broad domestic equity price indexes declined on net, and the one-month option-implied volatility on the s p 500 index-the VIX-remained elevated. Short-term funding markets were stable, while participation in the ON RRP facility increased further."
543434087c1ff9642aab__original,2022-05-04,equity index*,equity indexes,193,207,negative,decreas*,"[[208, 217]]","th-implied by a straight read of overnight index swap quotes-rose notably since the March FOMC meeting. Broad equity indexes decreased over the intermeeting period. Early in the period, equity prices increased, supported by the robust pace of economic activity and reduced m"
543434087c1ff9642aab__original,2022-05-04,equity price*,equity prices,269,282,positive,increas*,"[[283, 292]]","nce the March FOMC meeting. Broad equity indexes decreased over the intermeeting period. Early in the period, equity prices increased, supported by the robust pace of economic activity and reduced market concerns about the implications for the global economy of Russia's in"
18f117e6747b6cf3bb8e__original,2022-05-04,equity index*,equity indexes,6,20,negative,decreas*,"[[21, 30]]","Broad equity indexes decreased over the intermeeting period. Early in the period, equity prices increased, supported by the robust pace of economic activity and reduced m"
18f117e6747b6cf3bb8e__original,2022-05-04,equity price*,equity prices,82,95,positive,increas*,"[[96, 105]]","Broad equity indexes decreased over the intermeeting period. Early in the period, equity prices increased, supported by the robust pace of economic activity and reduced market concerns about the implications for the global economy of Russia's in"
18f117e6747b6cf3bb8e__original,2022-05-04,stock price*,stock prices,291,303,positive,gain*,"[[282, 287]]","rns about the implications for the global economy of Russia's invasion of Ukraine. The initial sharp gains in stock prices were followed by larger declines later in the period, as longer-term interest rates rose substantially and as some disappointing earnings reports tow"
18f117e6747b6cf3bb8e__original,2022-05-04,equity price*,equity prices,503,516,negative,weigh* on,"[[492, 502]]",substantially and as some disappointing earnings reports toward the end of the intermeeting period weighed on equity prices.
75708b926ebb294ced6e__original,2022-05-04,equity price*,equity prices,21,34,positive,increas*,"[[35, 44]]","Early in the period, equity prices increased, supported by the robust pace of economic activity and reduced market concerns about the implications for the global economy of Russia's in"
75708b926ebb294ced6e__original,2022-05-04,stock price*,stock prices,230,242,positive,gain*,"[[221, 226]]","rns about the implications for the global economy of Russia's invasion of Ukraine. The initial sharp gains in stock prices were followed by larger declines later in the period, as longer-term interest rates rose substantially and as some disappointing earnings reports tow"
75708b926ebb294ced6e__original,2022-05-04,equity price*,equity prices,442,455,negative,weigh* on,"[[431, 441]]","substantially and as some disappointing earnings reports toward the end of the intermeeting period weighed on equity prices. The VIX declined substantially early in the period but ended the period little changed on net, remaining at elevated levels."
f7ebc6d4dc4ad27c6d4e__original,2022-05-04,price* of risk* asset*,prices of risky assets,85,107,negative,weigh* on,"[[74, 84]]","Prospects of tighter monetary policy and COVID-related lockdowns in China weighed on prices of risky assets, but investor concerns surrounding the economic effects of the war in Ukraine seemed to abate partially. On balance, major foreign equity indexes reg"
f7ebc6d4dc4ad27c6d4e__original,2022-05-04,equity index*,equity indexes,239,253,unclassified,,[],"s surrounding the economic effects of the war in Ukraine seemed to abate partially. On balance, major foreign equity indexes registered mixed and relatively modest changes. The U."
95e5ff471602611b4734__original,2022-06-15,equity price*,equity prices,335,348,unclassified,,[],"rket functioning had held up. Responding to higher interest rates and some concerns about the growth outlook, equity prices moved substantially lower over the period. The manager turned next to a discussion of developments related to foreign central banks."
a4f3b055b3d9937f3c50__original,2022-06-15,equity price index*,equity price indexes,113,133,negative,declin*,"[[134, 142]]","asury yields and the market-implied federal funds rate path moved substantially higher on net. Broad domestic equity price indexes declined considerably, on balance, amid elevated market volatility. In most advanced foreign economies (AFEs), sovereign yields also increased furthe"
a4f3b055b3d9937f3c50__original,2022-06-15,equity price index*,equity price indexes,298,318,negative,mov* lower,"[[319, 330]]","t volatility. In most advanced foreign economies (AFEs), sovereign yields also increased further, and foreign equity price indexes moved lower."
2316d2b833c60c5761bc__original,2022-06-15,equity price index*,equity price indexes,15,35,negative,declin*,"[[36, 44]]","Broad domestic equity price indexes declined considerably, on balance, amid elevated market volatility. In most advanced foreign economies (AFEs), sovereign yields also increased furthe"
2316d2b833c60c5761bc__original,2022-06-15,equity price index*,equity price indexes,200,220,negative,mov* lower,"[[221, 232]]","t volatility. In most advanced foreign economies (AFEs), sovereign yields also increased further, and foreign equity price indexes moved lower. Despite further increases in borrowing costs, financing conditions in domestic credit markets remained generally accommodative."
844ccea2cebf73ac6ee0__original,2022-06-15,equity price index*,equity price indexes,156,176,negative,fell,"[[177, 181]]","counterparts, while inflation compensation implied by Treasury Inflation-Protected Securities declined. Broad equity price indexes fell sharply over the intermeeting period on net. The stock price declines were largely associated with mixed corporate earnings news early in the pe"
844ccea2cebf73ac6ee0__original,2022-06-15,stock price*,stock price,231,242,negative,declin*,"[[243, 251]]",otected Securities declined. Broad equity price indexes fell sharply over the intermeeting period on net. The stock price declines were largely associated with mixed corporate earnings news early in the period and increasing concerns about the economic outlook amid globa
aa8d60ef302f3971010c__original,2022-06-15,equity price index*,equity price indexes,6,26,negative,fell,"[[27, 31]]",Broad equity price indexes fell sharply over the intermeeting period on net. The stock price declines were largely associated with mixed corporate earnings news early in the pe
aa8d60ef302f3971010c__original,2022-06-15,stock price*,stock price,81,92,negative,declin*,"[[93, 101]]",Broad equity price indexes fell sharply over the intermeeting period on net. The stock price declines were largely associated with mixed corporate earnings news early in the period and increasing concerns about the economic outlook amid globa
aa8d60ef302f3971010c__original,2022-06-15,s p 500 index,s p 500 index,306,319,unclassified,,[],"concerns about the economic outlook amid global policy tightening. One-month option-implied volatility on the s p 500 index-the VIX-increased moderately, on balance, remaining elevated relative to its historical distribution and significantly above average pre-pandemic lev"
3aca9918ab3bacf4608f__original,2022-06-15,stock price*,stock price,4,15,negative,declin*,"[[16, 24]]",The stock price declines were largely associated with mixed corporate earnings news early in the period and increasing concerns about the economic outlook amid globa
3aca9918ab3bacf4608f__original,2022-06-15,s p 500 index,s p 500 index,229,242,unclassified,,[],"concerns about the economic outlook amid global policy tightening. One-month option-implied volatility on the s p 500 index-the VIX-increased moderately, on balance, remaining elevated relative to its historical distribution and significantly above average pre-pandemic lev"
eaa2b459700dd060608d__original,2022-06-15,equity price*,equity prices,166,179,negative,weigh* on,"[[155, 165]]","ith increased uncertainty about the path of policy rates. Concerns about the global growth outlook weighed on equity prices, and the broad dollar edged up. Implied equity price volatility remained at elevated levels."
eaa2b459700dd060608d__original,2022-06-15,equity price*,equity price,220,232,unclassified,,[],"es. Concerns about the global growth outlook weighed on equity prices, and the broad dollar edged up. Implied equity price volatility remained at elevated levels."
a2c34c206f5586baa20a__original,2022-06-15,equity price*,equity prices,52,65,negative,weigh* on,"[[41, 51]]","Concerns about the global growth outlook weighed on equity prices, and the broad dollar edged up. Implied equity price volatility remained at elevated levels. Japanese yields and equity prices, however, ended the pe"
a2c34c206f5586baa20a__original,2022-06-15,equity price*,equity price,106,118,unclassified,,[],"Concerns about the global growth outlook weighed on equity prices, and the broad dollar edged up. Implied equity price volatility remained at elevated levels. Japanese yields and equity prices, however, ended the period about unchanged, as the BOJ reaffirmed its accom"
a2c34c206f5586baa20a__original,2022-06-15,equity price*,equity prices,179,192,unclassified,,[],"d the broad dollar edged up. Implied equity price volatility remained at elevated levels. Japanese yields and equity prices, however, ended the period about unchanged, as the BOJ reaffirmed its accommodative monetary policy stance."
24e413fe4aee055a3d34__original,2022-06-15,equity price*,equity price,8,20,unclassified,,[],"Implied equity price volatility remained at elevated levels. Japanese yields and equity prices, however, ended the period about unchanged, as the BOJ reaffirmed its accom"
24e413fe4aee055a3d34__original,2022-06-15,equity price*,equity prices,81,94,unclassified,,[],"Implied equity price volatility remained at elevated levels. Japanese yields and equity prices, however, ended the period about unchanged, as the BOJ reaffirmed its accommodative monetary policy stance. Sovereign bond spreads over German bund y"
6e5d212698e0aa09f48c__original,2022-07-27,equity price index*,equity price indexes,126,146,positive,high*,"[[152, 158]]","ed federal funds rate path for the next few meetings rose but moved down noticeably at longer horizons. Broad equity price indexes were higher, on net, while credit spreads widened. Major foreign equity price indexes edged higher, on net, and the exchange value of the dollar cont"
6e5d212698e0aa09f48c__original,2022-07-27,equity price index*,equity price indexes,212,232,unclassified,,[]," longer horizons. Broad equity price indexes were higher, on net, while credit spreads widened. Major foreign equity price indexes edged higher, on net, and the exchange value of the dollar continued to appreciate."
e2509142389e2d066ea9__original,2022-07-27,equity price index*,equity price indexes,6,26,positive,high*,"[[32, 38]]","Broad equity price indexes were higher, on net, while credit spreads widened. Major foreign equity price indexes edged higher, on net, and the exchange value of the dollar cont"
e2509142389e2d066ea9__original,2022-07-27,equity price index*,equity price indexes,92,112,unclassified,,[],"Broad equity price indexes were higher, on net, while credit spreads widened. Major foreign equity price indexes edged higher, on net, and the exchange value of the dollar continued to appreciate. Amid the decline in Treasury yields, longer-term borrowing costs "
6f30b371d743708bb3ba__original,2022-07-27,equity price index*,equity price indexes,262,282,positive,high*,"[[288, 294]]","ilability remained generally available, it appeared to tighten for most businesses and some households. Broad equity price indexes were higher over the intermeeting period, amid heightened volatility. Declines in interest rates likely supported stock prices over the period, while"
6f30b371d743708bb3ba__original,2022-07-27,stock price*,stock prices,397,409,unclassified,,[]," higher over the intermeeting period, amid heightened volatility. Declines in interest rates likely supported stock prices over the period, while some positive earnings releases suggested to investors a less pessimistic corporate outlook."
dd1c938388e09045dd64__original,2022-07-27,equity price index*,equity price indexes,6,26,positive,high*,"[[32, 38]]","Broad equity price indexes were higher over the intermeeting period, amid heightened volatility. Declines in interest rates likely supported stock prices over the period, while"
dd1c938388e09045dd64__original,2022-07-27,stock price*,stock prices,141,153,unclassified,,[]," higher over the intermeeting period, amid heightened volatility. Declines in interest rates likely supported stock prices over the period, while some positive earnings releases suggested to investors a less pessimistic corporate outlook. One-month option-implied volatili"
dd1c938388e09045dd64__original,2022-07-27,s p 500 index,s p 500 index,313,326,unclassified,,[],eases suggested to investors a less pessimistic corporate outlook. One-month option-implied volatility on the s p 500 index-the VIX-decreased but remained significantly above its pre-pandemic levels.
dd0b58d66b448ea03928__original,2022-07-27,stock price*,stock prices,44,56,unclassified,,[],"Declines in interest rates likely supported stock prices over the period, while some positive earnings releases suggested to investors a less pessimistic corporate outlook. One-month option-implied volatili"
dd0b58d66b448ea03928__original,2022-07-27,s p 500 index,s p 500 index,216,229,unclassified,,[],"eases suggested to investors a less pessimistic corporate outlook. One-month option-implied volatility on the s p 500 index-the VIX-decreased but remained significantly above its pre-pandemic levels. Yields on corporate bonds declined notably across the credit spectrum, bu"
d0010a7674baeff869df__original,2022-07-27,equity price index*,equity price indexes,282,302,unclassified,,[]," Instrument that could be activated to counter disorderly conditions in euro-area bond markets. Major foreign equity price indexes were volatile but generally edged higher, on net, supported by declines in sovereign yields. The dollar appreciated somewhat further against most cur"
fe8220d86929c1c9d773__original,2022-07-27,equities,equities,128,136,unclassified,,[],"funds and life insurance companies remained relatively high. Market liquidity had deteriorated in the oil and equities markets since January, but market functioning continued to be orderly. Yields offered by MMMFs were well above those offered by banks, and the staff "
0700ebec97a213df49a1__original,2022-09-21,equity price*,Equity prices,94,107,unclassified,,[],"Treasury yields climbed substantially, with most of the upward move reflected in real yields. Equity prices initially rose amid second-quarter earnings reports that were better than feared but later retraced those gains in response to the shifting policy ou"
2387fc4d02cccf28c7bf__original,2022-09-21,equity price index*,equity price indexes,92,112,negative,decreas*,"[[113, 122]]","Treasury yields and the market-implied federal funds rate path moved higher. Broad domestic equity price indexes decreased slightly, on balance, but market volatility remained elevated. Credit remained widely available to most types of borrowers, but increases i"
085299bd670c92e00692__original,2022-09-21,equity price index*,equity price indexes,254,274,negative,decreas*,"[[275, 284]]","tantially at short horizons and remained relatively little changed at medium- and longer-term horizons. Broad equity price indexes decreased slightly, on net, as substantial early gains arising from investors' improved perceptions about the inflation outlook and better-than-feare"
3736575990a603685198__original,2022-09-21,equity price index*,equity price indexes,6,26,negative,decreas*,"[[27, 36]]","Broad equity price indexes decreased slightly, on net, as substantial early gains arising from investors' improved perceptions about the inflation outlook and better-than-feare"
17790403b127ea926eeb__original,2022-09-21,equity price*,equity prices,226,239,unclassified,,[],"ning interest rate differentials between the United States and Japan. Growth concerns also weighed on foreign equity prices, which declined moderately. Outflows from funds dedicated to emerging markets continued at a modest pace, and credit spreads in emerging market econo"
f4655835d6f1353b1b7d__original,2022-11-02,equity price*,equity prices,106,119,unclassified,,[],"Treasury yields and the market-implied federal funds rate path moved substantially higher. Broad domestic equity prices were little changed, on net, amid high market volatility, while corporate bond yields increased notably. The rise in borrowing costs appeared to have"
bec45eba5f6fd10e2357__original,2022-11-02,equity price index*,equity price indexes,179,199,negative,fell,"[[200, 204]]","ere primarily accounted for by higher real yields, though inflation compensation measures rose as well. Broad equity price indexes fell significantly early in the intermeeting period, with inflation news and monetary policy expectations likely being the main drivers of stock pric"
bec45eba5f6fd10e2357__original,2022-11-02,stock price*,stock price,339,350,unclassified,,[],"he intermeeting period, with inflation news and monetary policy expectations likely being the main drivers of stock price movements. However, equity prices later rebounded and ended the period essentially unchanged on net."
bec45eba5f6fd10e2357__original,2022-11-02,equity price*,equity prices,371,384,unclassified,,[],"lation news and monetary policy expectations likely being the main drivers of stock price movements. However, equity prices later rebounded and ended the period essentially unchanged on net."
33dbdf4d1e5fdecff53a__original,2022-11-02,equity price index*,equity price indexes,6,26,negative,fell,"[[27, 31]]","Broad equity price indexes fell significantly early in the intermeeting period, with inflation news and monetary policy expectations likely being the main drivers of stock pric"
33dbdf4d1e5fdecff53a__original,2022-11-02,stock price*,stock price,166,177,unclassified,,[],"he intermeeting period, with inflation news and monetary policy expectations likely being the main drivers of stock price movements. However, equity prices later rebounded and ended the period essentially unchanged on net. One-month option-implied volatility on the s p 5"
33dbdf4d1e5fdecff53a__original,2022-11-02,equity price*,equity prices,198,211,unclassified,,[],"lation news and monetary policy expectations likely being the main drivers of stock price movements. However, equity prices later rebounded and ended the period essentially unchanged on net. One-month option-implied volatility on the s p 500-the VIX-declined slightly, on n"
a5d980d1d5ca2b48a2ac__original,2022-11-02,equity price*,equity prices,9,22,unclassified,,[],"However, equity prices later rebounded and ended the period essentially unchanged on net. One-month option-implied volatility on the s p 500-the VIX-declined slightly, on n"
499b3c260fabc092c3f1__original,2022-11-02,equity price*,equity prices,199,212,unclassified,,[],"ft little net imprint. On balance, sovereign bond yields in most advanced foreign economies rose modestly and equity prices were mixed. The U."
cb2023846b6baf595b28__original,2022-12-14,equity market*,Equity markets,173,187,positive,mov* high*,"[[188, 200]]"," suggested that a drop in term premiums accounted for much of the decline in Treasury yields over the period. Equity markets moved higher. However, equity market contacts noted risks to growth ahead, and earnings expectations for coming quarters had been marked down."
cb2023846b6baf595b28__original,2022-12-14,equity market*,equity market,211,224,unclassified,,[],"s accounted for much of the decline in Treasury yields over the period. Equity markets moved higher. However, equity market contacts noted risks to growth ahead, and earnings expectations for coming quarters had been marked down."
d44dcb017f0e056f79da__original,2022-12-14,equity market*,Equity markets,0,14,positive,mov* high*,"[[15, 27]]","Equity markets moved higher. However, equity market contacts noted risks to growth ahead, and earnings expectations for coming quarters had been marked down. In for"
d44dcb017f0e056f79da__original,2022-12-14,equity market*,equity market,38,51,unclassified,,[],"Equity markets moved higher. However, equity market contacts noted risks to growth ahead, and earnings expectations for coming quarters had been marked down. In foreign exchange markets, moderating con"
56b86a3dff27a00acad8__original,2022-12-14,stock market index*,Stock market indexes,180,200,positive,rose,"[[201, 205]]","n compensation declined, on net, and the implied path of the federal funds rate in 2023 ended modestly lower. Stock market indexes rose, on balance, likely reflecting reduced concerns about the inflation outlook, and market volatility declined notably. Borrowing costs declined, o"
10ead6fcd2005e85fb1a__original,2022-12-14,stock price*,stock price,149,160,unclassified,,[],"ion compensation measures based on inflation swaps declined notably, especially for shorter maturities. Broad stock price indexes increased, likely reflecting reduced concerns about the inflation outlook and the associated implications for the future path of policy. On n"
3baa6f1f9a03ec8ec9d3__original,2022-12-14,stock price*,stock price,6,17,unclassified,,[],"Broad stock price indexes increased, likely reflecting reduced concerns about the inflation outlook and the associated implications for the future path of policy. On n"
b19cc1750dbb863ae1c6__original,2022-12-14,equity valu*,equity values,335,348,unclassified,,[],"s were projected to be somewhat less restrictive than previously assumed, as the effects of a higher path for equity values and a lower path for the dollar more than offset a higher medium-term trajectory for interest rates. Nevertheless, the forecast for U."
ce9470f50e52ad526975__original,2023-02-01,stock market*,Stock market,36,48,unclassified,,[],"compensation measures fell notably. Stock market in- Central Bank and the Bank of Japan’s decision to widen dexes were slightly higher, and market volatility declined its yield curve control target "
8507bee5c2a77c04fa3b__original,2023-02-01,stock price*,stock price,17,28,unclassified,,[],"Yields for Broad stock price indexes ended the intermeeting period corporate bonds declined, while borrowing costs for lev-"
a04f7196330f97760554__original,2023-03-22,equity price*,equity prices,166,179,negative,low*,"[[180, 185]]","od. Early in the period, firmer-than-expected data and policy communications pushed interest rates higher and equity prices lower. Developments in the banking sector later in the period were met with sharp reductions in Treasury yields, particularly at shorter tenors."
ee9cbb4ca3453cd8f771__original,2023-03-22,equity price*,equity prices,243,256,unclassified,,[],"ould not be reflected in most common financial conditions indexes. Following the banking-sector developments, equity prices for large U. S."
4648b7b4d6a8bb55e3c2__original,2023-03-22,equity price*,equity prices,42,55,unclassified,,[],S. banks underperformed the broad market; equity prices for U. S.
634a55978516948ce847__original,2023-03-22,stock market price*,stock market price,380,398,unclassified,,[],"h steepening, nominal Treasury yields rising, near-term inflation compensation measures increasing, and broad stock market price indexes declining. Financing conditions for businesses, households, and municipalities had tightened during this period and were moderately restricti"
7a42099f05de0ef4abd3__original,2023-03-22,stock price*,stock price,216,227,unclassified,,[],"nts in the banking sector. Treasury yields and policy rate expectations moved down significantly, while broad stock price indexes rose somewhat. The market-implied policy rate path shifted down sizably, with the federal funds rate expected to peak in May before decreasin"
714c280290fd659ff6ca__original,2023-03-22,stock price*,stock prices,8,20,negative,declin*,"[[21, 29]]",S. bank stock prices declined notably. Regional banks with unusually large reliance on uninsured deposits and holdings of securities with significant unrealized mark-to-m
714c280290fd659ff6ca__original,2023-03-22,stock price*,stock prices,214,226,negative,declin*,"[[202, 210]]",s and holdings of securities with significant unrealized mark-to-market losses experienced larger declines in stock prices.
22349e8b9b60c38f4fb0__original,2023-03-22,stock price*,stock prices,5,17,negative,declin*,"[[18, 26]]",bank stock prices declined notably. Regional banks with unusually large reliance on uninsured deposits and holdings of securities with significant unrealized mark-to-m
22349e8b9b60c38f4fb0__original,2023-03-22,stock price*,stock prices,211,223,negative,declin*,"[[199, 207]]","s and holdings of securities with significant unrealized mark-to-market losses experienced larger declines in stock prices. Broad equity prices rose somewhat after the closures of Silicon Valley Bank and Signature Bank, reportedly driven by investors' reassessment of the "
22349e8b9b60c38f4fb0__original,2023-03-22,equity price*,equity prices,231,244,positive,rose,"[[245, 249]]","curities with significant unrealized mark-to-market losses experienced larger declines in stock prices. Broad equity prices rose somewhat after the closures of Silicon Valley Bank and Signature Bank, reportedly driven by investors' reassessment of the outlook for interest "
a5c01d78421bde672a7e__original,2023-03-22,stock price*,stock prices,175,187,negative,declin*,"[[163, 171]]","s and holdings of securities with significant unrealized mark-to-market losses experienced larger declines in stock prices. Broad equity prices rose somewhat after the closures of Silicon Valley Bank and Signature Bank, reportedly driven by investors' reassessment of the "
a5c01d78421bde672a7e__original,2023-03-22,equity price*,equity prices,195,208,positive,rose,"[[209, 213]]","curities with significant unrealized mark-to-market losses experienced larger declines in stock prices. Broad equity prices rose somewhat after the closures of Silicon Valley Bank and Signature Bank, reportedly driven by investors' reassessment of the outlook for interest "
ec8ee9a5fd9cc9f7d2e9__original,2023-03-22,equity price*,equity prices,6,19,positive,rose,"[[20, 24]]","Broad equity prices rose somewhat after the closures of Silicon Valley Bank and Signature Bank, reportedly driven by investors' reassessment of the outlook for interest "
ad668ae51b070bcc1e25__original,2023-03-22,asset market*,asset markets,29,42,unclassified,,[],"Some of the pricing moves in asset markets may have been amplified by impaired liquidity conditions. Despite deteriorating liquidity conditions in Treasury, bond, and equity markets, market fu"
ad668ae51b070bcc1e25__original,2023-03-22,equity market*,equity markets,167,181,unclassified,,[],"amplified by impaired liquidity conditions. Despite deteriorating liquidity conditions in Treasury, bond, and equity markets, market functioning remained orderly. Over the intermeeting period, foreign financial markets were volatile as investors' focus shifted from resilien"
6171828c7996ca29fff1__original,2023-03-22,equity index*,equity indexes,326,340,unclassified,,[],"ar index rose moderately, corporate and emerging market economy sovereign credit spreads widened, and foreign equity indexes generally moved lower, with bank equities falling notably. U."
6171828c7996ca29fff1__original,2023-03-22,equities,equities,374,382,negative,fall*,"[[383, 390]]"," market economy sovereign credit spreads widened, and foreign equity indexes generally moved lower, with bank equities falling notably. U."
8b6ac7b1d2b6d84cd526__original,2023-05-03,asset price*,Asset prices,0,12,unclassified,,[],Asset prices were less volatile and financial market conditions eased somewhat over the intermeeting period as investor sentiment around the banking system stabil
8b6ac7b1d2b6d84cd526__original,2023-05-03,equities,equities,210,218,unclassified,,[]," period as investor sentiment around the banking system stabilized. On net, nominal Treasury yields declined, equities appreciated, credit spreads tightened, and the trade-weighted value of the dollar depreciated. Measures of implied volatility declined across markets"
e26266083c911cc7ef5d__original,2023-05-03,equity price*,equity prices,99,112,unclassified,,[],"Deposit outflows from small and mid-sized banks largely stopped in late March and April. Al­though equity prices for regional banks fell further over the period, for the vast majority of banks these declines appeared primarily to reflect expectations for lower p"
fa312403c111c276a81d__original,2023-05-03,equity price index*,equity price indexes,101,121,positive,increas*,"[[122, 131]]","The market-implied path for the federal funds rate in 2023 increased modestly over the period. Broad equity price indexes increased, al­though equity prices of some regional banks were lower, and equity market volatility declined. Financing conditions continued to be res"
fa312403c111c276a81d__original,2023-05-03,equity price*,equity prices,143,156,unclassified,,[],"ederal funds rate in 2023 increased modestly over the period. Broad equity price indexes increased, al­though equity prices of some regional banks were lower, and equity market volatility declined. Financing conditions continued to be restrictive, and borrowing costs remai"
fa312403c111c276a81d__original,2023-05-03,equity market*,equity market,196,209,unclassified,,[]," period. Broad equity price indexes increased, al­though equity prices of some regional banks were lower, and equity market volatility declined. Financing conditions continued to be restrictive, and borrowing costs remained elevated."
7e10fe002124331f0f97__original,2023-05-03,stock price*,stock price,142,153,unclassified,,[],"e path of interest rates declined modestly but remained substantially elevated by historical standards. Broad stock price indexes increased moderately, and the VIX-the one-month option-implied volatility on the s p 500-decreased notably over the intermeeting period. Howe"
4d7786a3d27bc7701b43__original,2023-05-03,equity price*,Equity prices,83,96,unclassified,,[],"However, market participants remained attentive to developments at regional banks. Equity prices at such banks broadly declined over the intermeeting period in part because of higher funding costs, as well as concerns about profitability and a po"
4d7786a3d27bc7701b43__original,2023-05-03,equity index*,equity indexes,517,531,unclassified,,[],"eeting period amid reduced investor concerns about the banking sector, leading to moderate increases in broad equity indexes and declines in option-implied measures of equity volatility."
5fcc012b823a22efa36e__original,2023-05-03,equity price*,Equity prices,0,13,unclassified,,[],"Equity prices at such banks broadly declined over the intermeeting period in part because of higher funding costs, as well as concerns about profitability and a po"
5fcc012b823a22efa36e__original,2023-05-03,equity index*,equity indexes,434,448,unclassified,,[],"eeting period amid reduced investor concerns about the banking sector, leading to moderate increases in broad equity indexes and declines in option-implied measures of equity volatility. That said, equity prices for euro-area banks declined somewhat, on net, and remained si"
5fcc012b823a22efa36e__original,2023-05-03,equity price*,equity prices,522,535,unclassified,,[],"te increases in broad equity indexes and declines in option-implied measures of equity volatility. That said, equity prices for euro-area banks declined somewhat, on net, and remained significantly lower than their levels before the onset of banking stresses in early March"
030eb24a0b4d0cc96bcc__original,2023-05-03,equity index*,equity indexes,192,206,unclassified,,[],"eeting period amid reduced investor concerns about the banking sector, leading to moderate increases in broad equity indexes and declines in option-implied measures of equity volatility. That said, equity prices for euro-area banks declined somewhat, on net, and remained si"
030eb24a0b4d0cc96bcc__original,2023-05-03,equity price*,equity prices,280,293,unclassified,,[],"te increases in broad equity indexes and declines in option-implied measures of equity volatility. That said, equity prices for euro-area banks declined somewhat, on net, and remained significantly lower than their levels before the onset of banking stresses in early March"
4b9cae41c8bee1de0719__original,2023-06-14,equity price*,equity prices,111,124,positive,rose,"[[125, 129]]","he increase in nominal yields primarily reflected higher real rates rather than inflation compensation. Broad equity prices rose, al­though the outperformance was concentrated in a handful of companies with a large market capitalization. Cyclical sectors fared better than "
d848ff35774b95644c2a__original,2023-06-14,equity price*,Equity prices,128,141,unclassified,,[], about the banking sector improved as perceived tail risks regarding regional banks appeared to have receded. Equity prices for regional banks rose over the intermeeting period but were still well below early March levels. Financial conditions indexes were roughly unchange
d848ff35774b95644c2a__original,2023-06-14,equity price*,equity prices,354,367,positive,high*,"[[347, 353]]","ancial conditions indexes were roughly unchanged, as higher rates and a stronger dollar were offset by higher equity prices and narrower credit spreads."
13e3b02e4fdb3f4714f8__original,2023-06-14,equity price*,Equity prices,0,13,unclassified,,[],Equity prices for regional banks rose over the intermeeting period but were still well below early March levels. Financial conditions indexes were roughly unchange
13e3b02e4fdb3f4714f8__original,2023-06-14,equity price*,equity prices,226,239,positive,high*,"[[219, 225]]","ancial conditions indexes were roughly unchanged, as higher rates and a stronger dollar were offset by higher equity prices and narrower credit spreads. The vast majority of respondents to the Open Market Desk's Surveys of Primary Dealers and Market Participants expected n"
80aeb6447913a4b40a92__original,2023-06-14,equity price*,equity prices,132,145,unclassified,,[],"yields and the expected future path for the federal funds rate shifted upward significantly. Meanwhile, broad equity prices also increased notably. Financing conditions remained moderately restrictive, but credit availability generally remained solid."
aece777c588ee99bc1e4__original,2023-06-14,stock price*,stock price,117,128,unclassified,,[],"s of uncertainty about the path of interest rates remained very elevated by historical standards. The s p 500 stock price index increased sizably, on net, over the intermeeting period, led by technology-related stocks. The VIX-the one-month option-implied volatility on t"
aece777c588ee99bc1e4__original,2023-06-14,s p 500 index,s p 500 index,281,294,negative,edge* down,"[[295, 305]]","intermeeting period, led by technology-related stocks. The VIX-the one-month option-implied volatility on the s p 500 index-edged down, on balance, and ended the period near the 30th percentile of its historical distribution."
bc35ba2fdb0b47b4017d__original,2023-06-14,stock price*,stock price,12,23,unclassified,,[],"The s p 500 stock price index increased sizably, on net, over the intermeeting period, led by technology-related stocks. The VIX-the one-month option-implied volatility on t"
bc35ba2fdb0b47b4017d__original,2023-06-14,s p 500 index,s p 500 index,176,189,negative,edge* down,"[[190, 200]]","intermeeting period, led by technology-related stocks. The VIX-the one-month option-implied volatility on the s p 500 index-edged down, on balance, and ended the period near the 30th percentile of its historical distribution. Bank equity price indexes moved up notably, on "
bc35ba2fdb0b47b4017d__original,2023-06-14,equity price index*,equity price indexes,297,317,positive,mov* up,"[[318, 326]]","ex-edged down, on balance, and ended the period near the 30th percentile of its historical distribution. Bank equity price indexes moved up notably, on net, over the intermeeting period."
f67cfc9b6ac9575e0b61__original,2023-06-14,s p 500 index,s p 500 index,55,68,negative,edge* down,"[[69, 79]]","The VIX-the one-month option-implied volatility on the s p 500 index-edged down, on balance, and ended the period near the 30th percentile of its historical distribution. Bank equity price indexes moved up notably, on "
f67cfc9b6ac9575e0b61__original,2023-06-14,equity price index*,equity price indexes,176,196,positive,mov* up,"[[197, 205]]","ex-edged down, on balance, and ended the period near the 30th percentile of its historical distribution. Bank equity price indexes moved up notably, on net, over the intermeeting period. Stock prices for large banks were only somewhat below their levels before the failure of Sili"
f67cfc9b6ac9575e0b61__original,2023-06-14,stock price*,Stock prices,253,265,unclassified,,[],"ts historical distribution. Bank equity price indexes moved up notably, on net, over the intermeeting period. Stock prices for large banks were only somewhat below their levels before the failure of Silicon Valley Bank (SVB), while those for regional banks remained below "
929d802d9679adba5560__original,2023-06-14,equity price index*,equity price indexes,5,25,positive,mov* up,"[[26, 34]]","Bank equity price indexes moved up notably, on net, over the intermeeting period. Stock prices for large banks were only somewhat below their levels before the failure of Sili"
929d802d9679adba5560__original,2023-06-14,stock price*,Stock prices,82,94,unclassified,,[],"Bank equity price indexes moved up notably, on net, over the intermeeting period. Stock prices for large banks were only somewhat below their levels before the failure of Silicon Valley Bank (SVB), while those for regional banks remained below "
26f4ade6744429a1ac68__original,2023-06-14,equity price*,equity prices,304,317,unclassified,,[],"ived as pointing to more restrictive policy than expected. Notwithstanding the rise in global yields, foreign equity prices, credit spreads, and risk sentiment in foreign markets were little changed over the intermeeting period. The staff's trade-weighted broad dollar inde"
4b1d69cecd45d806f29c__original,2023-06-14,household wealth,household wealth,189,205,unclassified,,[],"consumer spending so far this year had been stronger than expected. Several participants noted that aggregate household wealth remained high, as equity and home prices had not declined much from their recent highs. A few participants mentioned that while, overall, the househo"
4b1d69cecd45d806f29c__original,2023-06-14,equity and home price*,equity and home prices,224,246,positive,not declin*,"[[251, 263]]","had been stronger than expected. Several participants noted that aggregate household wealth remained high, as equity and home prices had not declined much from their recent highs. A few participants mentioned that while, overall, the household sector still retained much of the exce"
b107a5607d1605b4bbe9__original,2023-07-26,equity price*,equity prices,421,434,positive,gain*,"[[412, 417]]","restrictive expected policy path, broader financial conditions eased a bit, reflecting in large part gains in equity prices and tighter credit spreads. Notably, share prices for bank equity also appreciated over the intermeeting period as concerns about the banking sector "
78c8037efc877f47b545__original,2023-07-26,equity price*,equity prices,153,166,positive,increas*,"[[167, 176]]","ds rate rose modestly, and nominal Treasury yields increased somewhat at shorter maturities. Meanwhile, broad equity prices increased, and spreads on investment- and speculative-grade corporate bonds narrowed moderately. Financing conditions continued to be generally restr"
4c341a8f172a18a751f5__original,2023-07-26,stock price*,stock price,147,158,unclassified,,[],h of the policy rate derived from interest rate options remained very elevated by historical standards. Broad stock price indexes increased and spreads on investment- and speculative-grade corporate bonds narrowed moderately over the intermeeting period. The VIX-the one-
dda3c549996f34536f12__original,2023-07-26,stock price*,stock price,6,17,unclassified,,[],Broad stock price indexes increased and spreads on investment- and speculative-grade corporate bonds narrowed moderately over the intermeeting period. The VIX-the one-
dda3c549996f34536f12__original,2023-07-26,equity price*,equity prices,308,321,positive,increas*,"[[322, 331]]", on the s p 500-edged down and ended the period near the 25th percentile of its historical distribution. Bank equity prices increased and outperformed the s p 500 modestly.
499466433481d79022d4__original,2023-07-26,equity price*,equity prices,157,170,positive,increas*,"[[171, 180]]", on the s p 500-edged down and ended the period near the 25th percentile of its historical distribution. Bank equity prices increased and outperformed the s p 500 modestly. Stock prices for the largest banks fully recovered from their declines in the immediate wake of the 
499466433481d79022d4__original,2023-07-26,stock price*,Stock prices,220,232,unclassified,,[],"ercentile of its historical distribution. Bank equity prices increased and outperformed the s p 500 modestly. Stock prices for the largest banks fully recovered from their declines in the immediate wake of the failure of Silicon Valley Bank, while those for regional banks"
d688a2ffe01a9908ff1e__original,2023-07-26,equity price*,equity prices,5,18,positive,increas*,"[[19, 28]]",Bank equity prices increased and outperformed the s p 500 modestly. Stock prices for the largest banks fully recovered from their declines in the immediate wake of the 
d688a2ffe01a9908ff1e__original,2023-07-26,stock price*,Stock prices,68,80,unclassified,,[],"Bank equity prices increased and outperformed the s p 500 modestly. Stock prices for the largest banks fully recovered from their declines in the immediate wake of the failure of Silicon Valley Bank, while those for regional banks"
7889b02e4dac7124be4b__original,2023-07-26,equity index*,equity indexes,185,199,positive,increas*,"[[200, 210]]","nflation and PMIs from some economies. Risk sentiment in foreign markets improved somewhat, with most foreign equity indexes increasing and foreign corporate and emerging market sovereign bond spreads narrowing. The staff's trade-weighted broad dollar index declined moderat"
31a4e809cc7d35dce188__original,2023-09-20,equity price*,equity prices,197,210,negative,fell,"[[211, 215]]"," increases. Ten-year Treasury yields ended the period more than 40 basis points higher, and broad measures of equity prices fell. Bank equity prices underperformed over the period, but taking a somewhat longer view, investor sentiment toward the banking sector appeared to "
31a4e809cc7d35dce188__original,2023-09-20,equity price*,equity prices,222,235,unclassified,,[],"sury yields ended the period more than 40 basis points higher, and broad measures of equity prices fell. Bank equity prices underperformed over the period, but taking a somewhat longer view, investor sentiment toward the banking sector appeared to have largely stabilized, "
31a4e809cc7d35dce188__original,2023-09-20,equity price*,equity price,414,426,unclassified,,[],"nvestor sentiment toward the banking sector appeared to have largely stabilized, with less differentiation of equity price movements across bank types."
cf362c6d9f54c322c685__original,2023-09-20,equity price*,equity prices,98,111,negative,fell,"[[112, 116]]","Ten-year Treasury yields ended the period more than 40 basis points higher, and broad measures of equity prices fell. Bank equity prices underperformed over the period, but taking a somewhat longer view, investor sentiment toward the banking sector appeared to "
cf362c6d9f54c322c685__original,2023-09-20,equity price*,equity prices,123,136,unclassified,,[],"sury yields ended the period more than 40 basis points higher, and broad measures of equity prices fell. Bank equity prices underperformed over the period, but taking a somewhat longer view, investor sentiment toward the banking sector appeared to have largely stabilized, "
cf362c6d9f54c322c685__original,2023-09-20,equity price*,equity price,315,327,unclassified,,[],"nvestor sentiment toward the banking sector appeared to have largely stabilized, with less differentiation of equity price movements across bank types. The dollar broadly appreciated against advanced-economy currencies over the period, as stronger U."
41f83df3151ab14b9bcd__original,2023-09-20,equity price*,equity prices,72,85,negative,low*,"[[66, 71]]","S. financial conditions tightened, with higher longer-term rates, lower equity prices, and a stronger dollar contributing roughly equally to the increase in various financial conditions indexes. In addressing the increase in nominal yi"
33dbc783489b64386efa__original,2023-09-20,stock price*,Stock prices,150,162,negative,declin*,"[[163, 171]]","l Treasury securities rose more substantially, mainly reflecting higher term premiums and higher real yields. Stock prices declined somewhat, but spreads on investment- and speculative-grade corporate bonds were little changed. Financing conditions tightened somewhat, and"
ec21342e2235811a5347__original,2023-09-20,equity price index*,equity price indexes,214,234,negative,declin*,"[[235, 243]]","meeting, and the expected path further out, implied by overnight index swap contracts, rose moderately. Broad equity price indexes declined somewhat, and the one-month option-implied volatility on the s p 500 index edged up slightly, on net, and stood near the 25th percentile of "
ec21342e2235811a5347__original,2023-09-20,s p 500 index,s p 500 index,305,318,positive,edge* up,"[[319, 327]]"," moderately. Broad equity price indexes declined somewhat, and the one-month option-implied volatility on the s p 500 index edged up slightly, on net, and stood near the 25th percentile of its historical distribution. Conditions in domestic short-term funding markets remai"
657b66d8acfbf2a4d36a__original,2023-09-20,equity price*,equity prices,185,198,negative,declin*,"[[199, 207]]","he decision by the Bank of Japan to effectively widen its target range for the 10-year Japanese yield. Global equity prices declined moderately, reflecting higher long-term yields and increased concerns about the foreign economic outlook. Bond and equity funds focused on e"
1845415e15e4a5141242__original,2023-11-01,equity price*,equity prices,214,227,negative,low*,"[[208, 213]]","Financial conditions continued to tighten, driven by higher yields on Treasury securities as well as by lower equity prices and a stronger dollar, which themselves partly reflected higher interest rates. Because earnings expectations had held up well in recent months, the "
1845415e15e4a5141242__original,2023-11-01,equity price*,equity prices,412,425,unclassified,,[],"ates. Because earnings expectations had held up well in recent months, the effect of higher interest rates on equity prices likely took place largely through valuations."
0c190ae5c43e212cbea3__original,2023-11-01,equity price*,equity prices,110,123,negative,low*,"[[104, 109]]","Financial conditions continued to tighten, driven by higher yields on Treasury securities as well as by lower equity prices and a stronger dollar, which themselves partly reflected higher interest rates. Because earnings expectations had held up well in recent months, the "
0c190ae5c43e212cbea3__original,2023-11-01,equity price*,equity prices,308,321,unclassified,,[],"ates. Because earnings expectations had held up well in recent months, the effect of higher interest rates on equity prices likely took place largely through valuations. The rise since July in yields on longer-dated nominal Treasury securities was mostly attributable to in"
4cffdab3b096724614dd__original,2023-11-01,equity price*,equity prices,249,262,negative,decreas*,"[[263, 272]]","data seemed to increase the uncertainty regarding how long policy rates might need to remain high. Meanwhile, equity prices decreased, and spreads on investment- and speculative-grade corporate bonds widened. Financing conditions tightened further, and borrowing costs cont"
f4526d7b6643e6093922__original,2023-11-01,stock price*,stock price,174,185,unclassified,,[],"termeeting period, largely following the changes in energy prices, but ended the period modestly lower. Broad stock price indexes declined over the intermeeting period. Equity prices in interest rate-sensitive sectors, such as real estate and utilities, underperformed th"
f4526d7b6643e6093922__original,2023-11-01,equity price*,Equity prices,233,246,unclassified,,[],"prices, but ended the period modestly lower. Broad stock price indexes declined over the intermeeting period. Equity prices in interest rate-sensitive sectors, such as real estate and utilities, underperformed the broader market."
3b1941f747e186df0ab7__original,2023-11-01,stock price*,stock price,6,17,unclassified,,[],"Broad stock price indexes declined over the intermeeting period. Equity prices in interest rate-sensitive sectors, such as real estate and utilities, underperformed th"
3b1941f747e186df0ab7__original,2023-11-01,equity price*,Equity prices,65,78,unclassified,,[],"Broad stock price indexes declined over the intermeeting period. Equity prices in interest rate-sensitive sectors, such as real estate and utilities, underperformed the broader market. Stock prices of banks also declined more th"
3b1941f747e186df0ab7__original,2023-11-01,stock price*,Stock prices,185,197,unclassified,,[],"ces in interest rate-sensitive sectors, such as real estate and utilities, underperformed the broader market. Stock prices of banks also declined more than broader equity indexes."
3b1941f747e186df0ab7__original,2023-11-01,equity index*,equity indexes,239,253,unclassified,,[],"state and utilities, underperformed the broader market. Stock prices of banks also declined more than broader equity indexes."
4547f24eabeb87bb31e5__original,2023-11-01,equity price*,Equity prices,0,13,unclassified,,[],"Equity prices in interest rate-sensitive sectors, such as real estate and utilities, underperformed the broader market. Stock prices of banks also declined more th"
4547f24eabeb87bb31e5__original,2023-11-01,stock price*,Stock prices,120,132,unclassified,,[],"ces in interest rate-sensitive sectors, such as real estate and utilities, underperformed the broader market. Stock prices of banks also declined more than broader equity indexes. The one-month option-implied volatility on the s p 500 index increased notably over the inte"
4547f24eabeb87bb31e5__original,2023-11-01,equity index*,equity indexes,174,188,unclassified,,[],"state and utilities, underperformed the broader market. Stock prices of banks also declined more than broader equity indexes. The one-month option-implied volatility on the s p 500 index increased notably over the intermeeting period but remained below the peaks observed in"
4547f24eabeb87bb31e5__original,2023-11-01,s p 500 index,s p 500 index,237,250,positive,increas*,"[[251, 260]]",rices of banks also declined more than broader equity indexes. The one-month option-implied volatility on the s p 500 index increased notably over the intermeeting period but remained below the peaks observed in the first quarter of 2023.
1b8905937971bfeec78b__original,2023-11-01,stock price*,Stock prices,0,12,unclassified,,[],Stock prices of banks also declined more than broader equity indexes. The one-month option-implied volatility on the s p 500 index increased notably over the inte
1b8905937971bfeec78b__original,2023-11-01,equity index*,equity indexes,54,68,unclassified,,[],Stock prices of banks also declined more than broader equity indexes. The one-month option-implied volatility on the s p 500 index increased notably over the intermeeting period but remained below the peaks observed in
1b8905937971bfeec78b__original,2023-11-01,s p 500 index,s p 500 index,117,130,positive,increas*,"[[131, 140]]","rices of banks also declined more than broader equity indexes. The one-month option-implied volatility on the s p 500 index increased notably over the intermeeting period but remained below the peaks observed in the first quarter of 2023. Over the intermeeting period, fore"
1b8905937971bfeec78b__original,2023-11-01,asset price*,asset prices,284,296,unclassified,,[],"iod but remained below the peaks observed in the first quarter of 2023. Over the intermeeting period, foreign asset prices were largely driven by spillovers from the rise in longer-term U."
111082d105859f94efe3__original,2023-11-01,equity price*,equity prices,96,109,negative,declin*,"[[110, 118]]","Treasury yields. Longer-term sovereign bond yields for advanced foreign economies rose, foreign equity prices declined, foreign credit spreads generally widened, and investors continued to withdraw from emerging market economy funds. Stronger-than-expected U."
945f8e0151c11c0126d9__original,2023-11-01,asset valu*,asset valuation,24,39,negative,pressure*,"[[40, 49]]","The staff characterized asset valuation pressures as notable. In particular, the staff noted that valuations in equities, housing, and CRE were high. The forward price-to-earnings ratio for"
945f8e0151c11c0126d9__original,2023-11-01,equities,equities,112,120,unclassified,,[],"e staff characterized asset valuation pressures as notable. In particular, the staff noted that valuations in equities, housing, and CRE were high. The forward price-to-earnings ratio for s p 500 firms increased to the upper quartile of its historical distribution."
9b93ae3ef279af574e5b__original,2023-11-01,equities,equities,50,58,unclassified,,[],"In particular, the staff noted that valuations in equities, housing, and CRE were high. The forward price-to-earnings ratio for s p 500 firms increased to the upper quartile of its historical distribution. Ho"
bed32d67d936263b703d__original,2023-12-13,equity price*,equity prices,186,199,positive,increas*,"[[174, 182]]","er the intermeeting period. Financial conditions eased, driven by a decline in interest rates, an increase in equity prices, and a depreciation in the dollar. The rise in equity prices was supported by the decline in Treasury yields and by earnings growth that exceeded con"
bed32d67d936263b703d__original,2023-12-13,equity price*,equity prices,247,260,positive,rise*,"[[239, 243]]","n by a decline in interest rates, an increase in equity prices, and a depreciation in the dollar. The rise in equity prices was supported by the decline in Treasury yields and by earnings growth that exceeded consensus expectations."
4b1848da77965a1f6e2b__original,2023-12-13,equity price*,equity prices,82,95,positive,increas*,"[[70, 78]]","Financial conditions eased, driven by a decline in interest rates, an increase in equity prices, and a depreciation in the dollar. The rise in equity prices was supported by the decline in Treasury yields and by earnings growth that exceeded con"
4b1848da77965a1f6e2b__original,2023-12-13,equity price*,equity prices,143,156,positive,rise*,"[[135, 139]]","n by a decline in interest rates, an increase in equity prices, and a depreciation in the dollar. The rise in equity prices was supported by the decline in Treasury yields and by earnings growth that exceeded consensus expectations. Implied volatility for equities diminish"
4b1848da77965a1f6e2b__original,2023-12-13,equities,equities,289,297,unclassified,,[],ecline in Treasury yields and by earnings growth that exceeded consensus expectations. Implied volatility for equities diminished notably.
484504a7f8e17009a59c__original,2023-12-13,equity price*,equity prices,12,25,positive,rise*,"[[4, 8]]",The rise in equity prices was supported by the decline in Treasury yields and by earnings growth that exceeded consensus expectations. Implied volatility for equities diminish
484504a7f8e17009a59c__original,2023-12-13,equities,equities,158,166,unclassified,,[],ecline in Treasury yields and by earnings growth that exceeded consensus expectations. Implied volatility for equities diminished notably. The easing in financial conditions reversed some of the tightening that occurred over the summer and much of the fall.
bcd66e4568b80085683e__original,2023-12-13,equity price index*,equity price indexes,186,206,unclassified,,[]," market-implied path for the federal funds rate beyond the next few months shifted downward. Meanwhile, broad equity price indexes were boosted by many of the same factors that lowered Treasury yields, and spreads on investment- and speculative-grade corporate bonds narrowed. Fin"
345b3f3e91c3c553b63b__original,2023-12-13,stock price*,stock price,188,199,unclassified,,[],"nsistent with the tempering of concerns about inflation, but remained elevated by historical standards. Broad stock price indexes increased markedly over the intermeeting period, and spreads on investment-grade bonds narrowed moderately, while those on speculative-grade "
0f328bb1eb1f703c96ef__original,2023-12-13,stock price*,stock price,6,17,unclassified,,[],"Broad stock price indexes increased markedly over the intermeeting period, and spreads on investment-grade bonds narrowed moderately, while those on speculative-grade "
84262106619780e77ad6__original,2023-12-13,equity price*,equity prices,202,215,positive,increas*,"[[216, 226]]","clines in foreign yields. These declines were accompanied by an improvement in market sentiment, with foreign equity prices increasing, foreign credit spreads narrowing, and outflows from funds investing in emerging market economies slowing notably. The improvement in sent"
40ad15cb86f441ae3fa6__original,2024-01-31,equity price*,equity prices,147,160,unclassified,,[],"inued to suggest a near-term path of in- flation consistent with a return to 2 percent later this year. Broad equity prices reached new highs over the intermeeting period, but they were driven mostly by the strong gains of large-capitalization technology compa- nies; broad"
40ad15cb86f441ae3fa6__original,2024-01-31,equity valu*,equity valuations,325,342,unclassified,,[],"ey were driven mostly by the strong gains of large-capitalization technology compa- nies; broader measures of equity valuations were more subdued. Still, equities appeared priced for continued economic resilience."
40ad15cb86f441ae3fa6__original,2024-01-31,equities,equities,369,377,unclassified,,[]," large-capitalization technology compa- nies; broader measures of equity valuations were more subdued. Still, equities appeared priced for continued economic resilience."
db6d756f0ecacd13ccd8__original,2024-01-31,equity price*,equity prices,6,19,unclassified,,[],"Broad equity prices reached new highs over the intermeeting period, but they were driven mostly by the strong gains of large-capitalization technology compa- nies; broad"
db6d756f0ecacd13ccd8__original,2024-01-31,equity valu*,equity valuations,184,201,unclassified,,[],"ey were driven mostly by the strong gains of large-capitalization technology compa- nies; broader measures of equity valuations were more subdued. Still, equities appeared priced for continued economic resilience. The manager turned next to expectations for monetary policy."
db6d756f0ecacd13ccd8__original,2024-01-31,equities,equities,228,236,unclassified,,[]," large-capitalization technology compa- nies; broader measures of equity valuations were more subdued. Still, equities appeared priced for continued economic resilience. The manager turned next to expectations for monetary policy."
e642c79684631d20cc21__original,2024-01-31,stock price*,stock price,107,118,unclassified,,[],"Market-based measures of interest rate uncertainty remained highly elevated by historical standards. Broad stock price indexes increased, and spreads on in- vestment- and speculative-grade bonds narrowed mod- estly over the intermeeting period. The one-month op- tion-"
ca30bdaa5fd07f449b19__original,2024-01-31,stock price*,stock price,6,17,unclassified,,[],"Broad stock price indexes increased, and spreads on in- vestment- and speculative-grade bonds narrowed mod- estly over the intermeeting period. The one-month op- tion-"
ca30bdaa5fd07f449b19__original,2024-01-31,asset price*,asset prices,379,391,unclassified,,[],"standards. Movements in foreign markets over the intermeeting pe- riod were modest, on net, with most foreign asset prices and the exchange value of the dollar little changed."
0389444c9caa513ead1b__original,2024-01-31,equity index*,equity indexes,66,80,positive,increas*,"[[81, 90]]","while longer-term foreign yields were little changed. Ma- jor AFE equity indexes increased slightly. Conditions in short-term funding markets remained sta- ble over the intermeeting period, with typical dynamics observed surroundi"
862d8b2aa67afaa2d584__original,2024-03-20,equity price*,equity prices,87,100,positive,high*,"[[80, 86]]","S. financial conditions had eased modestly since the January FOMC meeting, with higher equity prices more than offsetting increases in interest rates. Nominal Treasury yields had risen over the intermeeting period."
0931f79b8ed40729b549__original,2024-03-20,equity price*,equity prices,233,246,unclassified,,[],alance sheet size at the end of runoff than respondents had previously assessed. The manager noted that broad equity prices had reached new highs over the intermeeting period. This growth was again driven primarily by the strong increases in valuations of large-capitalizat
0931f79b8ed40729b549__original,2024-03-20,equity price*,equity price,436,448,positive,gain*,"[[449, 454]]","n primarily by the strong increases in valuations of large-capitalization technology companies, while broader equity price gains were more measured."
19a9274336e4ce545312__original,2024-03-20,equity price*,equity prices,29,42,unclassified,,[],The manager noted that broad equity prices had reached new highs over the intermeeting period. This growth was again driven primarily by the strong increases in valuations of large-capitalizat
19a9274336e4ce545312__original,2024-03-20,equity price*,equity price,232,244,positive,gain*,"[[245, 250]]","n primarily by the strong increases in valuations of large-capitalization technology companies, while broader equity price gains were more measured. Recent bank equity price behavior reflected renewed market attention on the challenges faced by the regional banking sector"
19a9274336e4ce545312__original,2024-03-20,equity price*,equity price,283,295,unclassified,,[],"f large-capitalization technology companies, while broader equity price gains were more measured. Recent bank equity price behavior reflected renewed market attention on the challenges faced by the regional banking sector, particularly that sector's exposures to commercia"
2b6b346416dffcfaf406__original,2024-03-20,equity price*,equity price,137,149,positive,gain*,"[[150, 155]]","n primarily by the strong increases in valuations of large-capitalization technology companies, while broader equity price gains were more measured. Recent bank equity price behavior reflected renewed market attention on the challenges faced by the regional banking sector"
2b6b346416dffcfaf406__original,2024-03-20,equity price*,equity price,188,200,unclassified,,[],"f large-capitalization technology companies, while broader equity price gains were more measured. Recent bank equity price behavior reflected renewed market attention on the challenges faced by the regional banking sector, particularly that sector's exposures to commercia"
f043130d2f99c70c1b0c__original,2024-03-20,stock price*,stock price,254,265,unclassified,,[],"ng investors' continued uncertainty about the path of policy rates. Despite the rise in interest rates, broad stock price indexes increased notably amid upbeat corporate earnings reports, particularly for the largest firms. Yield spreads on investment-grade corporate bon"
9c5ff2855c1408b5d4a4__original,2024-03-20,s p 500 index,s p 500 index,174,187,positive,increas*,"[[188, 197]]","anged, and those on speculative-grade bonds narrowed slightly. The one-month option-implied volatility on the s p 500 index increased slightly over the period but remained low by historical standards. Changes in foreign financial asset prices over the intermeeting period w"
9c5ff2855c1408b5d4a4__original,2024-03-20,asset price*,asset prices,294,306,unclassified,,[],dex increased slightly over the period but remained low by historical standards. Changes in foreign financial asset prices over the intermeeting period were largely driven by spillovers from U.
3b871444426d6e2fa112__original,2024-03-20,equity index*,equity indexes,85,99,unclassified,,[],"financial markets. Risk appetite generally improved, leading to increases in foreign equity indexes and a narrowing of EME credit spreads. Short-term yields in the AFEs were also boosted by less-accommodative-than-expected communications by European"
d1aedfa36cf2a20855d6__original,2024-05-01,equity price*,equity prices,75,88,negative,fell,"[[89, 93]]","Longer-term inflation expectations appeared to remain well anchored. Broad equity prices fell over the period, as higher interest rates weighed on valuations, while recent earnings reports, which were generally solid, provided some suppor"
6d8f59e6cb098069b78b__original,2024-05-01,equity price*,equity prices,155,168,negative,low*,"[[149, 154]]","ntral banks were expected to start easing policy before the Federal Reserve. Overall, higher yields and lower equity prices, together with the stronger dollar, resulted in a tightening of financial conditions over the period. The manager then discussed expectations regardi"
1f1ae00b64bd8b7bd110__original,2024-05-01,stock price*,stock price,100,111,unclassified,,[],"Market-based measures of interest rate uncertainty remained elevated by historical standards. Broad stock price indexes declined moderately, on net, over the intermeeting period. Yield spreads on investment-grade corporate bonds were about unchanged, and those "
470d2972de5ca7d5f175__original,2024-05-01,equity and house price*,equity and house price,306,328,positive,increas*,"[[329, 338]]","ds, which account for a large portion of aggregate consumption, with hefty wealth gains resulting from recent equity and house price increases. Business contacts in many Districts reported a steady or stable pace of economic activity, while contacts in a couple of Districts conveye"
e4995b90736054bffc53__original,2024-06-12,equity price*,equity prices,165,178,positive,high*,"[[158, 164]]"," financial markets. Financial conditions eased modestly over the intermeeting period mainly because of higher equity prices. Taking a somewhat longer perspective, the manager noted that financial conditions had changed little since March but eased notably since the fall."
9589ad742570fcdb37f7__original,2024-06-12,equity price*,equity prices,197,210,positive,high*,"[[190, 196]]","hanged little since March but eased notably since the fall. The main drivers of that easing were again higher equity prices, which appeared to respond to the reductions in the perceived odds of a recession, and a consensus among market participants that the federal funds r"
988b25b01a75c9f7d123__original,2024-06-12,stock price*,stock price,116,127,unclassified,,[],"-based measures of interest rate uncertainty ticked down but remained elevated by historical standards. Broad stock price indexes increased substantially, on net, amid a positive investor outlook on corporate profits and economic activity. Yield spreads on investment- an"
0f7a87ad8939a791eb5f__original,2024-06-12,s p 500 index,s p 500 index,218,231,unclassified,,[],"he lowest decile of their respective historical distributions. The one-month option-implied volatility on the s p 500 index remained low by historical standards, suggesting that investors perceived only modest near-term risks to the economic outlook. Changes in AFE yields "
0ed92f7b0ce94c9f2209__original,2024-07-31,equity price*,equity prices,194,207,positive,high*,"[[187, 193]]"," conditions eased modestly over the intermeeting period, reflecting lower long-term interest rates and higher equity prices. The manager noted that current financial conditions appeared to be providing neither a headwind nor tailwind to growth."
5256b5c92f5903d030a2__original,2024-07-31,equity market*,equity markets,183,197,unclassified,,[]," September FOMC meeting, at least one more cut later in the year, and further policy easing next year. In the equity markets, the high perceived likelihood of a September cut in the target range for the policy rate induced a notable appreciation in the stocks of firms with "
21f4139997c9410fc509__original,2024-07-31,stock price*,stock price,222,233,unclassified,,[],the most pronounced declines at shorter horizons driven largely by decreases in inflation compensation. Broad stock price indexes rose slightly on net. Yield spreads on investment- and speculative-grade corporate bonds were little changed and remained at about the lowest
c4983ccaee338e965270__original,2024-07-31,s p 500 index,s p 500 index,220,233,positive,rose,"[[234, 238]]","he lowest decile of their respective historical distributions. The one-month option-implied volatility on the s p 500 index rose moderately and was somewhat elevated by historical standards, suggesting that investors perceived some, but not outsized, risks to the economic "
0c5b1744158eaf8a9c36__original,2024-07-31,wealth effect*,wealth effects,305,319,positive,bolster*,"[[292, 301]]"," couple of participants remarked that spending by some higher-income households was likely being bolstered by wealth effects from equity and housing price appreciation. Participants noted that residential investment was weak in the second quarter, likely reflecting the pick"
0c5b1744158eaf8a9c36__original,2024-07-31,equity and housing price*,equity and housing price,325,349,unclassified,,[],"nts remarked that spending by some higher-income households was likely being bolstered by wealth effects from equity and housing price appreciation. Participants noted that residential investment was weak in the second quarter, likely reflecting the pickup in mortgage rates from earl"
2acaf45ab6c5f293fdde__original,2024-09-18,equity price*,equity prices,167,180,unclassified,,[],"ly attributable to lower expected real yields, but measures of inflation compensation declined as well. Broad equity prices finished the period modestly higher, while credit spreads had come off the very tight levels seen earlier this year but were still narrow by historic"
2acaf45ab6c5f293fdde__original,2024-09-18,risk* asset price*,risky asset prices,353,371,unclassified,,[],"come off the very tight levels seen earlier this year but were still narrow by historical standards. Overall, risky asset prices were compatible with continued economic expansion."
3b10cf0e5429ba6feb29__original,2024-09-18,equity index*,equity indexes,15,29,unclassified,,[],"S. and foreign equity indexes, equity-implied volatilities, the dollar-yen exchange rate, and Treasury yields. These sharp moves appeared to be the result of a rapid unwinding of "
9259ee24b8d729c87d73__original,2024-09-18,stock price*,stock price,196,207,unclassified,,[],"rtedly reflecting in part increased concerns among investors about downside risks to economic activity. Broad stock price indexes increased, on net, despite a sizable but temporary drop in early August. Yield spreads on investment- and speculative-grade corporate bonds w"
5b8f559688d5feb17ace__original,2024-09-18,s p 500 index,s p 500 index,225,238,unclassified,,[]," bottom quintile of their respective historical distributions. The one-month option-implied volatility on the s p 500 index ended the period roughly unchanged, on net, after a large but temporary spike in early August. Overnight secured rates were largely unchanged, and co"
dddd8f3f22443993a08d__original,2024-09-18,equities,equities,146,154,negative,declin*,"[[134, 142]]","e increase by the BOJ, which led to the unwinding of some speculative trading positions. However, declines in equities mostly retraced over the following weeks, and moves in foreign risky asset prices were mixed over the intermeeting period. In domestic credit markets"
dddd8f3f22443993a08d__original,2024-09-18,risk* asset price*,risky asset prices,218,236,unclassified,,[],"ading positions. However, declines in equities mostly retraced over the following weeks, and moves in foreign risky asset prices were mixed over the intermeeting period. In domestic credit markets, borrowing costs remained elevated despite modest declines in most credit segment"
35cffe35dce404b02e69__original,2024-11-07,equity price*,equity prices,189,202,unclassified,,[],"ion compensation, while the rise at longer maturities was primarily driven by increases in real yields. Broad equity prices also rose over the period, likely reflecting in part the solid incoming data and consequent lower odds of a weakening in the economic outlook. The VI"
35cffe35dce404b02e69__original,2024-11-07,equity price*,equity prices,412,425,unclassified,,[],"dds of a weakening in the economic outlook. The VIX, which measures 30-day option-implied volatility of broad equity prices, had moved higher in the period leading up to the November elections and then decreased following Election Day."
0de54b4aac35bd72df1a__original,2024-11-07,equity price*,equity prices,6,19,unclassified,,[],"Broad equity prices also rose over the period, likely reflecting in part the solid incoming data and consequent lower odds of a weakening in the economic outlook. The VI"
0de54b4aac35bd72df1a__original,2024-11-07,equity price*,equity prices,229,242,unclassified,,[],"dds of a weakening in the economic outlook. The VIX, which measures 30-day option-implied volatility of broad equity prices, had moved higher in the period leading up to the November elections and then decreased following Election Day. The manager noted that the federal fu"
ec105ae9aec72266730d__original,2024-11-07,equity price index*,equity price indexes,273,293,positive,increas*,"[[294, 303]]","eater confidence about the growth outlook and somewhat better-than-expected corporate earnings reports, broad equity price indexes increased notably, on net, over the intermeeting period, and credit spreads for both corporate and municipal bonds narrowed. The VIX rose appreciably"
01fc9c2ffc8e1635c379__original,2024-11-07,risk* asset price*,risky asset prices,76,94,unclassified,,[],"In China, the announcement of new policy stimulus measures boosted domestic risky asset prices, with limited spillovers to other markets; the announcements also drove notable flows into China-focused investment funds. Most European equity price"
01fc9c2ffc8e1635c379__original,2024-11-07,equity price index*,equity price indexes,232,252,negative,decreas*,"[[253, 262]]"," other markets; the announcements also drove notable flows into China-focused investment funds. Most European equity price indexes decreased somewhat, while Japanese and Canadian equity markets rose moderately. In domestic credit markets, borrowing costs for households and most b"
01fc9c2ffc8e1635c379__original,2024-11-07,equity market*,equity markets,301,315,positive,rose,"[[316, 320]]","-focused investment funds. Most European equity price indexes decreased somewhat, while Japanese and Canadian equity markets rose moderately. In domestic credit markets, borrowing costs for households and most businesses rose over the intermeeting period from already elevat"
38738dffc0f540ba06de__original,2024-12-18,equity price*,Equity prices,249,262,unclassified,,[]," manager noted that there were few signs of concern about persistent inflationary pressures in market prices. Equity prices largely sustained the gains that they had experienced in anticipation of, and immediately following, the U. S."
fdd6c94915f63fd66f9f__original,2024-12-18,equity price*,equity prices,132,145,positive,rose,"[[146, 150]]","inflation compensation moved up, while those of longer-term inflation compensation were little changed. Broad equity prices rose, with more pronounced increases in stock prices in cyclical sectors amid increased investor optimism for corporate profits, and high-yield bond "
fdd6c94915f63fd66f9f__original,2024-12-18,stock price*,stock prices,186,198,positive,increas*,"[[173, 182]]","-term inflation compensation were little changed. Broad equity prices rose, with more pronounced increases in stock prices in cyclical sectors amid increased investor optimism for corporate profits, and high-yield bond spreads narrowed. The VIX-a forward-looking measure o"
fdd6c94915f63fd66f9f__original,2024-12-18,equity market*,equity market,360,373,unclassified,,[],"m for corporate profits, and high-yield bond spreads narrowed. The VIX-a forward-looking measure of near-term equity market volatility-fell notably and remained well below pre-election levels."
a14c77f06fe914c35333__original,2024-12-18,equity price*,equity prices,6,19,positive,rose,"[[20, 24]]","Broad equity prices rose, with more pronounced increases in stock prices in cyclical sectors amid increased investor optimism for corporate profits, and high-yield bond "
a14c77f06fe914c35333__original,2024-12-18,stock price*,stock prices,60,72,positive,increas*,"[[47, 56]]","Broad equity prices rose, with more pronounced increases in stock prices in cyclical sectors amid increased investor optimism for corporate profits, and high-yield bond spreads narrowed. The VIX-a forward-looking measure o"
a14c77f06fe914c35333__original,2024-12-18,equity market*,equity market,234,247,unclassified,,[],"m for corporate profits, and high-yield bond spreads narrowed. The VIX-a forward-looking measure of near-term equity market volatility-fell notably and remained well below pre-election levels. Foreign financial market pricing reflected weaker-than-expected foreign data rel"
3fb60231e225b6ac5e74__original,2024-12-18,equities,equities,91,99,unclassified,,[],"counterparts, contributing to dollar appreciation against most foreign currencies. Foreign equities generally underperformed U. S."
faa3439a70f1fdec217c__original,2024-12-18,equities,equities,3,11,unclassified,,[],"S. equities, in part reflecting investors' expectations of economic growth diverging further between the U. S."
141cfd1750a854896118__original,2024-12-18,equity market*,equity markets,301,315,unclassified,,[],d to support a solid expansion of business activity. A majority of participants remarked that the behavior of equity markets reflected positive sentiment on the part of investors. Many participants also remarked that District contacts generally reported greater optimism abo
