date,date_key,year,status,extraction_source,word_count,html_url,pdf_url,source_pages,error,text_file,text_sha256,raw_source_file,raw_source_sha256,original_download_timestamp
2000-02-02,20000202,2000,ok,html,8394,https://www.federalreserve.gov/fomc/minutes/20000202.htm,,https://www.federalreserve.gov/monetarypolicy/fomchistorical2000.htm,,source/cvj/FOMC_CVJ_Benchmark_Update_20260919/data/minutes/Minutes/2000/fomcminutes20000202.txt,52559a90ef6f284e862e3c34a24341a7468125bc720e398e6096d8d84dfa7d8b,provenance/raw_minutes/2000/fomcminutes20000202.htm,55ba8c2ad4de869225ea67a0cdfbbd88295b295ad531a9b2cac0ddc90abd4f7d,not recorded in retained minutes manifest
2000-03-21,20000321,2000,ok,html,4439,https://www.federalreserve.gov/fomc/minutes/20000321.htm,,https://www.federalreserve.gov/monetarypolicy/fomchistorical2000.htm,,source/cvj/FOMC_CVJ_Benchmark_Update_20260919/data/minutes/Minutes/2000/fomcminutes20000321.txt,e47756b08fceecb85f0d5dd5ed275e7a7cc8e8fde7a9d24a1145fa48c2fcabf9,provenance/raw_minutes/2000/fomcminutes20000321.htm,67a378a12267e2fb3194553495d5f32b3d7864920c0c925ac02b0417e324cb0a,not recorded in retained minutes manifest
2000-05-16,20000516,2000,ok,html,4072,https://www.federalreserve.gov/fomc/minutes/20000516.htm,,https://www.federalreserve.gov/monetarypolicy/fomchistorical2000.htm,,source/cvj/FOMC_CVJ_Benchmark_Update_20260919/data/minutes/Minutes/2000/fomcminutes20000516.txt,b8e139f792ed5cf20150c24eed6827a1aa9b6bb079b1778ff7117db069dc4a98,provenance/raw_minutes/2000/fomcminutes20000516.htm,a34e9ed8e57e970097fdab437755835f7547e8872725dbe2c773c6ba49ea426c,not recorded in retained minutes manifest
2000-06-28,20000628,2000,ok,html,4391,https://www.federalreserve.gov/fomc/minutes/20000628.htm,,https://www.federalreserve.gov/monetarypolicy/fomchistorical2000.htm,,source/cvj/FOMC_CVJ_Benchmark_Update_20260919/data/minutes/Minutes/2000/fomcminutes20000628.txt,c6467ecbd3bda46882af8aba663da1004b6f1692b3fc7ab4b17b1d59aff92578,provenance/raw_minutes/2000/fomcminutes20000628.htm,76209ae384783eec8eabbb32353d5d2d145db3c7c147d48a150062ec3dbab2ee,not recorded in retained minutes manifest
2000-08-22,20000822,2000,ok,html,4201,https://www.federalreserve.gov/fomc/minutes/20000822.htm,,https://www.federalreserve.gov/monetarypolicy/fomchistorical2000.htm,,source/cvj/FOMC_CVJ_Benchmark_Update_20260919/data/minutes/Minutes/2000/fomcminutes20000822.txt,0b043fc18c26b79fa9633889c7e9e9c15864cad19bf1fd457cf5752ed3345f43,provenance/raw_minutes/2000/fomcminutes20000822.htm,3bcf25feb0b1323812693221c50992175e288de1b562b3bb6607258832f318d3,not recorded in retained minutes manifest
2000-10-03,20001003,2000,ok,html,3774,https://www.federalreserve.gov/fomc/minutes/20001003.htm,,https://www.federalreserve.gov/monetarypolicy/fomchistorical2000.htm,,source/cvj/FOMC_CVJ_Benchmark_Update_20260919/data/minutes/Minutes/2000/fomcminutes20001003.txt,034b2baffd9b7a1566788fab97766e265d69f16a8c7ed184b4aefd6212e433e9,provenance/raw_minutes/2000/fomcminutes20001003.htm,e689500974b3c607b5a62d39c59427d5a7cb4e4b728ba9dd72c960dc2a606e5d,not recorded in retained minutes manifest
2000-11-15,20001115,2000,ok,html,4386,https://www.federalreserve.gov/fomc/minutes/20001115.htm,,https://www.federalreserve.gov/monetarypolicy/fomchistorical2000.htm,,source/cvj/FOMC_CVJ_Benchmark_Update_20260919/data/minutes/Minutes/2000/fomcminutes20001115.txt,1ee6860c2885c1d4c7a5cbb058155f5248cdb860aa11e9d6e2226af4b95d7b97,provenance/raw_minutes/2000/fomcminutes20001115.htm,caf422ff624d36735d403f912128cca7018d66176d1280b7b1b76850e14b04c9,not recorded in retained minutes manifest
2000-12-19,20001219,2000,ok,html,5130,https://www.federalreserve.gov/fomc/minutes/20001219.htm,,https://www.federalreserve.gov/monetarypolicy/fomchistorical2000.htm;https://www.federalreserve.gov/monetarypolicy/fomchistorical2001.htm,,source/cvj/FOMC_CVJ_Benchmark_Update_20260919/data/minutes/Minutes/2000/fomcminutes20001219.txt,185be1251da6a324b1bb76d27950d0dcb043be20915b4f58628443a5a04cc772,provenance/raw_minutes/2000/fomcminutes20001219.htm,e5b5f250c6af46578c11493fe3f2b27bf1eb1c8e259152d1868722941c4fb244,not recorded in retained minutes manifest
2001-01-31,20010131,2001,ok,html,9015,https://www.federalreserve.gov/fomc/minutes/20010131.htm,,https://www.federalreserve.gov/monetarypolicy/fomchistorical2001.htm,,source/cvj/FOMC_CVJ_Benchmark_Update_20260919/data/minutes/Minutes/2001/fomcminutes20010131.txt,c143c8bad7b14ba4376e799929639d0cbb3fce713747a672554a0f53b6f20189,provenance/raw_minutes/2001/fomcminutes20010131.htm,dd602d14784a17089be62276e54becf92b16d0fe48629a77b51bab1774c2bbdb,not recorded in retained minutes manifest
2001-03-20,20010320,2001,ok,html,4815,https://www.federalreserve.gov/fomc/minutes/20010320.htm,,https://www.federalreserve.gov/monetarypolicy/fomchistorical2001.htm,,source/cvj/FOMC_CVJ_Benchmark_Update_20260919/data/minutes/Minutes/2001/fomcminutes20010320.txt,5e42a1504c8758cddc1e0c503393ef5f6b9b91285bb72d996e1dd9537a074ebc,provenance/raw_minutes/2001/fomcminutes20010320.htm,2110d737fe2163102fef816375e27b3fc346e2f9dcd3459f61c5eda88afe1a8b,not recorded in retained minutes manifest
2001-05-15,20010515,2001,ok,html,4971,https://www.federalreserve.gov/fomc/minutes/20010515.htm,,https://www.federalreserve.gov/monetarypolicy/fomchistorical2001.htm,,source/cvj/FOMC_CVJ_Benchmark_Update_20260919/data/minutes/Minutes/2001/fomcminutes20010515.txt,bbbe083d7b6536d3fa8fc21e32a8e3a475814dac96add8ee219722d1bae5f920,provenance/raw_minutes/2001/fomcminutes20010515.htm,dacf6d515339be0289865358f363f4f904370fc04429a00d02fbdf22e9d4cd0f,not recorded in retained minutes manifest
2001-06-27,20010627,2001,ok,html,4950,https://www.federalreserve.gov/fomc/minutes/20010627.htm,,https://www.federalreserve.gov/monetarypolicy/fomchistorical2001.htm,,source/cvj/FOMC_CVJ_Benchmark_Update_20260919/data/minutes/Minutes/2001/fomcminutes20010627.txt,6496e63e019be1caad5d391546e4ff29e160eb292c1c2e77610727a567ee0aa1,provenance/raw_minutes/2001/fomcminutes20010627.htm,14800561601325094122f9fa48e979fe2a9754e1c6ce27d43c7d2f98c4e084ab,not recorded in retained minutes manifest
2001-08-21,20010821,2001,ok,html,4800,https://www.federalreserve.gov/fomc/minutes/20010821.htm,,https://www.federalreserve.gov/monetarypolicy/fomchistorical2001.htm,,source/cvj/FOMC_CVJ_Benchmark_Update_20260919/data/minutes/Minutes/2001/fomcminutes20010821.txt,95d8a323812c5dc18b773c4931b5211336b7391608eb02906f185736dda417ec,provenance/raw_minutes/2001/fomcminutes20010821.htm,4ac451c81a1af9e27fda7fb81d9bec1af0634774769bd1dd09f05d79ef5af6d6,not recorded in retained minutes manifest
2001-10-02,20011002,2001,ok,html,4390,https://www.federalreserve.gov/fomc/minutes/20011002.htm,,https://www.federalreserve.gov/monetarypolicy/fomchistorical2001.htm,,source/cvj/FOMC_CVJ_Benchmark_Update_20260919/data/minutes/Minutes/2001/fomcminutes20011002.txt,fcdf9af873a61e349acd1ab7b5cd9083071ddf91e5424b5d662ba3a15a24a6a1,provenance/raw_minutes/2001/fomcminutes20011002.htm,1f6677286b43c6944948d8846c8dfab7b5c6e51471a7d401f270b36f9df726a2,not recorded in retained minutes manifest
2001-11-06,20011106,2001,ok,html,4242,https://www.federalreserve.gov/fomc/minutes/20011106.htm,,https://www.federalreserve.gov/monetarypolicy/fomchistorical2001.htm,,source/cvj/FOMC_CVJ_Benchmark_Update_20260919/data/minutes/Minutes/2001/fomcminutes20011106.txt,c61854fe1e77199f966b6c8333f9e28ed42a2b900f6ed30c1a48c2b071bd5129,provenance/raw_minutes/2001/fomcminutes20011106.htm,2271e1b20aacce60190f17ad7456c45422ff4b4d9b7b8bba8107c9519cf6fa08,not recorded in retained minutes manifest
2001-12-11,20011211,2001,ok,html,4557,https://www.federalreserve.gov/fomc/minutes/20011211.htm,,https://www.federalreserve.gov/monetarypolicy/fomchistorical2001.htm,,source/cvj/FOMC_CVJ_Benchmark_Update_20260919/data/minutes/Minutes/2001/fomcminutes20011211.txt,de2e72f571509139c23ac807f98be6669cfe2aa33cbebc4c2aa4cfdbf3d038c7,provenance/raw_minutes/2001/fomcminutes20011211.htm,d5bf7987762fb7d8ecf029aff34a8ef9a204ef53b23cb8d44592048cab0c7517,not recorded in retained minutes manifest
2002-01-30,20020130,2002,ok,html,7918,https://www.federalreserve.gov/fomc/minutes/20020130.htm,,https://www.federalreserve.gov/monetarypolicy/fomchistorical2002.htm,,source/cvj/FOMC_CVJ_Benchmark_Update_20260919/data/minutes/Minutes/2002/fomcminutes20020130.txt,ba663b4d7a7e5d77d64c199ba4e100cd5ea17774d1fa39ab3a04bdc0bba019d8,provenance/raw_minutes/2002/fomcminutes20020130.htm,bf86f5f39dfd16cb1465bf2480cac924f82baeb00dcefa233fe579343e667aa7,not recorded in retained minutes manifest
2002-03-19,20020319,2002,ok,html,4582,https://www.federalreserve.gov/fomc/minutes/20020319.htm,,https://www.federalreserve.gov/monetarypolicy/fomchistorical2002.htm,,source/cvj/FOMC_CVJ_Benchmark_Update_20260919/data/minutes/Minutes/2002/fomcminutes20020319.txt,a9369ebd0c0aba53478754d569f64e0b7fe9e67b576b5053824bcf60bf902f3b,provenance/raw_minutes/2002/fomcminutes20020319.htm,e00c064898c4e98ce224fb79ee440f82c58e3baecd5ae8b17fc81d59305505ee,not recorded in retained minutes manifest
2002-05-07,20020507,2002,ok,html,3915,https://www.federalreserve.gov/fomc/minutes/20020507.htm,,https://www.federalreserve.gov/monetarypolicy/fomchistorical2002.htm,,source/cvj/FOMC_CVJ_Benchmark_Update_20260919/data/minutes/Minutes/2002/fomcminutes20020507.txt,129bb77d229ad36dcb5b69bbc15a3a294edfaeab6c48c83284714099091a2a23,provenance/raw_minutes/2002/fomcminutes20020507.htm,97db4cf91503677120d72e8830ac9e83e9bc26d6c7a1b58a76a9416958d6907e,not recorded in retained minutes manifest
2002-06-26,20020626,2002,ok,html,4250,https://www.federalreserve.gov/fomc/minutes/20020626.htm,,https://www.federalreserve.gov/monetarypolicy/fomchistorical2002.htm,,source/cvj/FOMC_CVJ_Benchmark_Update_20260919/data/minutes/Minutes/2002/fomcminutes20020626.txt,9976ada8ea814ff8261ab7d7e74b87fe5b982e52f50ce3e1c229b0deffe233f8,provenance/raw_minutes/2002/fomcminutes20020626.htm,38c11323422014a4f22b29e9914de61b1dfde55792e226d03b168037c6376919,not recorded in retained minutes manifest
2002-08-13,20020813,2002,ok,html,4021,https://www.federalreserve.gov/fomc/minutes/20020813.htm,,https://www.federalreserve.gov/monetarypolicy/fomchistorical2002.htm,,source/cvj/FOMC_CVJ_Benchmark_Update_20260919/data/minutes/Minutes/2002/fomcminutes20020813.txt,a5de98b7dc08db186808b38e901e4f995afb232736a514d6439be43d46b6b19d,provenance/raw_minutes/2002/fomcminutes20020813.htm,ce9d614de363aa41bfcccc4725fcb02d5a954944cb598cb7aca2d3d084f4ada0,not recorded in retained minutes manifest
2002-09-24,20020924,2002,ok,html,3798,https://www.federalreserve.gov/fomc/minutes/20020924.htm,,https://www.federalreserve.gov/monetarypolicy/fomchistorical2002.htm,,source/cvj/FOMC_CVJ_Benchmark_Update_20260919/data/minutes/Minutes/2002/fomcminutes20020924.txt,1a1fe23569cd0ebf3aeb343e3d704672b7bda6ac3791cbbb677582269e96fc69,provenance/raw_minutes/2002/fomcminutes20020924.htm,2435b1e41eb23320d58832631fb546e24e53b23cb86600786f7f7059bd5af415,not recorded in retained minutes manifest
2002-11-06,20021106,2002,ok,html,4531,https://www.federalreserve.gov/fomc/minutes/20021106.htm,,https://www.federalreserve.gov/monetarypolicy/fomchistorical2002.htm,,source/cvj/FOMC_CVJ_Benchmark_Update_20260919/data/minutes/Minutes/2002/fomcminutes20021106.txt,04689b96bbd8ec8cc597e7523fc28b73a65ab40224becc91b99c651f92e43c1b,provenance/raw_minutes/2002/fomcminutes20021106.htm,4c18afd97b6defd3ff71bbd3f39f1b7aab0c545c6899586038337e4f29dbfa32,not recorded in retained minutes manifest
2002-12-10,20021210,2002,ok,html,3267,https://www.federalreserve.gov/fomc/minutes/20021210.htm,,https://www.federalreserve.gov/monetarypolicy/fomchistorical2002.htm,,source/cvj/FOMC_CVJ_Benchmark_Update_20260919/data/minutes/Minutes/2002/fomcminutes20021210.txt,912f0ec6f44b7cccba09287d803201d4fe6ae7786d2d72c6864cf7c412f3a9f4,provenance/raw_minutes/2002/fomcminutes20021210.htm,829ea0b0c7ae22d2a0ba245565fc5ca2cae23092e1581bd459f8a23230ba10ee,not recorded in retained minutes manifest
2003-01-29,20030129,2003,ok,html,7479,https://www.federalreserve.gov/fomc/minutes/20030129.htm,,https://www.federalreserve.gov/monetarypolicy/fomchistorical2003.htm,,source/cvj/FOMC_CVJ_Benchmark_Update_20260919/data/minutes/Minutes/2003/fomcminutes20030129.txt,ada0ca767561dd1460595292474c4d1de61f6e244dd5328251cae278c968b2c7,provenance/raw_minutes/2003/fomcminutes20030129.htm,a5c659f99535c36c2b85c60cf5681a0a583b5cbcffd8fc3cb789bb7ac0450c36,not recorded in retained minutes manifest
2003-03-18,20030318,2003,ok,html,3650,https://www.federalreserve.gov/fomc/minutes/20030318.htm,,https://www.federalreserve.gov/monetarypolicy/fomchistorical2003.htm,,source/cvj/FOMC_CVJ_Benchmark_Update_20260919/data/minutes/Minutes/2003/fomcminutes20030318.txt,26db7e02c8cea7a3b361d39b5aa6cc715fdeb37736964bca563a4f5cbda5d4e7,provenance/raw_minutes/2003/fomcminutes20030318.htm,2eeb9b411146841a2d0bfb046ab4722cdb2d60d27893f210e6c84861c64863e5,not recorded in retained minutes manifest
2003-05-06,20030506,2003,ok,html,3932,https://www.federalreserve.gov/fomc/minutes/20030506.htm,,https://www.federalreserve.gov/monetarypolicy/fomchistorical2003.htm,,source/cvj/FOMC_CVJ_Benchmark_Update_20260919/data/minutes/Minutes/2003/fomcminutes20030506.txt,0765d7168390cf67a6a31ba9abbb6f4c08941364464ee852313e3dcfe5ac4316,provenance/raw_minutes/2003/fomcminutes20030506.htm,a3a677ef892b20a8d8deb79181354492a729881eae3a6a9b908964c4c2f453c7,not recorded in retained minutes manifest
2003-06-25,20030625,2003,ok,html,4972,https://www.federalreserve.gov/fomc/minutes/20030625.htm,,https://www.federalreserve.gov/monetarypolicy/fomchistorical2003.htm,,source/cvj/FOMC_CVJ_Benchmark_Update_20260919/data/minutes/Minutes/2003/fomcminutes20030625.txt,3c3849777f308574518a560769f1da725e9f714810b07a936358decff0234994,provenance/raw_minutes/2003/fomcminutes20030625.htm,7db0a0a6096dc9f6569952fabec4e43ca9b9ce4eefbdb24b19dd22b43d750615,not recorded in retained minutes manifest
2003-08-12,20030812,2003,ok,html,3826,https://www.federalreserve.gov/fomc/minutes/20030812.htm,,https://www.federalreserve.gov/monetarypolicy/fomchistorical2003.htm,,source/cvj/FOMC_CVJ_Benchmark_Update_20260919/data/minutes/Minutes/2003/fomcminutes20030812.txt,1e7bc4a504f42b43e2ddadc050959dbdd0aef9464724f7b662cf58b9e35ef7f3,provenance/raw_minutes/2003/fomcminutes20030812.htm,5fe2ac0342f9cb73af2ad91da67d52719f0ed35b28fc8ea245e988a7d84a69c7,not recorded in retained minutes manifest
2003-09-16,20030916,2003,ok,html,3933,https://www.federalreserve.gov/fomc/minutes/20030916.htm,,https://www.federalreserve.gov/monetarypolicy/fomchistorical2003.htm,,source/cvj/FOMC_CVJ_Benchmark_Update_20260919/data/minutes/Minutes/2003/fomcminutes20030916.txt,0c1fb45420571e8a88e7dd0f667bc2241d7a59b21db4671685cfd98fbc7052fc,provenance/raw_minutes/2003/fomcminutes20030916.htm,5862843edbe95d346f9afb03fbb36856e9916f8ef67a79773ec7ffca902e1d88,not recorded in retained minutes manifest
2003-10-28,20031028,2003,ok,html,3741,https://www.federalreserve.gov/fomc/minutes/20031028.htm,,https://www.federalreserve.gov/monetarypolicy/fomchistorical2003.htm,,source/cvj/FOMC_CVJ_Benchmark_Update_20260919/data/minutes/Minutes/2003/fomcminutes20031028.txt,225d1e3fd1b5bd26d7939abb6a0107cf0ccc612e7929812b1e67572c7301a7ba,provenance/raw_minutes/2003/fomcminutes20031028.htm,e5c5b56da9b597ebac7fc50c290c0ac2cc7fdb739d83e723f9be1b9af8b0aa7e,not recorded in retained minutes manifest
2003-12-09,20031209,2003,ok,html,4261,https://www.federalreserve.gov/fomc/minutes/20031209.htm,,https://www.federalreserve.gov/monetarypolicy/fomchistorical2003.htm,,source/cvj/FOMC_CVJ_Benchmark_Update_20260919/data/minutes/Minutes/2003/fomcminutes20031209.txt,7131820adc2fb869ed802dd117df5399b9e3adec16da4941d8c4d20aaebe111c,provenance/raw_minutes/2003/fomcminutes20031209.htm,341e1f6275ea35b584327ffee3436f468624cf2552a844240ea5c892a56f86c6,not recorded in retained minutes manifest
2004-01-28,20040128,2004,ok,html,8560,https://www.federalreserve.gov/fomc/minutes/20040128.htm,,https://www.federalreserve.gov/monetarypolicy/fomchistorical2004.htm,,source/cvj/FOMC_CVJ_Benchmark_Update_20260919/data/minutes/Minutes/2004/fomcminutes20040128.txt,708c1cef41ac64db85273a27c798b16f9c184737cbf3a85382be214603fbcfaa,provenance/raw_minutes/2004/fomcminutes20040128.htm,83bc7d7ae7fd9e578cebb2bd9ffc3518e957eff84d3d34ae08df419039d3f0a1,not recorded in retained minutes manifest
2004-03-16,20040316,2004,ok,html,3910,https://www.federalreserve.gov/fomc/minutes/20040316.htm,,https://www.federalreserve.gov/monetarypolicy/fomchistorical2004.htm,,source/cvj/FOMC_CVJ_Benchmark_Update_20260919/data/minutes/Minutes/2004/fomcminutes20040316.txt,9690816f522dddab6e44807b3c0dd374c75e7200efc84598e323f94dd6ad6e95,provenance/raw_minutes/2004/fomcminutes20040316.htm,54747dfefbd940246014f4c75af32f810435c65e52d633328bb42aca87e3e566,not recorded in retained minutes manifest
2004-05-04,20040504,2004,ok,html,4750,https://www.federalreserve.gov/fomc/minutes/20040504.htm,,https://www.federalreserve.gov/monetarypolicy/fomchistorical2004.htm,,source/cvj/FOMC_CVJ_Benchmark_Update_20260919/data/minutes/Minutes/2004/fomcminutes20040504.txt,f91b89db4e6df40128eab6763378afe7c8eb6c3598c432f551bdf3df0db681c1,provenance/raw_minutes/2004/fomcminutes20040504.htm,25f6f7faf692e3343925eb458a1631af9c10c1c2b3de8f5a6867e6ebd6b7c7dc,not recorded in retained minutes manifest
2004-06-30,20040630,2004,ok,html,4537,https://www.federalreserve.gov/fomc/minutes/20040630.htm,,https://www.federalreserve.gov/monetarypolicy/fomchistorical2004.htm,,source/cvj/FOMC_CVJ_Benchmark_Update_20260919/data/minutes/Minutes/2004/fomcminutes20040630.txt,5c87604b8d0a520590d3ac98484f4790bd64f650b2331b5d87442c34c1421160,provenance/raw_minutes/2004/fomcminutes20040630.htm,123079342e4a3811222ee469d9f4ce113efc6e8d2c5627d430853213b43bdd0b,not recorded in retained minutes manifest
2004-08-10,20040810,2004,ok,html,3834,https://www.federalreserve.gov/fomc/minutes/20040810.htm,,https://www.federalreserve.gov/monetarypolicy/fomchistorical2004.htm,,source/cvj/FOMC_CVJ_Benchmark_Update_20260919/data/minutes/Minutes/2004/fomcminutes20040810.txt,71632fe99fcb435337dc66ef531969db1320e5104415d5eeeeba05ab79d78aae,provenance/raw_minutes/2004/fomcminutes20040810.htm,321cbd708c7737d248945ed71e9f60a0639909c22ea1cae7ec9b6f4d5994925b,not recorded in retained minutes manifest
2004-09-21,20040921,2004,ok,html,4055,https://www.federalreserve.gov/fomc/minutes/20040921.htm,,https://www.federalreserve.gov/monetarypolicy/fomchistorical2004.htm,,source/cvj/FOMC_CVJ_Benchmark_Update_20260919/data/minutes/Minutes/2004/fomcminutes20040921.txt,1eb9d2fca539e6f388cfd21a01f2940202b8a0bbfa9fd7f786a6a7d6470caf9e,provenance/raw_minutes/2004/fomcminutes20040921.htm,012fb7ad65ec91d70bcd238a33d4fd024c63d4b9000b61fb16656af76403e781,not recorded in retained minutes manifest
2004-11-10,20041110,2004,ok,html,3558,https://www.federalreserve.gov/fomc/minutes/20041110.htm,,https://www.federalreserve.gov/monetarypolicy/fomchistorical2004.htm,,source/cvj/FOMC_CVJ_Benchmark_Update_20260919/data/minutes/Minutes/2004/fomcminutes20041110.txt,0d455525f69faeedabc12aa18baaae3928d4d34dac776634003cb5f39a8483e4,provenance/raw_minutes/2004/fomcminutes20041110.htm,8ef51eab21d73d4c54ffaffdf150a0f807332561b6bdea84a50a0290a932864b,not recorded in retained minutes manifest
2004-12-14,20041214,2004,ok,html,3942,https://www.federalreserve.gov/fomc/minutes/20041214.htm,,https://www.federalreserve.gov/monetarypolicy/fomchistorical2004.htm,,source/cvj/FOMC_CVJ_Benchmark_Update_20260919/data/minutes/Minutes/2004/fomcminutes20041214.txt,eb66f394280662f17c40dbe713e3fec9d6a04e21dc0e97a9b10000164ab0f93e,provenance/raw_minutes/2004/fomcminutes20041214.htm,40b2d3f0ac4e754bebeb98508a184a482c6ffb6ca28925c584e163efb3783bb4,not recorded in retained minutes manifest
2005-02-02,20050202,2005,ok,html,7112,https://www.federalreserve.gov/fomc/minutes/20050202.htm,,https://www.federalreserve.gov/monetarypolicy/fomchistorical2005.htm,,source/cvj/FOMC_CVJ_Benchmark_Update_20260919/data/minutes/Minutes/2005/fomcminutes20050202.txt,a21c96f454a7d5f24dc3cd88b371c22e89b0f0d4b24a4ae56c720528f37a2db9,provenance/raw_minutes/2005/fomcminutes20050202.htm,f6ef84af202817edfb09877273ecb64b24ee5279fadd7ce62709bf6b0a4cb92f,not recorded in retained minutes manifest
2005-03-22,20050322,2005,ok,html,4257,https://www.federalreserve.gov/fomc/minutes/20050322.htm,,https://www.federalreserve.gov/monetarypolicy/fomchistorical2005.htm,,source/cvj/FOMC_CVJ_Benchmark_Update_20260919/data/minutes/Minutes/2005/fomcminutes20050322.txt,c602fb317c10a80bc6d0fd8c854a525bb843ef824572aa06331a4d8c6241c65f,provenance/raw_minutes/2005/fomcminutes20050322.htm,fc311fbc21e1358664bb03c0c60e748f2689fc7495d24c068fedecb36cf68635,not recorded in retained minutes manifest
2005-05-03,20050503,2005,ok,html,4159,https://www.federalreserve.gov/fomc/minutes/20050503.htm,,https://www.federalreserve.gov/monetarypolicy/fomchistorical2005.htm,,source/cvj/FOMC_CVJ_Benchmark_Update_20260919/data/minutes/Minutes/2005/fomcminutes20050503.txt,52032d8d86c6f4463ba69378b0e01cbae91913ba461659f6b1e13639e0910461,provenance/raw_minutes/2005/fomcminutes20050503.htm,d0ffd74c69dbc4b5b1f62119951696bacd188550bec56f7e409447cbb2c724b0,not recorded in retained minutes manifest
2005-06-30,20050630,2005,ok,html,4321,https://www.federalreserve.gov/fomc/minutes/20050630.htm,,https://www.federalreserve.gov/monetarypolicy/fomchistorical2005.htm,,source/cvj/FOMC_CVJ_Benchmark_Update_20260919/data/minutes/Minutes/2005/fomcminutes20050630.txt,81e4f0259c0ec6025157792f6e7aebb278d1fa9721f47ae23b289095e9543ce8,provenance/raw_minutes/2005/fomcminutes20050630.htm,b5a6233ef560f5d2bfc7ce7d4249c442b61c11d2b1cbf783be64a52d6bb49fe8,not recorded in retained minutes manifest
2005-08-09,20050809,2005,ok,html,3264,https://www.federalreserve.gov/fomc/minutes/20050809.htm,,https://www.federalreserve.gov/monetarypolicy/fomchistorical2005.htm,,source/cvj/FOMC_CVJ_Benchmark_Update_20260919/data/minutes/Minutes/2005/fomcminutes20050809.txt,f81c7fcabdd42e042de1ab99261ffc998a8458d9cb5335724b8dfaa9743bb5f9,provenance/raw_minutes/2005/fomcminutes20050809.htm,71e89d4ba34614dfa4be04feae69631df97db2b64b97ab26f91af821577096b4,not recorded in retained minutes manifest
2005-09-20,20050920,2005,ok,html,3440,https://www.federalreserve.gov/fomc/minutes/20050920.htm,,https://www.federalreserve.gov/monetarypolicy/fomchistorical2005.htm,,source/cvj/FOMC_CVJ_Benchmark_Update_20260919/data/minutes/Minutes/2005/fomcminutes20050920.txt,f5bef383eaf89e2c80a67146ea258078bdb51c8ca2931213f00191b8af315f8b,provenance/raw_minutes/2005/fomcminutes20050920.htm,72162e82c1d50677ac2a848e712fdf1e4edad6bcd6d602da66723779aae2c58b,not recorded in retained minutes manifest
2005-11-01,20051101,2005,ok,html,3683,https://www.federalreserve.gov/fomc/minutes/20051101.htm,,https://www.federalreserve.gov/monetarypolicy/fomchistorical2005.htm,,source/cvj/FOMC_CVJ_Benchmark_Update_20260919/data/minutes/Minutes/2005/fomcminutes20051101.txt,cab7e13c6d602bf8a37e1eb626907b607c60ae5a7bd76d4840fe410495cbc902,provenance/raw_minutes/2005/fomcminutes20051101.htm,9b7d42470450d57c72b63dc78f9160153a70ea0fbf46ef471d904dd873429294,not recorded in retained minutes manifest
2005-12-13,20051213,2005,ok,html,3489,https://www.federalreserve.gov/fomc/minutes/20051213.htm,,https://www.federalreserve.gov/monetarypolicy/fomchistorical2005.htm,,source/cvj/FOMC_CVJ_Benchmark_Update_20260919/data/minutes/Minutes/2005/fomcminutes20051213.txt,0cca451e6a848ebcd1686a3689deb366aff7a6854edee927cc7e4e70dcbae621,provenance/raw_minutes/2005/fomcminutes20051213.htm,225aadf1808097d7f129d42c40ce2deb301f5cfdf57f9abec17089966667b8ad,not recorded in retained minutes manifest
2006-01-31,20060131,2006,ok,html,6766,https://www.federalreserve.gov/fomc/minutes/20060131.htm,,https://www.federalreserve.gov/monetarypolicy/fomchistorical2006.htm,,source/cvj/FOMC_CVJ_Benchmark_Update_20260919/data/minutes/Minutes/2006/fomcminutes20060131.txt,2110e565d012d0910c5ef54d040a0c3594c66e8da5420d8ccb5d0be2c924e655,provenance/raw_minutes/2006/fomcminutes20060131.htm,21a0ab8462c3d8c7f4b0fed0bd5c4fae75cfe05178f36101c68f6d32ce506061,not recorded in retained minutes manifest
2006-03-28,20060328,2006,ok,html,4027,https://www.federalreserve.gov/fomc/minutes/20060328.htm,,https://www.federalreserve.gov/monetarypolicy/fomchistorical2006.htm,,source/cvj/FOMC_CVJ_Benchmark_Update_20260919/data/minutes/Minutes/2006/fomcminutes20060328.txt,859cea3201a66426f9339ace32f54d13b1de531372b006b898a9c21e89a940f4,provenance/raw_minutes/2006/fomcminutes20060328.htm,5021084a087e58c8f40c18433a945ea5cf34d64a8ae009e79e459fb5d57e053d,not recorded in retained minutes manifest
2006-05-10,20060510,2006,ok,html,4317,https://www.federalreserve.gov/fomc/minutes/20060510.htm,,https://www.federalreserve.gov/monetarypolicy/fomchistorical2006.htm,,source/cvj/FOMC_CVJ_Benchmark_Update_20260919/data/minutes/Minutes/2006/fomcminutes20060510.txt,56d84d199d96fb4e8025c74e92162f0f27e59671d8ae9d7cf97338df161b5831,provenance/raw_minutes/2006/fomcminutes20060510.htm,68639670f0645f663eb7abd3b3d04d18f0e5df70303f65b4e199fb763ebc4a08,not recorded in retained minutes manifest
2006-06-29,20060629,2006,ok,html,4167,https://www.federalreserve.gov/fomc/minutes/20060629.htm,,https://www.federalreserve.gov/monetarypolicy/fomchistorical2006.htm,,source/cvj/FOMC_CVJ_Benchmark_Update_20260919/data/minutes/Minutes/2006/fomcminutes20060629.txt,6151f73be06b57c1ca915e05ac770336c970674160187c69e7b4455e119c7d37,provenance/raw_minutes/2006/fomcminutes20060629.htm,37c653c2cadace485792162b16eb787e6283baade46a82e9e98e510403cbed2d,not recorded in retained minutes manifest
2006-08-08,20060808,2006,ok,html,3695,https://www.federalreserve.gov/fomc/minutes/20060808.htm,,https://www.federalreserve.gov/monetarypolicy/fomchistorical2006.htm,,source/cvj/FOMC_CVJ_Benchmark_Update_20260919/data/minutes/Minutes/2006/fomcminutes20060808.txt,fcb74cee58b688350387706fe94f9fe3991b777184a1c6acf3f6bdc4461552fd,provenance/raw_minutes/2006/fomcminutes20060808.htm,006a61b43999fdb8c29be7b77bdaad42b4651ae77a4e2e34d959aba8ce700f1b,not recorded in retained minutes manifest
2006-09-20,20060920,2006,ok,html,3717,https://www.federalreserve.gov/fomc/minutes/20060920.htm,,https://www.federalreserve.gov/monetarypolicy/fomchistorical2006.htm,,source/cvj/FOMC_CVJ_Benchmark_Update_20260919/data/minutes/Minutes/2006/fomcminutes20060920.txt,6696557783b04a7aaab4de322653868eb533acc99874c7926b5f793d9104baac,provenance/raw_minutes/2006/fomcminutes20060920.htm,5c0c4a59da827214045ab1ac8f842ed2ab10e6273f5a16581597523414e33ed2,not recorded in retained minutes manifest
2006-10-25,20061025,2006,ok,html,4431,https://www.federalreserve.gov/fomc/minutes/20061025.htm,,https://www.federalreserve.gov/monetarypolicy/fomchistorical2006.htm,,source/cvj/FOMC_CVJ_Benchmark_Update_20260919/data/minutes/Minutes/2006/fomcminutes20061025.txt,0094a6db421ec56674729e3e42d0fd1abc4f9650c5b9ee30f13959ef60d72b3a,provenance/raw_minutes/2006/fomcminutes20061025.htm,e1bed337391c762e98ff2004077354b6d88c80edb540ff696082660b4d95274b,not recorded in retained minutes manifest
2006-12-12,20061212,2006,ok,html,4129,https://www.federalreserve.gov/fomc/minutes/20061212.htm,,https://www.federalreserve.gov/monetarypolicy/fomchistorical2006.htm,,source/cvj/FOMC_CVJ_Benchmark_Update_20260919/data/minutes/Minutes/2006/fomcminutes20061212.txt,9eeb002610b49b1970dc3e88a459ee62fee22d64752fc0a4ad29ce14ed1b28d0,provenance/raw_minutes/2006/fomcminutes20061212.htm,12a162cee810aa74723c4a168300ebd40969fadae31b53edbc08d62e7dd3da3d,not recorded in retained minutes manifest
2007-01-31,20070131,2007,ok,html,7637,https://www.federalreserve.gov/fomc/minutes/20070131.htm,,https://www.federalreserve.gov/monetarypolicy/fomchistorical2007.htm,,source/cvj/FOMC_CVJ_Benchmark_Update_20260919/data/minutes/Minutes/2007/fomcminutes20070131.txt,4900f4c62578a7088db75fa677309fb6fc575e2561b1e2dc50071dae904a3aae,provenance/raw_minutes/2007/fomcminutes20070131.htm,ea65206346730392fb81febdcd068c015e3bab2c12ca8f6f3209e4c24488f5c9,not recorded in retained minutes manifest
2007-03-21,20070321,2007,ok,html,4136,https://www.federalreserve.gov/fomc/minutes/20070321.htm,,https://www.federalreserve.gov/monetarypolicy/fomchistorical2007.htm,,source/cvj/FOMC_CVJ_Benchmark_Update_20260919/data/minutes/Minutes/2007/fomcminutes20070321.txt,702c9338fd4b3433fc8911da5149fb10060b87f3d1409d9741e50229cac8b605,provenance/raw_minutes/2007/fomcminutes20070321.htm,ba5fcdc910f63d30ee03fdffb6c836ca9d11b59b9cc5d63d12028aed54428319,not recorded in retained minutes manifest
2007-05-09,20070509,2007,ok,html,4229,https://www.federalreserve.gov/fomc/minutes/20070509.htm,,https://www.federalreserve.gov/monetarypolicy/fomchistorical2007.htm,,source/cvj/FOMC_CVJ_Benchmark_Update_20260919/data/minutes/Minutes/2007/fomcminutes20070509.txt,2f7ccfbd51004483abb6a4284313b9cfbf803588ffccba93e9ff3be37bd0d33b,provenance/raw_minutes/2007/fomcminutes20070509.htm,39fd058d154cd26459e6064098926d1cd860b66964c0eace26e8bb7d2fca7639,not recorded in retained minutes manifest
2007-06-28,20070628,2007,ok,html,4662,https://www.federalreserve.gov/fomc/minutes/20070628.htm,,https://www.federalreserve.gov/monetarypolicy/fomchistorical2007.htm,,source/cvj/FOMC_CVJ_Benchmark_Update_20260919/data/minutes/Minutes/2007/fomcminutes20070628.txt,fb659634680a108cfcf7c9ff07c3b257eec1af392fbf11487e7d386966e35271,provenance/raw_minutes/2007/fomcminutes20070628.htm,46f11737efe0dd78636baf27301d500757108f37468256693b5343577936b4b9,not recorded in retained minutes manifest
2007-08-07,20070807,2007,ok,html,4370,https://www.federalreserve.gov/fomc/minutes/20070807.htm,,https://www.federalreserve.gov/monetarypolicy/fomchistorical2007.htm,,source/cvj/FOMC_CVJ_Benchmark_Update_20260919/data/minutes/Minutes/2007/fomcminutes20070807.txt,dca07cad2b120b9963ee2d8f73d61f380028e409c2a9a21cd2b04c10a6d2d48d,provenance/raw_minutes/2007/fomcminutes20070807.htm,eaa28de08e8c7eb456e9ef617085e82f72aa63bd3a9630c045d8dd2e32e98c7b,not recorded in retained minutes manifest
2007-09-18,20070918,2007,ok,html,5559,https://www.federalreserve.gov/fomc/minutes/20070918.htm,,https://www.federalreserve.gov/monetarypolicy/fomchistorical2007.htm,,source/cvj/FOMC_CVJ_Benchmark_Update_20260919/data/minutes/Minutes/2007/fomcminutes20070918.txt,ca89498309055a2bbc9cd2c5fb22655bf53b480af4e6623ecc897ea2e46116b6,provenance/raw_minutes/2007/fomcminutes20070918.htm,fc956ca07fc325ee151d30d67ba2eff221366bdd95792f657e07fe158000d341,not recorded in retained minutes manifest
2007-10-31,20071031,2007,ok,html,5510,https://www.federalreserve.gov/monetarypolicy/fomcminutes20071031.htm,https://www.federalreserve.gov/monetarypolicy/files/fomcminutes20071031.pdf,https://www.federalreserve.gov/monetarypolicy/fomchistorical2007.htm,,source/cvj/FOMC_CVJ_Benchmark_Update_20260919/data/minutes/Minutes/2007/fomcminutes20071031.txt,dd713deb0603564d66d42d0ed3e1d090f29fb0e367652f79db253ee29cfd1d26,provenance/raw_minutes/2007/fomcminutes20071031.htm,340378632592af53ddb1eb09d157965ef6cdd309c1d3344a8645b3efddc7f45b,not recorded in retained minutes manifest
2007-12-11,20071211,2007,ok,html,5951,https://www.federalreserve.gov/monetarypolicy/fomcminutes20071211.htm,https://www.federalreserve.gov/monetarypolicy/files/fomcminutes20071211.pdf,https://www.federalreserve.gov/monetarypolicy/fomchistorical2007.htm,,source/cvj/FOMC_CVJ_Benchmark_Update_20260919/data/minutes/Minutes/2007/fomcminutes20071211.txt,60764542ff49787df84663d608efe82ec8ad3835c365073ebdb23c92c02a107c,provenance/raw_minutes/2007/fomcminutes20071211.htm,0318bb5877055574f612df8c42f5c82bff79a2b3a0cbb2fc4817e5954897d93b,not recorded in retained minutes manifest
2008-01-30,20080130,2008,ok,html,9613,https://www.federalreserve.gov/monetarypolicy/fomcminutes20080130.htm,https://www.federalreserve.gov/monetarypolicy/files/fomcminutes20080130.pdf,https://www.federalreserve.gov/monetarypolicy/fomchistorical2008.htm,,source/cvj/FOMC_CVJ_Benchmark_Update_20260919/data/minutes/Minutes/2008/fomcminutes20080130.txt,184aa432a6ffcf7bf30f6ee9b830479041ef26711322f558e9e0bce04bceb98a,provenance/raw_minutes/2008/fomcminutes20080130.htm,1f6edb0105926bc4fa09567dfe4249377c69fd881df9f1718919739049694459,not recorded in retained minutes manifest
2008-03-18,20080318,2008,ok,html,6047,https://www.federalreserve.gov/monetarypolicy/fomcminutes20080318.htm,https://www.federalreserve.gov/monetarypolicy/files/fomcminutes20080318.pdf,https://www.federalreserve.gov/monetarypolicy/fomchistorical2008.htm,,source/cvj/FOMC_CVJ_Benchmark_Update_20260919/data/minutes/Minutes/2008/fomcminutes20080318.txt,09f0b4bc7193f52b1a43ade24060bc21d70170102c107a8d515ab5881aca2641,provenance/raw_minutes/2008/fomcminutes20080318.htm,03975d2a2faeb52fa5fd750dd35ae1d32b7d23750bc8f4585c3cd7c09a1e5370,not recorded in retained minutes manifest
2008-04-30,20080430,2008,ok,html,7018,https://www.federalreserve.gov/monetarypolicy/fomcminutes20080430.htm,https://www.federalreserve.gov/monetarypolicy/files/fomcminutes20080430.pdf,https://www.federalreserve.gov/monetarypolicy/fomchistorical2008.htm,,source/cvj/FOMC_CVJ_Benchmark_Update_20260919/data/minutes/Minutes/2008/fomcminutes20080430.txt,d0ed9a90ba13cc0edd9292262052a893b4390c2ec7230250af809c6e7a468f59,provenance/raw_minutes/2008/fomcminutes20080430.htm,b388159550374d93a3ca229c5cf058635c5575489a52b4bc30523c2c9810f390,not recorded in retained minutes manifest
2008-06-25,20080625,2008,ok,pdf,9707,,https://www.federalreserve.gov/monetarypolicy/files/fomcminutes20080625.pdf,https://www.federalreserve.gov/monetarypolicy/fomchistorical2008.htm,,source/cvj/FOMC_CVJ_Benchmark_Update_20260919/data/minutes/Minutes/2008/fomcminutes20080625.txt,7a1ba6410e86c4c20cf2c5ba6b1d9bc6fcb5958080aa06ca590b3e1926b6fe25,provenance/raw_minutes/2008/fomcminutes20080625.pdf,a1e6d198524cb3e1868d74c1029a7335dc495f74f4e6b5cf33e84dc2b847fee3,not recorded in retained minutes manifest
2008-08-05,20080805,2008,ok,html,5153,https://www.federalreserve.gov/monetarypolicy/fomcminutes20080805.htm,https://www.federalreserve.gov/monetarypolicy/files/fomcminutes20080805.pdf,https://www.federalreserve.gov/monetarypolicy/fomchistorical2008.htm,,source/cvj/FOMC_CVJ_Benchmark_Update_20260919/data/minutes/Minutes/2008/fomcminutes20080805.txt,74d6aed46a12222e6d25a42dd0303ef6c6f911ff90c28b828278fe37f2e8e7e3,provenance/raw_minutes/2008/fomcminutes20080805.htm,497b133e1a482ab7f2f5ffb3454f75bd0aac50fe808a25b225d6b64afdd01ef6,not recorded in retained minutes manifest
2008-09-16,20080916,2008,ok,html,4572,https://www.federalreserve.gov/monetarypolicy/fomcminutes20080916.htm,https://www.federalreserve.gov/monetarypolicy/files/fomcminutes20080916.pdf,https://www.federalreserve.gov/monetarypolicy/fomchistorical2008.htm,,source/cvj/FOMC_CVJ_Benchmark_Update_20260919/data/minutes/Minutes/2008/fomcminutes20080916.txt,20f0f5d083c884597a4993d92e55918bb6122810259e2d194e4a1ebbcdb71cf2,provenance/raw_minutes/2008/fomcminutes20080916.htm,0baf6b95b66af64f7f14a4b327fe696d7d9ade4eb9da955f2a19b6a6e7bcc7c2,not recorded in retained minutes manifest
2008-10-29,20081029,2008,ok,html,7915,https://www.federalreserve.gov/monetarypolicy/fomcminutes20081029.htm,https://www.federalreserve.gov/monetarypolicy/files/fomcminutes20081029.pdf,https://www.federalreserve.gov/monetarypolicy/fomchistorical2008.htm,,source/cvj/FOMC_CVJ_Benchmark_Update_20260919/data/minutes/Minutes/2008/fomcminutes20081029.txt,8139ce104a956ccd2cc3fa9e9892c192b298a4e73db9e7463720912f080cb750,provenance/raw_minutes/2008/fomcminutes20081029.htm,9be9ad5372b4c5dae1eb8ad56005bea68e0a015d70f8b6b3e9df61f0603cc612,not recorded in retained minutes manifest
2008-12-16,20081216,2008,ok,html,7501,https://www.federalreserve.gov/monetarypolicy/fomcminutes20081216.htm,https://www.federalreserve.gov/monetarypolicy/files/fomcminutes20081216.pdf,https://www.federalreserve.gov/monetarypolicy/fomchistorical2008.htm,,source/cvj/FOMC_CVJ_Benchmark_Update_20260919/data/minutes/Minutes/2008/fomcminutes20081216.txt,c9e0c8d9f4957356294ec17e33302099d48118ec4f55b39966e5fa3114eb9c73,provenance/raw_minutes/2008/fomcminutes20081216.htm,2f1b69fbebb694200c6d11cb108622993a4fa2754172d1ddb28bd6a272a6f7fe,not recorded in retained minutes manifest
2009-01-28,20090128,2009,ok,html,10792,https://www.federalreserve.gov/monetarypolicy/fomcminutes20090128.htm,https://www.federalreserve.gov/monetarypolicy/files/fomcminutes20090128.pdf,https://www.federalreserve.gov/monetarypolicy/fomchistorical2009.htm,,source/cvj/FOMC_CVJ_Benchmark_Update_20260919/data/minutes/Minutes/2009/fomcminutes20090128.txt,3aa27a09a1777bd76fe8414b5f0b59754f9268e18718cfe4391792639b85519b,provenance/raw_minutes/2009/fomcminutes20090128.htm,bf5d5a657653956080d883110c7fba652a42ee5294ad9a4617e96dd7adfc2286,not recorded in retained minutes manifest
2009-03-18,20090318,2009,ok,html,6941,https://www.federalreserve.gov/monetarypolicy/fomcminutes20090318.htm,https://www.federalreserve.gov/monetarypolicy/files/fomcminutes20090318.pdf,https://www.federalreserve.gov/monetarypolicy/fomchistorical2009.htm,,source/cvj/FOMC_CVJ_Benchmark_Update_20260919/data/minutes/Minutes/2009/fomcminutes20090318.txt,6afa203dfa38615b2facafb9b9cf89b4df1557ee116e0195e90f48413872ae8d,provenance/raw_minutes/2009/fomcminutes20090318.htm,ae59c84a34bfcc88e0cf7c563535269d419ff072360473b30d82dd64135733e5,not recorded in retained minutes manifest
2009-04-29,20090429,2009,ok,html,6504,https://www.federalreserve.gov/monetarypolicy/fomcminutes20090429.htm,https://www.federalreserve.gov/monetarypolicy/files/fomcminutes20090429.pdf,https://www.federalreserve.gov/monetarypolicy/fomchistorical2009.htm,,source/cvj/FOMC_CVJ_Benchmark_Update_20260919/data/minutes/Minutes/2009/fomcminutes20090429.txt,06308fa56f06856d5f107103600c8e9d7d54ec366925dbf9578eca4bc6210a7d,provenance/raw_minutes/2009/fomcminutes20090429.htm,9d22f2c56f2b146adf74fac4c972a12ab4fca0702aa97f252ce68fdca189c76c,not recorded in retained minutes manifest
2009-06-24,20090624,2009,ok,html,8225,https://www.federalreserve.gov/monetarypolicy/fomcminutes20090624.htm,https://www.federalreserve.gov/monetarypolicy/files/fomcminutes20090624.pdf,https://www.federalreserve.gov/monetarypolicy/fomchistorical2009.htm,,source/cvj/FOMC_CVJ_Benchmark_Update_20260919/data/minutes/Minutes/2009/fomcminutes20090624.txt,d95249e1fd27ca7fc12cf9b7e5e02ce39267ae92cd4e00c47af411e508c06191,provenance/raw_minutes/2009/fomcminutes20090624.htm,156af6fd47a5f1e43c3bc3a33912ff6a2c6811965ded883b9cf71c515fa3ab6d,not recorded in retained minutes manifest
2009-08-12,20090812,2009,ok,html,6956,https://www.federalreserve.gov/monetarypolicy/fomcminutes20090812.htm,https://www.federalreserve.gov/monetarypolicy/files/fomcminutes20090812.pdf,https://www.federalreserve.gov/monetarypolicy/fomchistorical2009.htm,,source/cvj/FOMC_CVJ_Benchmark_Update_20260919/data/minutes/Minutes/2009/fomcminutes20090812.txt,126d4e348816157f93639597061c9434d6bc598fa3414164078a88dd3992d42e,provenance/raw_minutes/2009/fomcminutes20090812.htm,189d7a0694de8403775e92f480483cc1c82a1884969cccff9b1d2846d9017c68,not recorded in retained minutes manifest
2009-09-23,20090923,2009,ok,html,7490,https://www.federalreserve.gov/monetarypolicy/fomcminutes20090923.htm,https://www.federalreserve.gov/monetarypolicy/files/fomcminutes20090923.pdf,https://www.federalreserve.gov/monetarypolicy/fomchistorical2009.htm,,source/cvj/FOMC_CVJ_Benchmark_Update_20260919/data/minutes/Minutes/2009/fomcminutes20090923.txt,b493de9ddf868b0678f392565bece2437ac4ebf57e6ae4fe8f83d8d46543bf71,provenance/raw_minutes/2009/fomcminutes20090923.htm,de983a15a2ed7d3ecb624e9f20c3261f7f128ec3f7c10326f92cb5ae5aa36e66,not recorded in retained minutes manifest
2009-11-04,20091104,2009,ok,html,6995,https://www.federalreserve.gov/monetarypolicy/fomcminutes20091104.htm,https://www.federalreserve.gov/monetarypolicy/files/fomcminutes20091104.pdf,https://www.federalreserve.gov/monetarypolicy/fomchistorical2009.htm,,source/cvj/FOMC_CVJ_Benchmark_Update_20260919/data/minutes/Minutes/2009/fomcminutes20091104.txt,25092fa8cd840ec788773f5b3877df3631f8ce92bdc4519156ad48efd1dc3643,provenance/raw_minutes/2009/fomcminutes20091104.htm,2451ecd2360f39c6ffc6aec34a257b9464a8d27078505ed043bcd7a30bb2e129,not recorded in retained minutes manifest
2009-12-16,20091216,2009,ok,html,7953,https://www.federalreserve.gov/monetarypolicy/fomcminutes20091216.htm,https://www.federalreserve.gov/monetarypolicy/files/fomcminutes20091216.pdf,https://www.federalreserve.gov/monetarypolicy/fomchistorical2009.htm,,source/cvj/FOMC_CVJ_Benchmark_Update_20260919/data/minutes/Minutes/2009/fomcminutes20091216.txt,414b4dda55f4ab878e2bb063d804de984daa4ae4f2e8ab7d7add72c353575662,provenance/raw_minutes/2009/fomcminutes20091216.htm,0d3a5ca4083d83de3e977240139f39f8894a8b86d13e1057c66296f782371fbb,not recorded in retained minutes manifest
2010-01-27,20100127,2010,ok,html,11317,https://www.federalreserve.gov/monetarypolicy/fomcminutes20100127.htm,https://www.federalreserve.gov/monetarypolicy/files/fomcminutes20100127.pdf,https://www.federalreserve.gov/monetarypolicy/fomchistorical2010.htm,,source/cvj/FOMC_CVJ_Benchmark_Update_20260919/data/minutes/Minutes/2010/fomcminutes20100127.txt,b7fa600d266d458bb47a9693bf6a6a43a8d632ce4e2ab74b31fb18eacd46d9de,provenance/raw_minutes/2010/fomcminutes20100127.htm,9be234d009104b64505432dfd98df9c165ddef968c007f17ecebd3e35498b23f,not recorded in retained minutes manifest
2010-03-16,20100316,2010,ok,html,6579,https://www.federalreserve.gov/monetarypolicy/fomcminutes20100316.htm,https://www.federalreserve.gov/monetarypolicy/files/fomcminutes20100316.pdf,https://www.federalreserve.gov/monetarypolicy/fomchistorical2010.htm,,source/cvj/FOMC_CVJ_Benchmark_Update_20260919/data/minutes/Minutes/2010/fomcminutes20100316.txt,6b1755c87e863a088dfdc40066bf26aa6a227b03a7e69bb63686d674582ab51f,provenance/raw_minutes/2010/fomcminutes20100316.htm,ea8569db16c40de064b3f1ad0d41980cf07db9a6dcf4348b080d4057130caf28,not recorded in retained minutes manifest
2010-04-28,20100428,2010,ok,html,7023,https://www.federalreserve.gov/monetarypolicy/fomcminutes20100428.htm,https://www.federalreserve.gov/monetarypolicy/files/fomcminutes20100428.pdf,https://www.federalreserve.gov/monetarypolicy/fomchistorical2010.htm,,source/cvj/FOMC_CVJ_Benchmark_Update_20260919/data/minutes/Minutes/2010/fomcminutes20100428.txt,832e95cde86ed1201a94d708b27e5d61e3ff3d42ae43080c64da3d63846f0b01,provenance/raw_minutes/2010/fomcminutes20100428.htm,4d3773b11e9837e82d9a8f4c9be875a1ca090811e6788f44802003442256c127,not recorded in retained minutes manifest
2010-06-23,20100623,2010,ok,html,7881,https://www.federalreserve.gov/monetarypolicy/fomcminutes20100623.htm,https://www.federalreserve.gov/monetarypolicy/files/fomcminutes20100623.pdf,https://www.federalreserve.gov/monetarypolicy/fomchistorical2010.htm,,source/cvj/FOMC_CVJ_Benchmark_Update_20260919/data/minutes/Minutes/2010/fomcminutes20100623.txt,d065ae66b6902e007f8132a772f396eb279c0b60f36d76b8d51bbc846bc54a9b,provenance/raw_minutes/2010/fomcminutes20100623.htm,e8d4400c3cf2bf420d83e272e566c0b71a4ea1240411a94431dac35772b67040,not recorded in retained minutes manifest
2010-08-10,20100810,2010,ok,html,6659,https://www.federalreserve.gov/monetarypolicy/fomcminutes20100810.htm,https://www.federalreserve.gov/monetarypolicy/files/fomcminutes20100810.pdf,https://www.federalreserve.gov/monetarypolicy/fomchistorical2010.htm,,source/cvj/FOMC_CVJ_Benchmark_Update_20260919/data/minutes/Minutes/2010/fomcminutes20100810.txt,e3b9e7221fd66e3a4e6393e960ca9ea83af6eff7b8974b3e235c7d32b5b6c7f6,provenance/raw_minutes/2010/fomcminutes20100810.htm,8b7f5163cd7ca2faca42ea9ce7d50f23a7c6b2b9d0c5450d53aa304d4ae288bf,not recorded in retained minutes manifest
2010-09-21,20100921,2010,ok,html,6018,https://www.federalreserve.gov/monetarypolicy/fomcminutes20100921.htm,https://www.federalreserve.gov/monetarypolicy/files/fomcminutes20100921.pdf,https://www.federalreserve.gov/monetarypolicy/fomchistorical2010.htm,,source/cvj/FOMC_CVJ_Benchmark_Update_20260919/data/minutes/Minutes/2010/fomcminutes20100921.txt,5a4832283a1dcabb66a7284c9d5d0e2fecf8622af532c4fa6406c6705c82a194,provenance/raw_minutes/2010/fomcminutes20100921.htm,7cb50bd2aa59c09e670376aacc513d1415e68f678f3ab34b24180227a2b568b3,not recorded in retained minutes manifest
2010-11-03,20101103,2010,ok,html,7028,https://www.federalreserve.gov/monetarypolicy/fomcminutes20101103.htm,https://www.federalreserve.gov/monetarypolicy/files/fomcminutes20101103.pdf,https://www.federalreserve.gov/monetarypolicy/fomchistorical2010.htm,,source/cvj/FOMC_CVJ_Benchmark_Update_20260919/data/minutes/Minutes/2010/fomcminutes20101103.txt,6fb17f42bca8ea618618af5a73502ee099171dbba6c9f4cfa1031124fae2feeb,provenance/raw_minutes/2010/fomcminutes20101103.htm,5867eff273fc50e7da41a877455a8d704709cf52d73b2d1df22218065f7a4ed7,not recorded in retained minutes manifest
2010-12-14,20101214,2010,ok,html,6651,https://www.federalreserve.gov/monetarypolicy/fomcminutes20101214.htm,https://www.federalreserve.gov/monetarypolicy/files/fomcminutes20101214.pdf,https://www.federalreserve.gov/monetarypolicy/fomchistorical2010.htm,,source/cvj/FOMC_CVJ_Benchmark_Update_20260919/data/minutes/Minutes/2010/fomcminutes20101214.txt,74c8d9409fd317b34b8aa0b1c93f8880f24a0b631cf8edf6bdc011e64b689052,provenance/raw_minutes/2010/fomcminutes20101214.htm,f339f0e9b688d4641eb0af4854dc3d2d6e2e0b7d2a7a22d6743dc3512945f908,not recorded in retained minutes manifest
2011-01-26,20110126,2011,ok,html,10446,https://www.federalreserve.gov/monetarypolicy/fomcminutes20110126.htm,https://www.federalreserve.gov/monetarypolicy/files/fomcminutes20110126.pdf,https://www.federalreserve.gov/monetarypolicy/fomchistorical2011.htm,,source/cvj/FOMC_CVJ_Benchmark_Update_20260919/data/minutes/Minutes/2011/fomcminutes20110126.txt,824211c874a82983d38a778fd0ad9fb2dbecb79745125f84b316650631461af1,provenance/raw_minutes/2011/fomcminutes20110126.htm,64ea7738f63d85f5e31240d6696fb06853020b1f443cc74b6265d5825c7e1935,not recorded in retained minutes manifest
2011-03-15,20110315,2011,ok,html,6718,https://www.federalreserve.gov/monetarypolicy/fomcminutes20110315.htm,https://www.federalreserve.gov/monetarypolicy/files/fomcminutes20110315.pdf,https://www.federalreserve.gov/monetarypolicy/fomchistorical2011.htm,,source/cvj/FOMC_CVJ_Benchmark_Update_20260919/data/minutes/Minutes/2011/fomcminutes20110315.txt,bdff1303fbdcc7e59363140d166ff52e104c20b96e828cbac4900295acbdcdf1,provenance/raw_minutes/2011/fomcminutes20110315.htm,d8fce8f50c37f69d8037b6cc44d0f125cae11046a5cdf26333ce14fa07f6f587,not recorded in retained minutes manifest
2011-04-27,20110427,2011,ok,html,7695,https://www.federalreserve.gov/monetarypolicy/fomcminutes20110427.htm,https://www.federalreserve.gov/monetarypolicy/files/fomcminutes20110427.pdf,https://www.federalreserve.gov/monetarypolicy/fomchistorical2011.htm,,source/cvj/FOMC_CVJ_Benchmark_Update_20260919/data/minutes/Minutes/2011/fomcminutes20110427.txt,868c718080b903bb15fab2cd4df080733104a323d1c574488db141e90a98e60d,provenance/raw_minutes/2011/fomcminutes20110427.htm,f9adfbcc394a0a1a542ad755b3f201e8c8ab73260cf66ad1e61bdd53d4090c19,not recorded in retained minutes manifest
2011-06-22,20110622,2011,ok,html,7431,https://www.federalreserve.gov/monetarypolicy/fomcminutes20110622.htm,https://www.federalreserve.gov/monetarypolicy/files/fomcminutes20110622.pdf,https://www.federalreserve.gov/monetarypolicy/fomchistorical2011.htm,,source/cvj/FOMC_CVJ_Benchmark_Update_20260919/data/minutes/Minutes/2011/fomcminutes20110622.txt,ce4b95bb8c3ff2e01d33058a312b3c5189c7f3aac176a05250dd1c44ff168aaf,provenance/raw_minutes/2011/fomcminutes20110622.htm,0c45029f561b2c8cad6ea6bd066dd51d861e740707f0172f576fae157d8e14cd,not recorded in retained minutes manifest
2011-08-09,20110809,2011,ok,html,6608,https://www.federalreserve.gov/monetarypolicy/fomcminutes20110809.htm,https://www.federalreserve.gov/monetarypolicy/files/fomcminutes20110809.pdf,https://www.federalreserve.gov/monetarypolicy/fomchistorical2011.htm,,source/cvj/FOMC_CVJ_Benchmark_Update_20260919/data/minutes/Minutes/2011/fomcminutes20110809.txt,0c76a22757af17dc654f7dc8a32fc357311dbcfcb4c25f989b5438a6bac88b98,provenance/raw_minutes/2011/fomcminutes20110809.htm,e3076a311336abaab44ef94ae296a3db7eb24768353bb9905ef38aebb561d625,not recorded in retained minutes manifest
2011-09-21,20110921,2011,ok,html,8368,https://www.federalreserve.gov/monetarypolicy/fomcminutes20110921.htm,https://www.federalreserve.gov/monetarypolicy/files/fomcminutes20110921.pdf,https://www.federalreserve.gov/monetarypolicy/fomchistorical2011.htm,,source/cvj/FOMC_CVJ_Benchmark_Update_20260919/data/minutes/Minutes/2011/fomcminutes20110921.txt,5208ceb17800501c323e1f0a1e8cd4ad89f74528f9bb0da6d0a80ac7bb93b348,provenance/raw_minutes/2011/fomcminutes20110921.htm,0e950b266cc155b14e835e6ed9701ed9d8adabda85c97ecee59346779ee3fd20,not recorded in retained minutes manifest
2011-11-02,20111102,2011,ok,html,7635,https://www.federalreserve.gov/monetarypolicy/fomcminutes20111102.htm,https://www.federalreserve.gov/monetarypolicy/files/fomcminutes20111102.pdf,https://www.federalreserve.gov/monetarypolicy/fomchistorical2011.htm,,source/cvj/FOMC_CVJ_Benchmark_Update_20260919/data/minutes/Minutes/2011/fomcminutes20111102.txt,37ba898740b7b34d534a15cbc105ed36cf6f64d47233cbac934cbe683c0ec437,provenance/raw_minutes/2011/fomcminutes20111102.htm,b514d4ba050c19bd0b8da3c54964f87d9680f65e7bcd1fa5c97e643b5c9e3c85,not recorded in retained minutes manifest
2011-12-13,20111213,2011,ok,html,7586,https://www.federalreserve.gov/monetarypolicy/fomcminutes20111213.htm,https://www.federalreserve.gov/monetarypolicy/files/fomcminutes20111213.pdf,https://www.federalreserve.gov/monetarypolicy/fomchistorical2011.htm,,source/cvj/FOMC_CVJ_Benchmark_Update_20260919/data/minutes/Minutes/2011/fomcminutes20111213.txt,ed21fbd68e8522ed06589a3093e5e0060a480109c69ca2df853ed0a592126e88,provenance/raw_minutes/2011/fomcminutes20111213.htm,33e2b7916b969dc28c3ea2a18de74f250d7bfe121a591abc242dfe19222f932b,not recorded in retained minutes manifest
2012-01-25,20120125,2012,ok,html,10637,https://www.federalreserve.gov/monetarypolicy/fomcminutes20120125.htm,https://www.federalreserve.gov/monetarypolicy/files/fomcminutes20120125.pdf,https://www.federalreserve.gov/monetarypolicy/fomchistorical2012.htm,,source/cvj/FOMC_CVJ_Benchmark_Update_20260919/data/minutes/Minutes/2012/fomcminutes20120125.txt,ad2a7f87e60648997505ec92d9ef5ddeda56e3f15d6c54bcea07f9517039925e,provenance/raw_minutes/2012/fomcminutes20120125.htm,ba71d20c99f1de40a3d0d29a7f0e47395837795e9a58f989f4b85e6a8a133552,not recorded in retained minutes manifest
2012-03-13,20120313,2012,ok,html,6303,https://www.federalreserve.gov/monetarypolicy/fomcminutes20120313.htm,https://www.federalreserve.gov/monetarypolicy/files/fomcminutes20120313.pdf,https://www.federalreserve.gov/monetarypolicy/fomchistorical2012.htm,,source/cvj/FOMC_CVJ_Benchmark_Update_20260919/data/minutes/Minutes/2012/fomcminutes20120313.txt,43a7c8f6bab9ed3c16a6694b33477e70caf4308584618de210e5b418b63f63fa,provenance/raw_minutes/2012/fomcminutes20120313.htm,9105ea586f07c406ede1882b7ec3a1a6fac5b700ad14ca18f609b64abe620321,not recorded in retained minutes manifest
2012-04-25,20120425,2012,ok,html,6988,https://www.federalreserve.gov/monetarypolicy/fomcminutes20120425.htm,https://www.federalreserve.gov/monetarypolicy/files/fomcminutes20120425.pdf,https://www.federalreserve.gov/monetarypolicy/fomchistorical2012.htm,,source/cvj/FOMC_CVJ_Benchmark_Update_20260919/data/minutes/Minutes/2012/fomcminutes20120425.txt,8b5add046699f9af564ac7f27176e15b8ad73726ea884a30cbf0a770a5a1e9c2,provenance/raw_minutes/2012/fomcminutes20120425.htm,32f78f3d85282bd5fd53fd1907e3dd50849c2a3b08aaf353a008631b3b858e5e,not recorded in retained minutes manifest
2012-06-20,20120620,2012,ok,html,7915,https://www.federalreserve.gov/monetarypolicy/fomcminutes20120620.htm,https://www.federalreserve.gov/monetarypolicy/files/fomcminutes20120620.pdf,https://www.federalreserve.gov/monetarypolicy/fomchistorical2012.htm,,source/cvj/FOMC_CVJ_Benchmark_Update_20260919/data/minutes/Minutes/2012/fomcminutes20120620.txt,b2eb73babc5c800e6d3387c51b85da2927a607954859308f08fb6b015647aaa6,provenance/raw_minutes/2012/fomcminutes20120620.htm,0630f6e46a4202b6db4bed2231195b9580196f5cc14f10ffcd11bc07821c2177,not recorded in retained minutes manifest
2012-08-01,20120801,2012,ok,html,7085,https://www.federalreserve.gov/monetarypolicy/fomcminutes20120801.htm,https://www.federalreserve.gov/monetarypolicy/files/fomcminutes20120801.pdf,https://www.federalreserve.gov/monetarypolicy/fomchistorical2012.htm,,source/cvj/FOMC_CVJ_Benchmark_Update_20260919/data/minutes/Minutes/2012/fomcminutes20120801.txt,98e5dd0e2d844507755c9be317004eeaa81dfa9c84e72c0663f967eb1b1a7a88,provenance/raw_minutes/2012/fomcminutes20120801.htm,92276d4c552b7be966b2104253fced44b0c56772b77fdb522e6408e9194753fe,not recorded in retained minutes manifest
2012-09-13,20120913,2012,ok,html,7430,https://www.federalreserve.gov/monetarypolicy/fomcminutes20120913.htm,https://www.federalreserve.gov/monetarypolicy/files/fomcminutes20120913.pdf,https://www.federalreserve.gov/monetarypolicy/fomchistorical2012.htm,,source/cvj/FOMC_CVJ_Benchmark_Update_20260919/data/minutes/Minutes/2012/fomcminutes20120913.txt,e618f5c424feccb2fbb49add0c43f441c827b2eb82dac9976b19f4fe07cc209e,provenance/raw_minutes/2012/fomcminutes20120913.htm,63cc4ef71b6dd21e9547cb1da8419b80c0a91e533603cc6dde5096a91691f94a,not recorded in retained minutes manifest
2012-10-24,20121024,2012,ok,html,6527,https://www.federalreserve.gov/monetarypolicy/fomcminutes20121024.htm,https://www.federalreserve.gov/monetarypolicy/files/fomcminutes20121023.pdf,https://www.federalreserve.gov/monetarypolicy/fomchistorical2012.htm,,source/cvj/FOMC_CVJ_Benchmark_Update_20260919/data/minutes/Minutes/2012/fomcminutes20121024.txt,76186a94c3c7ad1e0539938cb6494f7a835c92f17175e3a2f62d00f46b1c7070,provenance/raw_minutes/2012/fomcminutes20121024.htm,914f3d42eba80ee8a561213202a861080803645f46809fcdea4dba68a93a0998,not recorded in retained minutes manifest
2012-12-12,20121212,2012,ok,html,7507,https://www.federalreserve.gov/monetarypolicy/fomcminutes20121212.htm,https://www.federalreserve.gov/monetarypolicy/files/fomcminutes20121212.pdf,https://www.federalreserve.gov/monetarypolicy/fomchistorical2012.htm,,source/cvj/FOMC_CVJ_Benchmark_Update_20260919/data/minutes/Minutes/2012/fomcminutes20121212.txt,98c757c94cdaba4d15450ef04fc36ac2354a7e13251bd330db39dc51f695c5d9,provenance/raw_minutes/2012/fomcminutes20121212.htm,0efd59cc5ecd841dd6d7d2113b621f9db4bfcf2038f957d9be1dc5ad3188cca1,not recorded in retained minutes manifest
2013-01-30,20130130,2013,ok,html,10917,https://www.federalreserve.gov/monetarypolicy/fomcminutes20130130.htm,https://www.federalreserve.gov/monetarypolicy/files/fomcminutes20130130.pdf,https://www.federalreserve.gov/monetarypolicy/fomchistorical2013.htm,,source/cvj/FOMC_CVJ_Benchmark_Update_20260919/data/minutes/Minutes/2013/fomcminutes20130130.txt,0a85bb2d1d67e8a4017653a1bb2ce4f98c0ecd92945390c87f0abce5d0a561b9,provenance/raw_minutes/2013/fomcminutes20130130.htm,896bdfec663f09d71d418ec53487f87f5d3e444987de8b187dc1d52d5669b994,not recorded in retained minutes manifest
2013-03-20,20130320,2013,ok,html,7154,https://www.federalreserve.gov/monetarypolicy/fomcminutes20130320.htm,https://www.federalreserve.gov/monetarypolicy/files/fomcminutes20130320.pdf,https://www.federalreserve.gov/monetarypolicy/fomchistorical2013.htm,,source/cvj/FOMC_CVJ_Benchmark_Update_20260919/data/minutes/Minutes/2013/fomcminutes20130320.txt,42b3c4ae5e920daefaa70bd80f34fae9dfda1716a9085c3fc33f97860ccf8c09,provenance/raw_minutes/2013/fomcminutes20130320.htm,bb712feb66e7a1fca59011da1d1409db0aa9452663ba47bd8575264d3820d3a7,not recorded in retained minutes manifest
2013-05-01,20130501,2013,ok,html,6813,https://www.federalreserve.gov/monetarypolicy/fomcminutes20130501.htm,https://www.federalreserve.gov/monetarypolicy/files/fomcminutes20130501.pdf,https://www.federalreserve.gov/monetarypolicy/fomchistorical2013.htm,,source/cvj/FOMC_CVJ_Benchmark_Update_20260919/data/minutes/Minutes/2013/fomcminutes20130501.txt,d1ee67cfeeebb32960399e9161f10e79ec7436ba3b9522dbe043bd5434791e6d,provenance/raw_minutes/2013/fomcminutes20130501.htm,41fc84071e57b0c37967812f752b0cbcddff8936ccf354d0c7755f0a15a2d815,not recorded in retained minutes manifest
2013-06-19,20130619,2013,ok,html,8080,https://www.federalreserve.gov/monetarypolicy/fomcminutes20130619.htm,https://www.federalreserve.gov/monetarypolicy/files/fomcminutes20130619.pdf,https://www.federalreserve.gov/monetarypolicy/fomchistorical2013.htm,,source/cvj/FOMC_CVJ_Benchmark_Update_20260919/data/minutes/Minutes/2013/fomcminutes20130619.txt,5bee27c28d6f7b73bd80840e37878609098b3ac95073f3c1fe480f14b3c8139f,provenance/raw_minutes/2013/fomcminutes20130619.htm,3344aebe6ca7314ba627d69b85eb6473f5600df82a8ac14068c8da0af047d49c,not recorded in retained minutes manifest
2013-07-31,20130731,2013,ok,html,7089,https://www.federalreserve.gov/monetarypolicy/fomcminutes20130731.htm,https://www.federalreserve.gov/monetarypolicy/files/fomcminutes20130731.pdf,https://www.federalreserve.gov/monetarypolicy/fomchistorical2013.htm,,source/cvj/FOMC_CVJ_Benchmark_Update_20260919/data/minutes/Minutes/2013/fomcminutes20130731.txt,ea25a97273de14266db82d90e09f1f6d71a6f61c74b952cdc3cb8bfeb115b1ef,provenance/raw_minutes/2013/fomcminutes20130731.htm,1d51baebd472bfbae8b93fdec8ad32e304669e5a3f756d234eb88e1d29b47e53,not recorded in retained minutes manifest
2013-09-18,20130918,2013,ok,html,8152,https://www.federalreserve.gov/monetarypolicy/fomcminutes20130918.htm,https://www.federalreserve.gov/monetarypolicy/files/fomcminutes20130918.pdf,https://www.federalreserve.gov/monetarypolicy/fomchistorical2013.htm,,source/cvj/FOMC_CVJ_Benchmark_Update_20260919/data/minutes/Minutes/2013/fomcminutes20130918.txt,0f3c2f2d3ef9eacc46be05971a279ba4e01ba3bd1e51466c7971c05fa1111061,provenance/raw_minutes/2013/fomcminutes20130918.htm,fdba5845c71bc66f658dfeffb9b78b95044b81ce993fa987e54ad941beb6025e,not recorded in retained minutes manifest
2013-10-30,20131030,2013,ok,html,7549,https://www.federalreserve.gov/monetarypolicy/fomcminutes20131030.htm,https://www.federalreserve.gov/monetarypolicy/files/fomcminutes20131030.pdf,https://www.federalreserve.gov/monetarypolicy/fomchistorical2013.htm,,source/cvj/FOMC_CVJ_Benchmark_Update_20260919/data/minutes/Minutes/2013/fomcminutes20131030.txt,7866d29453cc990c4ebef6ea93c7763e83a61d354b058b5c9f6ba88c9f4aac06,provenance/raw_minutes/2013/fomcminutes20131030.htm,468070cb08e54c0b6b1461cf61c19ee226d31e7d6991168320ac548989160e30,not recorded in retained minutes manifest
2013-12-18,20131218,2013,ok,html,8720,https://www.federalreserve.gov/monetarypolicy/fomcminutes20131218.htm,https://www.federalreserve.gov/monetarypolicy/files/fomcminutes20131218.pdf,https://www.federalreserve.gov/monetarypolicy/fomchistorical2013.htm,,source/cvj/FOMC_CVJ_Benchmark_Update_20260919/data/minutes/Minutes/2013/fomcminutes20131218.txt,0cc489f6bef259ed76f0a07cde89d3df66888db97ecb43a697d424624103abd9,provenance/raw_minutes/2013/fomcminutes20131218.htm,180d4097e160e538ebde53d1089693f125e5f35d93a23f162d0bf85b044d1216,not recorded in retained minutes manifest
2014-01-29,20140129,2014,ok,html,11934,https://www.federalreserve.gov/monetarypolicy/fomcminutes20140129.htm,https://www.federalreserve.gov/monetarypolicy/files/fomcminutes20140129.pdf,https://www.federalreserve.gov/monetarypolicy/fomchistorical2014.htm,,source/cvj/FOMC_CVJ_Benchmark_Update_20260919/data/minutes/Minutes/2014/fomcminutes20140129.txt,00919b3e4375e1d5db8e518510e48023b230abc5453b39617622ab92e5df5636,provenance/raw_minutes/2014/fomcminutes20140129.htm,cc6e1d4566c6b2763ca9200a189039278ccb41516d8921bde1a3d1cf35c33fdd,not recorded in retained minutes manifest
2014-03-19,20140319,2014,ok,html,8227,https://www.federalreserve.gov/monetarypolicy/fomcminutes20140319.htm,https://www.federalreserve.gov/monetarypolicy/files/fomcminutes20140319.pdf,https://www.federalreserve.gov/monetarypolicy/fomchistorical2014.htm,,source/cvj/FOMC_CVJ_Benchmark_Update_20260919/data/minutes/Minutes/2014/fomcminutes20140319.txt,953c19327937b0a07a2e15b6857c3f5870f881cf0e6b5b11eaac6837ec6d4df0,provenance/raw_minutes/2014/fomcminutes20140319.htm,279b337f38a5043a2a93b61f24edd1748474121bb43c48fb8347022232e29224,not recorded in retained minutes manifest
2014-04-30,20140430,2014,ok,html,6699,https://www.federalreserve.gov/monetarypolicy/fomcminutes20140430.htm,https://www.federalreserve.gov/monetarypolicy/files/fomcminutes20140430.pdf,https://www.federalreserve.gov/monetarypolicy/fomchistorical2014.htm,,source/cvj/FOMC_CVJ_Benchmark_Update_20260919/data/minutes/Minutes/2014/fomcminutes20140430.txt,b94ee2fe98daa19b5fde5f71861518757cde3eb8d6d05556621f82d87f2eb3b6,provenance/raw_minutes/2014/fomcminutes20140430.htm,eaf3bf6d8d27cb9b695c661a6a64aa8d33a3b8b55f434912f0389e14fb334c60,not recorded in retained minutes manifest
2014-06-18,20140618,2014,ok,html,8500,https://www.federalreserve.gov/monetarypolicy/fomcminutes20140618.htm,https://www.federalreserve.gov/monetarypolicy/files/fomcminutes20140618.pdf,https://www.federalreserve.gov/monetarypolicy/fomchistorical2014.htm,,source/cvj/FOMC_CVJ_Benchmark_Update_20260919/data/minutes/Minutes/2014/fomcminutes20140618.txt,d4c1d437c300202a92b5dae283751cc68a0ca7e9c9d1b2df3ff2eb693c81a15e,provenance/raw_minutes/2014/fomcminutes20140618.htm,247d36a02d3c29a7e2161db6653f4ac7054cc2e7f17cac347bceb93aaeed966d,not recorded in retained minutes manifest
2014-07-30,20140730,2014,ok,html,7947,https://www.federalreserve.gov/monetarypolicy/fomcminutes20140730.htm,https://www.federalreserve.gov/monetarypolicy/files/fomcminutes20140730.pdf,https://www.federalreserve.gov/monetarypolicy/fomchistorical2014.htm,,source/cvj/FOMC_CVJ_Benchmark_Update_20260919/data/minutes/Minutes/2014/fomcminutes20140730.txt,d4bd3d0afd30096d201ba252a204c7badc4f5af1f4399477c5784635a9b891e8,provenance/raw_minutes/2014/fomcminutes20140730.htm,3cd703c4c0a457788e8cc794bd47578c1067fc251d1e9be96cf8c3efaaab4201,not recorded in retained minutes manifest
2014-09-17,20140917,2014,ok,html,9073,https://www.federalreserve.gov/monetarypolicy/fomcminutes20140917.htm,https://www.federalreserve.gov/monetarypolicy/files/fomcminutes20140917.pdf,https://www.federalreserve.gov/monetarypolicy/fomchistorical2014.htm,,source/cvj/FOMC_CVJ_Benchmark_Update_20260919/data/minutes/Minutes/2014/fomcminutes20140917.txt,af4e98c6b1186668abbbeeaa51c8a172672daf079f2d55aadb6413ea9658f0ef,provenance/raw_minutes/2014/fomcminutes20140917.htm,627e52d6ba84bc4f46ca20a0dd4b12ed21f8fa38d57e7377d5d265a14f69850d,not recorded in retained minutes manifest
2014-10-29,20141029,2014,ok,html,8253,https://www.federalreserve.gov/monetarypolicy/fomcminutes20141029.htm,https://www.federalreserve.gov/monetarypolicy/files/fomcminutes20141029.pdf,https://www.federalreserve.gov/monetarypolicy/fomchistorical2014.htm,,source/cvj/FOMC_CVJ_Benchmark_Update_20260919/data/minutes/Minutes/2014/fomcminutes20141029.txt,300eb2def7375744b558aa922a45ef93fe8b140feb25490b8f076f4bdeb670cf,provenance/raw_minutes/2014/fomcminutes20141029.htm,413fc07351e4c4bc94c9600d46bd46023a3d0c4cc0cd9b90179f8e4bfee9f920,not recorded in retained minutes manifest
2014-12-17,20141217,2014,ok,html,7482,https://www.federalreserve.gov/monetarypolicy/fomcminutes20141217.htm,https://www.federalreserve.gov/monetarypolicy/files/fomcminutes20141217.pdf,https://www.federalreserve.gov/monetarypolicy/fomchistorical2014.htm,,source/cvj/FOMC_CVJ_Benchmark_Update_20260919/data/minutes/Minutes/2014/fomcminutes20141217.txt,6c812334c8c385b2e7da3982d7962e72aca560c06ef8730ddd3581f0a2f1aa0e,provenance/raw_minutes/2014/fomcminutes20141217.htm,ef8d52f234a5bf766797054137745834341cc8defc7a4ed006edbf86c41698ea,not recorded in retained minutes manifest
2015-01-28,20150128,2015,ok,html,14378,https://www.federalreserve.gov/monetarypolicy/fomcminutes20150128.htm,https://www.federalreserve.gov/monetarypolicy/files/fomcminutes20150128.pdf,https://www.federalreserve.gov/monetarypolicy/fomchistorical2015.htm,,source/cvj/FOMC_CVJ_Benchmark_Update_20260919/data/minutes/Minutes/2015/fomcminutes20150128.txt,39b0eacd2c5ee6c42d9d2bd884e5bc1c62ac86b8ebd73a9694cfdb9a56cc6aaa,provenance/raw_minutes/2015/fomcminutes20150128.htm,197d3fe09d8fef88331eb6d24ff203f994bbf5818e8772cbd29c137107a91c68,not recorded in retained minutes manifest
2015-03-18,20150318,2015,ok,html,8482,https://www.federalreserve.gov/monetarypolicy/fomcminutes20150318.htm,https://www.federalreserve.gov/monetarypolicy/files/fomcminutes20150318.pdf,https://www.federalreserve.gov/monetarypolicy/fomchistorical2015.htm,,source/cvj/FOMC_CVJ_Benchmark_Update_20260919/data/minutes/Minutes/2015/fomcminutes20150318.txt,06a6e1bc19722a7cc97d18b1062e5513cf61d6a01cd9e03508a8bf83acb17463,provenance/raw_minutes/2015/fomcminutes20150318.htm,741313ca4031febb5648023ec256c431d2859bd45b376c28f897756c7c75be63,not recorded in retained minutes manifest
2015-04-29,20150429,2015,ok,html,7534,https://www.federalreserve.gov/monetarypolicy/fomcminutes20150429.htm,https://www.federalreserve.gov/monetarypolicy/files/fomcminutes20150429.pdf,https://www.federalreserve.gov/monetarypolicy/fomchistorical2015.htm,,source/cvj/FOMC_CVJ_Benchmark_Update_20260919/data/minutes/Minutes/2015/fomcminutes20150429.txt,34a1fd3c08e4f25d4e60e9a38a902e6e070577ad95a502208c0395a87a05dc02,provenance/raw_minutes/2015/fomcminutes20150429.htm,c9ec2d2d3f377e8dd8c9db9e7613075fbfab399dc6f133fb794aeb15c4364d59,not recorded in retained minutes manifest
2015-06-17,20150617,2015,ok,html,8022,https://www.federalreserve.gov/monetarypolicy/fomcminutes20150617.htm,https://www.federalreserve.gov/monetarypolicy/files/fomcminutes20150617.pdf,https://www.federalreserve.gov/monetarypolicy/fomchistorical2015.htm,,source/cvj/FOMC_CVJ_Benchmark_Update_20260919/data/minutes/Minutes/2015/fomcminutes20150617.txt,42fc4bfba356101a322e24641b3473123cee51f9017495946f88c5ccedb9d793,provenance/raw_minutes/2015/fomcminutes20150617.htm,abfcd1be931c87794901e814615681ddb5eedf0c1eae98160dca3f8faa0f87ca,not recorded in retained minutes manifest
2015-07-29,20150729,2015,ok,html,8387,https://www.federalreserve.gov/monetarypolicy/fomcminutes20150729.htm,https://www.federalreserve.gov/monetarypolicy/files/fomcminutes20150729.pdf,https://www.federalreserve.gov/monetarypolicy/fomchistorical2015.htm,,source/cvj/FOMC_CVJ_Benchmark_Update_20260919/data/minutes/Minutes/2015/fomcminutes20150729.txt,c154534e4217d169dbc2f4471546ae8e5cefd31318a3b82a32bad109090b5e79,provenance/raw_minutes/2015/fomcminutes20150729.htm,182bc64fe873bd7aec606fb1a24ac7711f7a0611838e16617f798ee77a440bd1,not recorded in retained minutes manifest
2015-09-17,20150917,2015,ok,html,7391,https://www.federalreserve.gov/monetarypolicy/fomcminutes20150917.htm,https://www.federalreserve.gov/monetarypolicy/files/fomcminutes20150917.pdf,https://www.federalreserve.gov/monetarypolicy/fomchistorical2015.htm,,source/cvj/FOMC_CVJ_Benchmark_Update_20260919/data/minutes/Minutes/2015/fomcminutes20150917.txt,afaaa5215b32d2ee68e533264d01d87b9b02601fe7251f2f4b5e3b0b2e5e7435,provenance/raw_minutes/2015/fomcminutes20150917.htm,f8a988a1b73b3e9435ced8388db4d5f42d487cf3b8ce1cf48eb450b1b8ef373b,not recorded in retained minutes manifest
2015-10-28,20151028,2015,ok,html,7998,https://www.federalreserve.gov/monetarypolicy/fomcminutes20151028.htm,https://www.federalreserve.gov/monetarypolicy/files/fomcminutes20151028.pdf,https://www.federalreserve.gov/monetarypolicy/fomchistorical2015.htm,,source/cvj/FOMC_CVJ_Benchmark_Update_20260919/data/minutes/Minutes/2015/fomcminutes20151028.txt,bc8a3c8602f363eaa8033dcb00ba4ea98f59f01024a5c7eaf238333df9579584,provenance/raw_minutes/2015/fomcminutes20151028.htm,76eeb8877058da66b639a965502a3347a0e435d7eed0b12ccfe06b4f1671b1a2,not recorded in retained minutes manifest
2015-12-16,20151216,2015,ok,html,7583,https://www.federalreserve.gov/monetarypolicy/fomcminutes20151216.htm,https://www.federalreserve.gov/monetarypolicy/files/fomcminutes20151216.pdf,https://www.federalreserve.gov/monetarypolicy/fomchistorical2015.htm,,source/cvj/FOMC_CVJ_Benchmark_Update_20260919/data/minutes/Minutes/2015/fomcminutes20151216.txt,161f8cc0d00a4ed6d0d73d3a37323b0b446361475224252ccbbbb85d05ab6430,provenance/raw_minutes/2015/fomcminutes20151216.htm,4efdcb2bb14eaa218b12f41dc3df795a670bbcfddd543e9ac7676a9bb6f9fa50,not recorded in retained minutes manifest
2016-01-27,20160127,2016,ok,html,13573,https://www.federalreserve.gov/monetarypolicy/fomcminutes20160127.htm,https://www.federalreserve.gov/monetarypolicy/files/fomcminutes20160127.pdf,https://www.federalreserve.gov/monetarypolicy/fomchistorical2016.htm,,source/cvj/FOMC_CVJ_Benchmark_Update_20260919/data/minutes/Minutes/2016/fomcminutes20160127.txt,019b0bb1debe7447377777118ea0839e32b36c255b905828e4ebb25d7f2b3895,provenance/raw_minutes/2016/fomcminutes20160127.htm,da8bdbfd1670d5e484049decf62fb0048804ef2db1d9ff08945520a346afffd5,not recorded in retained minutes manifest
2016-03-16,20160316,2016,ok,html,7696,https://www.federalreserve.gov/monetarypolicy/fomcminutes20160316.htm,https://www.federalreserve.gov/monetarypolicy/files/fomcminutes20160316.pdf,https://www.federalreserve.gov/monetarypolicy/fomchistorical2016.htm,,source/cvj/FOMC_CVJ_Benchmark_Update_20260919/data/minutes/Minutes/2016/fomcminutes20160316.txt,6c5e5650375aae7dec80f599cd87e5e70e865de4fa1ec858203c6f8af6c3e6ad,provenance/raw_minutes/2016/fomcminutes20160316.htm,9d0e7e419f7de38fb6ba0e9681c202aaa1d5fe410b1880faf20b163a86db390a,not recorded in retained minutes manifest
2016-04-27,20160427,2016,ok,html,9242,https://www.federalreserve.gov/monetarypolicy/fomcminutes20160427.htm,https://www.federalreserve.gov/monetarypolicy/files/fomcminutes20160427.pdf,https://www.federalreserve.gov/monetarypolicy/fomchistorical2016.htm,,source/cvj/FOMC_CVJ_Benchmark_Update_20260919/data/minutes/Minutes/2016/fomcminutes20160427.txt,24c1fdd40be486cd72436fe5af43e6f31e1972333bedb0d130994a0f02f481eb,provenance/raw_minutes/2016/fomcminutes20160427.htm,a110b57205e9565f9351482d4f2e302d9a4b8502fe855d2bedc9504166815689,not recorded in retained minutes manifest
2016-06-15,20160615,2016,ok,html,8281,https://www.federalreserve.gov/monetarypolicy/fomcminutes20160615.htm,https://www.federalreserve.gov/monetarypolicy/files/fomcminutes20160615.pdf,https://www.federalreserve.gov/monetarypolicy/fomchistorical2016.htm,,source/cvj/FOMC_CVJ_Benchmark_Update_20260919/data/minutes/Minutes/2016/fomcminutes20160615.txt,b241c6a8b1d8b1c1a1c1bf1b253fac4d2721c477425508a7023ddd157f3d8c87,provenance/raw_minutes/2016/fomcminutes20160615.htm,88f21f05077ef92ae10b5bfd28770bb3b7506b6513944f18f06b16bf5ac4aee5,not recorded in retained minutes manifest
2016-07-27,20160727,2016,ok,html,10185,https://www.federalreserve.gov/monetarypolicy/fomcminutes20160727.htm,https://www.federalreserve.gov/monetarypolicy/files/fomcminutes20160727.pdf,https://www.federalreserve.gov/monetarypolicy/fomchistorical2016.htm,,source/cvj/FOMC_CVJ_Benchmark_Update_20260919/data/minutes/Minutes/2016/fomcminutes20160727.txt,9f4b1bf536ebe8767e6a429bc77a1478a77bd6f49597a57c89b197272271f88c,provenance/raw_minutes/2016/fomcminutes20160727.htm,9a08ecb1f4c883be2409b9715205501a19e86b4c7ee08baedf56991ab3d73d5c,not recorded in retained minutes manifest
2016-09-21,20160921,2016,ok,html,10704,https://www.federalreserve.gov/monetarypolicy/fomcminutes20160921.htm,https://www.federalreserve.gov/monetarypolicy/files/fomcminutes20160921.pdf,https://www.federalreserve.gov/monetarypolicy/fomchistorical2016.htm,,source/cvj/FOMC_CVJ_Benchmark_Update_20260919/data/minutes/Minutes/2016/fomcminutes20160921.txt,45176c753837cd523e629e12f331e8fd673d86b3dfb700800fd92356d2e728d5,provenance/raw_minutes/2016/fomcminutes20160921.htm,0571cdd1e94b702be24609c8db4387e7cb942a2f7fc349abf5c03bdb46195334,not recorded in retained minutes manifest
2016-11-02,20161102,2016,ok,html,9202,https://www.federalreserve.gov/monetarypolicy/fomcminutes20161102.htm,https://www.federalreserve.gov/monetarypolicy/files/fomcminutes20161102.pdf,https://www.federalreserve.gov/monetarypolicy/fomchistorical2016.htm,,source/cvj/FOMC_CVJ_Benchmark_Update_20260919/data/minutes/Minutes/2016/fomcminutes20161102.txt,f0b622e19e324397b0cd7f987df505f360b4936f7e7fe61d8b6485c4866adee1,provenance/raw_minutes/2016/fomcminutes20161102.htm,e0ea36f3d958ec8c246dc23906a2e2db193fd1c5c7471493cfbee65f66d68838,not recorded in retained minutes manifest
2016-12-14,20161214,2016,ok,html,8337,https://www.federalreserve.gov/monetarypolicy/fomcminutes20161214.htm,https://www.federalreserve.gov/monetarypolicy/files/fomcminutes20161214.pdf,https://www.federalreserve.gov/monetarypolicy/fomchistorical2016.htm,,source/cvj/FOMC_CVJ_Benchmark_Update_20260919/data/minutes/Minutes/2016/fomcminutes20161214.txt,6e089ab082133967b6d69a0e1a0c0660931f4ba98c43bada0bb1bfd17a0cbcb8,provenance/raw_minutes/2016/fomcminutes20161214.htm,03a268bf8d26b0d61294ca801593d1016d7ac080030f0a91e86fc977d6e78e1c,not recorded in retained minutes manifest
2017-02-01,20170201,2017,ok,html,12414,https://www.federalreserve.gov/monetarypolicy/fomcminutes20170201.htm,https://www.federalreserve.gov/monetarypolicy/files/fomcminutes20170201.pdf,https://www.federalreserve.gov/monetarypolicy/fomchistorical2017.htm,,source/cvj/FOMC_CVJ_Benchmark_Update_20260919/data/minutes/Minutes/2017/fomcminutes20170201.txt,a2dd90da2f64dfbe068719bc153326002c025332bd8664e7a6789de31dd9e6f5,provenance/raw_minutes/2017/fomcminutes20170201.htm,a316cea7e8c12ee3708ce4f853774d165c99b63615934649c86fd39fd74b1406,not recorded in retained minutes manifest
2017-03-15,20170315,2017,ok,html,8976,https://www.federalreserve.gov/monetarypolicy/fomcminutes20170315.htm,https://www.federalreserve.gov/monetarypolicy/files/fomcminutes20170315.pdf,https://www.federalreserve.gov/monetarypolicy/fomchistorical2017.htm,,source/cvj/FOMC_CVJ_Benchmark_Update_20260919/data/minutes/Minutes/2017/fomcminutes20170315.txt,60402c9646cb73f261f420149706596c6a7b555452c9bc056d3a4285250a7979,provenance/raw_minutes/2017/fomcminutes20170315.htm,8d93b869320a17e72b04331c04258e8b287a0de8866921132770b7c18a1e16f6,not recorded in retained minutes manifest
2017-05-03,20170503,2017,ok,html,8516,https://www.federalreserve.gov/monetarypolicy/fomcminutes20170503.htm,https://www.federalreserve.gov/monetarypolicy/files/fomcminutes20170503.pdf,https://www.federalreserve.gov/monetarypolicy/fomchistorical2017.htm,,source/cvj/FOMC_CVJ_Benchmark_Update_20260919/data/minutes/Minutes/2017/fomcminutes20170503.txt,77f36206cbea0d5b822e6141276ddaeef8383686866660bd5eac553369a52121,provenance/raw_minutes/2017/fomcminutes20170503.htm,b5f57f131e4502090d726a1a31974da00588e572845a85cac1dd6c0197dbf193,not recorded in retained minutes manifest
2017-06-14,20170614,2017,ok,html,8789,https://www.federalreserve.gov/monetarypolicy/fomcminutes20170614.htm,https://www.federalreserve.gov/monetarypolicy/files/fomcminutes20170614.pdf,https://www.federalreserve.gov/monetarypolicy/fomchistorical2017.htm,,source/cvj/FOMC_CVJ_Benchmark_Update_20260919/data/minutes/Minutes/2017/fomcminutes20170614.txt,45c98761ddb1a6b2100a9b43e1dd99c0ab31b4e96ab39321451b407ba8ac0e03,provenance/raw_minutes/2017/fomcminutes20170614.htm,dd7311989bc1d81602b910d7e1961e6798b1e8534cad829582212360d698d49d,not recorded in retained minutes manifest
2017-07-26,20170726,2017,ok,html,7476,https://www.federalreserve.gov/monetarypolicy/fomcminutes20170726.htm,https://www.federalreserve.gov/monetarypolicy/files/fomcminutes20170726.pdf,https://www.federalreserve.gov/monetarypolicy/fomchistorical2017.htm,,source/cvj/FOMC_CVJ_Benchmark_Update_20260919/data/minutes/Minutes/2017/fomcminutes20170726.txt,1bfb3271d70789758256ecaa307b3689415996b87a3fe3b84a0173752f8a080b,provenance/raw_minutes/2017/fomcminutes20170726.htm,8838dfc82b7a39bee793bd1ca5e537af05c71c1b84340bbb942fe4349271455a,not recorded in retained minutes manifest
2017-09-20,20170920,2017,ok,html,8679,https://www.federalreserve.gov/monetarypolicy/fomcminutes20170920.htm,https://www.federalreserve.gov/monetarypolicy/files/fomcminutes20170920.pdf,https://www.federalreserve.gov/monetarypolicy/fomchistorical2017.htm,,source/cvj/FOMC_CVJ_Benchmark_Update_20260919/data/minutes/Minutes/2017/fomcminutes20170920.txt,3547d0c56842a609c9a5419bb9048d9394992e51524d18f42a1f69b421e11639,provenance/raw_minutes/2017/fomcminutes20170920.htm,32b9e27425cbad901e5c6bd5dbf72fce9c6b5325ef357e51feaebe0eca344a4c,not recorded in retained minutes manifest
2017-11-01,20171101,2017,ok,html,7533,https://www.federalreserve.gov/monetarypolicy/fomcminutes20171101.htm,https://www.federalreserve.gov/monetarypolicy/files/fomcminutes20171101.pdf,https://www.federalreserve.gov/monetarypolicy/fomchistorical2017.htm,,source/cvj/FOMC_CVJ_Benchmark_Update_20260919/data/minutes/Minutes/2017/fomcminutes20171101.txt,cde6bbd9c023d1ff1ee6d61efbe6d304c76d944d1b8c29d7fb4b9811282377f8,provenance/raw_minutes/2017/fomcminutes20171101.htm,82f75fb6c14eac4942a2556ad436dc7f4b16bd2a42638ae83456fe41f0b917b8,not recorded in retained minutes manifest
2017-12-13,20171213,2017,ok,html,7419,https://www.federalreserve.gov/monetarypolicy/fomcminutes20171213.htm,https://www.federalreserve.gov/monetarypolicy/files/fomcminutes20171213.pdf,https://www.federalreserve.gov/monetarypolicy/fomchistorical2017.htm,,source/cvj/FOMC_CVJ_Benchmark_Update_20260919/data/minutes/Minutes/2017/fomcminutes20171213.txt,ac17a5b52138309c87067e8f3441a4091aa2b42113b5d48708c9ea5be74c169c,provenance/raw_minutes/2017/fomcminutes20171213.htm,2804e5cccf3fb317e841e3105a2231a211f6be44985db046d891718426497f8d,not recorded in retained minutes manifest
2018-01-31,20180131,2018,ok,html,12176,https://www.federalreserve.gov/monetarypolicy/fomcminutes20180131.htm,https://www.federalreserve.gov/monetarypolicy/files/fomcminutes20180131.pdf,https://www.federalreserve.gov/monetarypolicy/fomchistorical2018.htm,,source/cvj/FOMC_CVJ_Benchmark_Update_20260919/data/minutes/Minutes/2018/fomcminutes20180131.txt,d1e3e6c8f96182b720ed27e9ac2fc60dfa0375415d798310b42e6f4e9eded57d,provenance/raw_minutes/2018/fomcminutes20180131.htm,b4fb082bb4f0fa0cc4b62782653195971675301644d573ce8fa19e8e5b0cd887,not recorded in retained minutes manifest
2018-03-21,20180321,2018,ok,html,7310,https://www.federalreserve.gov/monetarypolicy/fomcminutes20180321.htm,https://www.federalreserve.gov/monetarypolicy/files/fomcminutes20180321.pdf,https://www.federalreserve.gov/monetarypolicy/fomchistorical2018.htm,,source/cvj/FOMC_CVJ_Benchmark_Update_20260919/data/minutes/Minutes/2018/fomcminutes20180321.txt,d8ea6ac861d9687346cdbe086b7a4049e3620de13196772aa8863f01c0cf4084,provenance/raw_minutes/2018/fomcminutes20180321.htm,d5231b4c7f84c0a4e02e6cf3b55bda042eba158297ac5119c786cd118f2a3835,not recorded in retained minutes manifest
2018-05-02,20180502,2018,ok,html,7998,https://www.federalreserve.gov/monetarypolicy/fomcminutes20180502.htm,https://www.federalreserve.gov/monetarypolicy/files/fomcminutes20180502.pdf,https://www.federalreserve.gov/monetarypolicy/fomchistorical2018.htm,,source/cvj/FOMC_CVJ_Benchmark_Update_20260919/data/minutes/Minutes/2018/fomcminutes20180502.txt,ed465d488ebda31dc830523b784248e7e7960f3036862c93a8a9f9670ac2f412,provenance/raw_minutes/2018/fomcminutes20180502.htm,7871d5931beeac63143c57410ea941acf9d3e2b7c8430c0012cc08cb51039f3e,not recorded in retained minutes manifest
2018-06-13,20180613,2018,ok,html,7198,https://www.federalreserve.gov/monetarypolicy/fomcminutes20180613.htm,https://www.federalreserve.gov/monetarypolicy/files/fomcminutes20180613.pdf,https://www.federalreserve.gov/monetarypolicy/fomchistorical2018.htm,,source/cvj/FOMC_CVJ_Benchmark_Update_20260919/data/minutes/Minutes/2018/fomcminutes20180613.txt,76914a52043114c313b476dc2ce9d1eb554108c1ad59a72944e5ef86d94bd48c,provenance/raw_minutes/2018/fomcminutes20180613.htm,907e5338af013f4f45a007f9de6936bea361763c26bbd4298c5f361bd91f2151,not recorded in retained minutes manifest
2018-08-01,20180801,2018,ok,html,8312,https://www.federalreserve.gov/monetarypolicy/fomcminutes20180801.htm,https://www.federalreserve.gov/monetarypolicy/files/fomcminutes20180801.pdf,https://www.federalreserve.gov/monetarypolicy/fomchistorical2018.htm,,source/cvj/FOMC_CVJ_Benchmark_Update_20260919/data/minutes/Minutes/2018/fomcminutes20180801.txt,e5e5c363a56f91cfd0156d56ff40da0315740452e7d99fd804b7558cafb8f097,provenance/raw_minutes/2018/fomcminutes20180801.htm,dc7105f198ee39c1fd49920e2ee56272d8d7664e2f1a15112383a5a8c74e6308,not recorded in retained minutes manifest
2018-09-26,20180926,2018,ok,html,7158,https://www.federalreserve.gov/monetarypolicy/fomcminutes20180926.htm,https://www.federalreserve.gov/monetarypolicy/files/fomcminutes20180926.pdf,https://www.federalreserve.gov/monetarypolicy/fomchistorical2018.htm,,source/cvj/FOMC_CVJ_Benchmark_Update_20260919/data/minutes/Minutes/2018/fomcminutes20180926.txt,96ce78947c8affe72f31c87cfb4f4bd3e9958b2fb78ec15cc1344ab6568840cf,provenance/raw_minutes/2018/fomcminutes20180926.htm,53bc13cea2a0ee074d306cfe93be3f4cf8b5eee578c469a03b061f47a630ae53,not recorded in retained minutes manifest
2018-11-08,20181108,2018,ok,html,8284,https://www.federalreserve.gov/monetarypolicy/fomcminutes20181108.htm,https://www.federalreserve.gov/monetarypolicy/files/fomcminutes20181108.pdf,https://www.federalreserve.gov/monetarypolicy/fomchistorical2018.htm,,source/cvj/FOMC_CVJ_Benchmark_Update_20260919/data/minutes/Minutes/2018/fomcminutes20181108.txt,0b87231d3ca826beca7e0a236bf37a35f58ff94774a59d71556994e368314365,provenance/raw_minutes/2018/fomcminutes20181108.htm,2fcd0d933af4f6048a31931bf432dff3646dfaaea176a8597c726bd38f624e1c,not recorded in retained minutes manifest
2018-12-19,20181219,2018,ok,html,8429,https://www.federalreserve.gov/monetarypolicy/fomcminutes20181219.htm,https://www.federalreserve.gov/monetarypolicy/files/fomcminutes20181219.pdf,https://www.federalreserve.gov/monetarypolicy/fomchistorical2018.htm,,source/cvj/FOMC_CVJ_Benchmark_Update_20260919/data/minutes/Minutes/2018/fomcminutes20181219.txt,e7e202f08e02e581068c94d8dffdd042f27e6e757ee274f6b3fdf61e2baf7c93,provenance/raw_minutes/2018/fomcminutes20181219.htm,f7c1d084da5623a4e5716fe5685ff3bd7b78a1509c1d6373ede283f85eb453aa,not recorded in retained minutes manifest
2019-01-30,20190130,2019,ok,html,14135,https://www.federalreserve.gov/monetarypolicy/fomcminutes20190130.htm,https://www.federalreserve.gov/monetarypolicy/files/fomcminutes20190130.pdf,https://www.federalreserve.gov/monetarypolicy/fomchistorical2019.htm,,source/cvj/FOMC_CVJ_Benchmark_Update_20260919/data/minutes/Minutes/2019/fomcminutes20190130.txt,00a770f064c0ec4c4669ac8f96f7520a6374c6cea94c839428512470d72e8d06,provenance/raw_minutes/2019/fomcminutes20190130.htm,e86d122721d2d4b730d18c21c975ef272002cd807212f157be78563a3ba494a6,not recorded in retained minutes manifest
2019-03-20,20190320,2019,ok,html,9593,https://www.federalreserve.gov/monetarypolicy/fomcminutes20190320.htm,https://www.federalreserve.gov/monetarypolicy/files/fomcminutes20190320.pdf,https://www.federalreserve.gov/monetarypolicy/fomchistorical2019.htm,,source/cvj/FOMC_CVJ_Benchmark_Update_20260919/data/minutes/Minutes/2019/fomcminutes20190320.txt,aab4a703f5045a4f6ec0fed3f55a776c4f15e2172e66301f6f9fc8d4b4071e65,provenance/raw_minutes/2019/fomcminutes20190320.htm,955634dfd965232a9496885f2b109d6d54ed010300a259c62277cdb8c39f5591,not recorded in retained minutes manifest
2019-05-01,20190501,2019,ok,html,9397,https://www.federalreserve.gov/monetarypolicy/fomcminutes20190501.htm,https://www.federalreserve.gov/monetarypolicy/files/fomcminutes20190501.pdf,https://www.federalreserve.gov/monetarypolicy/fomchistorical2019.htm,,source/cvj/FOMC_CVJ_Benchmark_Update_20260919/data/minutes/Minutes/2019/fomcminutes20190501.txt,3a535b66717b62b999fe34e628a298910e41574c6f8a2ce3d619730ef9e6f8f5,provenance/raw_minutes/2019/fomcminutes20190501.htm,31818e49e59b40f10dc7101a769c5a44eb3bc3c91e7393be821aa013201b029e,not recorded in retained minutes manifest
2019-06-19,20190619,2019,ok,html,8314,https://www.federalreserve.gov/monetarypolicy/fomcminutes20190619.htm,https://www.federalreserve.gov/monetarypolicy/files/fomcminutes20190619.pdf,https://www.federalreserve.gov/monetarypolicy/fomchistorical2019.htm,,source/cvj/FOMC_CVJ_Benchmark_Update_20260919/data/minutes/Minutes/2019/fomcminutes20190619.txt,0409232720d24cdddfd353d29607f7ebd1af62de9c835d22c902793bda8e656f,provenance/raw_minutes/2019/fomcminutes20190619.htm,784ce00519604b6295e751952df5c5e4d8e8c505af9e62de6253ae84689af2f2,not recorded in retained minutes manifest
2019-07-31,20190731,2019,ok,html,10727,https://www.federalreserve.gov/monetarypolicy/fomcminutes20190731.htm,https://www.federalreserve.gov/monetarypolicy/files/fomcminutes20190731.pdf,https://www.federalreserve.gov/monetarypolicy/fomchistorical2019.htm,,source/cvj/FOMC_CVJ_Benchmark_Update_20260919/data/minutes/Minutes/2019/fomcminutes20190731.txt,37d32e9165e15727c4c9a64b22835c4c43ae89a70353fd59915f3afc330c04a7,provenance/raw_minutes/2019/fomcminutes20190731.htm,211b94dc0238d38ad4a48ffa6b50c748ec441f67b61975770ee4512194cc605d,not recorded in retained minutes manifest
2019-09-18,20190918,2019,ok,html,10686,https://www.federalreserve.gov/monetarypolicy/fomcminutes20190918.htm,https://www.federalreserve.gov/monetarypolicy/files/fomcminutes20190918.pdf,https://www.federalreserve.gov/monetarypolicy/fomchistorical2019.htm,,source/cvj/FOMC_CVJ_Benchmark_Update_20260919/data/minutes/Minutes/2019/fomcminutes20190918.txt,365c7e5090790da4afc3c06c5a3d86d1e048391a4368d73b4681747a31fde42a,provenance/raw_minutes/2019/fomcminutes20190918.htm,e81432a8721d73a5fbff6e4642555ae90dec2f1ffbbca0c9b3c3d669cb53cb3a,not recorded in retained minutes manifest
2019-10-30,20191030,2019,ok,html,12577,https://www.federalreserve.gov/monetarypolicy/fomcminutes20191030.htm,https://www.federalreserve.gov/monetarypolicy/files/fomcminutes20191030.pdf,https://www.federalreserve.gov/monetarypolicy/fomchistorical2019.htm,,source/cvj/FOMC_CVJ_Benchmark_Update_20260919/data/minutes/Minutes/2019/fomcminutes20191030.txt,6ffdd7350fe7774815f9f1b66e7a8c0948cbb3a517f9a9f6a2e9c45fcd331200,provenance/raw_minutes/2019/fomcminutes20191030.htm,f9cdb4aeb2c54f330c6344b960dbe7b44797ca75b35544c9e09c264905fce000,not recorded in retained minutes manifest
2019-12-11,20191211,2019,ok,html,8473,https://www.federalreserve.gov/monetarypolicy/fomcminutes20191211.htm,https://www.federalreserve.gov/monetarypolicy/files/fomcminutes20191211.pdf,https://www.federalreserve.gov/monetarypolicy/fomchistorical2019.htm,,source/cvj/FOMC_CVJ_Benchmark_Update_20260919/data/minutes/Minutes/2019/fomcminutes20191211.txt,f38e976e71cd6f7be074ca8ffa67fdc7cf56e4ca68b15ebe1fa4620faa248f01,provenance/raw_minutes/2019/fomcminutes20191211.htm,a59b4b218ea599e9ad38da3e63a33492e182426ad1fd885cc3d68cb3f6316266,not recorded in retained minutes manifest
2020-01-29,20200129,2020,ok,html,13155,https://www.federalreserve.gov/monetarypolicy/fomcminutes20200129.htm,https://www.federalreserve.gov/monetarypolicy/files/fomcminutes20200129.pdf,https://www.federalreserve.gov/monetarypolicy/fomchistorical2020.htm,,source/cvj/FOMC_CVJ_Benchmark_Update_20260919/data/minutes/Minutes/2020/fomcminutes20200129.txt,a9135024dc0c6f3d5cee61aaf37837bf69eee1163a274aabebafece479a42707,provenance/raw_minutes/2020/fomcminutes20200129.htm,73f8c96b8b3dffebf74464fb380cb5cc96fbb848c3abb99128f701aaf3a68d1a,not recorded in retained minutes manifest
2020-03-15,20200315,2020,ok,html,9944,https://www.federalreserve.gov/monetarypolicy/fomcminutes20200315.htm,https://www.federalreserve.gov/monetarypolicy/files/fomcminutes20200315.pdf,https://www.federalreserve.gov/monetarypolicy/fomchistorical2020.htm,,source/cvj/FOMC_CVJ_Benchmark_Update_20260919/data/minutes/Minutes/2020/fomcminutes20200315.txt,5fb548f3cb937bd44ec350b3bfb875adfca91cb32b279cf2291667d0c41367e6,provenance/raw_minutes/2020/fomcminutes20200315.htm,e7ded1c768c1b363e8897a3357bd23acf0c6295b85f95d106baf5b5ecc3e6194,not recorded in retained minutes manifest
2020-04-29,20200429,2020,ok,html,9291,https://www.federalreserve.gov/monetarypolicy/fomcminutes20200429.htm,https://www.federalreserve.gov/monetarypolicy/files/fomcminutes20200429.pdf,https://www.federalreserve.gov/monetarypolicy/fomchistorical2020.htm,,source/cvj/FOMC_CVJ_Benchmark_Update_20260919/data/minutes/Minutes/2020/fomcminutes20200429.txt,f193645627e78ed5b7adee355d82d9ce020df3a2a93247b5e1df7de522266abe,provenance/raw_minutes/2020/fomcminutes20200429.htm,6e221d49ce02e085f7f7eb1b196ca578c1a2cf9566759cd9e2990b4d363cb9b8,not recorded in retained minutes manifest
2020-06-10,20200610,2020,ok,html,10019,https://www.federalreserve.gov/monetarypolicy/fomcminutes20200610.htm,https://www.federalreserve.gov/monetarypolicy/files/fomcminutes20200610.pdf,https://www.federalreserve.gov/monetarypolicy/fomchistorical2020.htm,,source/cvj/FOMC_CVJ_Benchmark_Update_20260919/data/minutes/Minutes/2020/fomcminutes20200610.txt,08c4d1f92d6aab0b500bd080f15fbe153b6ddbf83cf3ee4df3a6f2b067f5abce,provenance/raw_minutes/2020/fomcminutes20200610.htm,b55e9e8112f4a221216fea90e1ab894559b899cc648c7ff85f582e958e63865f,not recorded in retained minutes manifest
2020-07-29,20200729,2020,ok,html,8960,https://www.federalreserve.gov/monetarypolicy/fomcminutes20200729.htm,https://www.federalreserve.gov/monetarypolicy/files/fomcminutes20200729.pdf,https://www.federalreserve.gov/monetarypolicy/fomchistorical2020.htm,,source/cvj/FOMC_CVJ_Benchmark_Update_20260919/data/minutes/Minutes/2020/fomcminutes20200729.txt,11cee8c1f72d25fe069df97a08ccb147b777add7019e92898467055c32481aff,provenance/raw_minutes/2020/fomcminutes20200729.htm,0b7e3263df2d85465562e337b23a91dbcba551b0785f245965b3b00f62c597c0,not recorded in retained minutes manifest
2020-09-16,20200916,2020,ok,html,9952,https://www.federalreserve.gov/monetarypolicy/fomcminutes20200916.htm,https://www.federalreserve.gov/monetarypolicy/files/fomcminutes20200916.pdf,https://www.federalreserve.gov/monetarypolicy/fomchistorical2020.htm,,source/cvj/FOMC_CVJ_Benchmark_Update_20260919/data/minutes/Minutes/2020/fomcminutes20200916.txt,b154f4958d2fe20933c1c78dd9210b869cc2544c0162dfc533a907137f1391e9,provenance/raw_minutes/2020/fomcminutes20200916.htm,f3364a28e3192866f42f9a63e840f570cbfff18b8b129154bb6b7c0b081bb10b,not recorded in retained minutes manifest
2020-11-05,20201105,2020,ok,html,9389,https://www.federalreserve.gov/monetarypolicy/fomcminutes20201105.htm,https://www.federalreserve.gov/monetarypolicy/files/fomcminutes20201105.pdf,https://www.federalreserve.gov/monetarypolicy/fomchistorical2020.htm,,source/cvj/FOMC_CVJ_Benchmark_Update_20260919/data/minutes/Minutes/2020/fomcminutes20201105.txt,5e53f3d0ea4b40eda81575a2a34040d3922b703e8acd12eb0a8caa64631518c0,provenance/raw_minutes/2020/fomcminutes20201105.htm,e16554087e9475e13067e67b4462db0489f82ede4c684a363dd25a2c672d5757,not recorded in retained minutes manifest
2020-12-16,20201216,2020,ok,html,8191,https://www.federalreserve.gov/monetarypolicy/fomcminutes20201216.htm,https://www.federalreserve.gov/monetarypolicy/files/fomcminutes20201216.pdf,https://www.federalreserve.gov/monetarypolicy/fomchistorical2020.htm,,source/cvj/FOMC_CVJ_Benchmark_Update_20260919/data/minutes/Minutes/2020/fomcminutes20201216.txt,a53a2d2f6c65099856caa1e3fd8be1f844943b0e6457f7ef335bda34276ef0a5,provenance/raw_minutes/2020/fomcminutes20201216.htm,9d91db1468f45a26f732fa2dadde1c2b74758b0143afc1791d21793a5800d243,not recorded in retained minutes manifest
2021-01-27,20210127,2021,ok,html,12576,https://www.federalreserve.gov/monetarypolicy/fomcminutes20210127.htm,https://www.federalreserve.gov/monetarypolicy/files/fomcminutes20210127.pdf,https://www.federalreserve.gov/monetarypolicy/fomccalendars.htm,,source/cvj/FOMC_CVJ_Benchmark_Update_20260919/data/minutes/Minutes/2021/fomcminutes20210127.txt,2a71acb2ba62e81fe9e5e6f66de5c363a300502fbd52f74ef0ba830df77cb253,provenance/raw_minutes/2021/fomcminutes20210127.htm,9c2fc388ac521a8a8aebe84a952d60b3f9d9d77864098f0f75d5cb232a28c616,not recorded in retained minutes manifest
2021-03-17,20210317,2021,ok,html,8693,https://www.federalreserve.gov/monetarypolicy/fomcminutes20210317.htm,https://www.federalreserve.gov/monetarypolicy/files/fomcminutes20210317.pdf,https://www.federalreserve.gov/monetarypolicy/fomccalendars.htm,,source/cvj/FOMC_CVJ_Benchmark_Update_20260919/data/minutes/Minutes/2021/fomcminutes20210317.txt,397d9e760d024fca525137b43a7a208d452b594e6add89d0b39e2eaa9512cd44,provenance/raw_minutes/2021/fomcminutes20210317.htm,e41b6800789f133b018c374f64e54741034b29a3c04ea01935b3b13f44abc3a7,not recorded in retained minutes manifest
2021-04-28,20210428,2021,ok,html,8721,https://www.federalreserve.gov/monetarypolicy/fomcminutes20210428.htm,https://www.federalreserve.gov/monetarypolicy/files/fomcminutes20210428.pdf,https://www.federalreserve.gov/monetarypolicy/fomccalendars.htm,,source/cvj/FOMC_CVJ_Benchmark_Update_20260919/data/minutes/Minutes/2021/fomcminutes20210428.txt,166ee54b09357678978a09527976f98844a6d16f3fab5d92fd74c90b8d923484,provenance/raw_minutes/2021/fomcminutes20210428.htm,1f49fa9d3c3bf07dae98fb5bd7f1e5f3ed42152e540148f7af9b3b8641ea1486,not recorded in retained minutes manifest
2021-06-16,20210616,2021,ok,html,9512,https://www.federalreserve.gov/monetarypolicy/fomcminutes20210616.htm,https://www.federalreserve.gov/monetarypolicy/files/fomcminutes20210616.pdf,https://www.federalreserve.gov/monetarypolicy/fomccalendars.htm,,source/cvj/FOMC_CVJ_Benchmark_Update_20260919/data/minutes/Minutes/2021/fomcminutes20210616.txt,d46590f33e81ad04b92aed1283d63bc45511ca06e7e651befb2c651500a3b4e8,provenance/raw_minutes/2021/fomcminutes20210616.htm,1edd7647081526dc6c6260acc9e4ade585f96af2ae4e4851b622870e5a2a79fe,not recorded in retained minutes manifest
2021-07-28,20210728,2021,ok,html,10458,https://www.federalreserve.gov/monetarypolicy/fomcminutes20210728.htm,https://www.federalreserve.gov/monetarypolicy/files/fomcminutes20210728.pdf,https://www.federalreserve.gov/monetarypolicy/fomccalendars.htm,,source/cvj/FOMC_CVJ_Benchmark_Update_20260919/data/minutes/Minutes/2021/fomcminutes20210728.txt,5db278af53c303887d239e0991aa65291e6eac640a971fad2dcd81157024b322,provenance/raw_minutes/2021/fomcminutes20210728.htm,16ff7f97a55bd945e0e7e075537ac5d433c6375ae10aa9dc0e934de9ca051df3,not recorded in retained minutes manifest
2021-09-22,20210922,2021,ok,html,8784,https://www.federalreserve.gov/monetarypolicy/fomcminutes20210922.htm,https://www.federalreserve.gov/monetarypolicy/files/fomcminutes20210922.pdf,https://www.federalreserve.gov/monetarypolicy/fomccalendars.htm,,source/cvj/FOMC_CVJ_Benchmark_Update_20260919/data/minutes/Minutes/2021/fomcminutes20210922.txt,aea2a9f375a446d96786ea879a2b47228c8a4f3912807b2425860a86790e4e31,provenance/raw_minutes/2021/fomcminutes20210922.htm,1e5bed7216278ff12be92610976d4e3500cc239af72d9fb9a63694063ec9735c,not recorded in retained minutes manifest
2021-11-03,20211103,2021,ok,html,8284,https://www.federalreserve.gov/monetarypolicy/fomcminutes20211103.htm,https://www.federalreserve.gov/monetarypolicy/files/fomcminutes20211103.pdf,https://www.federalreserve.gov/monetarypolicy/fomccalendars.htm,,source/cvj/FOMC_CVJ_Benchmark_Update_20260919/data/minutes/Minutes/2021/fomcminutes20211103.txt,46658af731a7a67359cfd4032237dae9adab753342172a609f00de813220adec,provenance/raw_minutes/2021/fomcminutes20211103.htm,fb632542d792c981f930e495f76df6904b26d19a5809fa77887c4e8a61cd317b,not recorded in retained minutes manifest
2021-12-15,20211215,2021,ok,html,9369,https://www.federalreserve.gov/monetarypolicy/fomcminutes20211215.htm,https://www.federalreserve.gov/monetarypolicy/files/fomcminutes20211215.pdf,https://www.federalreserve.gov/monetarypolicy/fomccalendars.htm,,source/cvj/FOMC_CVJ_Benchmark_Update_20260919/data/minutes/Minutes/2021/fomcminutes20211215.txt,e55a74b4ef3a79f34c2bae0c88a7fa7bc0210e02d35de4e5955c2b08e3892e99,provenance/raw_minutes/2021/fomcminutes20211215.htm,725d66f6f5f3cd86a03d1d45ddda7fec9cc5d7bf6bdf7b953807c79a26d36985,not recorded in retained minutes manifest
2022-01-26,20220126,2022,ok,html,13496,https://www.federalreserve.gov/monetarypolicy/fomcminutes20220126.htm,https://www.federalreserve.gov/monetarypolicy/files/fomcminutes20220126.pdf,https://www.federalreserve.gov/monetarypolicy/fomccalendars.htm,,source/cvj/FOMC_CVJ_Benchmark_Update_20260919/data/minutes/Minutes/2022/fomcminutes20220126.txt,de30a800563bace94909129d68002a860f04e8c3977e342d60c21986eb5dee38,provenance/raw_minutes/2022/fomcminutes20220126.htm,81b885dcd544fe28551e607ca34e13bafd6a24e839d025f102b7881881d56d39,not recorded in retained minutes manifest
2022-03-16,20220316,2022,ok,html,8606,https://www.federalreserve.gov/monetarypolicy/fomcminutes20220316.htm,https://www.federalreserve.gov/monetarypolicy/files/fomcminutes20220316.pdf,https://www.federalreserve.gov/monetarypolicy/fomccalendars.htm,,source/cvj/FOMC_CVJ_Benchmark_Update_20260919/data/minutes/Minutes/2022/fomcminutes20220316.txt,c4b43eb727c312da522e3998b2a9eaa38c36061220606e2d8e63b823b0920916,provenance/raw_minutes/2022/fomcminutes20220316.htm,f8e6b877c96719cc13bce7fb4028acbc2963eb4df3ad7aa4b61d6909b606b04c,not recorded in retained minutes manifest
2022-05-04,20220504,2022,ok,html,7806,https://www.federalreserve.gov/monetarypolicy/fomcminutes20220504.htm,https://www.federalreserve.gov/monetarypolicy/files/fomcminutes20220504.pdf,https://www.federalreserve.gov/monetarypolicy/fomccalendars.htm,,source/cvj/FOMC_CVJ_Benchmark_Update_20260919/data/minutes/Minutes/2022/fomcminutes20220504.txt,e083979760e77208fa64938a5d1dbc4d0312dcee9eb97b9c8897c8d9f748066c,provenance/raw_minutes/2022/fomcminutes20220504.htm,4aad6c94083a4ed8d45163683f587256efe0cab8508bd13742ee00ed5daf598f,not recorded in retained minutes manifest
2022-06-15,20220615,2022,ok,html,7988,https://www.federalreserve.gov/monetarypolicy/fomcminutes20220615.htm,https://www.federalreserve.gov/monetarypolicy/files/fomcminutes20220615.pdf,https://www.federalreserve.gov/monetarypolicy/fomccalendars.htm,,source/cvj/FOMC_CVJ_Benchmark_Update_20260919/data/minutes/Minutes/2022/fomcminutes20220615.txt,0616e53f96fe20cf6d98061b31a59d2097f35d31362ff378a01f221dcbe4f966,provenance/raw_minutes/2022/fomcminutes20220615.htm,5ff55e78fbcc0d985a0c1ef66a1cc98a8e52ead039477bfa23d1d4de0c73bf84,not recorded in retained minutes manifest
2022-07-27,20220727,2022,ok,html,8533,https://www.federalreserve.gov/monetarypolicy/fomcminutes20220727.htm,https://www.federalreserve.gov/monetarypolicy/files/fomcminutes20220727.pdf,https://www.federalreserve.gov/monetarypolicy/fomccalendars.htm,,source/cvj/FOMC_CVJ_Benchmark_Update_20260919/data/minutes/Minutes/2022/fomcminutes20220727.txt,e06f4e387c19b4182f67d5ec310e9a16df3435e32bf4be08b9bd79a902469c21,provenance/raw_minutes/2022/fomcminutes20220727.htm,6d872f137bcae8e0657f70cd174c8d46450ecd645eeed30bf477276a8ce37104,not recorded in retained minutes manifest
2022-09-21,20220921,2022,ok,html,7791,https://www.federalreserve.gov/monetarypolicy/fomcminutes20220921.htm,https://www.federalreserve.gov/monetarypolicy/files/fomcminutes20220921.pdf,https://www.federalreserve.gov/monetarypolicy/fomccalendars.htm,,source/cvj/FOMC_CVJ_Benchmark_Update_20260919/data/minutes/Minutes/2022/fomcminutes20220921.txt,7a31070ac7db6cbd98fde51f6caacff9d5040df3363e7d7e37040c5c47d4effc,provenance/raw_minutes/2022/fomcminutes20220921.htm,10fada8c8a4df3d0dc5a33c405568ce363fd9db665a236a114c88d387567e4f1,not recorded in retained minutes manifest
2022-11-02,20221102,2022,ok,html,8011,https://www.federalreserve.gov/monetarypolicy/fomcminutes20221102.htm,https://www.federalreserve.gov/monetarypolicy/files/fomcminutes20221102.pdf,https://www.federalreserve.gov/monetarypolicy/fomccalendars.htm,,source/cvj/FOMC_CVJ_Benchmark_Update_20260919/data/minutes/Minutes/2022/fomcminutes20221102.txt,5dfe98868d1ef8719ccbbe4d7b173aaa3d87b6da383a4dfe439ab6fca544fde5,provenance/raw_minutes/2022/fomcminutes20221102.htm,30d4595f873e3bdaa0bd523b0ed865386bc0c80dc200f6de842e22e22acd0b28,not recorded in retained minutes manifest
2022-12-14,20221214,2022,ok,html,7718,https://www.federalreserve.gov/monetarypolicy/fomcminutes20221214.htm,https://www.federalreserve.gov/monetarypolicy/files/fomcminutes20221214.pdf,https://www.federalreserve.gov/monetarypolicy/fomccalendars.htm,,source/cvj/FOMC_CVJ_Benchmark_Update_20260919/data/minutes/Minutes/2022/fomcminutes20221214.txt,15771685c2fce6eab544a23172a9c34df968bf5abaf6da472df0dc3a0c661620,provenance/raw_minutes/2022/fomcminutes20221214.htm,35316774b4b5f640a8c94f8b23ad3fba16fe6d82e6e08aa9a6d93ae0d2ef5463,not recorded in retained minutes manifest
2023-02-01,20230201,2023,ok,html,8697,https://www.federalreserve.gov/monetarypolicy/fomcminutes20230201.htm,https://www.federalreserve.gov/monetarypolicy/files/fomcminutes20230201.pdf,https://www.federalreserve.gov/monetarypolicy/fomccalendars.htm,,source/cvj/FOMC_CVJ_Benchmark_Update_20260919/data/minutes/Minutes/2023/fomcminutes20230201.txt,788850a49bb07880f44de499a19aa87704301b82bae91d28d11173301ee8f78b,provenance/raw_minutes/2023/fomcminutes20230201.htm,0725f7451a3f13a8efbef997e1e2b1708838bfcecec01a6e0262b8bf91e42c63,not recorded in retained minutes manifest
2023-03-22,20230322,2023,ok,html,7479,https://www.federalreserve.gov/monetarypolicy/fomcminutes20230322.htm,https://www.federalreserve.gov/monetarypolicy/files/fomcminutes20230322.pdf,https://www.federalreserve.gov/monetarypolicy/fomccalendars.htm,,source/cvj/FOMC_CVJ_Benchmark_Update_20260919/data/minutes/Minutes/2023/fomcminutes20230322.txt,ec71b17b1aefdf5a67d416989e2c4d2144d86627f3edcb06eec6f625e0052801,provenance/raw_minutes/2023/fomcminutes20230322.htm,5e336a252ad5aa12cfdc86742c605ea2e39b656df08a343e339f9050dc98146b,not recorded in retained minutes manifest
2023-05-03,20230503,2023,ok,html,8213,https://www.federalreserve.gov/monetarypolicy/fomcminutes20230503.htm,https://www.federalreserve.gov/monetarypolicy/files/fomcminutes20230503.pdf,https://www.federalreserve.gov/monetarypolicy/fomccalendars.htm,,source/cvj/FOMC_CVJ_Benchmark_Update_20260919/data/minutes/Minutes/2023/fomcminutes20230503.txt,22dad8ea785d5300aaf074ec9e8b46ffabc1c3fef9bede883a070fe4e82075d1,provenance/raw_minutes/2023/fomcminutes20230503.htm,d591fab6ca55147c72655e803092876349c92a84517021d4bf73ea8a80c79ae3,not recorded in retained minutes manifest
2023-06-14,20230614,2023,ok,html,7081,https://www.federalreserve.gov/monetarypolicy/fomcminutes20230614.htm,https://www.federalreserve.gov/monetarypolicy/files/fomcminutes20230614.pdf,https://www.federalreserve.gov/monetarypolicy/fomccalendars.htm,,source/cvj/FOMC_CVJ_Benchmark_Update_20260919/data/minutes/Minutes/2023/fomcminutes20230614.txt,3ab9865c3ef8d1f9827104318b68c574f15774535c32626c6a1d094e438669de,provenance/raw_minutes/2023/fomcminutes20230614.htm,b350fbbba9939430753f3c8d29ab6337d1a60268492bb08e20185ee4a3bee392,not recorded in retained minutes manifest
2023-07-26,20230726,2023,ok,html,6925,https://www.federalreserve.gov/monetarypolicy/fomcminutes20230726.htm,https://www.federalreserve.gov/monetarypolicy/files/fomcminutes20230726.pdf,https://www.federalreserve.gov/monetarypolicy/fomccalendars.htm,,source/cvj/FOMC_CVJ_Benchmark_Update_20260919/data/minutes/Minutes/2023/fomcminutes20230726.txt,60e213476a5da3a97af18ca045c7cf36d377f2bca8265960c6e91f637f976612,provenance/raw_minutes/2023/fomcminutes20230726.htm,1f11f0fc2452a600f39e702e6aad3d5eaee83f72c9086d2e51983a537479cfa5,not recorded in retained minutes manifest
2023-09-20,20230920,2023,ok,html,6625,https://www.federalreserve.gov/monetarypolicy/fomcminutes20230920.htm,https://www.federalreserve.gov/monetarypolicy/files/fomcminutes20230920.pdf,https://www.federalreserve.gov/monetarypolicy/fomccalendars.htm,,source/cvj/FOMC_CVJ_Benchmark_Update_20260919/data/minutes/Minutes/2023/fomcminutes20230920.txt,e210aa4c843e8a4f67b8ffb0b2ce3f1075f800c37a66b303b00265d8c6751a9c,provenance/raw_minutes/2023/fomcminutes20230920.htm,133d261d40abe7ed89e36bf83415815c5a7788e66bfab2ed6de3664a704f9445,not recorded in retained minutes manifest
2023-11-01,20231101,2023,ok,html,6908,https://www.federalreserve.gov/monetarypolicy/fomcminutes20231101.htm,https://www.federalreserve.gov/monetarypolicy/files/fomcminutes20231101.pdf,https://www.federalreserve.gov/monetarypolicy/fomccalendars.htm,,source/cvj/FOMC_CVJ_Benchmark_Update_20260919/data/minutes/Minutes/2023/fomcminutes20231101.txt,ac5661803b4b9046009e8944da9eeddc910cb1b38b25a827a8a61ee5cf52efc2,provenance/raw_minutes/2023/fomcminutes20231101.htm,98683d12eec88ce4ed34b2f2c549952ab64a590034e01b807ce434d469a2fbcd,not recorded in retained minutes manifest
2023-12-13,20231213,2023,ok,html,6878,https://www.federalreserve.gov/monetarypolicy/fomcminutes20231213.htm,https://www.federalreserve.gov/monetarypolicy/files/fomcminutes20231213.pdf,https://www.federalreserve.gov/monetarypolicy/fomccalendars.htm,,source/cvj/FOMC_CVJ_Benchmark_Update_20260919/data/minutes/Minutes/2023/fomcminutes20231213.txt,c42d34efa1e213f6196170d6b168616befab446d2b306e02750b7e928fc8feb0,provenance/raw_minutes/2023/fomcminutes20231213.htm,ff7a9805148e333177478c7aafca44a0d466536de68b080bface0270eb0a5546,not recorded in retained minutes manifest
2024-01-31,20240131,2024,ok,html,7553,https://www.federalreserve.gov/monetarypolicy/fomcminutes20240131.htm,https://www.federalreserve.gov/monetarypolicy/files/fomcminutes20240131.pdf,https://www.federalreserve.gov/monetarypolicy/fomccalendars.htm,,source/cvj/FOMC_CVJ_Benchmark_Update_20260919/data/minutes/Minutes/2024/fomcminutes20240131.txt,75a6ac64dd2250d3a3e3799483d0fc11cf010311f6e90a0f5abc01da1f683c58,provenance/raw_minutes/2024/fomcminutes20240131.htm,5dc2e04b51733238e7e4b4d2a29cb58f84ab936bc20a3cd10fae1bd900802b98,not recorded in retained minutes manifest
2024-03-20,20240320,2024,ok,html,7306,https://www.federalreserve.gov/monetarypolicy/fomcminutes20240320.htm,https://www.federalreserve.gov/monetarypolicy/files/fomcminutes20240320.pdf,https://www.federalreserve.gov/monetarypolicy/fomccalendars.htm,,source/cvj/FOMC_CVJ_Benchmark_Update_20260919/data/minutes/Minutes/2024/fomcminutes20240320.txt,fd8c3aedd0a944e48dbd40ce3b3233df9963d7f0d75a730161472e8c1111de45,provenance/raw_minutes/2024/fomcminutes20240320.htm,2fe5d18761462d22b90de0ea8d613450dadd6f5cd2d25aceea5729d5b2006a92,not recorded in retained minutes manifest
2024-05-01,20240501,2024,ok,html,7165,https://www.federalreserve.gov/monetarypolicy/fomcminutes20240501.htm,https://www.federalreserve.gov/monetarypolicy/files/fomcminutes20240501.pdf,https://www.federalreserve.gov/monetarypolicy/fomccalendars.htm,,source/cvj/FOMC_CVJ_Benchmark_Update_20260919/data/minutes/Minutes/2024/fomcminutes20240501.txt,1d8220cea18e962b552487d76f441f2fe3d3604ace0aeb1200e8fed66ecf8113,provenance/raw_minutes/2024/fomcminutes20240501.htm,6d3811f6bc67969168444a340fffdb8c59831254c31e94cad87dc5a198f21300,not recorded in retained minutes manifest
2024-06-12,20240612,2024,ok,html,6568,https://www.federalreserve.gov/monetarypolicy/fomcminutes20240612.htm,https://www.federalreserve.gov/monetarypolicy/files/fomcminutes20240612.pdf,https://www.federalreserve.gov/monetarypolicy/fomccalendars.htm,,source/cvj/FOMC_CVJ_Benchmark_Update_20260919/data/minutes/Minutes/2024/fomcminutes20240612.txt,bd3276d8f8fef501920847b0395c00670df84632661d435348ef0c18db910abd,provenance/raw_minutes/2024/fomcminutes20240612.htm,1a700bddfe01655acfbaedfe4ccdc347a3af6d9deb21866d7434fe57b0a38a8c,not recorded in retained minutes manifest
2024-07-31,20240731,2024,ok,html,6738,https://www.federalreserve.gov/monetarypolicy/fomcminutes20240731.htm,https://www.federalreserve.gov/monetarypolicy/files/fomcminutes20240731.pdf,https://www.federalreserve.gov/monetarypolicy/fomccalendars.htm,,source/cvj/FOMC_CVJ_Benchmark_Update_20260919/data/minutes/Minutes/2024/fomcminutes20240731.txt,f48eedc512a2e147c43a68dc3ba9ffc3c0395a9e8658d1e8f02c0a12e1d590cd,provenance/raw_minutes/2024/fomcminutes20240731.htm,20c0c548a781c65436124d1ff8a8d19418b6e8f1595aac751476a6f7f340ebe9,not recorded in retained minutes manifest
2024-09-18,20240918,2024,ok,html,6724,https://www.federalreserve.gov/monetarypolicy/fomcminutes20240918.htm,https://www.federalreserve.gov/monetarypolicy/files/fomcminutes20240918.pdf,https://www.federalreserve.gov/monetarypolicy/fomccalendars.htm,,source/cvj/FOMC_CVJ_Benchmark_Update_20260919/data/minutes/Minutes/2024/fomcminutes20240918.txt,85a84d770d303178947cb251d839f68578984b624d8713cf31f3a2c1e087b5f3,provenance/raw_minutes/2024/fomcminutes20240918.htm,70bf33d21093ceeb0653206589cebe7a9f82844d512d38a2ce0ab33c254d4245,not recorded in retained minutes manifest
2024-11-07,20241107,2024,ok,html,7302,https://www.federalreserve.gov/monetarypolicy/fomcminutes20241107.htm,https://www.federalreserve.gov/monetarypolicy/files/fomcminutes20241107.pdf,https://www.federalreserve.gov/monetarypolicy/fomccalendars.htm,,source/cvj/FOMC_CVJ_Benchmark_Update_20260919/data/minutes/Minutes/2024/fomcminutes20241107.txt,ca43fa8706a930653095b0953cea74e354aa923a0733cb776c84f97406bfd280,provenance/raw_minutes/2024/fomcminutes20241107.htm,51fe54024d25bb5aabecade5ca3258afa30a96df08ea50d49e87da5826b4c70e,not recorded in retained minutes manifest
2024-12-18,20241218,2024,ok,html,6879,https://www.federalreserve.gov/monetarypolicy/fomcminutes20241218.htm,https://www.federalreserve.gov/monetarypolicy/files/fomcminutes20241218.pdf,https://www.federalreserve.gov/monetarypolicy/fomccalendars.htm,,source/cvj/FOMC_CVJ_Benchmark_Update_20260919/data/minutes/Minutes/2024/fomcminutes20241218.txt,1a0d22f6ab21ad6cb7cd306132c06ccd1b8b0f7155950deb1176e52685529176,provenance/raw_minutes/2024/fomcminutes20241218.htm,9c26ba8b34609e276944b2ef42e94b60be575539b4b3cb8b082adebd11d8d56f,not recorded in retained minutes manifest
