model,fold,date,y,prediction,train_n,train_last,alpha,edf
gemini_vector,0,2012-09-13,4.889386111246848,3.248127685598525,100,2012-08-01,1.0,24.16428700313935
gemini_vector,0,2012-10-24,-2.214573547712846,0.5043085392697229,100,2012-08-01,1.0,24.16428700313935
gemini_vector,0,2012-12-12,0.3816906455956319,0.38532302286370235,100,2012-08-01,1.0,24.16428700313935
gemini_vector,0,2013-01-30,5.52312983048044,5.461528139827636,100,2012-08-01,1.0,24.16428700313935
gemini_vector,0,2013-03-20,3.5282324697286342,2.509556797336022,100,2012-08-01,1.0,24.16428700313935
gemini_vector,0,2013-05-01,3.03919592179801,1.5020600980124235,100,2012-08-01,1.0,24.16428700313935
gemini_vector,0,2013-06-19,2.555798472708714,1.2841938482075788,100,2012-08-01,1.0,24.16428700313935
gemini_vector,0,2013-07-31,5.932327679094761,1.6142850306959924,100,2012-08-01,1.0,24.16428700313935
gemini_vector,0,2013-09-18,-0.5490488995725852,0.773341410927765,100,2012-08-01,1.0,24.16428700313935
gemini_vector,0,2013-10-30,2.278539508167516,1.0685735970676997,100,2012-08-01,1.0,24.16428700313935
gemini_vector,0,2013-12-18,1.6851950420826414,1.8896417606886613,100,2012-08-01,1.0,24.16428700313935
gemini_vector,0,2014-01-29,-1.5674398932992968,3.168291297490704,100,2012-08-01,1.0,24.16428700313935
gemini_vector,0,2014-03-19,3.533096814907931,2.2708009219823904,100,2012-08-01,1.0,24.16428700313935
gemini_vector,0,2014-04-30,-0.141881172800043,1.5322408004919998,100,2012-08-01,1.0,24.16428700313935
gemini_vector,0,2014-06-18,2.8271363650504746,3.9884417705255544,100,2012-08-01,1.0,24.16428700313935
gemini_vector,0,2014-07-30,0.9838844644308352,1.6591970056259628,100,2012-08-01,1.0,24.16428700313935
gemini_vector,0,2014-09-17,2.727560945652685,2.288879761348144,100,2012-08-01,1.0,24.16428700313935
gemini_vector,0,2014-10-29,-2.505251234306585,-0.3325682692906534,100,2012-08-01,1.0,24.16428700313935
gemini_vector,0,2014-12-17,-0.2548556929012915,-1.2047177935796758,100,2012-08-01,1.0,24.16428700313935
gemini_vector,0,2015-01-28,-0.2041768626186403,2.2834951250520437,100,2012-08-01,1.0,24.16428700313935
historical_counts,0,2012-09-13,4.889386111246848,1.5221752458708948,100,2012-08-01,0.0001,4.99992469947297
historical_counts,0,2012-10-24,-2.214573547712846,0.04067959382807684,100,2012-08-01,0.0001,4.99992469947297
historical_counts,0,2012-12-12,0.3816906455956319,-4.123983655939888,100,2012-08-01,0.0001,4.99992469947297
historical_counts,0,2013-01-30,5.52312983048044,1.4043952268479876,100,2012-08-01,0.0001,4.99992469947297
historical_counts,0,2013-03-20,3.5282324697286342,4.673302841868393,100,2012-08-01,0.0001,4.99992469947297
historical_counts,0,2013-05-01,3.03919592179801,-0.16668562565743378,100,2012-08-01,0.0001,4.99992469947297
historical_counts,0,2013-06-19,2.555798472708714,4.601273459962235,100,2012-08-01,0.0001,4.99992469947297
historical_counts,0,2013-07-31,5.932327679094761,3.731901286766523,100,2012-08-01,0.0001,4.99992469947297
historical_counts,0,2013-09-18,-0.5490488995725852,1.1110009031039838,100,2012-08-01,0.0001,4.99992469947297
historical_counts,0,2013-10-30,2.278539508167516,4.7294783614661595,100,2012-08-01,0.0001,4.99992469947297
historical_counts,0,2013-12-18,1.6851950420826414,0.7215910872662503,100,2012-08-01,0.0001,4.99992469947297
historical_counts,0,2014-01-29,-1.5674398932992968,5.706834856293888,100,2012-08-01,0.0001,4.99992469947297
historical_counts,0,2014-03-19,3.533096814907931,4.260002685124928,100,2012-08-01,0.0001,4.99992469947297
historical_counts,0,2014-04-30,-0.141881172800043,6.477050351444192,100,2012-08-01,0.0001,4.99992469947297
historical_counts,0,2014-06-18,2.8271363650504746,2.7955908266882616,100,2012-08-01,0.0001,4.99992469947297
historical_counts,0,2014-07-30,0.9838844644308352,1.8575450164717198,100,2012-08-01,0.0001,4.99992469947297
historical_counts,0,2014-09-17,2.727560945652685,2.06368996513324,100,2012-08-01,0.0001,4.99992469947297
historical_counts,0,2014-10-29,-2.505251234306585,-0.2180751180754092,100,2012-08-01,0.0001,4.99992469947297
historical_counts,0,2014-12-17,-0.2548556929012915,1.7750386141357406,100,2012-08-01,0.0001,4.99992469947297
historical_counts,0,2015-01-28,-0.2041768626186403,-2.634747068344338,100,2012-08-01,0.0001,4.99992469947297
attention_counts,0,2012-09-13,4.889386111246848,-0.5455988394504293,100,2012-08-01,10000.0,1.0099501088586913
attention_counts,0,2012-10-24,-2.214573547712846,-0.5423316088222426,100,2012-08-01,10000.0,1.0099501088586913
attention_counts,0,2012-12-12,0.3816906455956319,-0.5423635118334215,100,2012-08-01,10000.0,1.0099501088586913
attention_counts,0,2013-01-30,5.52312983048044,-0.537898673710585,100,2012-08-01,10000.0,1.0099501088586913
attention_counts,0,2013-03-20,3.5282324697286342,-0.543953260507144,100,2012-08-01,10000.0,1.0099501088586913
attention_counts,0,2013-05-01,3.03919592179801,-0.5455164233382175,100,2012-08-01,10000.0,1.0099501088586913
attention_counts,0,2013-06-19,2.555798472708714,-0.5520349330890015,100,2012-08-01,10000.0,1.0099501088586913
attention_counts,0,2013-07-31,5.932327679094761,-0.5455337041359393,100,2012-08-01,10000.0,1.0099501088586913
attention_counts,0,2013-09-18,-0.5490488995725852,-0.5407086278452088,100,2012-08-01,10000.0,1.0099501088586913
attention_counts,0,2013-10-30,2.278539508167516,-0.5407139450137386,100,2012-08-01,10000.0,1.0099501088586913
attention_counts,0,2013-12-18,1.6851950420826414,-0.5471885881241518,100,2012-08-01,10000.0,1.0099501088586913
attention_counts,0,2014-01-29,-1.5674398932992968,-0.5427742631023486,100,2012-08-01,10000.0,1.0099501088586913
attention_counts,0,2014-03-19,3.533096814907931,-0.543965224136336,100,2012-08-01,10000.0,1.0099501088586913
attention_counts,0,2014-04-30,-0.141881172800043,-0.5439319918330248,100,2012-08-01,10000.0,1.0099501088586913
attention_counts,0,2014-06-18,2.8271363650504746,-0.5407724338675665,100,2012-08-01,10000.0,1.0099501088586913
attention_counts,0,2014-07-30,0.9838844644308352,-0.5423674997098188,100,2012-08-01,10000.0,1.0099501088586913
attention_counts,0,2014-09-17,2.727560945652685,-0.5391773680253141,100,2012-08-01,10000.0,1.0099501088586913
attention_counts,0,2014-10-29,-2.505251234306585,-0.5424126956423221,100,2012-08-01,10000.0,1.0099501088586913
attention_counts,0,2014-12-17,-0.2548556929012915,-0.5391281842164135,100,2012-08-01,10000.0,1.0099501088586913
attention_counts,0,2015-01-28,-0.2041768626186403,-0.5413573224058446,100,2012-08-01,10000.0,1.0099501088586913
tfidf_bigram_only,0,2012-09-13,4.889386111246848,-0.32804987556734855,100,2012-08-01,0.0001,99.97760969450356
tfidf_bigram_only,0,2012-10-24,-2.214573547712846,0.7249520283097286,100,2012-08-01,0.0001,99.97760969450356
tfidf_bigram_only,0,2012-12-12,0.3816906455956319,0.9105324242388508,100,2012-08-01,0.0001,99.97760969450356
tfidf_bigram_only,0,2013-01-30,5.52312983048044,1.1522785523483992,100,2012-08-01,0.0001,99.97760969450356
tfidf_bigram_only,0,2013-03-20,3.5282324697286342,1.2574825592499161,100,2012-08-01,0.0001,99.97760969450356
tfidf_bigram_only,0,2013-05-01,3.03919592179801,2.1788424450995416,100,2012-08-01,0.0001,99.97760969450356
tfidf_bigram_only,0,2013-06-19,2.555798472708714,0.6217931093264211,100,2012-08-01,0.0001,99.97760969450356
tfidf_bigram_only,0,2013-07-31,5.932327679094761,0.08058806439416721,100,2012-08-01,0.0001,99.97760969450356
tfidf_bigram_only,0,2013-09-18,-0.5490488995725852,-0.49859393398962165,100,2012-08-01,0.0001,99.97760969450356
tfidf_bigram_only,0,2013-10-30,2.278539508167516,-0.6984294527937835,100,2012-08-01,0.0001,99.97760969450356
tfidf_bigram_only,0,2013-12-18,1.6851950420826414,0.2830418099091948,100,2012-08-01,0.0001,99.97760969450356
tfidf_bigram_only,0,2014-01-29,-1.5674398932992968,0.6996755488616009,100,2012-08-01,0.0001,99.97760969450356
tfidf_bigram_only,0,2014-03-19,3.533096814907931,-0.24999948608883282,100,2012-08-01,0.0001,99.97760969450356
tfidf_bigram_only,0,2014-04-30,-0.141881172800043,0.8089092242467606,100,2012-08-01,0.0001,99.97760969450356
tfidf_bigram_only,0,2014-06-18,2.8271363650504746,0.009697385204867293,100,2012-08-01,0.0001,99.97760969450356
tfidf_bigram_only,0,2014-07-30,0.9838844644308352,0.9523342761993276,100,2012-08-01,0.0001,99.97760969450356
tfidf_bigram_only,0,2014-09-17,2.727560945652685,1.2193866469731869,100,2012-08-01,0.0001,99.97760969450356
tfidf_bigram_only,0,2014-10-29,-2.505251234306585,1.2409579910312558,100,2012-08-01,0.0001,99.97760969450356
tfidf_bigram_only,0,2014-12-17,-0.2548556929012915,0.1261273005897119,100,2012-08-01,0.0001,99.97760969450356
tfidf_bigram_only,0,2015-01-28,-0.2041768626186403,0.9439701239149623,100,2012-08-01,0.0001,99.97760969450356
length_only,0,2012-09-13,4.889386111246848,-0.5397759036903782,100,2012-08-01,10000.0,1.00990099009901
length_only,0,2012-10-24,-2.214573547712846,-0.539680178183189,100,2012-08-01,10000.0,1.00990099009901
length_only,0,2012-12-12,0.3816906455956319,-0.5397439951879818,100,2012-08-01,10000.0,1.00990099009901
length_only,0,2013-01-30,5.52312983048044,-0.5404725726593664,100,2012-08-01,10000.0,1.00990099009901
length_only,0,2013-03-20,3.5282324697286342,-0.5397041095599864,100,2012-08-01,10000.0,1.00990099009901
length_only,0,2013-05-01,3.03919592179801,-0.5396110430946635,100,2012-08-01,10000.0,1.00990099009901
length_only,0,2013-06-19,2.555798472708714,-0.5397705856066455,100,2012-08-01,10000.0,1.00990099009901
length_only,0,2013-07-31,5.932327679094761,-0.5396456106389262,100,2012-08-01,10000.0,1.00990099009901
length_only,0,2013-09-18,-0.5490488995725852,-0.5396535877645253,100,2012-08-01,10000.0,1.00990099009901
length_only,0,2013-10-30,2.278539508167516,-0.5396642239319909,100,2012-08-01,10000.0,1.00990099009901
length_only,0,2013-12-18,1.6851950420826414,-0.5397360180623827,100,2012-08-01,10000.0,1.00990099009901
length_only,0,2014-01-29,-1.5674398932992968,-0.5405656391246892,100,2012-08-01,10000.0,1.00990099009901
length_only,0,2014-03-19,3.533096814907931,-0.5397280409367836,100,2012-08-01,10000.0,1.00990099009901
length_only,0,2014-04-30,-0.141881172800043,-0.5396615648901244,100,2012-08-01,10000.0,1.00990099009901
length_only,0,2014-06-18,2.8271363650504746,-0.5397812217741109,100,2012-08-01,10000.0,1.00990099009901
length_only,0,2014-07-30,0.9838844644308352,-0.539751972313581,100,2012-08-01,10000.0,1.00990099009901
length_only,0,2014-09-17,2.727560945652685,-0.539810471234641,100,2012-08-01,10000.0,1.00990099009901
length_only,0,2014-10-29,-2.505251234306585,-0.5398423797370374,100,2012-08-01,10000.0,1.00990099009901
length_only,0,2014-12-17,-0.2548556929012915,-0.5397120866855855,100,2012-08-01,10000.0,1.00990099009901
length_only,0,2015-01-28,-0.2041768626186403,-0.5409512001953124,100,2012-08-01,10000.0,1.00990099009901
uploaded_as_received_split,0,2012-09-13,4.889386111246848,5.215944030536512,100,2012-08-01,0.0001,3.9999892460904567
uploaded_as_received_split,0,2012-10-24,-2.214573547712846,1.3718036850167339,100,2012-08-01,0.0001,3.9999892460904567
uploaded_as_received_split,0,2012-12-12,0.3816906455956319,2.938925304856749,100,2012-08-01,0.0001,3.9999892460904567
uploaded_as_received_split,0,2013-01-30,5.52312983048044,3.32109065622424,100,2012-08-01,0.0001,3.9999892460904567
uploaded_as_received_split,0,2013-03-20,3.5282324697286342,4.253159292645086,100,2012-08-01,0.0001,3.9999892460904567
uploaded_as_received_split,0,2013-05-01,3.03919592179801,3.8942254232482467,100,2012-08-01,0.0001,3.9999892460904567
uploaded_as_received_split,0,2013-06-19,2.555798472708714,-0.2961152186081442,100,2012-08-01,0.0001,3.9999892460904567
uploaded_as_received_split,0,2013-07-31,5.932327679094761,7.131501612362043,100,2012-08-01,0.0001,3.9999892460904567
uploaded_as_received_split,0,2013-09-18,-0.5490488995725852,1.3708316566420555,100,2012-08-01,0.0001,3.9999892460904567
uploaded_as_received_split,0,2013-10-30,2.278539508167516,4.2517012501077565,100,2012-08-01,0.0001,3.9999892460904567
uploaded_as_received_split,0,2013-12-18,1.6851950420826414,1.9784734358896043,100,2012-08-01,0.0001,3.9999892460904567
uploaded_as_received_split,0,2014-01-29,-1.5674398932992968,3.3244927560064834,100,2012-08-01,0.0001,3.9999892460904567
uploaded_as_received_split,0,2014-03-19,3.533096814907931,1.018021566468778,100,2012-08-01,0.0001,3.9999892460904567
uploaded_as_received_split,0,2014-04-30,-0.141881172800043,1.015591495103831,100,2012-08-01,0.0001,3.9999892460904567
uploaded_as_received_split,0,2014-06-18,2.8271363650504746,4.255978175639041,100,2012-08-01,0.0001,3.9999892460904567
uploaded_as_received_split,0,2014-07-30,0.9838844644308352,1.0188963921004022,100,2012-08-01,0.0001,3.9999892460904567
uploaded_as_received_split,0,2014-09-17,2.727560945652685,5.217207667640714,100,2012-08-01,0.0001,3.9999892460904567
uploaded_as_received_split,0,2014-10-29,-2.505251234306585,-7.476579385603818,100,2012-08-01,0.0001,3.9999892460904567
uploaded_as_received_split,0,2014-12-17,-0.2548556929012915,-0.9028821721777183,100,2012-08-01,0.0001,3.9999892460904567
uploaded_as_received_split,0,2015-01-28,-0.2041768626186403,2.3784269089846966,100,2012-08-01,0.0001,3.9999892460904567
uploaded_as_received_joint,0,2012-09-13,4.889386111246848,5.215947747657475,100,2012-08-01,0.0001,3.9999904336040464
uploaded_as_received_joint,0,2012-10-24,-2.214573547712846,1.3718056651143764,100,2012-08-01,0.0001,3.9999904336040464
uploaded_as_received_joint,0,2012-12-12,0.3816906455956319,2.938927358059642,100,2012-08-01,0.0001,3.9999904336040464
uploaded_as_received_joint,0,2013-01-30,5.52312983048044,3.321093549104793,100,2012-08-01,0.0001,3.9999904336040464
uploaded_as_received_joint,0,2013-03-20,3.5282324697286342,4.253162572797741,100,2012-08-01,0.0001,3.9999904336040464
uploaded_as_received_joint,0,2013-05-01,3.03919592179801,3.894227901019435,100,2012-08-01,0.0001,3.9999904336040464
uploaded_as_received_joint,0,2013-06-19,2.555798472708714,-0.29611525865746324,100,2012-08-01,0.0001,3.9999904336040464
uploaded_as_received_joint,0,2013-07-31,5.932327679094761,7.131506187542616,100,2012-08-01,0.0001,3.9999904336040464
uploaded_as_received_joint,0,2013-09-18,-0.5490488995725852,1.3708336349508434,100,2012-08-01,0.0001,3.9999904336040464
uploaded_as_received_joint,0,2013-10-30,2.278539508167516,4.251704527351253,100,2012-08-01,0.0001,3.9999904336040464
uploaded_as_received_joint,0,2013-12-18,1.6851950420826414,1.9784750555714579,100,2012-08-01,0.0001,3.9999904336040464
uploaded_as_received_joint,0,2014-01-29,-1.5674398932992968,3.324495654574563,100,2012-08-01,0.0001,3.9999904336040464
uploaded_as_received_joint,0,2014-03-19,3.533096814907931,1.0180227530036783,100,2012-08-01,0.0001,3.9999904336040464
uploaded_as_received_joint,0,2014-04-30,-0.141881172800043,1.0155926777231383,100,2012-08-01,0.0001,3.9999904336040464
uploaded_as_received_joint,0,2014-06-18,2.8271363650504746,4.255981460151213,100,2012-08-01,0.0001,3.9999904336040464
uploaded_as_received_joint,0,2014-07-30,0.9838844644308352,1.018897580193136,100,2012-08-01,0.0001,3.9999904336040464
uploaded_as_received_joint,0,2014-09-17,2.727560945652685,5.217211386836597,100,2012-08-01,0.0001,3.9999904336040464
uploaded_as_received_joint,0,2014-10-29,-2.505251234306585,-7.476585203633706,100,2012-08-01,0.0001,3.9999904336040464
uploaded_as_received_joint,0,2014-12-17,-0.2548556929012915,-0.9028818521876794,100,2012-08-01,0.0001,3.9999904336040464
uploaded_as_received_joint,0,2015-01-28,-0.2041768626186403,2.3784293974077357,100,2012-08-01,0.0001,3.9999904336040464
dictionary_only_correction_split,0,2012-09-13,4.889386111246848,5.215944030536512,100,2012-08-01,0.0001,3.9999892460904567
dictionary_only_correction_split,0,2012-10-24,-2.214573547712846,1.3718036850167339,100,2012-08-01,0.0001,3.9999892460904567
dictionary_only_correction_split,0,2012-12-12,0.3816906455956319,2.938925304856749,100,2012-08-01,0.0001,3.9999892460904567
dictionary_only_correction_split,0,2013-01-30,5.52312983048044,3.32109065622424,100,2012-08-01,0.0001,3.9999892460904567
dictionary_only_correction_split,0,2013-03-20,3.5282324697286342,4.253159292645086,100,2012-08-01,0.0001,3.9999892460904567
dictionary_only_correction_split,0,2013-05-01,3.03919592179801,3.8942254232482467,100,2012-08-01,0.0001,3.9999892460904567
dictionary_only_correction_split,0,2013-06-19,2.555798472708714,-0.2961152186081442,100,2012-08-01,0.0001,3.9999892460904567
dictionary_only_correction_split,0,2013-07-31,5.932327679094761,7.131501612362043,100,2012-08-01,0.0001,3.9999892460904567
dictionary_only_correction_split,0,2013-09-18,-0.5490488995725852,1.3708316566420555,100,2012-08-01,0.0001,3.9999892460904567
dictionary_only_correction_split,0,2013-10-30,2.278539508167516,4.2517012501077565,100,2012-08-01,0.0001,3.9999892460904567
dictionary_only_correction_split,0,2013-12-18,1.6851950420826414,1.9784734358896043,100,2012-08-01,0.0001,3.9999892460904567
dictionary_only_correction_split,0,2014-01-29,-1.5674398932992968,3.3244927560064834,100,2012-08-01,0.0001,3.9999892460904567
dictionary_only_correction_split,0,2014-03-19,3.533096814907931,1.018021566468778,100,2012-08-01,0.0001,3.9999892460904567
dictionary_only_correction_split,0,2014-04-30,-0.141881172800043,1.015591495103831,100,2012-08-01,0.0001,3.9999892460904567
dictionary_only_correction_split,0,2014-06-18,2.8271363650504746,4.255978175639041,100,2012-08-01,0.0001,3.9999892460904567
dictionary_only_correction_split,0,2014-07-30,0.9838844644308352,1.0188963921004022,100,2012-08-01,0.0001,3.9999892460904567
dictionary_only_correction_split,0,2014-09-17,2.727560945652685,5.217207667640714,100,2012-08-01,0.0001,3.9999892460904567
dictionary_only_correction_split,0,2014-10-29,-2.505251234306585,-7.476579385603818,100,2012-08-01,0.0001,3.9999892460904567
dictionary_only_correction_split,0,2014-12-17,-0.2548556929012915,-0.9028821721777183,100,2012-08-01,0.0001,3.9999892460904567
dictionary_only_correction_split,0,2015-01-28,-0.2041768626186403,2.3784269089846966,100,2012-08-01,0.0001,3.9999892460904567
dictionary_only_correction_joint,0,2012-09-13,4.889386111246848,5.215947747657475,100,2012-08-01,0.0001,3.9999904336040464
dictionary_only_correction_joint,0,2012-10-24,-2.214573547712846,1.3718056651143764,100,2012-08-01,0.0001,3.9999904336040464
dictionary_only_correction_joint,0,2012-12-12,0.3816906455956319,2.938927358059642,100,2012-08-01,0.0001,3.9999904336040464
dictionary_only_correction_joint,0,2013-01-30,5.52312983048044,3.321093549104793,100,2012-08-01,0.0001,3.9999904336040464
dictionary_only_correction_joint,0,2013-03-20,3.5282324697286342,4.253162572797741,100,2012-08-01,0.0001,3.9999904336040464
dictionary_only_correction_joint,0,2013-05-01,3.03919592179801,3.894227901019435,100,2012-08-01,0.0001,3.9999904336040464
dictionary_only_correction_joint,0,2013-06-19,2.555798472708714,-0.29611525865746324,100,2012-08-01,0.0001,3.9999904336040464
dictionary_only_correction_joint,0,2013-07-31,5.932327679094761,7.131506187542616,100,2012-08-01,0.0001,3.9999904336040464
dictionary_only_correction_joint,0,2013-09-18,-0.5490488995725852,1.3708336349508434,100,2012-08-01,0.0001,3.9999904336040464
dictionary_only_correction_joint,0,2013-10-30,2.278539508167516,4.251704527351253,100,2012-08-01,0.0001,3.9999904336040464
dictionary_only_correction_joint,0,2013-12-18,1.6851950420826414,1.9784750555714579,100,2012-08-01,0.0001,3.9999904336040464
dictionary_only_correction_joint,0,2014-01-29,-1.5674398932992968,3.324495654574563,100,2012-08-01,0.0001,3.9999904336040464
dictionary_only_correction_joint,0,2014-03-19,3.533096814907931,1.0180227530036783,100,2012-08-01,0.0001,3.9999904336040464
dictionary_only_correction_joint,0,2014-04-30,-0.141881172800043,1.0155926777231383,100,2012-08-01,0.0001,3.9999904336040464
dictionary_only_correction_joint,0,2014-06-18,2.8271363650504746,4.255981460151213,100,2012-08-01,0.0001,3.9999904336040464
dictionary_only_correction_joint,0,2014-07-30,0.9838844644308352,1.018897580193136,100,2012-08-01,0.0001,3.9999904336040464
dictionary_only_correction_joint,0,2014-09-17,2.727560945652685,5.217211386836597,100,2012-08-01,0.0001,3.9999904336040464
dictionary_only_correction_joint,0,2014-10-29,-2.505251234306585,-7.476585203633706,100,2012-08-01,0.0001,3.9999904336040464
dictionary_only_correction_joint,0,2014-12-17,-0.2548556929012915,-0.9028818521876794,100,2012-08-01,0.0001,3.9999904336040464
dictionary_only_correction_joint,0,2015-01-28,-0.2041768626186403,2.3784293974077357,100,2012-08-01,0.0001,3.9999904336040464
audited_reconstruction_split,0,2012-09-13,4.889386111246848,3.784322867006651,100,2012-08-01,0.0001,3.999989330639514
audited_reconstruction_split,0,2012-10-24,-2.214573547712846,0.12163288072035139,100,2012-08-01,0.0001,3.999989330639514
audited_reconstruction_split,0,2012-12-12,0.3816906455956319,2.8684326682323675,100,2012-08-01,0.0001,3.999989330639514
audited_reconstruction_split,0,2013-01-30,5.52312983048044,3.2430934320022775,100,2012-08-01,0.0001,3.999989330639514
audited_reconstruction_split,0,2013-03-20,3.5282324697286342,4.137140828648562,100,2012-08-01,0.0001,3.999989330639514
audited_reconstruction_split,0,2013-05-01,3.03919592179801,5.0496203576967025,100,2012-08-01,0.0001,3.999989330639514
audited_reconstruction_split,0,2013-06-19,2.555798472708714,-0.23067710871188657,100,2012-08-01,0.0001,3.999989330639514
audited_reconstruction_split,0,2013-07-31,5.932327679094761,5.965583124110726,100,2012-08-01,0.0001,3.999989330639514
audited_reconstruction_split,0,2013-09-18,-0.5490488995725852,1.3907038785636539,100,2012-08-01,0.0001,3.999989330639514
audited_reconstruction_split,0,2013-10-30,2.278539508167516,4.136052317000576,100,2012-08-01,0.0001,3.999989330639514
audited_reconstruction_split,0,2013-12-18,1.6851950420826414,1.0381761868057855,100,2012-08-01,0.0001,3.999989330639514
audited_reconstruction_split,0,2014-01-29,-1.5674398932992968,3.245633292923344,100,2012-08-01,0.0001,3.999989330639514
audited_reconstruction_split,0,2014-03-19,3.533096814907931,1.0379584844133143,100,2012-08-01,0.0001,3.999989330639514
audited_reconstruction_split,0,2014-04-30,-0.141881172800043,1.0361442981389917,100,2012-08-01,0.0001,3.999989330639514
audited_reconstruction_split,0,2014-06-18,2.8271363650504746,3.224225895207093,100,2012-08-01,0.0001,3.999989330639514
audited_reconstruction_split,0,2014-07-30,0.9838844644308352,4.138447042815654,100,2012-08-01,0.0001,3.999989330639514
audited_reconstruction_split,0,2014-09-17,2.727560945652685,4.140043526711041,100,2012-08-01,0.0001,3.999989330639514
audited_reconstruction_split,0,2014-10-29,-2.505251234306585,-8.407739928233157,100,2012-08-01,0.0001,3.999989330639514
audited_reconstruction_split,0,2014-12-17,-0.2548556929012915,0.4772809727758589,100,2012-08-01,0.0001,3.999989330639514
audited_reconstruction_split,0,2015-01-28,-0.2041768626186403,-0.19845716080062364,100,2012-08-01,0.0001,3.999989330639514
audited_reconstruction_joint,0,2012-09-13,4.889386111246848,3.7843254137905156,100,2012-08-01,0.0001,3.9999904975394642
audited_reconstruction_joint,0,2012-10-24,-2.214573547712846,0.12163369953138825,100,2012-08-01,0.0001,3.9999904975394642
audited_reconstruction_joint,0,2012-12-12,0.3816906455956319,2.8684347820959895,100,2012-08-01,0.0001,3.9999904975394642
audited_reconstruction_joint,0,2013-01-30,5.52312983048044,3.243096358475608,100,2012-08-01,0.0001,3.9999904975394642
audited_reconstruction_joint,0,2013-03-20,3.5282324697286342,4.137144128548974,100,2012-08-01,0.0001,3.9999904975394642
audited_reconstruction_joint,0,2013-05-01,3.03919592179801,5.049624080671018,100,2012-08-01,0.0001,3.9999904975394642
audited_reconstruction_joint,0,2013-06-19,2.555798472708714,-0.23067704183327853,100,2012-08-01,0.0001,3.9999904975394642
audited_reconstruction_joint,0,2013-07-31,5.932327679094761,5.965587279620135,100,2012-08-01,0.0001,3.9999904975394642
audited_reconstruction_joint,0,2013-09-18,-0.5490488995725852,1.3907058841935644,100,2012-08-01,0.0001,3.9999904975394642
audited_reconstruction_joint,0,2013-10-30,2.278539508167516,4.136055613828216,100,2012-08-01,0.0001,3.9999904975394642
audited_reconstruction_joint,0,2013-12-18,1.6851950420826414,1.0381774397476322,100,2012-08-01,0.0001,3.9999904975394642
audited_reconstruction_joint,0,2014-01-29,-1.5674398932992968,3.245636226303044,100,2012-08-01,0.0001,3.9999904975394642
audited_reconstruction_joint,0,2014-03-19,3.533096814907931,1.0379597367948323,100,2012-08-01,0.0001,3.9999904975394642
audited_reconstruction_joint,0,2014-04-30,-0.141881172800043,1.0361455455701511,100,2012-08-01,0.0001,3.9999904975394642
audited_reconstruction_joint,0,2014-06-18,2.8271363650504746,3.2242287705945483,100,2012-08-01,0.0001,3.9999904975394642
audited_reconstruction_joint,0,2014-07-30,0.9838844644308352,4.138450346090415,100,2012-08-01,0.0001,3.9999904975394642
audited_reconstruction_joint,0,2014-09-17,2.727560945652685,4.140046834482195,100,2012-08-01,0.0001,3.9999904975394642
audited_reconstruction_joint,0,2014-10-29,-2.505251234306585,-8.407746660014267,100,2012-08-01,0.0001,3.9999904975394642
audited_reconstruction_joint,0,2014-12-17,-0.2548556929012915,0.47728255266772757,100,2012-08-01,0.0001,3.9999904975394642
audited_reconstruction_joint,0,2015-01-28,-0.2041768626186403,-0.19845700706921943,100,2012-08-01,0.0001,3.9999904975394642
audited_counts_plus_gemini,0,2012-09-13,4.889386111246848,5.125058600486532,100,2012-08-01,1.0,20.443612379297534
audited_counts_plus_gemini,0,2012-10-24,-2.214573547712846,0.7391796551896077,100,2012-08-01,1.0,20.443612379297534
audited_counts_plus_gemini,0,2012-12-12,0.3816906455956319,2.3819246322584453,100,2012-08-01,1.0,20.443612379297534
audited_counts_plus_gemini,0,2013-01-30,5.52312983048044,5.603376909414348,100,2012-08-01,1.0,20.443612379297534
audited_counts_plus_gemini,0,2013-03-20,3.5282324697286342,4.113331751477719,100,2012-08-01,1.0,20.443612379297534
audited_counts_plus_gemini,0,2013-05-01,3.03919592179801,4.45044221268412,100,2012-08-01,1.0,20.443612379297534
audited_counts_plus_gemini,0,2013-06-19,2.555798472708714,0.8344564414293443,100,2012-08-01,1.0,20.443612379297534
audited_counts_plus_gemini,0,2013-07-31,5.932327679094761,5.35410499066097,100,2012-08-01,1.0,20.443612379297534
audited_counts_plus_gemini,0,2013-09-18,-0.5490488995725852,1.6725262259377682,100,2012-08-01,1.0,20.443612379297534
audited_counts_plus_gemini,0,2013-10-30,2.278539508167516,3.917583183256271,100,2012-08-01,1.0,20.443612379297534
audited_counts_plus_gemini,0,2013-12-18,1.6851950420826414,1.914398715903716,100,2012-08-01,1.0,20.443612379297534
audited_counts_plus_gemini,0,2014-01-29,-1.5674398932992968,4.4272141583500195,100,2012-08-01,1.0,20.443612379297534
audited_counts_plus_gemini,0,2014-03-19,3.533096814907931,2.009891175202318,100,2012-08-01,1.0,20.443612379297534
audited_counts_plus_gemini,0,2014-04-30,-0.141881172800043,1.6487703374159575,100,2012-08-01,1.0,20.443612379297534
audited_counts_plus_gemini,0,2014-06-18,2.8271363650504746,4.973487382683987,100,2012-08-01,1.0,20.443612379297534
audited_counts_plus_gemini,0,2014-07-30,0.9838844644308352,4.191017892846571,100,2012-08-01,1.0,20.443612379297534
audited_counts_plus_gemini,0,2014-09-17,2.727560945652685,4.267418584279021,100,2012-08-01,1.0,20.443612379297534
audited_counts_plus_gemini,0,2014-10-29,-2.505251234306585,-5.701881119260371,100,2012-08-01,1.0,20.443612379297534
audited_counts_plus_gemini,0,2014-12-17,-0.2548556929012915,-0.7419450532813918,100,2012-08-01,1.0,20.443612379297534
audited_counts_plus_gemini,0,2015-01-28,-0.2041768626186403,1.1337318637771119,100,2012-08-01,1.0,20.443612379297534
uploaded_as_received_ols,0,2012-09-13,4.889386111246848,5.2159589214796345,100,2012-08-01,0.0,4.0
uploaded_as_received_ols,0,2012-10-24,-2.214573547712846,1.3718116008333756,100,2012-08-01,0.0,4.0
uploaded_as_received_ols,0,2012-12-12,0.3816906455956319,2.938933531323908,100,2012-08-01,0.0,4.0
uploaded_as_received_ols,0,2013-01-30,5.52312983048044,3.3211024004622844,100,2012-08-01,0.0,4.0
uploaded_as_received_ols,0,2013-03-20,3.5282324697286342,4.253172418076984,100,2012-08-01,0.0,4.0
uploaded_as_received_ols,0,2013-05-01,3.03919592179801,3.894235321417469,100,2012-08-01,0.0,4.0
uploaded_as_received_ols,0,2013-06-19,2.555798472708714,-0.29611536285595785,100,2012-08-01,0.0,4.0
uploaded_as_received_ols,0,2013-07-31,5.932327679094761,7.131519909183167,100,2012-08-01,0.0,4.0
uploaded_as_received_ols,0,2013-09-18,-0.5490488995725852,1.3708395601438834,100,2012-08-01,0.0,4.0
uploaded_as_received_ols,0,2013-10-30,2.278539508167516,4.251714357042746,100,2012-08-01,0.0,4.0
uploaded_as_received_ols,0,2013-12-18,1.6851950420826414,1.9784799255760386,100,2012-08-01,0.0,4.0
uploaded_as_received_ols,0,2014-01-29,-1.5674398932992968,3.3245045428755065,100,2012-08-01,0.0,4.0
uploaded_as_received_ols,0,2014-03-19,3.533096814907931,1.0180263198281692,100,2012-08-01,0.0,4.0
uploaded_as_received_ols,0,2014-04-30,-0.141881172800043,1.015596218104439,100,2012-08-01,0.0,4.0
uploaded_as_received_ols,0,2014-06-18,2.8271363650504746,4.255991336076511,100,2012-08-01,0.0,4.0
uploaded_as_received_ols,0,2014-07-30,0.9838844644308352,1.0189011564487118,100,2012-08-01,0.0,4.0
uploaded_as_received_ols,0,2014-09-17,2.727560945652685,5.217222574375974,100,2012-08-01,0.0,4.0
uploaded_as_received_ols,0,2014-10-29,-2.505251234306585,-7.476602631225631,100,2012-08-01,0.0,4.0
uploaded_as_received_ols,0,2014-12-17,-0.2548556929012915,-0.90288089166757,100,2012-08-01,0.0,4.0
uploaded_as_received_ols,0,2015-01-28,-0.2041768626186403,2.37843713933212,100,2012-08-01,0.0,4.0
dictionary_only_correction_ols,0,2012-09-13,4.889386111246848,5.2159589214796345,100,2012-08-01,0.0,4.0
dictionary_only_correction_ols,0,2012-10-24,-2.214573547712846,1.3718116008333756,100,2012-08-01,0.0,4.0
dictionary_only_correction_ols,0,2012-12-12,0.3816906455956319,2.938933531323908,100,2012-08-01,0.0,4.0
dictionary_only_correction_ols,0,2013-01-30,5.52312983048044,3.3211024004622844,100,2012-08-01,0.0,4.0
dictionary_only_correction_ols,0,2013-03-20,3.5282324697286342,4.253172418076984,100,2012-08-01,0.0,4.0
dictionary_only_correction_ols,0,2013-05-01,3.03919592179801,3.894235321417469,100,2012-08-01,0.0,4.0
dictionary_only_correction_ols,0,2013-06-19,2.555798472708714,-0.29611536285595785,100,2012-08-01,0.0,4.0
dictionary_only_correction_ols,0,2013-07-31,5.932327679094761,7.131519909183167,100,2012-08-01,0.0,4.0
dictionary_only_correction_ols,0,2013-09-18,-0.5490488995725852,1.3708395601438834,100,2012-08-01,0.0,4.0
dictionary_only_correction_ols,0,2013-10-30,2.278539508167516,4.251714357042746,100,2012-08-01,0.0,4.0
dictionary_only_correction_ols,0,2013-12-18,1.6851950420826414,1.9784799255760386,100,2012-08-01,0.0,4.0
dictionary_only_correction_ols,0,2014-01-29,-1.5674398932992968,3.3245045428755065,100,2012-08-01,0.0,4.0
dictionary_only_correction_ols,0,2014-03-19,3.533096814907931,1.0180263198281692,100,2012-08-01,0.0,4.0
dictionary_only_correction_ols,0,2014-04-30,-0.141881172800043,1.015596218104439,100,2012-08-01,0.0,4.0
dictionary_only_correction_ols,0,2014-06-18,2.8271363650504746,4.255991336076511,100,2012-08-01,0.0,4.0
dictionary_only_correction_ols,0,2014-07-30,0.9838844644308352,1.0189011564487118,100,2012-08-01,0.0,4.0
dictionary_only_correction_ols,0,2014-09-17,2.727560945652685,5.217222574375974,100,2012-08-01,0.0,4.0
dictionary_only_correction_ols,0,2014-10-29,-2.505251234306585,-7.476602631225631,100,2012-08-01,0.0,4.0
dictionary_only_correction_ols,0,2014-12-17,-0.2548556929012915,-0.90288089166757,100,2012-08-01,0.0,4.0
dictionary_only_correction_ols,0,2015-01-28,-0.2041768626186403,2.37843713933212,100,2012-08-01,0.0,4.0
audited_reconstruction_ols,0,2012-09-13,4.889386111246848,3.7843330655603102,100,2012-08-01,0.0,4.0
audited_reconstruction_ols,0,2012-10-24,-2.214573547712846,0.12163615125078409,100,2012-08-01,0.0,4.0
audited_reconstruction_ols,0,2012-12-12,0.3816906455956319,2.8684411309671383,100,2012-08-01,0.0,4.0
audited_reconstruction_ols,0,2013-01-30,5.52312983048044,3.24310526438186,100,2012-08-01,0.0,4.0
audited_reconstruction_ols,0,2013-03-20,3.5282324697286342,4.137154028724036,100,2012-08-01,0.0,4.0
audited_reconstruction_ols,0,2013-05-01,3.03919592179801,5.0496352357364875,100,2012-08-01,0.0,4.0
audited_reconstruction_ols,0,2013-06-19,2.555798472708714,-0.23067683120942994,100,2012-08-01,0.0,4.0
audited_reconstruction_ols,0,2013-07-31,5.932327679094761,5.965599739001591,100,2012-08-01,0.0,4.0
audited_reconstruction_ols,0,2013-09-18,-0.5490488995725852,1.3907118923673327,100,2012-08-01,0.0,4.0
audited_reconstruction_ols,0,2013-10-30,2.278539508167516,4.136065498645083,100,2012-08-01,0.0,4.0
audited_reconstruction_ols,0,2013-12-18,1.6851950420826414,1.0381812038913283,100,2012-08-01,0.0,4.0
audited_reconstruction_ols,0,2014-01-29,-1.5674398932992968,3.2456451678994176,100,2012-08-01,0.0,4.0
audited_reconstruction_ols,0,2014-03-19,3.533096814907931,1.0379634978755377,100,2012-08-01,0.0,4.0
audited_reconstruction_ols,0,2014-04-30,-0.141881172800043,1.036149281077282,100,2012-08-01,0.0,4.0
audited_reconstruction_ols,0,2014-06-18,2.8271363650504746,3.2242374096800024,100,2012-08-01,0.0,4.0
audited_reconstruction_ols,0,2014-07-30,0.9838844644308352,4.13846026481878,100,2012-08-01,0.0,4.0
audited_reconstruction_ols,0,2014-09-17,2.727560945652685,4.140056775601245,100,2012-08-01,0.0,4.0
audited_reconstruction_ols,0,2014-10-29,-2.505251234306585,-8.407766837306587,100,2012-08-01,0.0,4.0
audited_reconstruction_ols,0,2014-12-17,-0.2548556929012915,0.477287292619788,100,2012-08-01,0.0,4.0
audited_reconstruction_ols,0,2015-01-28,-0.2041768626186403,-0.19845634087241193,100,2012-08-01,0.0,4.0
historical_mean,0,2012-09-13,4.889386111246848,-0.5397032586665891,100,2012-08-01,,1.0
historical_mean,0,2012-10-24,-2.214573547712846,-0.5397032586665891,100,2012-08-01,,1.0
historical_mean,0,2012-12-12,0.3816906455956319,-0.5397032586665891,100,2012-08-01,,1.0
historical_mean,0,2013-01-30,5.52312983048044,-0.5397032586665891,100,2012-08-01,,1.0
historical_mean,0,2013-03-20,3.5282324697286342,-0.5397032586665891,100,2012-08-01,,1.0
historical_mean,0,2013-05-01,3.03919592179801,-0.5397032586665891,100,2012-08-01,,1.0
historical_mean,0,2013-06-19,2.555798472708714,-0.5397032586665891,100,2012-08-01,,1.0
historical_mean,0,2013-07-31,5.932327679094761,-0.5397032586665891,100,2012-08-01,,1.0
historical_mean,0,2013-09-18,-0.5490488995725852,-0.5397032586665891,100,2012-08-01,,1.0
historical_mean,0,2013-10-30,2.278539508167516,-0.5397032586665891,100,2012-08-01,,1.0
historical_mean,0,2013-12-18,1.6851950420826414,-0.5397032586665891,100,2012-08-01,,1.0
historical_mean,0,2014-01-29,-1.5674398932992968,-0.5397032586665891,100,2012-08-01,,1.0
historical_mean,0,2014-03-19,3.533096814907931,-0.5397032586665891,100,2012-08-01,,1.0
historical_mean,0,2014-04-30,-0.141881172800043,-0.5397032586665891,100,2012-08-01,,1.0
historical_mean,0,2014-06-18,2.8271363650504746,-0.5397032586665891,100,2012-08-01,,1.0
historical_mean,0,2014-07-30,0.9838844644308352,-0.5397032586665891,100,2012-08-01,,1.0
historical_mean,0,2014-09-17,2.727560945652685,-0.5397032586665891,100,2012-08-01,,1.0
historical_mean,0,2014-10-29,-2.505251234306585,-0.5397032586665891,100,2012-08-01,,1.0
historical_mean,0,2014-12-17,-0.2548556929012915,-0.5397032586665891,100,2012-08-01,,1.0
historical_mean,0,2015-01-28,-0.2041768626186403,-0.5397032586665891,100,2012-08-01,,1.0
gemini_vector,1,2015-03-18,2.9198479959632526,3.923360746108992,120,2015-01-28,1.0,28.232275705912514
gemini_vector,1,2015-04-29,0.9332960299921064,3.45586275255974,120,2015-01-28,1.0,28.232275705912514
gemini_vector,1,2015-06-17,-0.0539798922692998,-1.2025321790202192,120,2015-01-28,1.0,28.232275705912514
gemini_vector,1,2015-07-29,-2.5614380312419707,0.4558300331918145,120,2015-01-28,1.0,28.232275705912514
gemini_vector,1,2015-09-17,-6.398507299645421,-2.2852617459380684,120,2015-01-28,1.0,28.232275705912514
gemini_vector,1,2015-10-28,5.617495236249391,1.9169709090501383,120,2015-01-28,1.0,28.232275705912514
gemini_vector,1,2015-12-16,-3.302400414906358,-7.830834685134836,120,2015-01-28,1.0,28.232275705912514
gemini_vector,1,2016-01-27,-8.439700515612575,-4.989319002578874,120,2015-01-28,1.0,28.232275705912514
gemini_vector,1,2016-03-16,6.417252408444,1.8958672900212434,120,2015-01-28,1.0,28.232275705912514
gemini_vector,1,2016-04-27,2.260498155543345,4.294766345447875,120,2015-01-28,1.0,28.232275705912514
gemini_vector,1,2016-06-15,0.1222627909513048,-1.3609201794803432,120,2015-01-28,1.0,28.232275705912514
gemini_vector,1,2016-07-27,4.23185664561935,1.0629927703801374,120,2015-01-28,1.0,28.232275705912514
gemini_vector,1,2016-09-21,-1.4803900600906414,2.3704174017037625,120,2015-01-28,1.0,28.232275705912514
gemini_vector,1,2016-11-02,-2.404315230048286,2.339921215299101,120,2015-01-28,1.0,28.232275705912514
gemini_vector,1,2016-12-14,7.699389600131472,2.0816742089961804,120,2015-01-28,1.0,28.232275705912514
gemini_vector,1,2017-02-01,0.766619382732642,2.8567351668181233,120,2015-01-28,1.0,28.232275705912514
gemini_vector,1,2017-03-15,3.918162323003221,2.9039284407090746,120,2015-01-28,1.0,28.232275705912514
gemini_vector,1,2017-05-03,0.1927092668246962,1.8025093733396362,120,2015-01-28,1.0,28.232275705912514
gemini_vector,1,2017-06-14,1.5564240385273835,2.726731379687479,120,2015-01-28,1.0,28.232275705912514
gemini_vector,1,2017-07-26,1.417996232649504,3.0513087791121043,120,2015-01-28,1.0,28.232275705912514
historical_counts,1,2015-03-18,2.9198479959632526,4.213054039987649,120,2015-01-28,0.0001,4.999945064234911
historical_counts,1,2015-04-29,0.9332960299921064,0.7203584884375261,120,2015-01-28,0.0001,4.999945064234911
historical_counts,1,2015-06-17,-0.0539798922692998,-0.9914705602865108,120,2015-01-28,0.0001,4.999945064234911
historical_counts,1,2015-07-29,-2.5614380312419707,-5.557800781087638,120,2015-01-28,0.0001,4.999945064234911
historical_counts,1,2015-09-17,-6.398507299645421,-11.416812908060725,120,2015-01-28,0.0001,4.999945064234911
historical_counts,1,2015-10-28,5.617495236249391,-0.18802997501672372,120,2015-01-28,0.0001,4.999945064234911
historical_counts,1,2015-12-16,-3.302400414906358,-1.3076414008454549,120,2015-01-28,0.0001,4.999945064234911
historical_counts,1,2016-01-27,-8.439700515612575,-6.11536481578861,120,2015-01-28,0.0001,4.999945064234911
historical_counts,1,2016-03-16,6.417252408444,-2.192751396710192,120,2015-01-28,0.0001,4.999945064234911
historical_counts,1,2016-04-27,2.260498155543345,3.801570882854007,120,2015-01-28,0.0001,4.999945064234911
historical_counts,1,2016-06-15,0.1222627909513048,-1.7552434327408188,120,2015-01-28,0.0001,4.999945064234911
historical_counts,1,2016-07-27,4.23185664561935,-4.556213828332352,120,2015-01-28,0.0001,4.999945064234911
historical_counts,1,2016-09-21,-1.4803900600906414,1.3253384590194792,120,2015-01-28,0.0001,4.999945064234911
historical_counts,1,2016-11-02,-2.404315230048286,0.28047076538098126,120,2015-01-28,0.0001,4.999945064234911
historical_counts,1,2016-12-14,7.699389600131472,5.0601054896532185,120,2015-01-28,0.0001,4.999945064234911
historical_counts,1,2017-02-01,0.766619382732642,3.64996959210209,120,2015-01-28,0.0001,4.999945064234911
historical_counts,1,2017-03-15,3.918162323003221,2.2418494146579526,120,2015-01-28,0.0001,4.999945064234911
historical_counts,1,2017-05-03,0.1927092668246962,0.29963408432350347,120,2015-01-28,0.0001,4.999945064234911
historical_counts,1,2017-06-14,1.5564240385273835,-5.328597445353806,120,2015-01-28,0.0001,4.999945064234911
historical_counts,1,2017-07-26,1.417996232649504,8.504236074024792,120,2015-01-28,0.0001,4.999945064234911
attention_counts,1,2015-03-18,2.9198479959632526,-0.1797100615037097,120,2015-01-28,10000.0,1.0119282434733008
attention_counts,1,2015-04-29,0.9332960299921064,-0.18567965299456035,120,2015-01-28,10000.0,1.0119282434733008
attention_counts,1,2015-06-17,-0.0539798922692998,-0.17731869483712367,120,2015-01-28,10000.0,1.0119282434733008
attention_counts,1,2015-07-29,-2.5614380312419707,-0.18328059258513107,120,2015-01-28,10000.0,1.0119282434733008
attention_counts,1,2015-09-17,-6.398507299645421,-0.1880619681989778,120,2015-01-28,10000.0,1.0119282434733008
attention_counts,1,2015-10-28,5.617495236249391,-0.17850419527547706,120,2015-01-28,10000.0,1.0119282434733008
attention_counts,1,2015-12-16,-3.302400414906358,-0.17613047896011974,120,2015-01-28,10000.0,1.0119282434733008
attention_counts,1,2016-01-27,-8.439700515612575,-0.18550450720159878,120,2015-01-28,10000.0,1.0119282434733008
attention_counts,1,2016-03-16,6.417252408444,-0.18328964404729964,120,2015-01-28,10000.0,1.0119282434733008
attention_counts,1,2016-04-27,2.260498155543345,-0.1844633775848339,120,2015-01-28,10000.0,1.0119282434733008
attention_counts,1,2016-06-15,0.1222627909513048,-0.1785064581410192,120,2015-01-28,10000.0,1.0119282434733008
attention_counts,1,2016-07-27,4.23185664561935,-0.18920311647270524,120,2015-01-28,10000.0,1.0119282434733008
attention_counts,1,2016-09-21,-1.4803900600906414,-0.1748721142513095,120,2015-01-28,10000.0,1.0119282434733008
attention_counts,1,2016-11-02,-2.404315230048286,-0.17610422971983092,120,2015-01-28,10000.0,1.0119282434733008
attention_counts,1,2016-12-14,7.699389600131472,-0.18326429995322768,120,2015-01-28,10000.0,1.0119282434733008
attention_counts,1,2017-02-01,0.766619382732642,-0.18194031214369538,120,2015-01-28,10000.0,1.0119282434733008
attention_counts,1,2017-03-15,3.918162323003221,-0.1844570415613159,120,2015-01-28,10000.0,1.0119282434733008
attention_counts,1,2017-05-03,0.1927092668246962,-0.17850102726371805,120,2015-01-28,10000.0,1.0119282434733008
attention_counts,1,2017-06-14,1.5564240385273835,-0.18087700644461752,120,2015-01-28,10000.0,1.0119282434733008
attention_counts,1,2017-07-26,1.417996232649504,-0.18687420489508227,120,2015-01-28,10000.0,1.0119282434733008
tfidf_bigram_only,1,2015-03-18,2.9198479959632526,1.9754987712686551,120,2015-01-28,0.0001,119.97320770229305
tfidf_bigram_only,1,2015-04-29,0.9332960299921064,2.8487957613431476,120,2015-01-28,0.0001,119.97320770229305
tfidf_bigram_only,1,2015-06-17,-0.0539798922692998,0.8493546240589077,120,2015-01-28,0.0001,119.97320770229305
tfidf_bigram_only,1,2015-07-29,-2.5614380312419707,0.8796421339765622,120,2015-01-28,0.0001,119.97320770229305
tfidf_bigram_only,1,2015-09-17,-6.398507299645421,0.7918757390930925,120,2015-01-28,0.0001,119.97320770229305
tfidf_bigram_only,1,2015-10-28,5.617495236249391,0.9748360424077488,120,2015-01-28,0.0001,119.97320770229305
tfidf_bigram_only,1,2015-12-16,-3.302400414906358,-1.6984384167591422,120,2015-01-28,0.0001,119.97320770229305
tfidf_bigram_only,1,2016-01-27,-8.439700515612575,-1.8527361618788323,120,2015-01-28,0.0001,119.97320770229305
tfidf_bigram_only,1,2016-03-16,6.417252408444,1.2203110621523678,120,2015-01-28,0.0001,119.97320770229305
tfidf_bigram_only,1,2016-04-27,2.260498155543345,1.530638942954297,120,2015-01-28,0.0001,119.97320770229305
tfidf_bigram_only,1,2016-06-15,0.1222627909513048,-0.10396063694998281,120,2015-01-28,0.0001,119.97320770229305
tfidf_bigram_only,1,2016-07-27,4.23185664561935,0.08047938099214208,120,2015-01-28,0.0001,119.97320770229305
tfidf_bigram_only,1,2016-09-21,-1.4803900600906414,2.300278111680773,120,2015-01-28,0.0001,119.97320770229305
tfidf_bigram_only,1,2016-11-02,-2.404315230048286,1.1251089924919828,120,2015-01-28,0.0001,119.97320770229305
tfidf_bigram_only,1,2016-12-14,7.699389600131472,0.656057271303993,120,2015-01-28,0.0001,119.97320770229305
tfidf_bigram_only,1,2017-02-01,0.766619382732642,0.4576179387605358,120,2015-01-28,0.0001,119.97320770229305
tfidf_bigram_only,1,2017-03-15,3.918162323003221,1.688313733786777,120,2015-01-28,0.0001,119.97320770229305
tfidf_bigram_only,1,2017-05-03,0.1927092668246962,0.9288768207184678,120,2015-01-28,0.0001,119.97320770229305
tfidf_bigram_only,1,2017-06-14,1.5564240385273835,1.3109343194022611,120,2015-01-28,0.0001,119.97320770229305
tfidf_bigram_only,1,2017-07-26,1.417996232649504,0.07093578099049008,120,2015-01-28,0.0001,119.97320770229305
length_only,1,2015-03-18,2.9198479959632526,-0.17933158077798825,120,2015-01-28,10000.0,1.0118577075098814
length_only,1,2015-04-29,0.9332960299921064,-0.17933868422261504,120,2015-01-28,10000.0,1.0118577075098814
length_only,1,2015-06-17,-0.0539798922692998,-0.17932181354162635,120,2015-01-28,10000.0,1.0118577075098814
length_only,1,2015-07-29,-2.5614380312419707,-0.1793138221664212,120,2015-01-28,10000.0,1.0118577075098814
length_only,1,2015-09-17,-6.398507299645421,-0.17933069284740988,120,2015-01-28,10000.0,1.0118577075098814
length_only,1,2015-10-28,5.617495236249391,-0.17930671872179438,120,2015-01-28,10000.0,1.0118577075098814
length_only,1,2015-12-16,-3.302400414906358,-0.17933158077798825,120,2015-01-28,10000.0,1.0118577075098814
length_only,1,2016-01-27,-8.439700515612575,-0.17899505508879293,120,2015-01-28,10000.0,1.0118577075098814
length_only,1,2016-03-16,6.417252408444,-0.17933158077798825,120,2015-01-28,10000.0,1.0118577075098814
length_only,1,2016-04-27,2.260498155543345,-0.17929339976311912,120,2015-01-28,10000.0,1.0118577075098814
length_only,1,2016-06-15,0.1222627909513048,-0.17931115837468614,120,2015-01-28,10000.0,1.0118577075098814
length_only,1,2016-07-27,4.23185664561935,-0.17922858083089943,120,2015-01-28,10000.0,1.0118577075098814
length_only,1,2016-09-21,-1.4803900600906414,-0.1792037187747056,120,2015-01-28,10000.0,1.0118577075098814
length_only,1,2016-11-02,-2.404315230048286,-0.17928008080444383,120,2015-01-28,10000.0,1.0118577075098814
length_only,1,2016-12-14,7.699389600131472,-0.17928185666560054,120,2015-01-28,10000.0,1.0118577075098814
length_only,1,2017-02-01,0.766619382732642,-0.17902524472845688,120,2015-01-28,10000.0,1.0118577075098814
length_only,1,2017-03-15,3.918162323003221,-0.1792809687350222,120,2015-01-28,10000.0,1.0118577075098814
length_only,1,2017-05-03,0.1927092668246962,-0.17930050320774593,120,2015-01-28,10000.0,1.0118577075098814
length_only,1,2017-06-14,1.5564240385273835,-0.17928008080444383,120,2015-01-28,10000.0,1.0118577075098814
length_only,1,2017-07-26,1.417996232649504,-0.1793413480143501,120,2015-01-28,10000.0,1.0118577075098814
uploaded_as_received_split,1,2015-03-18,2.9198479959632526,3.803025508312178,120,2015-01-28,0.1,3.9908154282811297
uploaded_as_received_split,1,2015-04-29,0.9332960299921064,2.5617351480860187,120,2015-01-28,0.1,3.9908154282811297
uploaded_as_received_split,1,2015-06-17,-0.0539798922692998,-1.2809042088940399,120,2015-01-28,0.1,3.9908154282811297
uploaded_as_received_split,1,2015-07-29,-2.5614380312419707,-1.6625900003283163,120,2015-01-28,0.1,3.9908154282811297
uploaded_as_received_split,1,2015-09-17,-6.398507299645421,-5.008820085280803,120,2015-01-28,0.1,3.9908154282811297
uploaded_as_received_split,1,2015-10-28,5.617495236249391,-0.042214074481119496,120,2015-01-28,0.1,3.9908154282811297
uploaded_as_received_split,1,2015-12-16,-3.302400414906358,-1.2777261551225432,120,2015-01-28,0.1,3.9908154282811297
uploaded_as_received_split,1,2016-01-27,-8.439700515612575,-5.9825456758679,120,2015-01-28,0.1,3.9908154282811297
uploaded_as_received_split,1,2016-03-16,6.417252408444,2.5594238362523702,120,2015-01-28,0.1,3.9908154282811297
uploaded_as_received_split,1,2016-04-27,2.260498155543345,6.005064960899244,120,2015-01-28,0.1,3.9908154282811297
uploaded_as_received_split,1,2016-06-15,0.1222627909513048,-0.9052856110233906,120,2015-01-28,0.1,3.9908154282811297
uploaded_as_received_split,1,2016-07-27,4.23185664561935,-3.692098545636434,120,2015-01-28,0.1,3.9908154282811297
uploaded_as_received_split,1,2016-09-21,-1.4803900600906414,2.032389682426468,120,2015-01-28,0.1,3.9908154282811297
uploaded_as_received_split,1,2016-11-02,-2.404315230048286,1.1927201782017,120,2015-01-28,0.1,3.9908154282811297
uploaded_as_received_split,1,2016-12-14,7.699389600131472,2.1641590877941344,120,2015-01-28,0.1,3.9908154282811297
uploaded_as_received_split,1,2017-02-01,0.766619382732642,0.7307163005418159,120,2015-01-28,0.1,3.9908154282811297
uploaded_as_received_split,1,2017-03-15,3.918162323003221,4.651073517934411,120,2015-01-28,0.1,3.9908154282811297
uploaded_as_received_split,1,2017-05-03,0.1927092668246962,-0.4233220379571447,120,2015-01-28,0.1,3.9908154282811297
uploaded_as_received_split,1,2017-06-14,1.5564240385273835,4.650784603955144,120,2015-01-28,0.1,3.9908154282811297
uploaded_as_received_split,1,2017-07-26,1.417996232649504,7.749698528654063,120,2015-01-28,0.1,3.9908154282811297
uploaded_as_received_joint,1,2015-03-18,2.9198479959632526,3.7464954180723247,120,2015-01-28,1.0,3.920694792004382
uploaded_as_received_joint,1,2015-04-29,0.9332960299921064,2.5293887804508204,120,2015-01-28,1.0,3.920694792004382
uploaded_as_received_joint,1,2015-06-17,-0.0539798922692998,-1.2652519131772881,120,2015-01-28,1.0,3.920694792004382
uploaded_as_received_joint,1,2015-07-29,-2.5614380312419707,-1.6303570784481685,120,2015-01-28,1.0,3.920694792004382
uploaded_as_received_joint,1,2015-09-17,-6.398507299645421,-4.92043612021315,120,2015-01-28,1.0,3.920694792004382
uploaded_as_received_joint,1,2015-10-28,5.617495236249391,-0.05062946466592194,120,2015-01-28,1.0,3.920694792004382
uploaded_as_received_joint,1,2015-12-16,-3.302400414906358,-1.2622156820426582,120,2015-01-28,1.0,3.920694792004382
uploaded_as_received_joint,1,2016-01-27,-8.439700515612575,-5.881465892398296,120,2015-01-28,1.0,3.920694792004382
uploaded_as_received_joint,1,2016-03-16,6.417252408444,2.527180612352895,120,2015-01-28,1.0,3.920694792004382
uploaded_as_received_joint,1,2016-04-27,2.260498155543345,5.942087027061471,120,2015-01-28,1.0,3.920694792004382
uploaded_as_received_joint,1,2016-06-15,0.1222627909513048,-0.9059431891634281,120,2015-01-28,1.0,3.920694792004382
uploaded_as_received_joint,1,2016-07-27,4.23185664561935,-3.601411853663978,120,2015-01-28,1.0,3.920694792004382
uploaded_as_received_joint,1,2016-09-21,-1.4803900600906414,1.9933607331924414,120,2015-01-28,1.0,3.920694792004382
uploaded_as_received_joint,1,2016-11-02,-2.404315230048286,1.160404710686327,120,2015-01-28,1.0,3.920694792004382
uploaded_as_received_joint,1,2016-12-14,7.699389600131472,2.1491024595068087,120,2015-01-28,1.0,3.920694792004382
uploaded_as_received_joint,1,2017-02-01,0.766619382732642,0.7185657040129733,120,2015-01-28,1.0,3.920694792004382
uploaded_as_received_joint,1,2017-03-15,3.918162323003221,4.587456049933402,120,2015-01-28,1.0,3.920694792004382
uploaded_as_received_joint,1,2017-05-03,0.1927092668246962,-0.41518258791231843,120,2015-01-28,1.0,3.920694792004382
uploaded_as_received_joint,1,2017-06-14,1.5564240385273835,4.587180028921176,120,2015-01-28,1.0,3.920694792004382
uploaded_as_received_joint,1,2017-07-26,1.417996232649504,7.670379820839776,120,2015-01-28,1.0,3.920694792004382
dictionary_only_correction_split,1,2015-03-18,2.9198479959632526,3.803025508312178,120,2015-01-28,0.1,3.9908154282811297
dictionary_only_correction_split,1,2015-04-29,0.9332960299921064,2.5617351480860187,120,2015-01-28,0.1,3.9908154282811297
dictionary_only_correction_split,1,2015-06-17,-0.0539798922692998,-1.2809042088940399,120,2015-01-28,0.1,3.9908154282811297
dictionary_only_correction_split,1,2015-07-29,-2.5614380312419707,-1.6625900003283163,120,2015-01-28,0.1,3.9908154282811297
dictionary_only_correction_split,1,2015-09-17,-6.398507299645421,-5.008820085280803,120,2015-01-28,0.1,3.9908154282811297
dictionary_only_correction_split,1,2015-10-28,5.617495236249391,-0.042214074481119496,120,2015-01-28,0.1,3.9908154282811297
dictionary_only_correction_split,1,2015-12-16,-3.302400414906358,-1.2777261551225432,120,2015-01-28,0.1,3.9908154282811297
dictionary_only_correction_split,1,2016-01-27,-8.439700515612575,-5.9825456758679,120,2015-01-28,0.1,3.9908154282811297
dictionary_only_correction_split,1,2016-03-16,6.417252408444,2.5594238362523702,120,2015-01-28,0.1,3.9908154282811297
dictionary_only_correction_split,1,2016-04-27,2.260498155543345,6.005064960899244,120,2015-01-28,0.1,3.9908154282811297
dictionary_only_correction_split,1,2016-06-15,0.1222627909513048,-0.9052856110233906,120,2015-01-28,0.1,3.9908154282811297
dictionary_only_correction_split,1,2016-07-27,4.23185664561935,-3.692098545636434,120,2015-01-28,0.1,3.9908154282811297
dictionary_only_correction_split,1,2016-09-21,-1.4803900600906414,2.032389682426468,120,2015-01-28,0.1,3.9908154282811297
dictionary_only_correction_split,1,2016-11-02,-2.404315230048286,1.1927201782017,120,2015-01-28,0.1,3.9908154282811297
dictionary_only_correction_split,1,2016-12-14,7.699389600131472,2.1641590877941344,120,2015-01-28,0.1,3.9908154282811297
dictionary_only_correction_split,1,2017-02-01,0.766619382732642,0.7307163005418159,120,2015-01-28,0.1,3.9908154282811297
dictionary_only_correction_split,1,2017-03-15,3.918162323003221,4.651073517934411,120,2015-01-28,0.1,3.9908154282811297
dictionary_only_correction_split,1,2017-05-03,0.1927092668246962,-0.4233220379571447,120,2015-01-28,0.1,3.9908154282811297
dictionary_only_correction_split,1,2017-06-14,1.5564240385273835,4.650784603955144,120,2015-01-28,0.1,3.9908154282811297
dictionary_only_correction_split,1,2017-07-26,1.417996232649504,7.749698528654063,120,2015-01-28,0.1,3.9908154282811297
dictionary_only_correction_joint,1,2015-03-18,2.9198479959632526,3.7464954180723247,120,2015-01-28,1.0,3.920694792004382
dictionary_only_correction_joint,1,2015-04-29,0.9332960299921064,2.5293887804508204,120,2015-01-28,1.0,3.920694792004382
dictionary_only_correction_joint,1,2015-06-17,-0.0539798922692998,-1.2652519131772881,120,2015-01-28,1.0,3.920694792004382
dictionary_only_correction_joint,1,2015-07-29,-2.5614380312419707,-1.6303570784481685,120,2015-01-28,1.0,3.920694792004382
dictionary_only_correction_joint,1,2015-09-17,-6.398507299645421,-4.92043612021315,120,2015-01-28,1.0,3.920694792004382
dictionary_only_correction_joint,1,2015-10-28,5.617495236249391,-0.05062946466592194,120,2015-01-28,1.0,3.920694792004382
dictionary_only_correction_joint,1,2015-12-16,-3.302400414906358,-1.2622156820426582,120,2015-01-28,1.0,3.920694792004382
dictionary_only_correction_joint,1,2016-01-27,-8.439700515612575,-5.881465892398296,120,2015-01-28,1.0,3.920694792004382
dictionary_only_correction_joint,1,2016-03-16,6.417252408444,2.527180612352895,120,2015-01-28,1.0,3.920694792004382
dictionary_only_correction_joint,1,2016-04-27,2.260498155543345,5.942087027061471,120,2015-01-28,1.0,3.920694792004382
dictionary_only_correction_joint,1,2016-06-15,0.1222627909513048,-0.9059431891634281,120,2015-01-28,1.0,3.920694792004382
dictionary_only_correction_joint,1,2016-07-27,4.23185664561935,-3.601411853663978,120,2015-01-28,1.0,3.920694792004382
dictionary_only_correction_joint,1,2016-09-21,-1.4803900600906414,1.9933607331924414,120,2015-01-28,1.0,3.920694792004382
dictionary_only_correction_joint,1,2016-11-02,-2.404315230048286,1.160404710686327,120,2015-01-28,1.0,3.920694792004382
dictionary_only_correction_joint,1,2016-12-14,7.699389600131472,2.1491024595068087,120,2015-01-28,1.0,3.920694792004382
dictionary_only_correction_joint,1,2017-02-01,0.766619382732642,0.7185657040129733,120,2015-01-28,1.0,3.920694792004382
dictionary_only_correction_joint,1,2017-03-15,3.918162323003221,4.587456049933402,120,2015-01-28,1.0,3.920694792004382
dictionary_only_correction_joint,1,2017-05-03,0.1927092668246962,-0.41518258791231843,120,2015-01-28,1.0,3.920694792004382
dictionary_only_correction_joint,1,2017-06-14,1.5564240385273835,4.587180028921176,120,2015-01-28,1.0,3.920694792004382
dictionary_only_correction_joint,1,2017-07-26,1.417996232649504,7.670379820839776,120,2015-01-28,1.0,3.920694792004382
audited_reconstruction_split,1,2015-03-18,2.9198479959632526,1.7104616763397416,120,2015-01-28,1.0,3.9116227578416507
audited_reconstruction_split,1,2015-04-29,0.9332960299921064,2.5504659199089557,120,2015-01-28,1.0,3.9116227578416507
audited_reconstruction_split,1,2015-06-17,-0.0539798922692998,-1.1235249281879736,120,2015-01-28,1.0,3.9116227578416507
audited_reconstruction_split,1,2015-07-29,-2.5614380312419707,-0.2837159677788339,120,2015-01-28,1.0,3.9116227578416507
audited_reconstruction_split,1,2015-09-17,-6.398507299645421,-4.5855167165793285,120,2015-01-28,1.0,3.9116227578416507
audited_reconstruction_split,1,2015-10-28,5.617495236249391,-1.1237202113480658,120,2015-01-28,1.0,3.9116227578416507
audited_reconstruction_split,1,2015-12-16,-3.302400414906358,-1.1233985684961532,120,2015-01-28,1.0,3.9116227578416507
audited_reconstruction_split,1,2016-01-27,-8.439700515612575,-5.429771240691719,120,2015-01-28,1.0,3.9116227578416507
audited_reconstruction_split,1,2016-03-16,6.417252408444,1.7104616763397416,120,2015-01-28,1.0,3.9116227578416507
audited_reconstruction_split,1,2016-04-27,2.260498155543345,5.909529452874884,120,2015-01-28,1.0,3.9116227578416507
audited_reconstruction_split,1,2016-06-15,0.1222627909513048,-0.8095395671232317,120,2015-01-28,1.0,3.9116227578416507
audited_reconstruction_split,1,2016-07-27,4.23185664561935,-2.0671007128865013,120,2015-01-28,1.0,3.9116227578416507
audited_reconstruction_split,1,2016-09-21,-1.4803900600906414,2.0229307211025866,120,2015-01-28,1.0,3.9116227578416507
audited_reconstruction_split,1,2016-11-02,-2.404315230048286,1.184006278536235,120,2015-01-28,1.0,3.9116227578416507
audited_reconstruction_split,1,2016-12-14,7.699389600131472,3.0755198738576897,120,2015-01-28,1.0,3.9116227578416507
audited_reconstruction_split,1,2017-02-01,0.766619382732642,0.5524630233015589,120,2015-01-28,1.0,3.9116227578416507
audited_reconstruction_split,1,2017-03-15,3.918162323003221,5.383579493838618,120,2015-01-28,1.0,3.9116227578416507
audited_reconstruction_split,1,2017-05-03,0.1927092668246962,-0.28388827644951614,120,2015-01-28,1.0,3.9116227578416507
audited_reconstruction_split,1,2017-06-14,1.5564240385273835,4.543655660982395,120,2015-01-28,1.0,3.9116227578416507
audited_reconstruction_split,1,2017-07-26,1.417996232649504,6.750062109700814,120,2015-01-28,1.0,3.9116227578416507
audited_reconstruction_joint,1,2015-03-18,2.9198479959632526,1.7204050768745893,120,2015-01-28,1.0,3.921077718407224
audited_reconstruction_joint,1,2015-04-29,0.9332960299921064,2.5634617887644557,120,2015-01-28,1.0,3.921077718407224
audited_reconstruction_joint,1,2015-06-17,-0.0539798922692998,-1.1283326614361662,120,2015-01-28,1.0,3.921077718407224
audited_reconstruction_joint,1,2015-07-29,-2.5614380312419707,-0.28547400492888925,120,2015-01-28,1.0,3.921077718407224
audited_reconstruction_joint,1,2015-09-17,-6.398507299645421,-4.616263856612266,120,2015-01-28,1.0,3.921077718407224
audited_reconstruction_joint,1,2015-10-28,5.617495236249391,-1.128530716818771,120,2015-01-28,1.0,3.921077718407224
audited_reconstruction_joint,1,2015-12-16,-3.302400414906358,-1.1282045079532983,120,2015-01-28,1.0,3.921077718407224
audited_reconstruction_joint,1,2016-01-27,-8.439700515612575,-5.463631185652894,120,2015-01-28,1.0,3.921077718407224
audited_reconstruction_joint,1,2016-03-16,6.417252408444,1.7204050768745893,120,2015-01-28,1.0,3.921077718407224
audited_reconstruction_joint,1,2016-04-27,2.260498155543345,5.934721660044189,120,2015-01-28,1.0,3.921077718407224
audited_reconstruction_joint,1,2016-06-15,0.1222627909513048,-0.8087534084784067,120,2015-01-28,1.0,3.921077718407224
audited_reconstruction_joint,1,2016-07-27,4.23185664561935,-2.0887131149533342,120,2015-01-28,1.0,3.921077718407224
audited_reconstruction_joint,1,2016-09-21,-1.4803900600906414,2.03844648803798,120,2015-01-28,1.0,3.921077718407224
audited_reconstruction_joint,1,2016-11-02,-2.404315230048286,1.1964849059107547,120,2015-01-28,1.0,3.921077718407224
audited_reconstruction_joint,1,2016-12-14,7.699389600131472,3.0859606211001886,120,2015-01-28,1.0,3.921077718407224
audited_reconstruction_joint,1,2017-02-01,0.766619382732642,0.5537031515253321,120,2015-01-28,1.0,3.921077718407224
audited_reconstruction_joint,1,2017-03-15,3.918162323003221,5.411314103011812,120,2015-01-28,1.0,3.921077718407224
audited_reconstruction_joint,1,2017-05-03,0.1927092668246962,-0.28564875967824954,120,2015-01-28,1.0,3.921077718407224
audited_reconstruction_joint,1,2017-06-14,1.5564240385273835,4.568338943338295,120,2015-01-28,1.0,3.921077718407224
audited_reconstruction_joint,1,2017-07-26,1.417996232649504,6.778314286498743,120,2015-01-28,1.0,3.921077718407224
audited_counts_plus_gemini,1,2015-03-18,2.9198479959632526,3.4612001100242624,120,2015-01-28,1.0,23.63471616902173
audited_counts_plus_gemini,1,2015-04-29,0.9332960299921064,3.5213687087732666,120,2015-01-28,1.0,23.63471616902173
audited_counts_plus_gemini,1,2015-06-17,-0.0539798922692998,-1.630099124121863,120,2015-01-28,1.0,23.63471616902173
audited_counts_plus_gemini,1,2015-07-29,-2.5614380312419707,0.10767043999714931,120,2015-01-28,1.0,23.63471616902173
audited_counts_plus_gemini,1,2015-09-17,-6.398507299645421,-4.587726791756391,120,2015-01-28,1.0,23.63471616902173
audited_counts_plus_gemini,1,2015-10-28,5.617495236249391,0.5000119941077693,120,2015-01-28,1.0,23.63471616902173
audited_counts_plus_gemini,1,2015-12-16,-3.302400414906358,-5.815991160439593,120,2015-01-28,1.0,23.63471616902173
audited_counts_plus_gemini,1,2016-01-27,-8.439700515612575,-6.865491537220131,120,2015-01-28,1.0,23.63471616902173
audited_counts_plus_gemini,1,2016-03-16,6.417252408444,2.1925428145741233,120,2015-01-28,1.0,23.63471616902173
audited_counts_plus_gemini,1,2016-04-27,2.260498155543345,6.200293270520683,120,2015-01-28,1.0,23.63471616902173
audited_counts_plus_gemini,1,2016-06-15,0.1222627909513048,-1.6240167004802029,120,2015-01-28,1.0,23.63471616902173
audited_counts_plus_gemini,1,2016-07-27,4.23185664561935,-0.9418786640379113,120,2015-01-28,1.0,23.63471616902173
audited_counts_plus_gemini,1,2016-09-21,-1.4803900600906414,2.4682663308714416,120,2015-01-28,1.0,23.63471616902173
audited_counts_plus_gemini,1,2016-11-02,-2.404315230048286,1.860211428877716,120,2015-01-28,1.0,23.63471616902173
audited_counts_plus_gemini,1,2016-12-14,7.699389600131472,2.9043296821634352,120,2015-01-28,1.0,23.63471616902173
audited_counts_plus_gemini,1,2017-02-01,0.766619382732642,1.7587781251091053,120,2015-01-28,1.0,23.63471616902173
audited_counts_plus_gemini,1,2017-03-15,3.918162323003221,4.569450880559283,120,2015-01-28,1.0,23.63471616902173
audited_counts_plus_gemini,1,2017-05-03,0.1927092668246962,0.6399220359028852,120,2015-01-28,1.0,23.63471616902173
audited_counts_plus_gemini,1,2017-06-14,1.5564240385273835,4.098139659258553,120,2015-01-28,1.0,23.63471616902173
audited_counts_plus_gemini,1,2017-07-26,1.417996232649504,5.559180644672615,120,2015-01-28,1.0,23.63471616902173
uploaded_as_received_ols,1,2015-03-18,2.9198479959632526,3.8118573964209914,120,2015-01-28,0.0,4.0
uploaded_as_received_ols,1,2015-04-29,0.9332960299921064,2.5667466688341847,120,2015-01-28,0.0,4.0
uploaded_as_received_ols,1,2015-06-17,-0.0539798922692998,-1.2833257968489704,120,2015-01-28,0.0,4.0
uploaded_as_received_ols,1,2015-07-29,-2.5614380312419707,-1.6676667087808967,120,2015-01-28,0.0,4.0
uploaded_as_received_ols,1,2015-09-17,-6.398507299645421,-5.022723775453543,120,2015-01-28,0.0,4.0
uploaded_as_received_ols,1,2015-10-28,5.617495236249391,-0.040828795161975684,120,2015-01-28,0.0,4.0
uploaded_as_received_ols,1,2015-12-16,-3.302400414906358,-1.2801312429714222,120,2015-01-28,0.0,4.0
uploaded_as_received_ols,1,2016-01-27,-8.439700515612575,-5.998207116711292,120,2015-01-28,0.0,4.0
uploaded_as_received_ols,1,2016-03-16,6.417252408444,2.56442335692324,120,2015-01-28,0.0,4.0
uploaded_as_received_ols,1,2016-04-27,2.260498155543345,6.0147629692644635,120,2015-01-28,0.0,4.0
uploaded_as_received_ols,1,2016-06-15,0.1222627909513048,-0.9050835786832727,120,2015-01-28,0.0,4.0
uploaded_as_received_ols,1,2016-07-27,4.23185664561935,-3.7064348632742057,120,2015-01-28,0.0,4.0
uploaded_as_received_ols,1,2016-09-21,-1.4803900600906414,2.0386240750927223,120,2015-01-28,0.0,4.0
uploaded_as_received_ols,1,2016-11-02,-2.404315230048286,1.197892824669735,120,2015-01-28,0.0,4.0
uploaded_as_received_ols,1,2016-12-14,7.699389600131472,2.166432987514517,120,2015-01-28,0.0,4.0
uploaded_as_received_ols,1,2017-02-01,0.766619382732642,0.7328168238324986,120,2015-01-28,0.0,4.0
uploaded_as_received_ols,1,2017-03-15,3.918162323003221,4.661010652521151,120,2015-01-28,0.0,4.0
uploaded_as_received_ols,1,2017-05-03,0.1927092668246962,-0.42458887911616594,120,2015-01-28,0.0,4.0
uploaded_as_received_ols,1,2017-06-14,1.5564240385273835,4.660720238532283,120,2015-01-28,0.0,4.0
uploaded_as_received_ols,1,2017-07-26,1.417996232649504,7.761859031594611,120,2015-01-28,0.0,4.0
dictionary_only_correction_ols,1,2015-03-18,2.9198479959632526,3.8118573964209914,120,2015-01-28,0.0,4.0
dictionary_only_correction_ols,1,2015-04-29,0.9332960299921064,2.5667466688341847,120,2015-01-28,0.0,4.0
dictionary_only_correction_ols,1,2015-06-17,-0.0539798922692998,-1.2833257968489704,120,2015-01-28,0.0,4.0
dictionary_only_correction_ols,1,2015-07-29,-2.5614380312419707,-1.6676667087808967,120,2015-01-28,0.0,4.0
dictionary_only_correction_ols,1,2015-09-17,-6.398507299645421,-5.022723775453543,120,2015-01-28,0.0,4.0
dictionary_only_correction_ols,1,2015-10-28,5.617495236249391,-0.040828795161975684,120,2015-01-28,0.0,4.0
dictionary_only_correction_ols,1,2015-12-16,-3.302400414906358,-1.2801312429714222,120,2015-01-28,0.0,4.0
dictionary_only_correction_ols,1,2016-01-27,-8.439700515612575,-5.998207116711292,120,2015-01-28,0.0,4.0
dictionary_only_correction_ols,1,2016-03-16,6.417252408444,2.56442335692324,120,2015-01-28,0.0,4.0
dictionary_only_correction_ols,1,2016-04-27,2.260498155543345,6.0147629692644635,120,2015-01-28,0.0,4.0
dictionary_only_correction_ols,1,2016-06-15,0.1222627909513048,-0.9050835786832727,120,2015-01-28,0.0,4.0
dictionary_only_correction_ols,1,2016-07-27,4.23185664561935,-3.7064348632742057,120,2015-01-28,0.0,4.0
dictionary_only_correction_ols,1,2016-09-21,-1.4803900600906414,2.0386240750927223,120,2015-01-28,0.0,4.0
dictionary_only_correction_ols,1,2016-11-02,-2.404315230048286,1.197892824669735,120,2015-01-28,0.0,4.0
dictionary_only_correction_ols,1,2016-12-14,7.699389600131472,2.166432987514517,120,2015-01-28,0.0,4.0
dictionary_only_correction_ols,1,2017-02-01,0.766619382732642,0.7328168238324986,120,2015-01-28,0.0,4.0
dictionary_only_correction_ols,1,2017-03-15,3.918162323003221,4.661010652521151,120,2015-01-28,0.0,4.0
dictionary_only_correction_ols,1,2017-05-03,0.1927092668246962,-0.42458887911616594,120,2015-01-28,0.0,4.0
dictionary_only_correction_ols,1,2017-06-14,1.5564240385273835,4.660720238532283,120,2015-01-28,0.0,4.0
dictionary_only_correction_ols,1,2017-07-26,1.417996232649504,7.761859031594611,120,2015-01-28,0.0,4.0
audited_reconstruction_ols,1,2015-03-18,2.9198479959632526,1.7507163604470222,120,2015-01-28,0.0,4.0
audited_reconstruction_ols,1,2015-04-29,0.9332960299921064,2.6028436956215093,120,2015-01-28,0.0,4.0
audited_reconstruction_ols,1,2015-06-17,-0.0539798922692998,-1.1429855887573424,120,2015-01-28,0.0,4.0
audited_reconstruction_ols,1,2015-07-29,-2.5614380312419707,-0.29107430766502235,120,2015-01-28,0.0,4.0
audited_reconstruction_ols,1,2015-09-17,-6.398507299645421,-4.711390970641799,120,2015-01-28,0.0,4.0
audited_reconstruction_ols,1,2015-10-28,5.617495236249391,-1.1432016428395095,120,2015-01-28,0.0,4.0
audited_reconstruction_ols,1,2015-12-16,-3.302400414906358,-1.1428457890571169,120,2015-01-28,0.0,4.0
audited_reconstruction_ols,1,2016-01-27,-8.439700515612575,-5.568220659369334,120,2015-01-28,0.0,4.0
audited_reconstruction_ols,1,2016-03-16,6.417252408444,1.7507163604470222,120,2015-01-28,0.0,4.0
audited_reconstruction_ols,1,2016-04-27,2.260498155543345,6.010298184035936,120,2015-01-28,0.0,4.0
audited_reconstruction_ols,1,2016-06-15,0.1222627909513048,-0.8056529360127828,120,2015-01-28,0.0,4.0
audited_reconstruction_ols,1,2016-07-27,4.23185664561935,-2.156775524966644,120,2015-01-28,0.0,4.0
audited_reconstruction_ols,1,2016-09-21,-1.4803900600906414,2.086371416788873,120,2015-01-28,0.0,4.0
audited_reconstruction_ols,1,2016-11-02,-2.404315230048286,1.2354387335981332,120,2015-01-28,0.0,4.0
audited_reconstruction_ols,1,2016-12-14,7.699389600131472,3.116570816704258,120,2015-01-28,0.0,4.0
audited_reconstruction_ols,1,2017-02-01,0.766619382732642,0.5568209093117213,120,2015-01-28,0.0,4.0
audited_reconstruction_ols,1,2017-03-15,3.918162323003221,5.495579755987951,120,2015-01-28,0.0,4.0
audited_reconstruction_ols,1,2017-05-03,0.1927092668246962,-0.29126494361987565,120,2015-01-28,0.0,4.0
audited_reconstruction_ols,1,2017-06-14,1.5564240385273835,4.643541384259061,120,2015-01-28,0.0,4.0
audited_reconstruction_ols,1,2017-07-26,1.417996232649504,6.863010136138641,120,2015-01-28,0.0,4.0
historical_mean,1,2015-03-18,2.9198479959632526,-0.1793531574910422,120,2015-01-28,,1.0
historical_mean,1,2015-04-29,0.9332960299921064,-0.1793531574910422,120,2015-01-28,,1.0
historical_mean,1,2015-06-17,-0.0539798922692998,-0.1793531574910422,120,2015-01-28,,1.0
historical_mean,1,2015-07-29,-2.5614380312419707,-0.1793531574910422,120,2015-01-28,,1.0
historical_mean,1,2015-09-17,-6.398507299645421,-0.1793531574910422,120,2015-01-28,,1.0
historical_mean,1,2015-10-28,5.617495236249391,-0.1793531574910422,120,2015-01-28,,1.0
historical_mean,1,2015-12-16,-3.302400414906358,-0.1793531574910422,120,2015-01-28,,1.0
historical_mean,1,2016-01-27,-8.439700515612575,-0.1793531574910422,120,2015-01-28,,1.0
historical_mean,1,2016-03-16,6.417252408444,-0.1793531574910422,120,2015-01-28,,1.0
historical_mean,1,2016-04-27,2.260498155543345,-0.1793531574910422,120,2015-01-28,,1.0
historical_mean,1,2016-06-15,0.1222627909513048,-0.1793531574910422,120,2015-01-28,,1.0
historical_mean,1,2016-07-27,4.23185664561935,-0.1793531574910422,120,2015-01-28,,1.0
historical_mean,1,2016-09-21,-1.4803900600906414,-0.1793531574910422,120,2015-01-28,,1.0
historical_mean,1,2016-11-02,-2.404315230048286,-0.1793531574910422,120,2015-01-28,,1.0
historical_mean,1,2016-12-14,7.699389600131472,-0.1793531574910422,120,2015-01-28,,1.0
historical_mean,1,2017-02-01,0.766619382732642,-0.1793531574910422,120,2015-01-28,,1.0
historical_mean,1,2017-03-15,3.918162323003221,-0.1793531574910422,120,2015-01-28,,1.0
historical_mean,1,2017-05-03,0.1927092668246962,-0.1793531574910422,120,2015-01-28,,1.0
historical_mean,1,2017-06-14,1.5564240385273835,-0.1793531574910422,120,2015-01-28,,1.0
historical_mean,1,2017-07-26,1.417996232649504,-0.1793531574910422,120,2015-01-28,,1.0
gemini_vector,2,2017-09-20,0.9944146118107968,1.6462665624862631,140,2017-07-26,1.0,32.134826283003356
gemini_vector,2,2017-11-01,2.7340856247888965,3.1593891404992385,140,2017-07-26,1.0,32.134826283003356
gemini_vector,2,2017-12-13,2.9260790182207024,2.8057140841150607,140,2017-07-26,1.0,32.134826283003356
gemini_vector,2,2018-01-31,7.148911655702096,2.220935189533025,140,2017-07-26,1.0,32.134826283003356
gemini_vector,2,2018-03-21,-4.1445720726304085,-3.087330203772355,140,2017-07-26,1.0,32.134826283003356
gemini_vector,2,2018-05-02,-0.0218536416260347,-0.4711072580461697,140,2017-07-26,1.0,32.134826283003356
gemini_vector,2,2018-06-13,5.428358892467418,1.747126113888317,140,2017-07-26,1.0,32.134826283003356
gemini_vector,2,2018-08-01,0.4763710453831742,-1.1053310241287808,140,2017-07-26,1.0,32.134826283003356
gemini_vector,2,2018-09-26,2.9069004200691184,2.02280443821481,140,2017-07-26,1.0,32.134826283003356
gemini_vector,2,2018-11-08,-5.840717554989847,-3.96310849104192,140,2017-07-26,1.0,32.134826283003356
gemini_vector,2,2018-12-19,-9.076083946390025,-4.256724981473783,140,2017-07-26,1.0,32.134826283003356
gemini_vector,2,2019-01-30,6.65247519930154,-0.4572157054770993,140,2017-07-26,1.0,32.134826283003356
gemini_vector,2,2019-03-20,4.353035321394501,2.1613059900522793,140,2017-07-26,1.0,32.134826283003356
gemini_vector,2,2019-05-01,2.786040220264391,3.322804337754115,140,2017-07-26,1.0,32.134826283003356
gemini_vector,2,2019-06-19,-1.250213439072959,-3.232559448467301,140,2017-07-26,1.0,32.134826283003356
gemini_vector,2,2019-07-31,2.011188830104515,1.9323933091226357,140,2017-07-26,1.0,32.134826283003356
gemini_vector,2,2019-09-18,1.2473197240470009,-0.12605627632805197,140,2017-07-26,1.0,32.134826283003356
gemini_vector,2,2019-10-30,0.8963428400446505,1.12468643973756,140,2017-07-26,1.0,32.134826283003356
gemini_vector,2,2019-12-11,3.023718257214977,1.9457429416257315,140,2017-07-26,1.0,32.134826283003356
gemini_vector,2,2020-01-29,2.1485559840748008,0.9391311860307826,140,2017-07-26,1.0,32.134826283003356
historical_counts,2,2017-09-20,0.9944146118107968,0.15715290249401923,140,2017-07-26,10.0,3.6340731939344844
historical_counts,2,2017-11-01,2.7340856247888965,2.063247112104325,140,2017-07-26,10.0,3.6340731939344844
historical_counts,2,2017-12-13,2.9260790182207024,0.7398105486850306,140,2017-07-26,10.0,3.6340731939344844
historical_counts,2,2018-01-31,7.148911655702096,4.76313418309756,140,2017-07-26,10.0,3.6340731939344844
historical_counts,2,2018-03-21,-4.1445720726304085,-2.4665751271998917,140,2017-07-26,10.0,3.6340731939344844
historical_counts,2,2018-05-02,-0.0218536416260347,-1.6603023353631199,140,2017-07-26,10.0,3.6340731939344844
historical_counts,2,2018-06-13,5.428358892467418,0.0724258110500299,140,2017-07-26,10.0,3.6340731939344844
historical_counts,2,2018-08-01,0.4763710453831742,-3.131568702570831,140,2017-07-26,10.0,3.6340731939344844
historical_counts,2,2018-09-26,2.9069004200691184,2.163106561476477,140,2017-07-26,10.0,3.6340731939344844
historical_counts,2,2018-11-08,-5.840717554989847,-0.8633355298484293,140,2017-07-26,10.0,3.6340731939344844
historical_counts,2,2018-12-19,-9.076083946390025,-5.1813063568707625,140,2017-07-26,10.0,3.6340731939344844
historical_counts,2,2019-01-30,6.65247519930154,-2.2756021392136034,140,2017-07-26,10.0,3.6340731939344844
historical_counts,2,2019-03-20,4.353035321394501,-1.0557030811871968,140,2017-07-26,10.0,3.6340731939344844
historical_counts,2,2019-05-01,2.786040220264391,-3.127038180546418,140,2017-07-26,10.0,3.6340731939344844
historical_counts,2,2019-06-19,-1.250213439072959,-3.8557103598813014,140,2017-07-26,10.0,3.6340731939344844
historical_counts,2,2019-07-31,2.011188830104515,0.8974324724692392,140,2017-07-26,10.0,3.6340731939344844
historical_counts,2,2019-09-18,1.2473197240470009,0.2287745615384806,140,2017-07-26,10.0,3.6340731939344844
historical_counts,2,2019-10-30,0.8963428400446505,-1.145932455121462,140,2017-07-26,10.0,3.6340731939344844
historical_counts,2,2019-12-11,3.023718257214977,2.7499775008065552,140,2017-07-26,10.0,3.6340731939344844
historical_counts,2,2020-01-29,2.1485559840748008,1.712773168585298,140,2017-07-26,10.0,3.6340731939344844
attention_counts,2,2017-09-20,0.9944146118107968,-0.0579955661313257,140,2017-07-26,10000.0,1.0139018154182864
attention_counts,2,2017-11-01,2.7340856247888965,-0.057948934791345386,140,2017-07-26,10000.0,1.0139018154182864
attention_counts,2,2017-12-13,2.9260790182207024,-0.057919574318024455,140,2017-07-26,10000.0,1.0139018154182864
attention_counts,2,2018-01-31,7.148911655702096,-0.0593804341326531,140,2017-07-26,10000.0,1.0139018154182864
attention_counts,2,2018-03-21,-4.1445720726304085,-0.06389523273555331,140,2017-07-26,10000.0,1.0139018154182864
attention_counts,2,2018-05-02,-0.0218536416260347,-0.06140899445086651,140,2017-07-26,10000.0,1.0139018154182864
attention_counts,2,2018-06-13,5.428358892467418,-0.05875350167291787,140,2017-07-26,10000.0,1.0139018154182864
attention_counts,2,2018-08-01,0.4763710453831742,-0.0588847602595291,140,2017-07-26,10000.0,1.0139018154182864
attention_counts,2,2018-09-26,2.9069004200691184,-0.06136581728421808,140,2017-07-26,10000.0,1.0139018154182864
attention_counts,2,2018-11-08,-5.840717554989847,-0.0699796976130362,140,2017-07-26,10000.0,1.0139018154182864
attention_counts,2,2018-12-19,-9.076083946390025,-0.062310278185731476,140,2017-07-26,10000.0,1.0139018154182864
attention_counts,2,2019-01-30,6.65247519930154,-0.0612520850690205,140,2017-07-26,10000.0,1.0139018154182864
attention_counts,2,2019-03-20,4.353035321394501,-0.06317874727394363,140,2017-07-26,10000.0,1.0139018154182864
attention_counts,2,2019-05-01,2.786040220264391,-0.060652785995940275,140,2017-07-26,10000.0,1.0139018154182864
attention_counts,2,2019-06-19,-1.250213439072959,-0.05885367269954223,140,2017-07-26,10000.0,1.0139018154182864
attention_counts,2,2019-07-31,2.011188830104515,-0.05984649202770187,140,2017-07-26,10000.0,1.0139018154182864
attention_counts,2,2019-09-18,1.2473197240470009,-0.0624225388190174,140,2017-07-26,10000.0,1.0139018154182864
attention_counts,2,2019-10-30,0.8963428400446505,-0.055697580293226065,140,2017-07-26,10000.0,1.0139018154182864
attention_counts,2,2019-12-11,3.023718257214977,-0.05720136176974884,140,2017-07-26,10000.0,1.0139018154182864
attention_counts,2,2020-01-29,2.1485559840748008,-0.062032472737269855,140,2017-07-26,10000.0,1.0139018154182864
tfidf_bigram_only,2,2017-09-20,0.9944146118107968,-0.05774080985495961,140,2017-07-26,10000.0,1.0139499269500138
tfidf_bigram_only,2,2017-11-01,2.7340856247888965,-0.057767428675155386,140,2017-07-26,10000.0,1.0139499269500138
tfidf_bigram_only,2,2017-12-13,2.9260790182207024,-0.057768359932313856,140,2017-07-26,10000.0,1.0139499269500138
tfidf_bigram_only,2,2018-01-31,7.148911655702096,-0.05818016302930689,140,2017-07-26,10000.0,1.0139499269500138
tfidf_bigram_only,2,2018-03-21,-4.1445720726304085,-0.05781805430140741,140,2017-07-26,10000.0,1.0139499269500138
tfidf_bigram_only,2,2018-05-02,-0.0218536416260347,-0.057886171776815674,140,2017-07-26,10000.0,1.0139499269500138
tfidf_bigram_only,2,2018-06-13,5.428358892467418,-0.057716286326793695,140,2017-07-26,10000.0,1.0139499269500138
tfidf_bigram_only,2,2018-08-01,0.4763710453831742,-0.05783174634359116,140,2017-07-26,10000.0,1.0139499269500138
tfidf_bigram_only,2,2018-09-26,2.9069004200691184,-0.05785076214284303,140,2017-07-26,10000.0,1.0139499269500138
tfidf_bigram_only,2,2018-11-08,-5.840717554989847,-0.05796632782018158,140,2017-07-26,10000.0,1.0139499269500138
tfidf_bigram_only,2,2018-12-19,-9.076083946390025,-0.05819016616116362,140,2017-07-26,10000.0,1.0139499269500138
tfidf_bigram_only,2,2019-01-30,6.65247519930154,-0.058684987851681636,140,2017-07-26,10000.0,1.0139499269500138
tfidf_bigram_only,2,2019-03-20,4.353035321394501,-0.05784986149438522,140,2017-07-26,10000.0,1.0139499269500138
tfidf_bigram_only,2,2019-05-01,2.786040220264391,-0.05791818230967869,140,2017-07-26,10000.0,1.0139499269500138
tfidf_bigram_only,2,2019-06-19,-1.250213439072959,-0.05801750539507645,140,2017-07-26,10000.0,1.0139499269500138
tfidf_bigram_only,2,2019-07-31,2.011188830104515,-0.05802845773801627,140,2017-07-26,10000.0,1.0139499269500138
tfidf_bigram_only,2,2019-09-18,1.2473197240470009,-0.058046336160070836,140,2017-07-26,10000.0,1.0139499269500138
tfidf_bigram_only,2,2019-10-30,0.8963428400446505,-0.05812609649709044,140,2017-07-26,10000.0,1.0139499269500138
tfidf_bigram_only,2,2019-12-11,3.023718257214977,-0.05776824587192163,140,2017-07-26,10000.0,1.0139499269500138
tfidf_bigram_only,2,2020-01-29,2.1485559840748008,-0.05860196098110654,140,2017-07-26,10000.0,1.0139499269500138
length_only,2,2017-09-20,0.9944146118107968,-0.05805519891622123,140,2017-07-26,10000.0,1.0138067061143985
length_only,2,2017-11-01,2.7340856247888965,-0.0579620430412162,140,2017-07-26,10000.0,1.0138067061143985
length_only,2,2017-12-13,2.9260790182207024,-0.05790338934213897,140,2017-07-26,10000.0,1.0138067061143985
length_only,2,2018-01-31,7.148911655702096,-0.059114415717204216,140,2017-07-26,10000.0,1.0138067061143985
length_only,2,2018-03-21,-4.1445720726304085,-0.05788958847176786,140,2017-07-26,10000.0,1.0138067061143985
length_only,2,2018-05-02,-0.0218536416260347,-0.05804484826344289,140,2017-07-26,10000.0,1.0138067061143985
length_only,2,2018-06-13,5.428358892467418,-0.05786198673102563,140,2017-07-26,10000.0,1.0138067061143985
length_only,2,2018-08-01,0.4763710453831742,-0.058124203268076796,140,2017-07-26,10000.0,1.0138067061143985
length_only,2,2018-09-26,2.9069004200691184,-0.05795859282362343,140,2017-07-26,10000.0,1.0138067061143985
length_only,2,2018-11-08,-5.840717554989847,-0.05809315130974179,140,2017-07-26,10000.0,1.0138067061143985
length_only,2,2018-12-19,-9.076083946390025,-0.05813800413844791,140,2017-07-26,10000.0,1.0138067061143985
length_only,2,2019-01-30,6.65247519930154,-0.059438736170925384,140,2017-07-26,10000.0,1.0138067061143985
length_only,2,2019-03-20,4.353035321394501,-0.05816560587919013,140,2017-07-26,10000.0,1.0138067061143985
length_only,2,2019-05-01,2.786040220264391,-0.05824151066623126,140,2017-07-26,10000.0,1.0138067061143985
length_only,2,2019-06-19,-1.250213439072959,-0.058062099351406785,140,2017-07-26,10000.0,1.0138067061143985
length_only,2,2019-07-31,2.011188830104515,-0.05833811675882906,140,2017-07-26,10000.0,1.0138067061143985
length_only,2,2019-09-18,1.2473197240470009,-0.05836226828197851,140,2017-07-26,10000.0,1.0138067061143985
length_only,2,2019-10-30,0.8963428400446505,-0.058586532425509104,140,2017-07-26,10000.0,1.0138067061143985
length_only,2,2019-12-11,3.023718257214977,-0.05817595653196847,140,2017-07-26,10000.0,1.0138067061143985
length_only,2,2020-01-29,2.1485559840748008,-0.05929037681443591,140,2017-07-26,10000.0,1.0138067061143985
uploaded_as_received_split,2,2017-09-20,0.9944146118107968,3.532269571218069,140,2017-07-26,0.001,3.999922737308375
uploaded_as_received_split,2,2017-11-01,2.7340856247888965,3.9200888629298163,140,2017-07-26,0.001,3.999922737308375
uploaded_as_received_split,2,2017-12-13,2.9260790182207024,3.9268272244909723,140,2017-07-26,0.001,3.999922737308375
uploaded_as_received_split,2,2018-01-31,7.148911655702096,2.5862482772755033,140,2017-07-26,0.001,3.999922737308375
uploaded_as_received_split,2,2018-03-21,-4.1445720726304085,-4.41164844006434,140,2017-07-26,0.001,3.999922737308375
uploaded_as_received_split,2,2018-05-02,-0.0218536416260347,-5.63093687906527,140,2017-07-26,0.001,3.999922737308375
uploaded_as_received_split,2,2018-06-13,5.428358892467418,-0.014838253952313314,140,2017-07-26,0.001,3.999922737308375
uploaded_as_received_split,2,2018-08-01,0.4763710453831742,-2.035698687236443,140,2017-07-26,0.001,3.999922737308375
uploaded_as_received_split,2,2018-09-26,2.9069004200691184,2.3419164495350624,140,2017-07-26,0.001,3.999922737308375
uploaded_as_received_split,2,2018-11-08,-5.840717554989847,-6.0486533237742925,140,2017-07-26,0.001,3.999922737308375
uploaded_as_received_split,2,2018-12-19,-9.076083946390025,-4.852354588960706,140,2017-07-26,0.001,3.999922737308375
uploaded_as_received_split,2,2019-01-30,6.65247519930154,-5.001787666041315,140,2017-07-26,0.001,3.999922737308375
uploaded_as_received_split,2,2019-03-20,4.353035321394501,3.5195855965166847,140,2017-07-26,0.001,3.999922737308375
uploaded_as_received_split,2,2019-05-01,2.786040220264391,0.3186777710192049,140,2017-07-26,0.001,3.999922737308375
uploaded_as_received_split,2,2019-06-19,-1.250213439072959,-3.6421827567648544,140,2017-07-26,0.001,3.999922737308375
uploaded_as_received_split,2,2019-07-31,2.011188830104515,2.298315286472226,140,2017-07-26,0.001,3.999922737308375
uploaded_as_received_split,2,2019-09-18,1.2473197240470009,-4.465951706826459,140,2017-07-26,0.001,3.999922737308375
uploaded_as_received_split,2,2019-10-30,0.8963428400446505,0.3140903677627592,140,2017-07-26,0.001,3.999922737308375
uploaded_as_received_split,2,2019-12-11,3.023718257214977,1.1505432925378487,140,2017-07-26,0.001,3.999922737308375
uploaded_as_received_split,2,2020-01-29,2.1485559840748008,0.5752971992742979,140,2017-07-26,0.001,3.999922737308375
uploaded_as_received_joint,2,2017-09-20,0.9944146118107968,3.043878492122941,140,2017-07-26,10.0,3.446887403300714
uploaded_as_received_joint,2,2017-11-01,2.7340856247888965,3.4509468136392405,140,2017-07-26,10.0,3.446887403300714
uploaded_as_received_joint,2,2017-12-13,2.9260790182207024,3.456300465686775,140,2017-07-26,10.0,3.446887403300714
uploaded_as_received_joint,2,2018-01-31,7.148911655702096,2.3370690279321513,140,2017-07-26,10.0,3.446887403300714
uploaded_as_received_joint,2,2018-03-21,-4.1445720726304085,-3.7903018526750123,140,2017-07-26,10.0,3.446887403300714
uploaded_as_received_joint,2,2018-05-02,-0.0218536416260347,-4.813167553573985,140,2017-07-26,10.0,3.446887403300714
uploaded_as_received_joint,2,2018-06-13,5.428358892467418,-0.05806981428509637,140,2017-07-26,10.0,3.446887403300714
uploaded_as_received_joint,2,2018-08-01,0.4763710453831742,-1.7943279228483031,140,2017-07-26,10.0,3.446887403300714
uploaded_as_received_joint,2,2018-09-26,2.9069004200691184,2.0440020029575146,140,2017-07-26,10.0,3.446887403300714
uploaded_as_received_joint,2,2018-11-08,-5.840717554989847,-5.12264084680871,140,2017-07-26,10.0,3.446887403300714
uploaded_as_received_joint,2,2018-12-19,-9.076083946390025,-4.118040547013103,140,2017-07-26,10.0,3.446887403300714
uploaded_as_received_joint,2,2019-01-30,6.65247519930154,-4.236765654184938,140,2017-07-26,10.0,3.446887403300714
uploaded_as_received_joint,2,2019-03-20,4.353035321394501,3.033801029445223,140,2017-07-26,10.0,3.446887403300714
uploaded_as_received_joint,2,2019-05-01,2.786040220264391,0.30585437014223776,140,2017-07-26,10.0,3.446887403300714
uploaded_as_received_joint,2,2019-06-19,-1.250213439072959,-3.1024180224137408,140,2017-07-26,10.0,3.446887403300714
uploaded_as_received_joint,2,2019-07-31,2.011188830104515,2.0093607250028653,140,2017-07-26,10.0,3.446887403300714
uploaded_as_received_joint,2,2019-09-18,1.2473197240470009,-3.833445989763983,140,2017-07-26,10.0,3.446887403300714
uploaded_as_received_joint,2,2019-10-30,0.8963428400446505,0.18086124020561997,140,2017-07-26,10.0,3.446887403300714
uploaded_as_received_joint,2,2019-12-11,3.023718257214977,0.9219666702335787,140,2017-07-26,10.0,3.446887403300714
uploaded_as_received_joint,2,2020-01-29,2.1485559840748008,0.6086839370859115,140,2017-07-26,10.0,3.446887403300714
dictionary_only_correction_split,2,2017-09-20,0.9944146118107968,3.532269571218069,140,2017-07-26,0.001,3.999922737308375
dictionary_only_correction_split,2,2017-11-01,2.7340856247888965,3.9200888629298163,140,2017-07-26,0.001,3.999922737308375
dictionary_only_correction_split,2,2017-12-13,2.9260790182207024,3.9268272244909723,140,2017-07-26,0.001,3.999922737308375
dictionary_only_correction_split,2,2018-01-31,7.148911655702096,2.5862482772755033,140,2017-07-26,0.001,3.999922737308375
dictionary_only_correction_split,2,2018-03-21,-4.1445720726304085,-4.41164844006434,140,2017-07-26,0.001,3.999922737308375
dictionary_only_correction_split,2,2018-05-02,-0.0218536416260347,-5.63093687906527,140,2017-07-26,0.001,3.999922737308375
dictionary_only_correction_split,2,2018-06-13,5.428358892467418,-0.014838253952313314,140,2017-07-26,0.001,3.999922737308375
dictionary_only_correction_split,2,2018-08-01,0.4763710453831742,-2.035698687236443,140,2017-07-26,0.001,3.999922737308375
dictionary_only_correction_split,2,2018-09-26,2.9069004200691184,2.3419164495350624,140,2017-07-26,0.001,3.999922737308375
dictionary_only_correction_split,2,2018-11-08,-5.840717554989847,-6.0486533237742925,140,2017-07-26,0.001,3.999922737308375
dictionary_only_correction_split,2,2018-12-19,-9.076083946390025,-4.852354588960706,140,2017-07-26,0.001,3.999922737308375
dictionary_only_correction_split,2,2019-01-30,6.65247519930154,-5.001787666041315,140,2017-07-26,0.001,3.999922737308375
dictionary_only_correction_split,2,2019-03-20,4.353035321394501,3.5195855965166847,140,2017-07-26,0.001,3.999922737308375
dictionary_only_correction_split,2,2019-05-01,2.786040220264391,0.3186777710192049,140,2017-07-26,0.001,3.999922737308375
dictionary_only_correction_split,2,2019-06-19,-1.250213439072959,-3.6421827567648544,140,2017-07-26,0.001,3.999922737308375
dictionary_only_correction_split,2,2019-07-31,2.011188830104515,2.298315286472226,140,2017-07-26,0.001,3.999922737308375
dictionary_only_correction_split,2,2019-09-18,1.2473197240470009,-4.465951706826459,140,2017-07-26,0.001,3.999922737308375
dictionary_only_correction_split,2,2019-10-30,0.8963428400446505,0.3140903677627592,140,2017-07-26,0.001,3.999922737308375
dictionary_only_correction_split,2,2019-12-11,3.023718257214977,1.1505432925378487,140,2017-07-26,0.001,3.999922737308375
dictionary_only_correction_split,2,2020-01-29,2.1485559840748008,0.5752971992742979,140,2017-07-26,0.001,3.999922737308375
dictionary_only_correction_joint,2,2017-09-20,0.9944146118107968,3.043878492122941,140,2017-07-26,10.0,3.446887403300714
dictionary_only_correction_joint,2,2017-11-01,2.7340856247888965,3.4509468136392405,140,2017-07-26,10.0,3.446887403300714
dictionary_only_correction_joint,2,2017-12-13,2.9260790182207024,3.456300465686775,140,2017-07-26,10.0,3.446887403300714
dictionary_only_correction_joint,2,2018-01-31,7.148911655702096,2.3370690279321513,140,2017-07-26,10.0,3.446887403300714
dictionary_only_correction_joint,2,2018-03-21,-4.1445720726304085,-3.7903018526750123,140,2017-07-26,10.0,3.446887403300714
dictionary_only_correction_joint,2,2018-05-02,-0.0218536416260347,-4.813167553573985,140,2017-07-26,10.0,3.446887403300714
dictionary_only_correction_joint,2,2018-06-13,5.428358892467418,-0.05806981428509637,140,2017-07-26,10.0,3.446887403300714
dictionary_only_correction_joint,2,2018-08-01,0.4763710453831742,-1.7943279228483031,140,2017-07-26,10.0,3.446887403300714
dictionary_only_correction_joint,2,2018-09-26,2.9069004200691184,2.0440020029575146,140,2017-07-26,10.0,3.446887403300714
dictionary_only_correction_joint,2,2018-11-08,-5.840717554989847,-5.12264084680871,140,2017-07-26,10.0,3.446887403300714
dictionary_only_correction_joint,2,2018-12-19,-9.076083946390025,-4.118040547013103,140,2017-07-26,10.0,3.446887403300714
dictionary_only_correction_joint,2,2019-01-30,6.65247519930154,-4.236765654184938,140,2017-07-26,10.0,3.446887403300714
dictionary_only_correction_joint,2,2019-03-20,4.353035321394501,3.033801029445223,140,2017-07-26,10.0,3.446887403300714
dictionary_only_correction_joint,2,2019-05-01,2.786040220264391,0.30585437014223776,140,2017-07-26,10.0,3.446887403300714
dictionary_only_correction_joint,2,2019-06-19,-1.250213439072959,-3.1024180224137408,140,2017-07-26,10.0,3.446887403300714
dictionary_only_correction_joint,2,2019-07-31,2.011188830104515,2.0093607250028653,140,2017-07-26,10.0,3.446887403300714
dictionary_only_correction_joint,2,2019-09-18,1.2473197240470009,-3.833445989763983,140,2017-07-26,10.0,3.446887403300714
dictionary_only_correction_joint,2,2019-10-30,0.8963428400446505,0.18086124020561997,140,2017-07-26,10.0,3.446887403300714
dictionary_only_correction_joint,2,2019-12-11,3.023718257214977,0.9219666702335787,140,2017-07-26,10.0,3.446887403300714
dictionary_only_correction_joint,2,2020-01-29,2.1485559840748008,0.6086839370859115,140,2017-07-26,10.0,3.446887403300714
audited_reconstruction_split,2,2017-09-20,0.9944146118107968,3.475511591367635,140,2017-07-26,1.0,3.924904848528024
audited_reconstruction_split,2,2017-11-01,2.7340856247888965,3.895538033819532,140,2017-07-26,1.0,3.924904848528024
audited_reconstruction_split,2,2017-12-13,2.9260790182207024,4.6711098423534665,140,2017-07-26,1.0,3.924904848528024
audited_reconstruction_split,2,2018-01-31,7.148911655702096,1.5655165628209153,140,2017-07-26,1.0,3.924904848528024
audited_reconstruction_split,2,2018-03-21,-4.1445720726304085,-3.3487695187471815,140,2017-07-26,1.0,3.924904848528024
audited_reconstruction_split,2,2018-05-02,-0.0218536416260347,-6.389541363090458,140,2017-07-26,1.0,3.924904848528024
audited_reconstruction_split,2,2018-06-13,5.428358892467418,0.04182815327910821,140,2017-07-26,1.0,3.924904848528024
audited_reconstruction_split,2,2018-08-01,0.4763710453831742,-1.8758762371579345,140,2017-07-26,1.0,3.924904848528024
audited_reconstruction_split,2,2018-09-26,2.9069004200691184,2.351808633194838,140,2017-07-26,1.0,3.924904848528024
audited_reconstruction_split,2,2018-11-08,-5.840717554989847,-6.750170763305021,140,2017-07-26,1.0,3.924904848528024
audited_reconstruction_split,2,2018-12-19,-9.076083946390025,-4.493655952472048,140,2017-07-26,1.0,3.924904848528024
audited_reconstruction_split,2,2019-01-30,6.65247519930154,-4.9311813689405435,140,2017-07-26,1.0,3.924904848528024
audited_reconstruction_split,2,2019-03-20,4.353035321394501,3.468732879190993,140,2017-07-26,1.0,3.924904848528024
audited_reconstruction_split,2,2019-05-01,2.786040220264391,0.4328332342247069,140,2017-07-26,1.0,3.924904848528024
audited_reconstruction_split,2,2019-06-19,-1.250213439072959,-3.3593612565232025,140,2017-07-26,1.0,3.924904848528024
audited_reconstruction_split,2,2019-07-31,2.011188830104515,2.3285068100875965,140,2017-07-26,1.0,3.924904848528024
audited_reconstruction_split,2,2019-09-18,1.2473197240470009,-3.377790880253503,140,2017-07-26,1.0,3.924904848528024
audited_reconstruction_split,2,2019-10-30,0.8963428400446505,-0.002657145380184203,140,2017-07-26,1.0,3.924904848528024
audited_reconstruction_split,2,2019-12-11,3.023718257214977,2.696126757234351,140,2017-07-26,1.0,3.924904848528024
audited_reconstruction_split,2,2020-01-29,2.1485559840748008,2.326683607979471,140,2017-07-26,1.0,3.924904848528024
audited_reconstruction_joint,2,2017-09-20,0.9944146118107968,3.0565497752308795,140,2017-07-26,10.0,3.4462878132669275
audited_reconstruction_joint,2,2017-11-01,2.7340856247888965,3.4871332869484437,140,2017-07-26,10.0,3.4462878132669275
audited_reconstruction_joint,2,2017-12-13,2.9260790182207024,4.189475807057308,140,2017-07-26,10.0,3.4462878132669275
audited_reconstruction_joint,2,2018-01-31,7.148911655702096,1.4776598678892725,140,2017-07-26,10.0,3.4462878132669275
audited_reconstruction_joint,2,2018-03-21,-4.1445720726304085,-2.9225672241542475,140,2017-07-26,10.0,3.4462878132669275
audited_reconstruction_joint,2,2018-05-02,-0.0218536416260347,-5.575793379603505,140,2017-07-26,10.0,3.4462878132669275
audited_reconstruction_joint,2,2018-06-13,5.428358892467418,-0.0027517471124088033,140,2017-07-26,10.0,3.4462878132669275
audited_reconstruction_joint,2,2018-08-01,0.4763710453831742,-1.6891522295559966,140,2017-07-26,10.0,3.4462878132669275
audited_reconstruction_joint,2,2018-09-26,2.9069004200691184,2.0891496925809045,140,2017-07-26,10.0,3.4462878132669275
audited_reconstruction_joint,2,2018-11-08,-5.840717554989847,-5.852147665149214,140,2017-07-26,10.0,3.4462878132669275
audited_reconstruction_joint,2,2018-12-19,-9.076083946390025,-3.9091142949476123,140,2017-07-26,10.0,3.4462878132669275
audited_reconstruction_joint,2,2019-01-30,6.65247519930154,-4.254972147453832,140,2017-07-26,10.0,3.4462878132669275
audited_reconstruction_joint,2,2019-03-20,4.353035321394501,3.0504227390249934,140,2017-07-26,10.0,3.4462878132669275
audited_reconstruction_joint,2,2019-05-01,2.786040220264391,0.4016003908487153,140,2017-07-26,10.0,3.4462878132669275
audited_reconstruction_joint,2,2019-06-19,-1.250213439072959,-2.932140718225946,140,2017-07-26,10.0,3.4462878132669275
audited_reconstruction_joint,2,2019-07-31,2.011188830104515,2.068088005623175,140,2017-07-26,10.0,3.4462878132669275
audited_reconstruction_joint,2,2019-09-18,1.2473197240470009,-2.9487985979106943,140,2017-07-26,10.0,3.4462878132669275
audited_reconstruction_joint,2,2019-10-30,0.8963428400446505,-0.04296042221353113,140,2017-07-26,10.0,3.4462878132669275
audited_reconstruction_joint,2,2019-12-11,3.023718257214977,2.350760797256203,140,2017-07-26,10.0,3.4462878132669275
audited_reconstruction_joint,2,2020-01-29,2.1485559840748008,2.166982436060626,140,2017-07-26,10.0,3.4462878132669275
audited_counts_plus_gemini,2,2017-09-20,0.9944146118107968,2.6541223105790945,140,2017-07-26,1.0,26.69053136098318
audited_counts_plus_gemini,2,2017-11-01,2.7340856247888965,3.792195372966803,140,2017-07-26,1.0,26.69053136098318
audited_counts_plus_gemini,2,2017-12-13,2.9260790182207024,4.140989454245267,140,2017-07-26,1.0,26.69053136098318
audited_counts_plus_gemini,2,2018-01-31,7.148911655702096,1.647369639935875,140,2017-07-26,1.0,26.69053136098318
audited_counts_plus_gemini,2,2018-03-21,-4.1445720726304085,-4.987005837610138,140,2017-07-26,1.0,26.69053136098318
audited_counts_plus_gemini,2,2018-05-02,-0.0218536416260347,-4.531460210227034,140,2017-07-26,1.0,26.69053136098318
audited_counts_plus_gemini,2,2018-06-13,5.428358892467418,0.8846028638865571,140,2017-07-26,1.0,26.69053136098318
audited_counts_plus_gemini,2,2018-08-01,0.4763710453831742,-1.7802409242036097,140,2017-07-26,1.0,26.69053136098318
audited_counts_plus_gemini,2,2018-09-26,2.9069004200691184,2.6149664098261955,140,2017-07-26,1.0,26.69053136098318
audited_counts_plus_gemini,2,2018-11-08,-5.840717554989847,-6.973063812835216,140,2017-07-26,1.0,26.69053136098318
audited_counts_plus_gemini,2,2018-12-19,-9.076083946390025,-5.698826536913605,140,2017-07-26,1.0,26.69053136098318
audited_counts_plus_gemini,2,2019-01-30,6.65247519930154,-3.460328158564971,140,2017-07-26,1.0,26.69053136098318
audited_counts_plus_gemini,2,2019-03-20,4.353035321394501,3.5387376220582305,140,2017-07-26,1.0,26.69053136098318
audited_counts_plus_gemini,2,2019-05-01,2.786040220264391,2.242944353547603,140,2017-07-26,1.0,26.69053136098318
audited_counts_plus_gemini,2,2019-06-19,-1.250213439072959,-4.310587971151489,140,2017-07-26,1.0,26.69053136098318
audited_counts_plus_gemini,2,2019-07-31,2.011188830104515,2.3769594374415095,140,2017-07-26,1.0,26.69053136098318
audited_counts_plus_gemini,2,2019-09-18,1.2473197240470009,-2.1628988348372546,140,2017-07-26,1.0,26.69053136098318
audited_counts_plus_gemini,2,2019-10-30,0.8963428400446505,1.0073797561597606,140,2017-07-26,1.0,26.69053136098318
audited_counts_plus_gemini,2,2019-12-11,3.023718257214977,2.62500516135442,140,2017-07-26,1.0,26.69053136098318
audited_counts_plus_gemini,2,2020-01-29,2.1485559840748008,1.8048169930810116,140,2017-07-26,1.0,26.69053136098318
uploaded_as_received_ols,2,2017-09-20,0.9944146118107968,3.532344747344008,140,2017-07-26,0.0,4.0
uploaded_as_received_ols,2,2017-11-01,2.7340856247888965,3.9201573135262056,140,2017-07-26,0.0,4.0
uploaded_as_received_ols,2,2017-12-13,2.9260790182207024,3.9268958027525924,140,2017-07-26,0.0,4.0
uploaded_as_received_ols,2,2018-01-31,7.148911655702096,2.5862831792826535,140,2017-07-26,0.0,4.0
uploaded_as_received_ols,2,2018-03-21,-4.1445720726304085,-4.411745289848171,140,2017-07-26,0.0,4.0
uploaded_as_received_ols,2,2018-05-02,-0.0218536416260347,-5.631065107243153,140,2017-07-26,0.0,4.0
uploaded_as_received_ols,2,2018-06-13,5.428358892467418,-0.014829866104107525,140,2017-07-26,0.0,4.0
uploaded_as_received_ols,2,2018-08-01,0.4763710453831742,-2.0357339666916827,140,2017-07-26,0.0,4.0
uploaded_as_received_ols,2,2018-09-26,2.9069004200691184,2.341960795450569,140,2017-07-26,0.0,4.0
uploaded_as_received_ols,2,2018-11-08,-5.840717554989847,-6.04880064144554,140,2017-07-26,0.0,4.0
uploaded_as_received_ols,2,2018-12-19,-9.076083946390025,-4.852470963764113,140,2017-07-26,0.0,4.0
uploaded_as_received_ols,2,2019-01-30,6.65247519930154,-5.0019068719022135,140,2017-07-26,0.0,4.0
uploaded_as_received_ols,2,2019-03-20,4.353035321394501,3.5196605323296337,140,2017-07-26,0.0,4.0
uploaded_as_received_ols,2,2019-05-01,2.786040220264391,0.3186784045477986,140,2017-07-26,0.0,4.0
uploaded_as_received_ols,2,2019-06-19,-1.250213439072959,-3.6422679259107134,140,2017-07-26,0.0,4.0
uploaded_as_received_ols,2,2019-07-31,2.011188830104515,2.2983588063386557,140,2017-07-26,0.0,4.0
uploaded_as_received_ols,2,2019-09-18,1.2473197240470009,-4.466049585378462,140,2017-07-26,0.0,4.0
uploaded_as_received_ols,2,2019-10-30,0.8963428400446505,0.31411616299765877,140,2017-07-26,0.0,4.0
uploaded_as_received_ols,2,2019-12-11,3.023718257214977,1.1505820374797824,140,2017-07-26,0.0,4.0
uploaded_as_received_ols,2,2020-01-29,2.1485559840748008,0.5752886216750588,140,2017-07-26,0.0,4.0
dictionary_only_correction_ols,2,2017-09-20,0.9944146118107968,3.532344747344008,140,2017-07-26,0.0,4.0
dictionary_only_correction_ols,2,2017-11-01,2.7340856247888965,3.9201573135262056,140,2017-07-26,0.0,4.0
dictionary_only_correction_ols,2,2017-12-13,2.9260790182207024,3.9268958027525924,140,2017-07-26,0.0,4.0
dictionary_only_correction_ols,2,2018-01-31,7.148911655702096,2.5862831792826535,140,2017-07-26,0.0,4.0
dictionary_only_correction_ols,2,2018-03-21,-4.1445720726304085,-4.411745289848171,140,2017-07-26,0.0,4.0
dictionary_only_correction_ols,2,2018-05-02,-0.0218536416260347,-5.631065107243153,140,2017-07-26,0.0,4.0
dictionary_only_correction_ols,2,2018-06-13,5.428358892467418,-0.014829866104107525,140,2017-07-26,0.0,4.0
dictionary_only_correction_ols,2,2018-08-01,0.4763710453831742,-2.0357339666916827,140,2017-07-26,0.0,4.0
dictionary_only_correction_ols,2,2018-09-26,2.9069004200691184,2.341960795450569,140,2017-07-26,0.0,4.0
dictionary_only_correction_ols,2,2018-11-08,-5.840717554989847,-6.04880064144554,140,2017-07-26,0.0,4.0
dictionary_only_correction_ols,2,2018-12-19,-9.076083946390025,-4.852470963764113,140,2017-07-26,0.0,4.0
dictionary_only_correction_ols,2,2019-01-30,6.65247519930154,-5.0019068719022135,140,2017-07-26,0.0,4.0
dictionary_only_correction_ols,2,2019-03-20,4.353035321394501,3.5196605323296337,140,2017-07-26,0.0,4.0
dictionary_only_correction_ols,2,2019-05-01,2.786040220264391,0.3186784045477986,140,2017-07-26,0.0,4.0
dictionary_only_correction_ols,2,2019-06-19,-1.250213439072959,-3.6422679259107134,140,2017-07-26,0.0,4.0
dictionary_only_correction_ols,2,2019-07-31,2.011188830104515,2.2983588063386557,140,2017-07-26,0.0,4.0
dictionary_only_correction_ols,2,2019-09-18,1.2473197240470009,-4.466049585378462,140,2017-07-26,0.0,4.0
dictionary_only_correction_ols,2,2019-10-30,0.8963428400446505,0.31411616299765877,140,2017-07-26,0.0,4.0
dictionary_only_correction_ols,2,2019-12-11,3.023718257214977,1.1505820374797824,140,2017-07-26,0.0,4.0
dictionary_only_correction_ols,2,2020-01-29,2.1485559840748008,0.5752886216750588,140,2017-07-26,0.0,4.0
audited_reconstruction_ols,2,2017-09-20,0.9944146118107968,3.549972209942834,140,2017-07-26,0.0,4.0
audited_reconstruction_ols,2,2017-11-01,2.7340856247888965,3.9645221882642807,140,2017-07-26,0.0,4.0
audited_reconstruction_ols,2,2017-12-13,2.9260790182207024,4.751925822079934,140,2017-07-26,0.0,4.0
audited_reconstruction_ols,2,2018-01-31,7.148911655702096,1.5765025748905475,140,2017-07-26,0.0,4.0
audited_reconstruction_ols,2,2018-03-21,-4.1445720726304085,-3.4264767880755587,140,2017-07-26,0.0,4.0
audited_reconstruction_ols,2,2018-05-02,-0.0218536416260347,-6.537348345781417,140,2017-07-26,0.0,4.0
audited_reconstruction_ols,2,2018-06-13,5.428358892467418,0.05155268781713451,140,2017-07-26,0.0,4.0
audited_reconstruction_ols,2,2018-08-01,0.4763710453831742,-1.9070778034559048,140,2017-07-26,0.0,4.0
audited_reconstruction_ols,2,2018-09-26,2.9069004200691184,2.397098283809196,140,2017-07-26,0.0,4.0
audited_reconstruction_ols,2,2018-11-08,-5.840717554989847,-6.915264878882173,140,2017-07-26,0.0,4.0
audited_reconstruction_ols,2,2018-12-19,-9.076083946390025,-4.600446037569827,140,2017-07-26,0.0,4.0
audited_reconstruction_ols,2,2019-01-30,6.65247519930154,-5.054938594469671,140,2017-07-26,0.0,4.0
audited_reconstruction_ols,2,2019-03-20,4.353035321394501,3.5432217064674325,140,2017-07-26,0.0,4.0
audited_reconstruction_ols,2,2019-05-01,2.786040220264391,0.43720207313451903,140,2017-07-26,0.0,4.0
audited_reconstruction_ols,2,2019-06-19,-1.250213439072959,-3.437024449755874,140,2017-07-26,0.0,4.0
audited_reconstruction_ols,2,2019-07-31,2.011188830104515,2.373893428112503,140,2017-07-26,0.0,4.0
audited_reconstruction_ols,2,2019-09-18,1.2473197240470009,-3.455377381079622,140,2017-07-26,0.0,4.0
audited_reconstruction_ols,2,2019-10-30,0.8963428400446505,0.007252508759811316,140,2017-07-26,0.0,4.0
audited_reconstruction_ols,2,2019-12-11,3.023718257214977,2.7587714179222678,140,2017-07-26,0.0,4.0
audited_reconstruction_ols,2,2020-01-29,2.1485559840748008,2.3495613888209723,140,2017-07-26,0.0,4.0
historical_mean,2,2017-09-20,0.9944146118107968,-0.05792357311505673,140,2017-07-26,,1.0
historical_mean,2,2017-11-01,2.7340856247888965,-0.05792357311505673,140,2017-07-26,,1.0
historical_mean,2,2017-12-13,2.9260790182207024,-0.05792357311505673,140,2017-07-26,,1.0
historical_mean,2,2018-01-31,7.148911655702096,-0.05792357311505673,140,2017-07-26,,1.0
historical_mean,2,2018-03-21,-4.1445720726304085,-0.05792357311505673,140,2017-07-26,,1.0
historical_mean,2,2018-05-02,-0.0218536416260347,-0.05792357311505673,140,2017-07-26,,1.0
historical_mean,2,2018-06-13,5.428358892467418,-0.05792357311505673,140,2017-07-26,,1.0
historical_mean,2,2018-08-01,0.4763710453831742,-0.05792357311505673,140,2017-07-26,,1.0
historical_mean,2,2018-09-26,2.9069004200691184,-0.05792357311505673,140,2017-07-26,,1.0
historical_mean,2,2018-11-08,-5.840717554989847,-0.05792357311505673,140,2017-07-26,,1.0
historical_mean,2,2018-12-19,-9.076083946390025,-0.05792357311505673,140,2017-07-26,,1.0
historical_mean,2,2019-01-30,6.65247519930154,-0.05792357311505673,140,2017-07-26,,1.0
historical_mean,2,2019-03-20,4.353035321394501,-0.05792357311505673,140,2017-07-26,,1.0
historical_mean,2,2019-05-01,2.786040220264391,-0.05792357311505673,140,2017-07-26,,1.0
historical_mean,2,2019-06-19,-1.250213439072959,-0.05792357311505673,140,2017-07-26,,1.0
historical_mean,2,2019-07-31,2.011188830104515,-0.05792357311505673,140,2017-07-26,,1.0
historical_mean,2,2019-09-18,1.2473197240470009,-0.05792357311505673,140,2017-07-26,,1.0
historical_mean,2,2019-10-30,0.8963428400446505,-0.05792357311505673,140,2017-07-26,,1.0
historical_mean,2,2019-12-11,3.023718257214977,-0.05792357311505673,140,2017-07-26,,1.0
historical_mean,2,2020-01-29,2.1485559840748008,-0.05792357311505673,140,2017-07-26,,1.0
gemini_vector,3,2020-03-15,-19.30679872098346,-8.958292581223057,160,2020-01-29,1.0,35.86551423165493
gemini_vector,3,2020-04-29,18.74563559498336,2.659254852192165,160,2020-01-29,1.0,35.86551423165493
gemini_vector,3,2020-06-10,10.409357713788122,4.7322114915423095,160,2020-01-29,1.0,35.86551423165493
gemini_vector,3,2020-07-29,7.589732604042245,-1.199982569150861,160,2020-01-29,1.0,35.86551423165493
gemini_vector,3,2020-09-16,4.129646562312915,4.286619929251856,160,2020-01-29,1.0,35.86551423165493
gemini_vector,3,2020-11-05,0.3483962171310573,1.3175567757703563,160,2020-01-29,1.0,35.86551423165493
gemini_vector,3,2020-12-16,3.849102256140097,3.7792158403753295,160,2020-01-29,1.0,35.86551423165493
gemini_vector,3,2021-01-27,3.4979670186014724,4.203590473104724,160,2020-01-29,1.0,35.86551423165493
gemini_vector,3,2021-03-17,4.676882796618454,4.084584238350246,160,2020-01-29,1.0,35.86551423165493
gemini_vector,3,2021-04-28,6.717611257885417,1.2489303308897581,160,2020-01-29,1.0,35.86551423165493
gemini_vector,3,2021-06-16,1.0294124912812683,2.806363618060117,160,2020-01-29,1.0,35.86551423165493
gemini_vector,3,2021-07-28,4.633031545878721,-1.7521874419346641,160,2020-01-29,1.0,35.86551423165493
gemini_vector,3,2021-09-22,-1.4071350286967688,-0.6390984196291017,160,2020-01-29,1.0,35.86551423165493
gemini_vector,3,2021-11-03,3.629686853369575,2.6300971839577567,160,2020-01-29,1.0,35.86551423165493
gemini_vector,3,2021-12-15,-0.2430410169318006,-2.0256090228396233,160,2020-01-29,1.0,35.86551423165493
gemini_vector,3,2022-01-26,-5.707921584406794,-3.2655097994198896,160,2020-01-29,1.0,35.86551423165493
gemini_vector,3,2022-03-16,-3.651437450153861,-2.7222411475964337,160,2020-01-29,1.0,35.86551423165493
gemini_vector,3,2022-05-04,-6.071100198893482,0.14970429877891225,160,2020-01-29,1.0,35.86551423165493
gemini_vector,3,2022-06-15,-10.185909178114285,-4.299696247419392,160,2020-01-29,1.0,35.86551423165493
gemini_vector,3,2022-07-27,7.656593909553768,0.9369424651212348,160,2020-01-29,1.0,35.86551423165493
historical_counts,3,2020-03-15,-19.30679872098346,-6.3157917479395165,160,2020-01-29,0.1,4.9621747800116545
historical_counts,3,2020-04-29,18.74563559498336,-3.5440557807548148,160,2020-01-29,0.1,4.9621747800116545
historical_counts,3,2020-06-10,10.409357713788122,0.7007543778548676,160,2020-01-29,0.1,4.9621747800116545
historical_counts,3,2020-07-29,7.589732604042245,-5.261037386263677,160,2020-01-29,0.1,4.9621747800116545
historical_counts,3,2020-09-16,4.129646562312915,2.108035203386924,160,2020-01-29,0.1,4.9621747800116545
historical_counts,3,2020-11-05,0.3483962171310573,3.5456207184846744,160,2020-01-29,0.1,4.9621747800116545
historical_counts,3,2020-12-16,3.849102256140097,-0.5948165379184183,160,2020-01-29,0.1,4.9621747800116545
historical_counts,3,2021-01-27,3.4979670186014724,4.723043199054038,160,2020-01-29,0.1,4.9621747800116545
historical_counts,3,2021-03-17,4.676882796618454,2.844584705487225,160,2020-01-29,0.1,4.9621747800116545
historical_counts,3,2021-04-28,6.717611257885417,1.6536861859569134,160,2020-01-29,0.1,4.9621747800116545
historical_counts,3,2021-06-16,1.0294124912812683,0.9111829528914626,160,2020-01-29,0.1,4.9621747800116545
historical_counts,3,2021-07-28,4.633031545878721,-3.3128870815294413,160,2020-01-29,0.1,4.9621747800116545
historical_counts,3,2021-09-22,-1.4071350286967688,4.348587387326087,160,2020-01-29,0.1,4.9621747800116545
historical_counts,3,2021-11-03,3.629686853369575,4.280557711147101,160,2020-01-29,0.1,4.9621747800116545
historical_counts,3,2021-12-15,-0.2430410169318006,-1.2695193276561432,160,2020-01-29,0.1,4.9621747800116545
historical_counts,3,2022-01-26,-5.707921584406794,1.7226888812772538,160,2020-01-29,0.1,4.9621747800116545
historical_counts,3,2022-03-16,-3.651437450153861,0.2720169490301449,160,2020-01-29,0.1,4.9621747800116545
historical_counts,3,2022-05-04,-6.071100198893482,5.203944305423475,160,2020-01-29,0.1,4.9621747800116545
historical_counts,3,2022-06-15,-10.185909178114285,-2.188526859320494,160,2020-01-29,0.1,4.9621747800116545
historical_counts,3,2022-07-27,7.656593909553768,-1.2626980186805505,160,2020-01-29,0.1,4.9621747800116545
attention_counts,3,2020-03-15,-19.30679872098346,0.10743230155949003,160,2020-01-29,10000.0,1.0158709802631805
attention_counts,3,2020-04-29,18.74563559498336,0.10385819661665183,160,2020-01-29,10000.0,1.0158709802631805
attention_counts,3,2020-06-10,10.409357713788122,0.11037766750884773,160,2020-01-29,10000.0,1.0158709802631805
attention_counts,3,2020-07-29,7.589732604042245,0.10489946057663183,160,2020-01-29,10000.0,1.0158709802631805
attention_counts,3,2020-09-16,4.129646562312915,0.1051458582902931,160,2020-01-29,10000.0,1.0158709802631805
attention_counts,3,2020-11-05,0.3483962171310573,0.10809122423965081,160,2020-01-29,10000.0,1.0158709802631805
attention_counts,3,2020-12-16,3.849102256140097,0.10678656962023977,160,2020-01-29,10000.0,1.0158709802631805
attention_counts,3,2021-01-27,3.4979670186014724,0.11062317315934259,160,2020-01-29,10000.0,1.0158709802631805
attention_counts,3,2021-03-17,4.676882796618454,0.10899654463347286,160,2020-01-29,10000.0,1.0158709802631805
attention_counts,3,2021-04-28,6.717611257885417,0.1026470031989744,160,2020-01-29,10000.0,1.0158709802631805
attention_counts,3,2021-06-16,1.0294124912812683,0.10938738238617696,160,2020-01-29,10000.0,1.0158709802631805
attention_counts,3,2021-07-28,4.633031545878721,0.1072623721017926,160,2020-01-29,10000.0,1.0158709802631805
attention_counts,3,2021-09-22,-1.4071350286967688,0.10892857285039388,160,2020-01-29,10000.0,1.0158709802631805
attention_counts,3,2021-11-03,3.629686853369575,0.10767489706829209,160,2020-01-29,10000.0,1.0158709802631805
attention_counts,3,2021-12-15,-0.2430410169318006,0.10706695322544055,160,2020-01-29,10000.0,1.0158709802631805
attention_counts,3,2022-01-26,-5.707921584406794,0.11081009556280977,160,2020-01-29,10000.0,1.0158709802631805
attention_counts,3,2022-03-16,-3.651437450153861,0.10459358755277645,160,2020-01-29,10000.0,1.0158709802631805
attention_counts,3,2022-05-04,-6.071100198893482,0.1066591225269667,160,2020-01-29,10000.0,1.0158709802631805
attention_counts,3,2022-06-15,-10.185909178114285,0.10545642558217413,160,2020-01-29,10000.0,1.0158709802631805
attention_counts,3,2022-07-27,7.656593909553768,0.1079127983090685,160,2020-01-29,10000.0,1.0158709802631805
tfidf_bigram_only,3,2020-03-15,-19.30679872098346,-2.1042179927632896,160,2020-01-29,0.1,131.25996408198387
tfidf_bigram_only,3,2020-04-29,18.74563559498336,-1.3563380112935182,160,2020-01-29,0.1,131.25996408198387
tfidf_bigram_only,3,2020-06-10,10.409357713788122,1.8375591468766606,160,2020-01-29,0.1,131.25996408198387
tfidf_bigram_only,3,2020-07-29,7.589732604042245,0.1622154917120705,160,2020-01-29,0.1,131.25996408198387
tfidf_bigram_only,3,2020-09-16,4.129646562312915,1.7629638439559672,160,2020-01-29,0.1,131.25996408198387
tfidf_bigram_only,3,2020-11-05,0.3483962171310573,1.3137238410889347,160,2020-01-29,0.1,131.25996408198387
tfidf_bigram_only,3,2020-12-16,3.849102256140097,1.9513318693720554,160,2020-01-29,0.1,131.25996408198387
tfidf_bigram_only,3,2021-01-27,3.4979670186014724,1.689033556718368,160,2020-01-29,0.1,131.25996408198387
tfidf_bigram_only,3,2021-03-17,4.676882796618454,2.0487228830659494,160,2020-01-29,0.1,131.25996408198387
tfidf_bigram_only,3,2021-04-28,6.717611257885417,0.33386917002875083,160,2020-01-29,0.1,131.25996408198387
tfidf_bigram_only,3,2021-06-16,1.0294124912812683,2.9509323444893125,160,2020-01-29,0.1,131.25996408198387
tfidf_bigram_only,3,2021-07-28,4.633031545878721,0.9664366749563391,160,2020-01-29,0.1,131.25996408198387
tfidf_bigram_only,3,2021-09-22,-1.4071350286967688,0.41127740074606467,160,2020-01-29,0.1,131.25996408198387
tfidf_bigram_only,3,2021-11-03,3.629686853369575,1.8873584925752755,160,2020-01-29,0.1,131.25996408198387
tfidf_bigram_only,3,2021-12-15,-0.2430410169318006,0.6227470429938425,160,2020-01-29,0.1,131.25996408198387
tfidf_bigram_only,3,2022-01-26,-5.707921584406794,0.4974257956463393,160,2020-01-29,0.1,131.25996408198387
tfidf_bigram_only,3,2022-03-16,-3.651437450153861,-1.2635975041828962,160,2020-01-29,0.1,131.25996408198387
tfidf_bigram_only,3,2022-05-04,-6.071100198893482,-0.3212306481492309,160,2020-01-29,0.1,131.25996408198387
tfidf_bigram_only,3,2022-06-15,-10.185909178114285,-1.5115724103568489,160,2020-01-29,0.1,131.25996408198387
tfidf_bigram_only,3,2022-07-27,7.656593909553768,-0.9715188223770184,160,2020-01-29,0.1,131.25996408198387
length_only,3,2020-03-15,-19.30679872098346,0.11032042695495992,160,2020-01-29,10000.0,1.015748031496063
length_only,3,2020-04-29,18.74563559498336,0.1096308819970922,160,2020-01-29,10000.0,1.015748031496063
length_only,3,2020-06-10,10.409357713788122,0.10976542735472493,160,2020-01-29,10000.0,1.015748031496063
length_only,3,2020-07-29,7.589732604042245,0.10956360931827584,160,2020-01-29,10000.0,1.015748031496063
length_only,3,2020-09-16,4.129646562312915,0.11005133623969447,160,2020-01-29,10000.0,1.015748031496063
length_only,3,2020-11-05,0.3483962171310573,0.10949633663945947,160,2020-01-29,10000.0,1.015748031496063
length_only,3,2020-12-16,3.849102256140097,0.10904224605744903,160,2020-01-29,10000.0,1.015748031496063
length_only,3,2021-01-27,3.4979670186014724,0.11450815121127852,160,2020-01-29,10000.0,1.015748031496063
length_only,3,2021-03-17,4.676882796618454,0.10915997324537766,160,2020-01-29,10000.0,1.015748031496063
length_only,3,2021-04-28,6.717611257885417,0.10936179128182674,160,2020-01-29,10000.0,1.015748031496063
length_only,3,2021-06-16,1.0294124912812683,0.10993360905176583,160,2020-01-29,10000.0,1.015748031496063
length_only,3,2021-07-28,4.633031545878721,0.1099840635608781,160,2020-01-29,10000.0,1.015748031496063
length_only,3,2021-09-22,-1.4071350286967688,0.10902542788774493,160,2020-01-29,10000.0,1.015748031496063
length_only,3,2021-11-03,3.629686853369575,0.10867224632395903,160,2020-01-29,10000.0,1.015748031496063
length_only,3,2021-12-15,-0.2430410169318006,0.10959724565768401,160,2020-01-29,10000.0,1.015748031496063
length_only,3,2022-01-26,-5.707921584406794,0.11487815094476851,160,2020-01-29,10000.0,1.015748031496063
length_only,3,2022-03-16,-3.651437450153861,0.10895815520892857,160,2020-01-29,10000.0,1.015748031496063
length_only,3,2022-05-04,-6.071100198893482,0.10878997351188766,160,2020-01-29,10000.0,1.015748031496063
length_only,3,2022-06-15,-10.185909178114285,0.1085377009663263,160,2020-01-29,10000.0,1.015748031496063
length_only,3,2022-07-27,7.656593909553768,0.10914315507567357,160,2020-01-29,10000.0,1.015748031496063
uploaded_as_received_split,3,2020-03-15,-19.30679872098346,-2.670036352805232,160,2020-01-29,0.0001,3.9999931946344898
uploaded_as_received_split,3,2020-04-29,18.74563559498336,0.29217344076734364,160,2020-01-29,0.0001,3.9999931946344898
uploaded_as_received_split,3,2020-06-10,10.409357713788122,2.185270165133778,160,2020-01-29,0.0001,3.9999931946344898
uploaded_as_received_split,3,2020-07-29,7.589732604042245,-0.4693195996317345,160,2020-01-29,0.0001,3.9999931946344898
uploaded_as_received_split,3,2020-09-16,4.129646562312915,3.7188678595500986,160,2020-01-29,0.0001,3.9999931946344898
uploaded_as_received_split,3,2020-11-05,0.3483962171310573,0.6694070193414959,160,2020-01-29,0.0001,3.9999931946344898
uploaded_as_received_split,3,2020-12-16,3.849102256140097,3.648123767558468,160,2020-01-29,0.0001,3.9999931946344898
uploaded_as_received_split,3,2021-01-27,3.4979670186014724,3.6612102893046368,160,2020-01-29,0.0001,3.9999931946344898
uploaded_as_received_split,3,2021-03-17,4.676882796618454,3.656377244795131,160,2020-01-29,0.0001,3.9999931946344898
uploaded_as_received_split,3,2021-04-28,6.717611257885417,1.416751241104695,160,2020-01-29,0.0001,3.9999931946344898
uploaded_as_received_split,3,2021-06-16,1.0294124912812683,2.9538376148206873,160,2020-01-29,0.0001,3.9999931946344898
uploaded_as_received_split,3,2021-07-28,4.633031545878721,0.7035999969125513,160,2020-01-29,0.0001,3.9999931946344898
uploaded_as_received_split,3,2021-09-22,-1.4071350286967688,0.24972698546864375,160,2020-01-29,0.0001,3.9999931946344898
uploaded_as_received_split,3,2021-11-03,3.629686853369575,5.135737802304618,160,2020-01-29,0.0001,3.9999931946344898
uploaded_as_received_split,3,2021-12-15,-0.2430410169318006,-1.5938488740686665,160,2020-01-29,0.0001,3.9999931946344898
uploaded_as_received_split,3,2022-01-26,-5.707921584406794,-3.0907301574124886,160,2020-01-29,0.0001,3.9999931946344898
uploaded_as_received_split,3,2022-03-16,-3.651437450153861,-1.2519873417748646,160,2020-01-29,0.0001,3.9999931946344898
uploaded_as_received_split,3,2022-05-04,-6.071100198893482,-2.390665434970466,160,2020-01-29,0.0001,3.9999931946344898
uploaded_as_received_split,3,2022-06-15,-10.185909178114285,-5.048792404132956,160,2020-01-29,0.0001,3.9999931946344898
uploaded_as_received_split,3,2022-07-27,7.656593909553768,1.0147572304909518,160,2020-01-29,0.0001,3.9999931946344898
uploaded_as_received_joint,3,2020-03-15,-19.30679872098346,-2.634360233241852,160,2020-01-29,1.0,3.940793527137008
uploaded_as_received_joint,3,2020-04-29,18.74563559498336,0.283899764700269,160,2020-01-29,1.0,3.940793527137008
uploaded_as_received_joint,3,2020-06-10,10.409357713788122,2.1504396441498477,160,2020-01-29,1.0,3.940793527137008
uploaded_as_received_joint,3,2020-07-29,7.589732604042245,-0.4698197330626093,160,2020-01-29,1.0,3.940793527137008
uploaded_as_received_joint,3,2020-09-16,4.129646562312915,3.668254156067071,160,2020-01-29,1.0,3.940793527137008
uploaded_as_received_joint,3,2020-11-05,0.3483962171310573,0.6646843566840592,160,2020-01-29,1.0,3.940793527137008
uploaded_as_received_joint,3,2020-12-16,3.849102256140097,3.5990840467906464,160,2020-01-29,1.0,3.940793527137008
uploaded_as_received_joint,3,2021-01-27,3.4979670186014724,3.6146545881139844,160,2020-01-29,1.0,3.940793527137008
uploaded_as_received_joint,3,2021-03-17,4.676882796618454,3.6071538928729288,160,2020-01-29,1.0,3.940793527137008
uploaded_as_received_joint,3,2021-04-28,6.717611257885417,1.404569832591631,160,2020-01-29,1.0,3.940793527137008
uploaded_as_received_joint,3,2021-06-16,1.0294124912812683,2.911076152840387,160,2020-01-29,1.0,3.940793527137008
uploaded_as_received_joint,3,2021-07-28,4.633031545878721,0.6981165761676413,160,2020-01-29,1.0,3.940793527137008
uploaded_as_received_joint,3,2021-09-22,-1.4071350286967688,0.24239769913441944,160,2020-01-29,1.0,3.940793527137008
uploaded_as_received_joint,3,2021-11-03,3.629686853369575,5.071937987678216,160,2020-01-29,1.0,3.940793527137008
uploaded_as_received_joint,3,2021-12-15,-0.2430410169318006,-1.5757231038216442,160,2020-01-29,1.0,3.940793527137008
uploaded_as_received_joint,3,2022-01-26,-5.707921584406794,-3.0401436741911274,160,2020-01-29,1.0,3.940793527137008
uploaded_as_received_joint,3,2022-03-16,-3.651437450153861,-1.229523566476075,160,2020-01-29,1.0,3.940793527137008
uploaded_as_received_joint,3,2022-05-04,-6.071100198893482,-2.34926095909043,160,2020-01-29,1.0,3.940793527137008
uploaded_as_received_joint,3,2022-06-15,-10.185909178114285,-4.972978841766688,160,2020-01-29,1.0,3.940793527137008
uploaded_as_received_joint,3,2022-07-27,7.656593909553768,0.9995757023611328,160,2020-01-29,1.0,3.940793527137008
dictionary_only_correction_split,3,2020-03-15,-19.30679872098346,-2.670036352805232,160,2020-01-29,0.0001,3.9999931946344898
dictionary_only_correction_split,3,2020-04-29,18.74563559498336,0.29217344076734364,160,2020-01-29,0.0001,3.9999931946344898
dictionary_only_correction_split,3,2020-06-10,10.409357713788122,2.185270165133778,160,2020-01-29,0.0001,3.9999931946344898
dictionary_only_correction_split,3,2020-07-29,7.589732604042245,-0.4693195996317345,160,2020-01-29,0.0001,3.9999931946344898
dictionary_only_correction_split,3,2020-09-16,4.129646562312915,3.7188678595500986,160,2020-01-29,0.0001,3.9999931946344898
dictionary_only_correction_split,3,2020-11-05,0.3483962171310573,0.6694070193414959,160,2020-01-29,0.0001,3.9999931946344898
dictionary_only_correction_split,3,2020-12-16,3.849102256140097,3.648123767558468,160,2020-01-29,0.0001,3.9999931946344898
dictionary_only_correction_split,3,2021-01-27,3.4979670186014724,3.6612102893046368,160,2020-01-29,0.0001,3.9999931946344898
dictionary_only_correction_split,3,2021-03-17,4.676882796618454,3.656377244795131,160,2020-01-29,0.0001,3.9999931946344898
dictionary_only_correction_split,3,2021-04-28,6.717611257885417,1.416751241104695,160,2020-01-29,0.0001,3.9999931946344898
dictionary_only_correction_split,3,2021-06-16,1.0294124912812683,2.9538376148206873,160,2020-01-29,0.0001,3.9999931946344898
dictionary_only_correction_split,3,2021-07-28,4.633031545878721,0.7035999969125513,160,2020-01-29,0.0001,3.9999931946344898
dictionary_only_correction_split,3,2021-09-22,-1.4071350286967688,0.24972698546864375,160,2020-01-29,0.0001,3.9999931946344898
dictionary_only_correction_split,3,2021-11-03,3.629686853369575,5.135737802304618,160,2020-01-29,0.0001,3.9999931946344898
dictionary_only_correction_split,3,2021-12-15,-0.2430410169318006,-1.5938488740686665,160,2020-01-29,0.0001,3.9999931946344898
dictionary_only_correction_split,3,2022-01-26,-5.707921584406794,-3.0907301574124886,160,2020-01-29,0.0001,3.9999931946344898
dictionary_only_correction_split,3,2022-03-16,-3.651437450153861,-1.2519873417748646,160,2020-01-29,0.0001,3.9999931946344898
dictionary_only_correction_split,3,2022-05-04,-6.071100198893482,-2.390665434970466,160,2020-01-29,0.0001,3.9999931946344898
dictionary_only_correction_split,3,2022-06-15,-10.185909178114285,-5.048792404132956,160,2020-01-29,0.0001,3.9999931946344898
dictionary_only_correction_split,3,2022-07-27,7.656593909553768,1.0147572304909518,160,2020-01-29,0.0001,3.9999931946344898
dictionary_only_correction_joint,3,2020-03-15,-19.30679872098346,-2.634360233241852,160,2020-01-29,1.0,3.940793527137008
dictionary_only_correction_joint,3,2020-04-29,18.74563559498336,0.283899764700269,160,2020-01-29,1.0,3.940793527137008
dictionary_only_correction_joint,3,2020-06-10,10.409357713788122,2.1504396441498477,160,2020-01-29,1.0,3.940793527137008
dictionary_only_correction_joint,3,2020-07-29,7.589732604042245,-0.4698197330626093,160,2020-01-29,1.0,3.940793527137008
dictionary_only_correction_joint,3,2020-09-16,4.129646562312915,3.668254156067071,160,2020-01-29,1.0,3.940793527137008
dictionary_only_correction_joint,3,2020-11-05,0.3483962171310573,0.6646843566840592,160,2020-01-29,1.0,3.940793527137008
dictionary_only_correction_joint,3,2020-12-16,3.849102256140097,3.5990840467906464,160,2020-01-29,1.0,3.940793527137008
dictionary_only_correction_joint,3,2021-01-27,3.4979670186014724,3.6146545881139844,160,2020-01-29,1.0,3.940793527137008
dictionary_only_correction_joint,3,2021-03-17,4.676882796618454,3.6071538928729288,160,2020-01-29,1.0,3.940793527137008
dictionary_only_correction_joint,3,2021-04-28,6.717611257885417,1.404569832591631,160,2020-01-29,1.0,3.940793527137008
dictionary_only_correction_joint,3,2021-06-16,1.0294124912812683,2.911076152840387,160,2020-01-29,1.0,3.940793527137008
dictionary_only_correction_joint,3,2021-07-28,4.633031545878721,0.6981165761676413,160,2020-01-29,1.0,3.940793527137008
dictionary_only_correction_joint,3,2021-09-22,-1.4071350286967688,0.24239769913441944,160,2020-01-29,1.0,3.940793527137008
dictionary_only_correction_joint,3,2021-11-03,3.629686853369575,5.071937987678216,160,2020-01-29,1.0,3.940793527137008
dictionary_only_correction_joint,3,2021-12-15,-0.2430410169318006,-1.5757231038216442,160,2020-01-29,1.0,3.940793527137008
dictionary_only_correction_joint,3,2022-01-26,-5.707921584406794,-3.0401436741911274,160,2020-01-29,1.0,3.940793527137008
dictionary_only_correction_joint,3,2022-03-16,-3.651437450153861,-1.229523566476075,160,2020-01-29,1.0,3.940793527137008
dictionary_only_correction_joint,3,2022-05-04,-6.071100198893482,-2.34926095909043,160,2020-01-29,1.0,3.940793527137008
dictionary_only_correction_joint,3,2022-06-15,-10.185909178114285,-4.972978841766688,160,2020-01-29,1.0,3.940793527137008
dictionary_only_correction_joint,3,2022-07-27,7.656593909553768,0.9995757023611328,160,2020-01-29,1.0,3.940793527137008
audited_reconstruction_split,3,2020-03-15,-19.30679872098346,-3.593674384317905,160,2020-01-29,0.01,3.9993176769506382
audited_reconstruction_split,3,2020-04-29,18.74563559498336,1.062521504821081,160,2020-01-29,0.01,3.9993176769506382
audited_reconstruction_split,3,2020-06-10,10.409357713788122,1.0722503394262297,160,2020-01-29,0.01,3.9993176769506382
audited_reconstruction_split,3,2020-07-29,7.589732604042245,-0.4877465095606794,160,2020-01-29,0.01,3.9993176769506382
audited_reconstruction_split,3,2020-09-16,4.129646562312915,2.6383277100404943,160,2020-01-29,0.01,3.9993176769506382
audited_reconstruction_split,3,2020-11-05,0.3483962171310573,0.7719436122886276,160,2020-01-29,0.01,3.9993176769506382
audited_reconstruction_split,3,2020-12-16,3.849102256140097,3.6189123069761004,160,2020-01-29,0.01,3.9993176769506382
audited_reconstruction_split,3,2021-01-27,3.4979670186014724,3.7332971548418232,160,2020-01-29,0.01,3.9993176769506382
audited_reconstruction_split,3,2021-03-17,4.676882796618454,3.6274250372534937,160,2020-01-29,0.01,3.9993176769506382
audited_reconstruction_split,3,2021-04-28,6.717611257885417,1.53491657622278,160,2020-01-29,0.01,3.9993176769506382
audited_reconstruction_split,3,2021-06-16,1.0294124912812683,3.683365836231637,160,2020-01-29,0.01,3.9993176769506382
audited_reconstruction_split,3,2021-07-28,4.633031545878721,0.807210637728081,160,2020-01-29,0.01,3.9993176769506382
audited_reconstruction_split,3,2021-09-22,-1.4071350286967688,0.24603995056081285,160,2020-01-29,0.01,3.9993176769506382
audited_reconstruction_split,3,2021-11-03,3.629686853369575,5.137561608893911,160,2020-01-29,0.01,3.9993176769506382
audited_reconstruction_split,3,2021-12-15,-0.2430410169318006,-1.5388651573765282,160,2020-01-29,0.01,3.9993176769506382
audited_reconstruction_split,3,2022-01-26,-5.707921584406794,-3.8258082279615566,160,2020-01-29,0.01,3.9993176769506382
audited_reconstruction_split,3,2022-03-16,-3.651437450153861,-2.146775237605227,160,2020-01-29,0.01,3.9993176769506382
audited_reconstruction_split,3,2022-05-04,-6.071100198893482,-2.158936280861337,160,2020-01-29,0.01,3.9993176769506382
audited_reconstruction_split,3,2022-06-15,-10.185909178114285,-4.77613229929159,160,2020-01-29,0.01,3.9993176769506382
audited_reconstruction_split,3,2022-07-27,7.656593909553768,1.0272544793807288,160,2020-01-29,0.01,3.9993176769506382
audited_reconstruction_joint,3,2020-03-15,-19.30679872098346,-3.5434306474264137,160,2020-01-29,1.0,3.940559548069698
audited_reconstruction_joint,3,2020-04-29,18.74563559498336,1.0460636304049036,160,2020-01-29,1.0,3.940559548069698
audited_reconstruction_joint,3,2020-06-10,10.409357713788122,1.0555615916339198,160,2020-01-29,1.0,3.940559548069698
audited_reconstruction_joint,3,2020-07-29,7.589732604042245,-0.48764569171493904,160,2020-01-29,1.0,3.940559548069698
audited_reconstruction_joint,3,2020-09-16,4.129646562312915,2.604705100750864,160,2020-01-29,1.0,3.940559548069698
audited_reconstruction_joint,3,2020-11-05,0.3483962171310573,0.7646421773870379,160,2020-01-29,1.0,3.940559548069698
audited_reconstruction_joint,3,2020-12-16,3.849102256140097,3.5698740540749,160,2020-01-29,1.0,3.940559548069698
audited_reconstruction_joint,3,2021-01-27,3.4979670186014724,3.683805237214289,160,2020-01-29,1.0,3.940559548069698
audited_reconstruction_joint,3,2021-03-17,4.676882796618454,3.5781847701502785,160,2020-01-29,1.0,3.940559548069698
audited_reconstruction_joint,3,2021-04-28,6.717611257885417,1.519624386910708,160,2020-01-29,1.0,3.940559548069698
audited_reconstruction_joint,3,2021-06-16,1.0294124912812683,3.6327980472170376,160,2020-01-29,1.0,3.940559548069698
audited_reconstruction_joint,3,2021-07-28,4.633031545878721,0.7990722868421679,160,2020-01-29,1.0,3.940559548069698
audited_reconstruction_joint,3,2021-09-22,-1.4071350286967688,0.23884263412170753,160,2020-01-29,1.0,3.940559548069698
audited_reconstruction_joint,3,2021-11-03,3.629686853369575,5.0727150022004714,160,2020-01-29,1.0,3.940559548069698
audited_reconstruction_joint,3,2021-12-15,-0.2430410169318006,-1.521674863949204,160,2020-01-29,1.0,3.940559548069698
audited_reconstruction_joint,3,2022-01-26,-5.707921584406794,-3.7655341943716505,160,2020-01-29,1.0,3.940559548069698
audited_reconstruction_joint,3,2022-03-16,-3.651437450153861,-2.1106371633647276,160,2020-01-29,1.0,3.940559548069698
audited_reconstruction_joint,3,2022-05-04,-6.071100198893482,-2.1225096149009417,160,2020-01-29,1.0,3.940559548069698
audited_reconstruction_joint,3,2022-06-15,-10.185909178114285,-4.705682296252238,160,2020-01-29,1.0,3.940559548069698
audited_reconstruction_joint,3,2022-07-27,7.656593909553768,1.0116335209497866,160,2020-01-29,1.0,3.940559548069698
audited_counts_plus_gemini,3,2020-03-15,-19.30679872098346,-7.807455750121634,160,2020-01-29,1.0,29.60750964596574
audited_counts_plus_gemini,3,2020-04-29,18.74563559498336,3.224992155035629,160,2020-01-29,1.0,29.60750964596574
audited_counts_plus_gemini,3,2020-06-10,10.409357713788122,4.309934330418586,160,2020-01-29,1.0,29.60750964596574
audited_counts_plus_gemini,3,2020-07-29,7.589732604042245,-0.8096004117261246,160,2020-01-29,1.0,29.60750964596574
audited_counts_plus_gemini,3,2020-09-16,4.129646562312915,4.195249638677145,160,2020-01-29,1.0,29.60750964596574
audited_counts_plus_gemini,3,2020-11-05,0.3483962171310573,1.3392709549858373,160,2020-01-29,1.0,29.60750964596574
audited_counts_plus_gemini,3,2020-12-16,3.849102256140097,4.465596823580267,160,2020-01-29,1.0,29.60750964596574
audited_counts_plus_gemini,3,2021-01-27,3.4979670186014724,4.75875048240124,160,2020-01-29,1.0,29.60750964596574
audited_counts_plus_gemini,3,2021-03-17,4.676882796618454,4.213717607537049,160,2020-01-29,1.0,29.60750964596574
audited_counts_plus_gemini,3,2021-04-28,6.717611257885417,1.400393188444177,160,2020-01-29,1.0,29.60750964596574
audited_counts_plus_gemini,3,2021-06-16,1.0294124912812683,3.5447002768293103,160,2020-01-29,1.0,29.60750964596574
audited_counts_plus_gemini,3,2021-07-28,4.633031545878721,-0.7325566011386867,160,2020-01-29,1.0,29.60750964596574
audited_counts_plus_gemini,3,2021-09-22,-1.4071350286967688,-0.43506143682384674,160,2020-01-29,1.0,29.60750964596574
audited_counts_plus_gemini,3,2021-11-03,3.629686853369575,4.1378530379090135,160,2020-01-29,1.0,29.60750964596574
audited_counts_plus_gemini,3,2021-12-15,-0.2430410169318006,-2.3294839477957012,160,2020-01-29,1.0,29.60750964596574
audited_counts_plus_gemini,3,2022-01-26,-5.707921584406794,-5.0248279389801995,160,2020-01-29,1.0,29.60750964596574
audited_counts_plus_gemini,3,2022-03-16,-3.651437450153861,-3.252810257834277,160,2020-01-29,1.0,29.60750964596574
audited_counts_plus_gemini,3,2022-05-04,-6.071100198893482,-1.3741530009881124,160,2020-01-29,1.0,29.60750964596574
audited_counts_plus_gemini,3,2022-06-15,-10.185909178114285,-5.759152603499619,160,2020-01-29,1.0,29.60750964596574
audited_counts_plus_gemini,3,2022-07-27,7.656593909553768,1.3338530287975081,160,2020-01-29,1.0,29.60750964596574
uploaded_as_received_ols,3,2020-03-15,-19.30679872098346,-2.6700413742218654,160,2020-01-29,0.0,4.0
uploaded_as_received_ols,3,2020-04-29,18.74563559498336,0.29217442699135987,160,2020-01-29,0.0,4.0
uploaded_as_received_ols,3,2020-06-10,10.409357713788122,2.1852747327547775,160,2020-01-29,0.0,4.0
uploaded_as_received_ols,3,2020-07-29,7.589732604042245,-0.46931965735704073,160,2020-01-29,0.0,4.0
uploaded_as_received_ols,3,2020-09-16,4.129646562312915,3.7188745341626523,160,2020-01-29,0.0,4.0
uploaded_as_received_ols,3,2020-11-05,0.3483962171310573,0.6694075306583798,160,2020-01-29,0.0,4.0
uploaded_as_received_ols,3,2020-12-16,3.849102256140097,3.64813031608883,160,2020-01-29,0.0,4.0
uploaded_as_received_ols,3,2021-01-27,3.4979670186014724,3.6612160269220855,160,2020-01-29,0.0,4.0
uploaded_as_received_ols,3,2021-03-17,4.676882796618454,3.6563838081974427,160,2020-01-29,0.0,4.0
uploaded_as_received_ols,3,2021-04-28,6.717611257885417,1.4167527713920158,160,2020-01-29,0.0,4.0
uploaded_as_received_ols,3,2021-06-16,1.0294124912812683,2.9538432389105607,160,2020-01-29,0.0,4.0
uploaded_as_received_ols,3,2021-07-28,4.633031545878721,0.7036005693940606,160,2020-01-29,0.0,4.0
uploaded_as_received_ols,3,2021-09-22,-1.4071350286967688,0.24972789614706647,160,2020-01-29,0.0,4.0
uploaded_as_received_ols,3,2021-11-03,3.629686853369575,5.13574637574872,160,2020-01-29,0.0,4.0
uploaded_as_received_ols,3,2021-12-15,-0.2430410169318006,-1.5938514569646758,160,2020-01-29,0.0,4.0
uploaded_as_received_ols,3,2022-01-26,-5.707921584406794,-3.0907375967216666,160,2020-01-29,0.0,4.0
uploaded_as_received_ols,3,2022-03-16,-3.651437450153861,-1.251990462334567,160,2020-01-29,0.0,4.0
uploaded_as_received_ols,3,2022-05-04,-6.071100198893482,-2.3906711055569665,160,2020-01-29,0.0,4.0
uploaded_as_received_ols,3,2022-06-15,-10.185909178114285,-5.048802706572475,160,2020-01-29,0.0,4.0
uploaded_as_received_ols,3,2022-07-27,7.656593909553768,1.0147591913991583,160,2020-01-29,0.0,4.0
dictionary_only_correction_ols,3,2020-03-15,-19.30679872098346,-2.6700413742218654,160,2020-01-29,0.0,4.0
dictionary_only_correction_ols,3,2020-04-29,18.74563559498336,0.29217442699135987,160,2020-01-29,0.0,4.0
dictionary_only_correction_ols,3,2020-06-10,10.409357713788122,2.1852747327547775,160,2020-01-29,0.0,4.0
dictionary_only_correction_ols,3,2020-07-29,7.589732604042245,-0.46931965735704073,160,2020-01-29,0.0,4.0
dictionary_only_correction_ols,3,2020-09-16,4.129646562312915,3.7188745341626523,160,2020-01-29,0.0,4.0
dictionary_only_correction_ols,3,2020-11-05,0.3483962171310573,0.6694075306583798,160,2020-01-29,0.0,4.0
dictionary_only_correction_ols,3,2020-12-16,3.849102256140097,3.64813031608883,160,2020-01-29,0.0,4.0
dictionary_only_correction_ols,3,2021-01-27,3.4979670186014724,3.6612160269220855,160,2020-01-29,0.0,4.0
dictionary_only_correction_ols,3,2021-03-17,4.676882796618454,3.6563838081974427,160,2020-01-29,0.0,4.0
dictionary_only_correction_ols,3,2021-04-28,6.717611257885417,1.4167527713920158,160,2020-01-29,0.0,4.0
dictionary_only_correction_ols,3,2021-06-16,1.0294124912812683,2.9538432389105607,160,2020-01-29,0.0,4.0
dictionary_only_correction_ols,3,2021-07-28,4.633031545878721,0.7036005693940606,160,2020-01-29,0.0,4.0
dictionary_only_correction_ols,3,2021-09-22,-1.4071350286967688,0.24972789614706647,160,2020-01-29,0.0,4.0
dictionary_only_correction_ols,3,2021-11-03,3.629686853369575,5.13574637574872,160,2020-01-29,0.0,4.0
dictionary_only_correction_ols,3,2021-12-15,-0.2430410169318006,-1.5938514569646758,160,2020-01-29,0.0,4.0
dictionary_only_correction_ols,3,2022-01-26,-5.707921584406794,-3.0907375967216666,160,2020-01-29,0.0,4.0
dictionary_only_correction_ols,3,2022-03-16,-3.651437450153861,-1.251990462334567,160,2020-01-29,0.0,4.0
dictionary_only_correction_ols,3,2022-05-04,-6.071100198893482,-2.3906711055569665,160,2020-01-29,0.0,4.0
dictionary_only_correction_ols,3,2022-06-15,-10.185909178114285,-5.048802706572475,160,2020-01-29,0.0,4.0
dictionary_only_correction_ols,3,2022-07-27,7.656593909553768,1.0147591913991583,160,2020-01-29,0.0,4.0
audited_reconstruction_ols,3,2020-03-15,-19.30679872098346,-3.5943839809237623,160,2020-01-29,0.0,4.0
audited_reconstruction_ols,3,2020-04-29,18.74563559498336,1.0627325891400494,160,2020-01-29,0.0,4.0
audited_reconstruction_ols,3,2020-06-10,10.409357713788122,1.0724633710369293,160,2020-01-29,0.0,4.0
audited_reconstruction_ols,3,2020-07-29,7.589732604042245,-0.4877632780613498,160,2020-01-29,0.0,4.0
audited_reconstruction_ols,3,2020-09-16,4.129646562312915,2.6387717588207584,160,2020-01-29,0.0,4.0
audited_reconstruction_ols,3,2020-11-05,0.3483962171310573,0.7720315950255284,160,2020-01-29,0.0,4.0
audited_reconstruction_ols,3,2020-12-16,3.849102256140097,3.61957634493828,160,2020-01-29,0.0,4.0
audited_reconstruction_ols,3,2021-01-27,3.4979670186014724,3.733919147281386,160,2020-01-29,0.0,4.0
audited_reconstruction_ols,3,2021-03-17,4.676882796618454,3.62809077909805,160,2020-01-29,0.0,4.0
audited_reconstruction_ols,3,2021-04-28,6.717611257885417,1.535116051255128,160,2020-01-29,0.0,4.0
audited_reconstruction_ols,3,2021-06-16,1.0294124912812683,3.6840427750051097,160,2020-01-29,0.0,4.0
audited_reconstruction_ols,3,2021-07-28,4.633031545878721,0.8073056794017182,160,2020-01-29,0.0,4.0
audited_reconstruction_ols,3,2021-09-22,-1.4071350286967688,0.2461288324776102,160,2020-01-29,0.0,4.0
audited_reconstruction_ols,3,2021-11-03,3.629686853369575,5.138447170974819,160,2020-01-29,0.0,4.0
audited_reconstruction_ols,3,2021-12-15,-0.2430410169318006,-1.5391160329312505,160,2020-01-29,0.0,4.0
audited_reconstruction_ols,3,2022-01-26,-5.707921584406794,-3.826694168602236,160,2020-01-29,0.0,4.0
audited_reconstruction_ols,3,2022-03-16,-3.651437450153861,-2.1472776713767123,160,2020-01-29,0.0,4.0
audited_reconstruction_ols,3,2022-05-04,-6.071100198893482,-2.159441148747812,160,2020-01-29,0.0,4.0
audited_reconstruction_ols,3,2022-06-15,-10.185909178114285,-4.777102291401542,160,2020-01-29,0.0,4.0
audited_reconstruction_ols,3,2022-07-27,7.656593909553768,1.0274585047638596,160,2020-01-29,0.0,4.0
historical_mean,3,2020-03-15,-19.30679872098346,0.10806910471294602,160,2020-01-29,,1.0
historical_mean,3,2020-04-29,18.74563559498336,0.10806910471294602,160,2020-01-29,,1.0
historical_mean,3,2020-06-10,10.409357713788122,0.10806910471294602,160,2020-01-29,,1.0
historical_mean,3,2020-07-29,7.589732604042245,0.10806910471294602,160,2020-01-29,,1.0
historical_mean,3,2020-09-16,4.129646562312915,0.10806910471294602,160,2020-01-29,,1.0
historical_mean,3,2020-11-05,0.3483962171310573,0.10806910471294602,160,2020-01-29,,1.0
historical_mean,3,2020-12-16,3.849102256140097,0.10806910471294602,160,2020-01-29,,1.0
historical_mean,3,2021-01-27,3.4979670186014724,0.10806910471294602,160,2020-01-29,,1.0
historical_mean,3,2021-03-17,4.676882796618454,0.10806910471294602,160,2020-01-29,,1.0
historical_mean,3,2021-04-28,6.717611257885417,0.10806910471294602,160,2020-01-29,,1.0
historical_mean,3,2021-06-16,1.0294124912812683,0.10806910471294602,160,2020-01-29,,1.0
historical_mean,3,2021-07-28,4.633031545878721,0.10806910471294602,160,2020-01-29,,1.0
historical_mean,3,2021-09-22,-1.4071350286967688,0.10806910471294602,160,2020-01-29,,1.0
historical_mean,3,2021-11-03,3.629686853369575,0.10806910471294602,160,2020-01-29,,1.0
historical_mean,3,2021-12-15,-0.2430410169318006,0.10806910471294602,160,2020-01-29,,1.0
historical_mean,3,2022-01-26,-5.707921584406794,0.10806910471294602,160,2020-01-29,,1.0
historical_mean,3,2022-03-16,-3.651437450153861,0.10806910471294602,160,2020-01-29,,1.0
historical_mean,3,2022-05-04,-6.071100198893482,0.10806910471294602,160,2020-01-29,,1.0
historical_mean,3,2022-06-15,-10.185909178114285,0.10806910471294602,160,2020-01-29,,1.0
historical_mean,3,2022-07-27,7.656593909553768,0.10806910471294602,160,2020-01-29,,1.0
gemini_vector,4,2022-09-21,-4.728850791825261,-1.4833073820382032,180,2022-07-27,1.0,39.53066440757832
gemini_vector,4,2022-11-02,2.605464816532983,0.7649939216940634,180,2022-07-27,1.0,39.53066440757832
gemini_vector,4,2022-12-14,6.577045295685347,3.6741786088369905,180,2022-07-27,1.0,39.53066440757832
gemini_vector,4,2023-02-01,2.5257798164174163,0.4860454929245487,180,2022-07-27,1.0,39.53066440757832
gemini_vector,4,2023-03-22,-6.204536146166191,-1.229545522717633,180,2022-07-27,1.0,39.53066440757832
gemini_vector,4,2023-05-03,4.881469132982449,2.4952747839797906,180,2022-07-27,1.0,39.53066440757832
gemini_vector,4,2023-06-14,6.063975282786163,3.7772043644888416,180,2022-07-27,1.0,39.53066440757832
gemini_vector,4,2023-07-26,2.3126105893465296,4.628598924234313,180,2022-07-27,1.0,39.53066440757832
gemini_vector,4,2023-09-20,-2.635491551002436,-0.41169135378890076,180,2022-07-27,1.0,39.53066440757832
gemini_vector,4,2023-11-01,-4.411522180090532,-2.507851209925389,180,2022-07-27,1.0,39.53066440757832
gemini_vector,4,2023-12-13,6.255803319654673,3.4975397797837275,180,2022-07-27,1.0,39.53066440757832
gemini_vector,4,2024-01-31,3.6615937297733945,3.4028723275013686,180,2022-07-27,1.0,39.53066440757832
gemini_vector,4,2024-03-20,4.178257495449124,2.4983153675549126,180,2022-07-27,1.0,39.53066440757832
gemini_vector,4,2024-05-01,-2.980468016904972,-1.4411663411352564,180,2022-07-27,1.0,39.53066440757832
gemini_vector,4,2024-06-12,5.130250058983746,2.4396852679259218,180,2022-07-27,1.0,39.53066440757832
gemini_vector,4,2024-07-31,-0.1107106366835336,-0.3555952231094608,180,2022-07-27,1.0,39.53066440757832
gemini_vector,4,2024-09-18,2.7356950767003108,-1.2490584397439064,180,2022-07-27,1.0,39.53066440757832
gemini_vector,4,2024-11-07,0.6219968059305512,4.422871145649789,180,2022-07-27,1.0,39.53066440757832
gemini_vector,4,2024-12-18,0.8467408795732383,4.012701579302717,180,2022-07-27,1.0,39.53066440757832
historical_counts,4,2022-09-21,-4.728850791825261,2.778026935854167,180,2022-07-27,10.0,3.8104942655219336
historical_counts,4,2022-11-02,2.605464816532983,2.7718615949564263,180,2022-07-27,10.0,3.8104942655219336
historical_counts,4,2022-12-14,6.577045295685347,-0.10827867986570261,180,2022-07-27,10.0,3.8104942655219336
historical_counts,4,2023-02-01,2.5257798164174163,-1.073330551807358,180,2022-07-27,10.0,3.8104942655219336
historical_counts,4,2023-03-22,-6.204536146166191,-1.5573755496094703,180,2022-07-27,10.0,3.8104942655219336
historical_counts,4,2023-05-03,4.881469132982449,-5.297277056811223,180,2022-07-27,10.0,3.8104942655219336
historical_counts,4,2023-06-14,6.063975282786163,4.1658803191856775,180,2022-07-27,10.0,3.8104942655219336
historical_counts,4,2023-07-26,2.3126105893465296,2.9835972059987115,180,2022-07-27,10.0,3.8104942655219336
historical_counts,4,2023-09-20,-2.635491551002436,2.7482630655322797,180,2022-07-27,10.0,3.8104942655219336
historical_counts,4,2023-11-01,-4.411522180090532,1.7136750623215837,180,2022-07-27,10.0,3.8104942655219336
historical_counts,4,2023-12-13,6.255803319654673,-3.0746128652929507,180,2022-07-27,10.0,3.8104942655219336
historical_counts,4,2024-01-31,3.6615937297733945,3.0943408203599687,180,2022-07-27,10.0,3.8104942655219336
historical_counts,4,2024-03-20,4.178257495449124,3.9956921693558547,180,2022-07-27,10.0,3.8104942655219336
historical_counts,4,2024-05-01,-2.980468016904972,2.7589725144952606,180,2022-07-27,10.0,3.8104942655219336
historical_counts,4,2024-06-12,5.130250058983746,-0.20408785762400072,180,2022-07-27,10.0,3.8104942655219336
historical_counts,4,2024-07-31,-0.1107106366835336,0.538290513825814,180,2022-07-27,10.0,3.8104942655219336
historical_counts,4,2024-09-18,2.7356950767003108,-1.4261110663023655,180,2022-07-27,10.0,3.8104942655219336
historical_counts,4,2024-11-07,0.6219968059305512,2.1338121987886,180,2022-07-27,10.0,3.8104942655219336
historical_counts,4,2024-12-18,0.8467408795732383,3.4456440495141973,180,2022-07-27,10.0,3.8104942655219336
attention_counts,4,2022-09-21,-4.728850791825261,0.26618634814535336,180,2022-07-27,10000.0,1.0178361439576022
attention_counts,4,2022-11-02,2.605464816532983,0.26568683811830285,180,2022-07-27,10000.0,1.0178361439576022
attention_counts,4,2022-12-14,6.577045295685347,0.26552238230243663,180,2022-07-27,10000.0,1.0178361439576022
attention_counts,4,2023-02-01,2.5257798164174163,0.2747003382656188,180,2022-07-27,10000.0,1.0178361439576022
attention_counts,4,2023-03-22,-6.204536146166191,0.2609575100288755,180,2022-07-27,10000.0,1.0178361439576022
attention_counts,4,2023-05-03,4.881469132982449,0.2628007366044232,180,2022-07-27,10000.0,1.0178361439576022
attention_counts,4,2023-06-14,6.063975282786163,0.261413165171695,180,2022-07-27,10000.0,1.0178361439576022
attention_counts,4,2023-07-26,2.3126105893465296,0.2636243371216002,180,2022-07-27,10000.0,1.0178361439576022
attention_counts,4,2023-09-20,-2.635491551002436,0.26359144595842693,180,2022-07-27,10000.0,1.0178361439576022
attention_counts,4,2023-11-01,-4.411522180090532,0.26140220145063725,180,2022-07-27,10000.0,1.0178361439576022
attention_counts,4,2023-12-13,6.255803319654673,0.26416770203288165,180,2022-07-27,10000.0,1.0178361439576022
attention_counts,4,2024-01-31,3.6615937297733945,0.26437733417082465,180,2022-07-27,10000.0,1.0178361439576022
attention_counts,4,2024-03-20,4.178257495449124,0.2647268518068269,180,2022-07-27,10000.0,1.0178361439576022
attention_counts,4,2024-05-01,-2.980468016904972,0.26602189232948714,180,2022-07-27,10000.0,1.0178361439576022
attention_counts,4,2024-06-12,5.130250058983746,0.26658718468288406,180,2022-07-27,10000.0,1.0178361439576022
attention_counts,4,2024-07-31,-0.1107106366835336,0.26601092860842934,180,2022-07-27,10000.0,1.0178361439576022
attention_counts,4,2024-09-18,2.7356950767003108,0.2656710532556391,180,2022-07-27,10000.0,1.0178361439576022
attention_counts,4,2024-11-07,0.6219968059305512,0.26616442070323787,180,2022-07-27,10000.0,1.0178361439576022
attention_counts,4,2024-12-18,0.8467408795732383,0.2645185411067297,180,2022-07-27,10000.0,1.0178361439576022
tfidf_bigram_only,4,2022-09-21,-4.728850791825261,-0.768806069542138,180,2022-07-27,0.0001,179.95976675406968
tfidf_bigram_only,4,2022-11-02,2.605464816532983,-0.3893125118746772,180,2022-07-27,0.0001,179.95976675406968
tfidf_bigram_only,4,2022-12-14,6.577045295685347,-0.3437411598515151,180,2022-07-27,0.0001,179.95976675406968
tfidf_bigram_only,4,2023-02-01,2.5257798164174163,2.0168523792124784,180,2022-07-27,0.0001,179.95976675406968
tfidf_bigram_only,4,2023-03-22,-6.204536146166191,-2.3416143650823105,180,2022-07-27,0.0001,179.95976675406968
tfidf_bigram_only,4,2023-05-03,4.881469132982449,-0.10017762863997176,180,2022-07-27,0.0001,179.95976675406968
tfidf_bigram_only,4,2023-06-14,6.063975282786163,3.7829623012388596,180,2022-07-27,0.0001,179.95976675406968
tfidf_bigram_only,4,2023-07-26,2.3126105893465296,2.05488860195899,180,2022-07-27,0.0001,179.95976675406968
tfidf_bigram_only,4,2023-09-20,-2.635491551002436,0.13955500271519805,180,2022-07-27,0.0001,179.95976675406968
tfidf_bigram_only,4,2023-11-01,-4.411522180090532,0.3022253567401985,180,2022-07-27,0.0001,179.95976675406968
tfidf_bigram_only,4,2023-12-13,6.255803319654673,1.7393831156773367,180,2022-07-27,0.0001,179.95976675406968
tfidf_bigram_only,4,2024-01-31,3.6615937297733945,3.343545306166746,180,2022-07-27,0.0001,179.95976675406968
tfidf_bigram_only,4,2024-03-20,4.178257495449124,3.5296233504653607,180,2022-07-27,0.0001,179.95976675406968
tfidf_bigram_only,4,2024-05-01,-2.980468016904972,0.023707572534212434,180,2022-07-27,0.0001,179.95976675406968
tfidf_bigram_only,4,2024-06-12,5.130250058983746,1.4312273065725796,180,2022-07-27,0.0001,179.95976675406968
tfidf_bigram_only,4,2024-07-31,-0.1107106366835336,2.821285417525589,180,2022-07-27,0.0001,179.95976675406968
tfidf_bigram_only,4,2024-09-18,2.7356950767003108,0.14802506966119744,180,2022-07-27,0.0001,179.95976675406968
tfidf_bigram_only,4,2024-11-07,0.6219968059305512,0.06551098551163273,180,2022-07-27,0.0001,179.95976675406968
tfidf_bigram_only,4,2024-12-18,0.8467408795732383,2.1523578612443153,180,2022-07-27,0.0001,179.95976675406968
length_only,4,2022-09-21,-4.728850791825261,0.26541010131633413,180,2022-07-27,10000.0,1.0176817288801572
length_only,4,2022-11-02,2.605464816532983,0.2659308275634304,180,2022-07-27,10000.0,1.0176817288801572
length_only,4,2022-12-14,6.577045295685347,0.2656053736589952,180,2022-07-27,10000.0,1.0176817288801572
length_only,4,2023-02-01,2.5257798164174163,0.28074982867871234,180,2022-07-27,10000.0,1.0176817288801572
length_only,4,2023-03-22,-6.204536146166191,0.2656270705859576,180,2022-07-27,10000.0,1.0176817288801572
length_only,4,2023-05-03,4.881469132982449,0.26625628146786556,180,2022-07-27,10000.0,1.0176817288801572
length_only,4,2023-06-14,6.063975282786163,0.2650195566310119,180,2022-07-27,10000.0,1.0176817288801572
length_only,4,2023-07-26,2.3126105893465296,0.26486767814227546,180,2022-07-27,10000.0,1.0176817288801572
length_only,4,2023-09-20,-2.635491551002436,0.26480258736138845,180,2022-07-27,10000.0,1.0176817288801572
length_only,4,2023-11-01,-4.411522180090532,0.26499785970404954,180,2022-07-27,10000.0,1.0176817288801572
length_only,4,2023-12-13,6.255803319654673,0.2644337396030286,180,2022-07-27,10000.0,1.0176817288801572
length_only,4,2024-01-31,3.6615937297733945,0.2618301083675471,180,2022-07-27,10000.0,1.0176817288801572
length_only,4,2024-03-20,4.178257495449124,0.2655402828781082,180,2022-07-27,10000.0,1.0176817288801572
length_only,4,2024-05-01,-2.980468016904972,0.26508464741189897,180,2022-07-27,10000.0,1.0176817288801572
length_only,4,2024-06-12,5.130250058983746,0.26469410272657673,180,2022-07-27,10000.0,1.0176817288801572
length_only,4,2024-07-31,-0.1107106366835336,0.2650629504849366,180,2022-07-27,10000.0,1.0176817288801572
length_only,4,2024-09-18,2.7356950767003108,0.26439034574910386,180,2022-07-27,10000.0,1.0176817288801572
length_only,4,2024-11-07,0.6219968059305512,0.2653667074624094,180,2022-07-27,10000.0,1.0176817288801572
length_only,4,2024-12-18,0.8467408795732383,0.2651280412658236,180,2022-07-27,10000.0,1.0176817288801572
uploaded_as_received_split,4,2022-09-21,-4.728850791825261,-2.7901723427029776,180,2022-07-27,0.0001,3.99999389054007
uploaded_as_received_split,4,2022-11-02,2.605464816532983,-0.26375458482669933,180,2022-07-27,0.0001,3.99999389054007
uploaded_as_received_split,4,2022-12-14,6.577045295685347,2.4428899228972054,180,2022-07-27,0.0001,3.99999389054007
uploaded_as_received_split,4,2023-02-01,2.5257798164174163,-1.1077368718608582,180,2022-07-27,0.0001,3.99999389054007
uploaded_as_received_split,4,2023-03-22,-6.204536146166191,-3.284327561701159,180,2022-07-27,0.0001,3.99999389054007
uploaded_as_received_split,4,2023-05-03,4.881469132982449,-0.7512427834073839,180,2022-07-27,0.0001,3.99999389054007
uploaded_as_received_split,4,2023-06-14,6.063975282786163,3.886325551476671,180,2022-07-27,0.0001,3.99999389054007
uploaded_as_received_split,4,2023-07-26,2.3126105893465296,2.6297836931343737,180,2022-07-27,0.0001,3.99999389054007
uploaded_as_received_split,4,2023-09-20,-2.635491551002436,-5.321923717084856,180,2022-07-27,0.0001,3.99999389054007
uploaded_as_received_split,4,2023-11-01,-4.411522180090532,-4.062715050752474,180,2022-07-27,0.0001,3.99999389054007
uploaded_as_received_split,4,2023-12-13,6.255803319654673,3.1106048710419647,180,2022-07-27,0.0001,3.99999389054007
uploaded_as_received_split,4,2024-01-31,3.6615937297733945,0.22395080952481933,180,2022-07-27,0.0001,3.99999389054007
uploaded_as_received_split,4,2024-03-20,4.178257495449124,2.4388897108487297,180,2022-07-27,0.0001,3.99999389054007
uploaded_as_received_split,4,2024-05-01,-2.980468016904972,-0.8232466046989119,180,2022-07-27,0.0001,3.99999389054007
uploaded_as_received_split,4,2024-06-12,5.130250058983746,3.1266057201507125,180,2022-07-27,0.0001,3.99999389054007
uploaded_as_received_split,4,2024-07-31,-0.1107106366835336,0.6548575303580724,180,2022-07-27,0.0001,3.99999389054007
uploaded_as_received_split,4,2024-09-18,2.7356950767003108,-0.35842627610034516,180,2022-07-27,0.0001,3.99999389054007
uploaded_as_received_split,4,2024-11-07,0.6219968059305512,-1.0811721019875944,180,2022-07-27,0.0001,3.99999389054007
uploaded_as_received_split,4,2024-12-18,0.8467408795732383,3.153273802121643,180,2022-07-27,0.0001,3.99999389054007
uploaded_as_received_joint,4,2022-09-21,-4.728850791825261,-2.7901735814054494,180,2022-07-27,0.0001,3.9999945759569258
uploaded_as_received_joint,4,2022-11-02,2.605464816532983,-0.2637545741042714,180,2022-07-27,0.0001,3.9999945759569258
uploaded_as_received_joint,4,2022-12-14,6.577045295685347,2.442890968757899,180,2022-07-27,0.0001,3.9999945759569258
uploaded_as_received_joint,4,2023-02-01,2.5257798164174163,-1.1077383000718743,180,2022-07-27,0.0001,3.9999945759569258
uploaded_as_received_joint,4,2023-03-22,-6.204536146166191,-3.284329239168081,180,2022-07-27,0.0001,3.9999945759569258
uploaded_as_received_joint,4,2023-05-03,4.881469132982449,-0.7512432142595783,180,2022-07-27,0.0001,3.9999945759569258
uploaded_as_received_joint,4,2023-06-14,6.063975282786163,3.886327007816029,180,2022-07-27,0.0001,3.9999945759569258
uploaded_as_received_joint,4,2023-07-26,2.3126105893465296,2.6297845221413265,180,2022-07-27,0.0001,3.9999945759569258
uploaded_as_received_joint,4,2023-09-20,-2.635491551002436,-5.321926203174448,180,2022-07-27,0.0001,3.9999945759569258
uploaded_as_received_joint,4,2023-11-01,-4.411522180090532,-4.062716909929582,180,2022-07-27,0.0001,3.9999945759569258
uploaded_as_received_joint,4,2023-12-13,6.255803319654673,3.1106061442628348,180,2022-07-27,0.0001,3.9999945759569258
uploaded_as_received_joint,4,2024-01-31,3.6615937297733945,0.22395112156042776,180,2022-07-27,0.0001,3.9999945759569258
uploaded_as_received_joint,4,2024-03-20,4.178257495449124,2.4388907586464255,180,2022-07-27,0.0001,3.9999945759569258
uploaded_as_received_joint,4,2024-05-01,-2.980468016904972,-0.8232470059394238,180,2022-07-27,0.0001,3.9999945759569258
uploaded_as_received_joint,4,2024-06-12,5.130250058983746,3.126606987210695,180,2022-07-27,0.0001,3.9999945759569258
uploaded_as_received_joint,4,2024-07-31,-0.1107106366835336,0.6548575257313125,180,2022-07-27,0.0001,3.9999945759569258
uploaded_as_received_joint,4,2024-09-18,2.7356950767003108,-0.3584262263267536,180,2022-07-27,0.0001,3.9999945759569258
uploaded_as_received_joint,4,2024-11-07,0.6219968059305512,-1.0811731791312766,180,2022-07-27,0.0001,3.9999945759569258
uploaded_as_received_joint,4,2024-12-18,0.8467408795732383,3.1532750583456264,180,2022-07-27,0.0001,3.9999945759569258
dictionary_only_correction_split,4,2022-09-21,-4.728850791825261,-2.7901723427029776,180,2022-07-27,0.0001,3.99999389054007
dictionary_only_correction_split,4,2022-11-02,2.605464816532983,-0.26375458482669933,180,2022-07-27,0.0001,3.99999389054007
dictionary_only_correction_split,4,2022-12-14,6.577045295685347,2.4428899228972054,180,2022-07-27,0.0001,3.99999389054007
dictionary_only_correction_split,4,2023-02-01,2.5257798164174163,-1.1077368718608582,180,2022-07-27,0.0001,3.99999389054007
dictionary_only_correction_split,4,2023-03-22,-6.204536146166191,-3.284327561701159,180,2022-07-27,0.0001,3.99999389054007
dictionary_only_correction_split,4,2023-05-03,4.881469132982449,-0.7512427834073839,180,2022-07-27,0.0001,3.99999389054007
dictionary_only_correction_split,4,2023-06-14,6.063975282786163,3.886325551476671,180,2022-07-27,0.0001,3.99999389054007
dictionary_only_correction_split,4,2023-07-26,2.3126105893465296,2.6297836931343737,180,2022-07-27,0.0001,3.99999389054007
dictionary_only_correction_split,4,2023-09-20,-2.635491551002436,-5.321923717084856,180,2022-07-27,0.0001,3.99999389054007
dictionary_only_correction_split,4,2023-11-01,-4.411522180090532,-4.062715050752474,180,2022-07-27,0.0001,3.99999389054007
dictionary_only_correction_split,4,2023-12-13,6.255803319654673,3.1106048710419647,180,2022-07-27,0.0001,3.99999389054007
dictionary_only_correction_split,4,2024-01-31,3.6615937297733945,0.22395080952481933,180,2022-07-27,0.0001,3.99999389054007
dictionary_only_correction_split,4,2024-03-20,4.178257495449124,2.4388897108487297,180,2022-07-27,0.0001,3.99999389054007
dictionary_only_correction_split,4,2024-05-01,-2.980468016904972,-0.8232466046989119,180,2022-07-27,0.0001,3.99999389054007
dictionary_only_correction_split,4,2024-06-12,5.130250058983746,3.1266057201507125,180,2022-07-27,0.0001,3.99999389054007
dictionary_only_correction_split,4,2024-07-31,-0.1107106366835336,0.6548575303580724,180,2022-07-27,0.0001,3.99999389054007
dictionary_only_correction_split,4,2024-09-18,2.7356950767003108,-0.35842627610034516,180,2022-07-27,0.0001,3.99999389054007
dictionary_only_correction_split,4,2024-11-07,0.6219968059305512,-1.0811721019875944,180,2022-07-27,0.0001,3.99999389054007
dictionary_only_correction_split,4,2024-12-18,0.8467408795732383,3.153273802121643,180,2022-07-27,0.0001,3.99999389054007
dictionary_only_correction_joint,4,2022-09-21,-4.728850791825261,-2.7901735814054494,180,2022-07-27,0.0001,3.9999945759569258
dictionary_only_correction_joint,4,2022-11-02,2.605464816532983,-0.2637545741042714,180,2022-07-27,0.0001,3.9999945759569258
dictionary_only_correction_joint,4,2022-12-14,6.577045295685347,2.442890968757899,180,2022-07-27,0.0001,3.9999945759569258
dictionary_only_correction_joint,4,2023-02-01,2.5257798164174163,-1.1077383000718743,180,2022-07-27,0.0001,3.9999945759569258
dictionary_only_correction_joint,4,2023-03-22,-6.204536146166191,-3.284329239168081,180,2022-07-27,0.0001,3.9999945759569258
dictionary_only_correction_joint,4,2023-05-03,4.881469132982449,-0.7512432142595783,180,2022-07-27,0.0001,3.9999945759569258
dictionary_only_correction_joint,4,2023-06-14,6.063975282786163,3.886327007816029,180,2022-07-27,0.0001,3.9999945759569258
dictionary_only_correction_joint,4,2023-07-26,2.3126105893465296,2.6297845221413265,180,2022-07-27,0.0001,3.9999945759569258
dictionary_only_correction_joint,4,2023-09-20,-2.635491551002436,-5.321926203174448,180,2022-07-27,0.0001,3.9999945759569258
dictionary_only_correction_joint,4,2023-11-01,-4.411522180090532,-4.062716909929582,180,2022-07-27,0.0001,3.9999945759569258
dictionary_only_correction_joint,4,2023-12-13,6.255803319654673,3.1106061442628348,180,2022-07-27,0.0001,3.9999945759569258
dictionary_only_correction_joint,4,2024-01-31,3.6615937297733945,0.22395112156042776,180,2022-07-27,0.0001,3.9999945759569258
dictionary_only_correction_joint,4,2024-03-20,4.178257495449124,2.4388907586464255,180,2022-07-27,0.0001,3.9999945759569258
dictionary_only_correction_joint,4,2024-05-01,-2.980468016904972,-0.8232470059394238,180,2022-07-27,0.0001,3.9999945759569258
dictionary_only_correction_joint,4,2024-06-12,5.130250058983746,3.126606987210695,180,2022-07-27,0.0001,3.9999945759569258
dictionary_only_correction_joint,4,2024-07-31,-0.1107106366835336,0.6548575257313125,180,2022-07-27,0.0001,3.9999945759569258
dictionary_only_correction_joint,4,2024-09-18,2.7356950767003108,-0.3584262263267536,180,2022-07-27,0.0001,3.9999945759569258
dictionary_only_correction_joint,4,2024-11-07,0.6219968059305512,-1.0811731791312766,180,2022-07-27,0.0001,3.9999945759569258
dictionary_only_correction_joint,4,2024-12-18,0.8467408795732383,3.1532750583456264,180,2022-07-27,0.0001,3.9999945759569258
audited_reconstruction_split,4,2022-09-21,-4.728850791825261,-1.4941066062490558,180,2022-07-27,0.0001,3.9999938475570835
audited_reconstruction_split,4,2022-11-02,2.605464816532983,-0.2835387551080103,180,2022-07-27,0.0001,3.9999938475570835
audited_reconstruction_split,4,2022-12-14,6.577045295685347,2.417444674177761,180,2022-07-27,0.0001,3.9999938475570835
audited_reconstruction_split,4,2023-02-01,2.5257798164174163,-0.8382884757988996,180,2022-07-27,0.0001,3.9999938475570835
audited_reconstruction_split,4,2023-03-22,-6.204536146166191,-3.054256625007172,180,2022-07-27,0.0001,3.9999938475570835
audited_reconstruction_split,4,2023-05-03,4.881469132982449,0.5132088708179615,180,2022-07-27,0.0001,3.9999938475570835
audited_reconstruction_split,4,2023-06-14,6.063975282786163,2.751073100504481,180,2022-07-27,0.0001,3.9999938475570835
audited_reconstruction_split,4,2023-07-26,2.3126105893465296,2.74061574233175,180,2022-07-27,0.0001,3.9999938475570835
audited_reconstruction_split,4,2023-09-20,-2.635491551002436,-4.28573919285028,180,2022-07-27,0.0001,3.9999938475570835
audited_reconstruction_split,4,2023-11-01,-4.411522180090532,-3.0975799667446333,180,2022-07-27,0.0001,3.9999938475570835
audited_reconstruction_split,4,2023-12-13,6.255803319654673,3.1111126261846564,180,2022-07-27,0.0001,3.9999938475570835
audited_reconstruction_split,4,2024-01-31,3.6615937297733945,0.20845157382307816,180,2022-07-27,0.0001,3.9999938475570835
audited_reconstruction_split,4,2024-03-20,4.178257495449124,3.1873019506542972,180,2022-07-27,0.0001,3.9999938475570835
audited_reconstruction_split,4,2024-05-01,-2.980468016904972,-0.7421762297452813,180,2022-07-27,0.0001,3.9999938475570835
audited_reconstruction_split,4,2024-06-12,5.130250058983746,3.1290395258330816,180,2022-07-27,0.0001,3.9999938475570835
audited_reconstruction_split,4,2024-07-31,-0.1107106366835336,0.8050078641404522,180,2022-07-27,0.0001,3.9999938475570835
audited_reconstruction_split,4,2024-09-18,2.7356950767003108,-0.38960624570089286,180,2022-07-27,0.0001,3.9999938475570835
audited_reconstruction_split,4,2024-11-07,0.6219968059305512,-0.3487914709367873,180,2022-07-27,0.0001,3.9999938475570835
audited_reconstruction_split,4,2024-12-18,0.8467408795732383,3.158917692231656,180,2022-07-27,0.0001,3.9999938475570835
audited_reconstruction_joint,4,2022-09-21,-4.728850791825261,-1.4941072143951417,180,2022-07-27,0.0001,3.9999945309381078
audited_reconstruction_joint,4,2022-11-02,2.605464816532983,-0.28353879292895356,180,2022-07-27,0.0001,3.9999945309381078
audited_reconstruction_joint,4,2022-12-14,6.577045295685347,2.4174456950497527,180,2022-07-27,0.0001,3.9999945309381078
audited_reconstruction_joint,4,2023-02-01,2.5257798164174163,-0.8382898013354857,180,2022-07-27,0.0001,3.9999945309381078
audited_reconstruction_joint,4,2023-03-22,-6.204536146166191,-3.05425817001966,180,2022-07-27,0.0001,3.9999945309381078
audited_reconstruction_joint,4,2023-05-03,4.881469132982449,0.5132090593813226,180,2022-07-27,0.0001,3.9999945309381078
audited_reconstruction_joint,4,2023-06-14,6.063975282786163,2.7510740209084807,180,2022-07-27,0.0001,3.9999945309381078
audited_reconstruction_joint,4,2023-07-26,2.3126105893465296,2.7406166661411024,180,2022-07-27,0.0001,3.9999945309381078
audited_reconstruction_joint,4,2023-09-20,-2.635491551002436,-4.285741300862803,180,2022-07-27,0.0001,3.9999945309381078
audited_reconstruction_joint,4,2023-11-01,-4.411522180090532,-3.097581496372241,180,2022-07-27,0.0001,3.9999945309381078
audited_reconstruction_joint,4,2023-12-13,6.255803319654673,3.111113909441036,180,2022-07-27,0.0001,3.9999945309381078
audited_reconstruction_joint,4,2024-01-31,3.6615937297733945,0.20845186857987624,180,2022-07-27,0.0001,3.9999945309381078
audited_reconstruction_joint,4,2024-03-20,4.178257495449124,3.187303207108891,180,2022-07-27,0.0001,3.9999945309381078
audited_reconstruction_joint,4,2024-05-01,-2.980468016904972,-0.7421765960652603,180,2022-07-27,0.0001,3.9999945309381078
audited_reconstruction_joint,4,2024-06-12,5.130250058983746,3.1290408029496275,180,2022-07-27,0.0001,3.9999945309381078
audited_reconstruction_joint,4,2024-07-31,-0.1107106366835336,0.8050079666818277,180,2022-07-27,0.0001,3.9999945309381078
audited_reconstruction_joint,4,2024-09-18,2.7356950767003108,-0.38960624652613196,180,2022-07-27,0.0001,3.9999945309381078
audited_reconstruction_joint,4,2024-11-07,0.6219968059305512,-0.34879195854505574,180,2022-07-27,0.0001,3.9999945309381078
audited_reconstruction_joint,4,2024-12-18,0.8467408795732383,3.15891895874567,180,2022-07-27,0.0001,3.9999945309381078
audited_counts_plus_gemini,4,2022-09-21,-4.728850791825261,-1.52222201345457,180,2022-07-27,1.0,32.46943700930592
audited_counts_plus_gemini,4,2022-11-02,2.605464816532983,0.20336493892277666,180,2022-07-27,1.0,32.46943700930592
audited_counts_plus_gemini,4,2022-12-14,6.577045295685347,3.9602189188817913,180,2022-07-27,1.0,32.46943700930592
audited_counts_plus_gemini,4,2023-02-01,2.5257798164174163,-0.23987990102621237,180,2022-07-27,1.0,32.46943700930592
audited_counts_plus_gemini,4,2023-03-22,-6.204536146166191,-2.651518036961285,180,2022-07-27,1.0,32.46943700930592
audited_counts_plus_gemini,4,2023-05-03,4.881469132982449,2.519285820189017,180,2022-07-27,1.0,32.46943700930592
audited_counts_plus_gemini,4,2023-06-14,6.063975282786163,3.925257919190665,180,2022-07-27,1.0,32.46943700930592
audited_counts_plus_gemini,4,2023-07-26,2.3126105893465296,4.761754723614708,180,2022-07-27,1.0,32.46943700930592
audited_counts_plus_gemini,4,2023-09-20,-2.635491551002436,-3.1973709552740255,180,2022-07-27,1.0,32.46943700930592
audited_counts_plus_gemini,4,2023-11-01,-4.411522180090532,-4.0463048070923335,180,2022-07-27,1.0,32.46943700930592
audited_counts_plus_gemini,4,2023-12-13,6.255803319654673,4.077945348201509,180,2022-07-27,1.0,32.46943700930592
audited_counts_plus_gemini,4,2024-01-31,3.6615937297733945,1.6559366855904947,180,2022-07-27,1.0,32.46943700930592
audited_counts_plus_gemini,4,2024-03-20,4.178257495449124,2.8443687260836907,180,2022-07-27,1.0,32.46943700930592
audited_counts_plus_gemini,4,2024-05-01,-2.980468016904972,-1.4008614185786206,180,2022-07-27,1.0,32.46943700930592
audited_counts_plus_gemini,4,2024-06-12,5.130250058983746,3.0494906538988484,180,2022-07-27,1.0,32.46943700930592
audited_counts_plus_gemini,4,2024-07-31,-0.1107106366835336,-0.25520333494107283,180,2022-07-27,1.0,32.46943700930592
audited_counts_plus_gemini,4,2024-09-18,2.7356950767003108,-1.1200802458283352,180,2022-07-27,1.0,32.46943700930592
audited_counts_plus_gemini,4,2024-11-07,0.6219968059305512,2.1807095943305552,180,2022-07-27,1.0,32.46943700930592
audited_counts_plus_gemini,4,2024-12-18,0.8467408795732383,4.11932899179237,180,2022-07-27,1.0,32.46943700930592
uploaded_as_received_ols,4,2022-09-21,-4.728850791825261,-2.7901770943924182,180,2022-07-27,0.0,4.0
uploaded_as_received_ols,4,2022-11-02,2.605464816532983,-0.2637541728794126,180,2022-07-27,0.0,4.0
uploaded_as_received_ols,4,2022-12-14,6.577045295685347,2.4428943600382107,180,2022-07-27,0.0,4.0
uploaded_as_received_ols,4,2023-02-01,2.5257798164174163,-1.1077392444317113,180,2022-07-27,0.0,4.0
uploaded_as_received_ols,4,2023-03-22,-6.204536146166191,-3.284334091736306,180,2022-07-27,0.0,4.0
uploaded_as_received_ols,4,2023-05-03,4.881469132982449,-0.7512441382047016,180,2022-07-27,0.0,4.0
uploaded_as_received_ols,4,2023-06-14,6.063975282786163,3.886331432199331,180,2022-07-27,0.0,4.0
uploaded_as_received_ols,4,2023-07-26,2.3126105893465296,2.629787003461428,180,2022-07-27,0.0,4.0
uploaded_as_received_ols,4,2023-09-20,-2.635491551002436,-5.321933641520303,180,2022-07-27,0.0,4.0
uploaded_as_received_ols,4,2023-11-01,-4.411522180090532,-4.06272239997496,180,2022-07-27,0.0,4.0
uploaded_as_received_ols,4,2023-12-13,6.255803319654673,3.1106099367681175,180,2022-07-27,0.0,4.0
uploaded_as_received_ols,4,2024-01-31,3.6615937297733945,0.22395153934831535,180,2022-07-27,0.0,4.0
uploaded_as_received_ols,4,2024-03-20,4.178257495449124,2.4388941408270512,180,2022-07-27,0.0,4.0
uploaded_as_received_ols,4,2024-05-01,-2.980468016904972,-0.823248084005573,180,2022-07-27,0.0,4.0
uploaded_as_received_ols,4,2024-06-12,5.130250058983746,3.1266108136127553,180,2022-07-27,0.0,4.0
uploaded_as_received_ols,4,2024-07-31,-0.1107106366835336,0.6548575546522633,180,2022-07-27,0.0,4.0
uploaded_as_received_ols,4,2024-09-18,2.7356950767003108,-0.3584260275435214,180,2022-07-27,0.0,4.0
uploaded_as_received_ols,4,2024-11-07,0.6219968059305512,-1.0811764009886098,180,2022-07-27,0.0,4.0
uploaded_as_received_ols,4,2024-12-18,0.8467408795732383,3.153278941687152,180,2022-07-27,0.0,4.0
dictionary_only_correction_ols,4,2022-09-21,-4.728850791825261,-2.7901770943924182,180,2022-07-27,0.0,4.0
dictionary_only_correction_ols,4,2022-11-02,2.605464816532983,-0.2637541728794126,180,2022-07-27,0.0,4.0
dictionary_only_correction_ols,4,2022-12-14,6.577045295685347,2.4428943600382107,180,2022-07-27,0.0,4.0
dictionary_only_correction_ols,4,2023-02-01,2.5257798164174163,-1.1077392444317113,180,2022-07-27,0.0,4.0
dictionary_only_correction_ols,4,2023-03-22,-6.204536146166191,-3.284334091736306,180,2022-07-27,0.0,4.0
dictionary_only_correction_ols,4,2023-05-03,4.881469132982449,-0.7512441382047016,180,2022-07-27,0.0,4.0
dictionary_only_correction_ols,4,2023-06-14,6.063975282786163,3.886331432199331,180,2022-07-27,0.0,4.0
dictionary_only_correction_ols,4,2023-07-26,2.3126105893465296,2.629787003461428,180,2022-07-27,0.0,4.0
dictionary_only_correction_ols,4,2023-09-20,-2.635491551002436,-5.321933641520303,180,2022-07-27,0.0,4.0
dictionary_only_correction_ols,4,2023-11-01,-4.411522180090532,-4.06272239997496,180,2022-07-27,0.0,4.0
dictionary_only_correction_ols,4,2023-12-13,6.255803319654673,3.1106099367681175,180,2022-07-27,0.0,4.0
dictionary_only_correction_ols,4,2024-01-31,3.6615937297733945,0.22395153934831535,180,2022-07-27,0.0,4.0
dictionary_only_correction_ols,4,2024-03-20,4.178257495449124,2.4388941408270512,180,2022-07-27,0.0,4.0
dictionary_only_correction_ols,4,2024-05-01,-2.980468016904972,-0.823248084005573,180,2022-07-27,0.0,4.0
dictionary_only_correction_ols,4,2024-06-12,5.130250058983746,3.1266108136127553,180,2022-07-27,0.0,4.0
dictionary_only_correction_ols,4,2024-07-31,-0.1107106366835336,0.6548575546522633,180,2022-07-27,0.0,4.0
dictionary_only_correction_ols,4,2024-09-18,2.7356950767003108,-0.3584260275435214,180,2022-07-27,0.0,4.0
dictionary_only_correction_ols,4,2024-11-07,0.6219968059305512,-1.0811764009886098,180,2022-07-27,0.0,4.0
dictionary_only_correction_ols,4,2024-12-18,0.8467408795732383,3.153278941687152,180,2022-07-27,0.0,4.0
audited_reconstruction_ols,4,2022-09-21,-4.728850791825261,-1.494108718705183,180,2022-07-27,0.0,4.0
audited_reconstruction_ols,4,2022-11-02,2.605464816532983,-0.2835384099831635,180,2022-07-27,0.0,4.0
audited_reconstruction_ols,4,2022-12-14,6.577045295685347,2.417449095140688,180,2022-07-27,0.0,4.0
audited_reconstruction_ols,4,2023-02-01,2.5257798164174163,-0.8382899566677963,180,2022-07-27,0.0,4.0
audited_reconstruction_ols,4,2023-03-22,-6.204536146166191,-3.0542626078706467,180,2022-07-27,0.0,4.0
audited_reconstruction_ols,4,2023-05-03,4.881469132982449,0.5132101299942586,180,2022-07-27,0.0,4.0
audited_reconstruction_ols,4,2023-06-14,6.063975282786163,2.751076791630768,180,2022-07-27,0.0,4.0
audited_reconstruction_ols,4,2023-07-26,2.3126105893465296,2.740619412139883,180,2022-07-27,0.0,4.0
audited_reconstruction_ols,4,2023-09-20,-2.635491551002436,-4.285747675574437,180,2022-07-27,0.0,4.0
audited_reconstruction_ols,4,2023-11-01,-4.411522180090532,-3.097586037190029,180,2022-07-27,0.0,4.0
audited_reconstruction_ols,4,2023-12-13,6.255803319654673,3.111117751565098,180,2022-07-27,0.0,4.0
audited_reconstruction_ols,4,2024-01-31,3.6615937297733945,0.20845221340274378,180,2022-07-27,0.0,4.0
audited_reconstruction_ols,4,2024-03-20,4.178257495449124,3.1873072307129764,180,2022-07-27,0.0,4.0
audited_reconstruction_ols,4,2024-05-01,-2.980468016904972,-0.7421775194029835,180,2022-07-27,0.0,4.0
audited_reconstruction_ols,4,2024-06-12,5.130250058983746,3.129044687835187,180,2022-07-27,0.0,4.0
audited_reconstruction_ols,4,2024-07-31,-0.1107106366835336,0.8050083085207975,180,2022-07-27,0.0,4.0
audited_reconstruction_ols,4,2024-09-18,2.7356950767003108,-0.38960611624785746,180,2022-07-27,0.0,4.0
audited_reconstruction_ols,4,2024-11-07,0.6219968059305512,-0.34879336867927324,180,2022-07-27,0.0,4.0
audited_reconstruction_ols,4,2024-12-18,0.8467408795732383,3.1589229149520017,180,2022-07-27,0.0,4.0
historical_mean,4,2022-09-21,-4.728850791825261,0.26461539109709664,180,2022-07-27,,1.0
historical_mean,4,2022-11-02,2.605464816532983,0.26461539109709664,180,2022-07-27,,1.0
historical_mean,4,2022-12-14,6.577045295685347,0.26461539109709664,180,2022-07-27,,1.0
historical_mean,4,2023-02-01,2.5257798164174163,0.26461539109709664,180,2022-07-27,,1.0
historical_mean,4,2023-03-22,-6.204536146166191,0.26461539109709664,180,2022-07-27,,1.0
historical_mean,4,2023-05-03,4.881469132982449,0.26461539109709664,180,2022-07-27,,1.0
historical_mean,4,2023-06-14,6.063975282786163,0.26461539109709664,180,2022-07-27,,1.0
historical_mean,4,2023-07-26,2.3126105893465296,0.26461539109709664,180,2022-07-27,,1.0
historical_mean,4,2023-09-20,-2.635491551002436,0.26461539109709664,180,2022-07-27,,1.0
historical_mean,4,2023-11-01,-4.411522180090532,0.26461539109709664,180,2022-07-27,,1.0
historical_mean,4,2023-12-13,6.255803319654673,0.26461539109709664,180,2022-07-27,,1.0
historical_mean,4,2024-01-31,3.6615937297733945,0.26461539109709664,180,2022-07-27,,1.0
historical_mean,4,2024-03-20,4.178257495449124,0.26461539109709664,180,2022-07-27,,1.0
historical_mean,4,2024-05-01,-2.980468016904972,0.26461539109709664,180,2022-07-27,,1.0
historical_mean,4,2024-06-12,5.130250058983746,0.26461539109709664,180,2022-07-27,,1.0
historical_mean,4,2024-07-31,-0.1107106366835336,0.26461539109709664,180,2022-07-27,,1.0
historical_mean,4,2024-09-18,2.7356950767003108,0.26461539109709664,180,2022-07-27,,1.0
historical_mean,4,2024-11-07,0.6219968059305512,0.26461539109709664,180,2022-07-27,,1.0
historical_mean,4,2024-12-18,0.8467408795732383,0.26461539109709664,180,2022-07-27,,1.0
