model,target_variant,n,mse,rmse,mae,oos_r2,selected_alphas
rules_whole_linear,two_panel_mean,35,10.472966593967517,3.2361963157335674,2.7025603557996183,0.37381500715736515,"[0.0001, 0.1]"
rules_whole_linear,negative_panel,35,10.472701671111937,3.2361553842657087,2.70250768755631,0.37382954263147017,"[0.0001, 0.1]"
rules_whole_linear,positive_panel,35,10.473231733810323,3.2362372802083477,2.7026130240429285,0.37380046582478377,"[0.0001, 0.1]"
rules_whole_linear,jitter_000,35,10.476608654502515,3.236758973804277,2.7034496379537867,0.37344212086799145,"[0.0001, 0.1]"
rules_whole_linear,jitter_001,35,10.47293672267393,3.236191700544628,2.7024185392850555,0.3738072642415029,"[0.0001, 0.1]"
rules_whole_linear,jitter_002,35,10.475725555495611,3.236622553758101,2.7036073002705088,0.3732431244343626,"[0.0001, 0.1]"
rules_whole_linear,jitter_003,35,10.46560621211517,3.2350589194194237,2.701918327006114,0.3738558413197156,"[0.0001, 0.1]"
rules_whole_linear,jitter_004,35,10.473074756806293,3.2362130271053378,2.7028959343061154,0.3737512662637592,"[0.0001, 0.1]"
rules_whole_linear,jitter_005,35,10.478095639334102,3.2369886683975433,2.703391247267444,0.3731830713912002,"[0.0001, 0.1]"
rules_whole_linear,jitter_006,35,10.47280708500844,3.236171671127544,2.703668627589863,0.37384604405737976,"[0.0001, 0.1]"
rules_whole_linear,jitter_007,35,10.467793066186331,3.235396894692571,2.7012527632195145,0.37433298866978215,"[0.0001, 0.1]"
rules_whole_linear,jitter_008,35,10.480586750625703,3.237373433916097,2.7031757588866974,0.3736990469685675,"[0.0001, 0.1]"
rules_whole_linear,jitter_009,35,10.473544243339889,3.2362855626999125,2.7033112118045914,0.3738952218646645,"[0.0001, 0.1]"
rules_whole_linear,jitter_010,35,10.490925403552952,3.238969805903252,2.7048364766185222,0.3734105770848555,"[0.0001, 0.1]"
rules_whole_linear,jitter_011,35,10.479126156910729,3.2371478429183194,2.7026972014608743,0.37371239694626546,"[0.0001, 0.1]"
rules_whole_linear,jitter_012,35,10.484486584043612,3.237975692318213,2.703930776488368,0.3736739527641908,"[0.0001, 0.1]"
rules_whole_linear,jitter_013,35,10.477196567589578,3.236849790705398,2.703261292603994,0.3735458358960052,"[0.0001, 0.1]"
rules_whole_linear,jitter_014,35,10.475285204506147,3.2365545267314975,2.701963674618353,0.3736870039831748,"[0.0001, 0.1]"
rules_whole_linear,jitter_015,35,10.475413709398328,3.236574378783582,2.7027560840313503,0.37332990395553967,"[0.0001, 0.1]"
rules_whole_linear,jitter_016,35,10.475871515207727,3.2366451018311735,2.702093191195237,0.374164845399401,"[0.0001, 0.1]"
rules_whole_linear,jitter_017,35,10.470131322530634,3.2357582299255045,2.7023011966396004,0.3737486229646635,"[0.0001, 0.1]"
rules_whole_linear,jitter_018,35,10.468543137157917,3.2355128089930223,2.702823858858089,0.3737707171998914,"[0.0001, 0.1]"
rules_whole_linear,jitter_019,35,10.477461621704357,3.236890733667783,2.703220798645078,0.3737797084986978,"[0.0001, 0.1]"
rules_whole_linear,jitter_020,35,10.472759951508861,3.23616438882651,2.702423213550377,0.3736469101254276,"[0.0001, 0.1]"
rules_whole_linear,jitter_021,35,10.486686341801573,3.238315355520764,2.7039815938706098,0.37353322127770006,"[0.0001, 0.1]"
rules_whole_linear,jitter_022,35,10.46302343959507,3.2346597100151153,2.701212422095204,0.3740439804489223,"[0.0001, 0.1]"
rules_whole_linear,jitter_023,35,10.471588768571014,3.235983431442598,2.7015688962736277,0.373819267581072,"[0.0001, 0.1]"
rules_whole_linear,jitter_024,35,10.474904592549091,3.2364957272564245,2.7026755086557617,0.3737112294662138,"[0.0001, 0.1]"
rules_whole_linear,jitter_025,35,10.469293806788274,3.235628811651342,2.7026059714909274,0.3739549058936149,"[0.0001, 0.1]"
rules_whole_linear,jitter_026,35,10.475849451683983,3.2366416934353395,2.7032436111583844,0.3733787584079227,"[0.0001, 0.1]"
rules_whole_linear,jitter_027,35,10.472378269572326,3.236105416943695,2.7015499051419933,0.3739786742071608,"[0.0001, 0.1]"
rules_whole_linear,jitter_028,35,10.475385420164196,3.2365700085374636,2.7029287816160226,0.3736978604837701,"[0.0001, 0.1]"
rules_whole_linear,jitter_029,35,10.474597220498254,3.23644824159112,2.702393803100555,0.37368727123981005,"[0.0001, 0.1]"
rules_whole_linear,jitter_030,35,10.491105166715895,3.238997555836666,2.7037494275120424,0.3724069663134072,"[0.0001, 1.0]"
rules_whole_linear,jitter_031,35,10.478191849899618,3.237003529485196,2.7032000811966377,0.37381244025508353,"[0.0001, 0.1]"
rules_whole_linear,jitter_032,35,10.483839717066529,3.2378758032182966,2.7049672817769426,0.3737430716963409,"[0.0001, 0.1]"
rules_whole_linear,jitter_033,35,10.500742405651405,3.2404849028581206,2.7045921714369463,0.3721114821861321,"[0.0001, 1.0]"
rules_whole_linear,jitter_034,35,10.475456736956605,3.2365810258599437,2.7023099347507635,0.3737626840067101,"[0.0001, 0.1]"
rules_whole_linear,jitter_035,35,10.471121627502152,3.235911251487307,2.7018167648488722,0.3735474661567637,"[0.0001, 0.1]"
rules_whole_linear,jitter_036,35,10.458613083481715,3.2339779039878604,2.7000273196219258,0.3742492275338819,"[0.0001, 0.1]"
rules_whole_linear,jitter_037,35,10.469924395267999,3.2357262546865733,2.703274286364047,0.37415470965266984,"[0.0001, 0.1]"
rules_whole_linear,jitter_038,35,10.473605310815726,3.236294997495705,2.702114692118175,0.3739226961059211,"[0.0001, 0.1]"
rules_whole_linear,jitter_039,35,10.463143455186106,3.2346782614637437,2.7007780307964384,0.3741701817296078,"[0.0001, 0.1]"
rules_whole_linear,jitter_040,35,10.465670740729728,3.235068892733156,2.7002037841737714,0.374615978805783,"[0.0001, 0.1]"
rules_whole_linear,jitter_041,35,10.469717619659393,3.235694302566204,2.7014795219473937,0.3738645109995071,"[0.0001, 0.1]"
rules_whole_linear,jitter_042,35,10.47203878109657,3.2360529632712396,2.7010874505931377,0.3736900705824966,"[0.0001, 0.1]"
rules_whole_linear,jitter_043,35,10.461625415759766,3.2344436021918463,2.701343017058555,0.37419914390802145,"[0.0001, 0.1]"
rules_whole_linear,jitter_044,35,10.473373128155895,3.2362591256195623,2.7026407847677234,0.37397445828590903,"[0.0001, 0.1]"
rules_whole_linear,jitter_045,35,10.479603821080739,3.237221620630991,2.7039192471825864,0.37312361317196274,"[0.0001, 0.1]"
rules_whole_linear,jitter_046,35,10.473884030821292,3.236338058797519,2.7029308043596534,0.37370675506564544,"[0.0001, 0.1]"
rules_whole_linear,jitter_047,35,10.465883818722071,3.235101825093311,2.70183031655247,0.3742455764981041,"[0.0001, 0.1]"
rules_whole_linear,jitter_048,35,10.466831744763379,3.235248328144747,2.7005209657842464,0.37427446905604655,"[0.0001, 0.1]"
rules_whole_linear,jitter_049,35,10.480318312324247,3.2373319743770868,2.7030987842105523,0.373797597800954,"[0.0001, 0.1]"
rules_whole_linear,jitter_050,35,10.465398195573723,3.2350267689114602,2.7020321135862964,0.3740671129910884,"[0.0001, 0.1]"
rules_whole_linear,jitter_051,35,10.47297413331261,3.2361974805800418,2.7024738794736587,0.3737499625068055,"[0.0001, 0.1]"
rules_whole_linear,jitter_052,35,10.466291101276015,3.2351647718896817,2.7011456074705675,0.3743194219576448,"[0.0001, 0.1]"
rules_whole_linear,jitter_053,35,10.478387714217883,3.2370337832988216,2.7032049132699263,0.3734703669584094,"[0.0001, 0.1]"
rules_whole_linear,jitter_054,35,10.480625591831876,3.237379432786938,2.7033149123920683,0.37316820767894854,"[0.0001, 0.1]"
rules_whole_linear,jitter_055,35,10.477800704631335,3.236943111120635,2.7039291686854856,0.3735510006319065,"[0.0001, 0.1]"
rules_whole_linear,jitter_056,35,10.482214736956836,3.2376248604427347,2.703386432517309,0.37350619200153545,"[0.0001, 0.1]"
rules_whole_linear,jitter_057,35,10.451688812754366,3.2329071766375175,2.699857867037117,0.3747270477577004,"[0.0001, 0.1]"
rules_whole_linear,jitter_058,35,10.480936976815062,3.2374275245656174,2.7027850865432543,0.37354545533189465,"[0.0001, 0.1]"
rules_whole_linear,jitter_059,35,10.473432607315935,3.236268315099342,2.7029537937871746,0.3742331745015578,"[0.0001, 0.1]"
rules_whole_linear,jitter_060,35,10.468486610982616,3.23550407370824,2.701569580225357,0.3743949176146537,"[0.0001, 0.1]"
rules_whole_linear,jitter_061,35,10.474826617282746,3.236483680985082,2.7033121202996853,0.37350804580655395,"[0.0001, 0.1]"
rules_whole_linear,jitter_062,35,10.480209993922562,3.237315244754913,2.703872613451203,0.373732247189665,"[0.0001, 0.1]"
rules_whole_linear,jitter_063,35,10.467932031185448,3.2354183703480217,2.702111317233981,0.37461831267432766,"[0.0001, 0.1]"
rules_whole_linear,jitter_064,35,10.469696391998657,3.235691022331807,2.7023450195986833,0.3737947733973306,"[0.0001, 0.1]"
rules_whole_linear,jitter_065,35,10.476668334005158,3.23676819281288,2.702888967240982,0.3733563784508549,"[0.0001, 0.1]"
rules_whole_linear,jitter_066,35,10.473413238789789,3.2362653226813447,2.703272597133617,0.37372394826341193,"[0.0001, 0.1]"
rules_whole_linear,jitter_067,35,10.478822586093138,3.2371009539545006,2.702544154296407,0.37387617711273036,"[0.0001, 0.1]"
rules_whole_linear,jitter_068,35,10.464368008783538,3.2348675411496433,2.700915853273595,0.37391962686561797,"[0.0001, 0.1]"
rules_whole_linear,jitter_069,35,10.483290280297393,3.23779095685583,2.704141545845225,0.37362028338319786,"[0.0001, 0.1]"
rules_whole_linear,jitter_070,35,10.479178159973637,3.237155875143123,2.703000426736081,0.3734515526120715,"[0.0001, 0.1]"
rules_whole_linear,jitter_071,35,10.476905380132473,3.2368048103233646,2.7032630169340472,0.3734973566008708,"[0.0001, 0.1]"
rules_whole_linear,jitter_072,35,10.469136513032497,3.235604505039591,2.7022097821350846,0.37409351732499707,"[0.0001, 0.1]"
rules_whole_linear,jitter_073,35,10.465563973659199,3.2350523911768723,2.7015017040682956,0.373573742299544,"[0.0001, 0.1]"
rules_whole_linear,jitter_074,35,10.468305524068466,3.2354760892438175,2.7022010778725223,0.37414967697845625,"[0.0001, 0.1]"
rules_whole_linear,jitter_075,35,10.483799413975879,3.237869579519206,2.703836518306249,0.37337576024857155,"[0.0001, 0.1]"
rules_whole_linear,jitter_076,35,10.480331931690365,3.2373340778625805,2.703404273445019,0.37357080385984387,"[0.0001, 0.1]"
rules_whole_linear,jitter_077,35,10.467226914112414,3.2353094000593536,2.701040131633996,0.374227147721094,"[0.0001, 0.1]"
rules_whole_linear,jitter_078,35,10.468029832522435,3.235433484484333,2.7022974637308743,0.3735901138215305,"[0.0001, 0.1]"
rules_whole_linear,jitter_079,35,10.466810292926485,3.2352450128122423,2.70171128506854,0.3741863260566447,"[0.0001, 0.1]"
rules_whole_linear,jitter_080,35,10.47275652359705,3.236163859200744,2.702676565647951,0.37385272248885015,"[0.0001, 0.1]"
rules_whole_linear,jitter_081,35,10.484760476614293,3.2380179858386042,2.7046171518114863,0.37364256487504266,"[0.0001, 0.1]"
rules_whole_linear,jitter_082,35,10.483315454519959,3.237794844414939,2.7049164349067665,0.3734478951914867,"[0.0001, 0.1]"
rules_whole_linear,jitter_083,35,10.461878047545778,3.234482655316887,2.701040984733271,0.37403225862911005,"[0.0001, 0.1]"
rules_whole_linear,jitter_084,35,10.469027187174733,3.2355876108018977,2.7014121098368538,0.37439731943006094,"[0.0001, 0.1]"
rules_whole_linear,jitter_085,35,10.469139642808797,3.2356049886858558,2.7017799461563214,0.3738149956304574,"[0.0001, 0.1]"
rules_whole_linear,jitter_086,35,10.476512981473574,3.2367441946303965,2.70197879810474,0.37359531841643456,"[0.0001, 0.1]"
rules_whole_linear,jitter_087,35,10.469834512882231,3.235712365597757,2.702000058203289,0.3735503194014891,"[0.0001, 0.1]"
rules_whole_linear,jitter_088,35,10.48090491404388,3.237422572671643,2.703937752243382,0.37313375584444664,"[0.0001, 0.1]"
rules_whole_linear,jitter_089,35,10.47192162764446,3.236034861932804,2.702924609280358,0.3738371527834502,"[0.0001, 0.1]"
rules_whole_linear,jitter_090,35,10.470654276603877,3.2358390374992196,2.70160060999855,0.37357854838807325,"[0.0001, 0.1]"
rules_whole_linear,jitter_091,35,10.464961877571959,3.234959331672032,2.701861145746888,0.3745341965295884,"[0.0001, 0.1]"
rules_whole_linear,jitter_092,35,10.467706453954145,3.2353835095633015,2.702761955027623,0.3736653491683326,"[0.0001, 0.1]"
rules_whole_linear,jitter_093,35,10.463789448021455,3.23477811418673,2.701804252179733,0.37429062909316535,"[0.0001, 0.1]"
rules_whole_linear,jitter_094,35,10.469598958172428,3.2356759661888934,2.7016356739970857,0.37415757467994326,"[0.0001, 0.1]"
rules_whole_linear,jitter_095,35,10.467025436947331,3.23527826267654,2.7017530072969205,0.3739325755207654,"[0.0001, 0.1]"
rules_whole_linear,jitter_096,35,10.468266206485024,3.2354700132260574,2.702022984874942,0.3742094601749404,"[0.0001, 0.1]"
rules_whole_linear,jitter_097,35,10.478604878056535,3.2370673267722645,2.7031283219816515,0.3737888430523524,"[0.0001, 0.1]"
rules_whole_linear,jitter_098,35,10.477164256719993,3.236844799603465,2.7033449693890965,0.37380494843782774,"[0.0001, 0.1]"
rules_whole_linear,jitter_099,35,10.480078225112422,3.237294893134146,2.703181313069996,0.3735811529146328,"[0.0001, 0.1]"
rules_whole_quadratic,two_panel_mean,35,8.903309633308137,2.9838414222790286,2.522589274877683,0.46766574408629213,"[1.0, 1.0]"
rules_whole_quadratic,negative_panel,35,8.90318190758976,2.9838200193023976,2.522541845516251,0.4676722719516955,"[1.0, 1.0]"
rules_whole_quadratic,positive_panel,35,8.903437572343632,2.983862860847266,2.522636704239114,0.4676592094910793,"[1.0, 1.0]"
rules_whole_quadratic,jitter_000,35,8.904978265555899,2.984121020594825,2.52282193498468,0.46743412111843563,"[1.0, 1.0]"
rules_whole_quadratic,jitter_001,35,8.903326921119316,2.983844319182775,2.5224097728177504,0.46765660962911537,"[1.0, 1.0]"
rules_whole_quadratic,jitter_002,35,8.904338288883853,2.984013788319996,2.5231191357637432,0.46725835691709416,"[1.0, 1.0]"
rules_whole_quadratic,jitter_003,35,8.895986703557721,2.9826140721785848,2.5212700434831805,0.4677642176444572,"[1.0, 1.0]"
rules_whole_quadratic,jitter_004,35,8.903904364409916,2.983941079245687,2.5231451804775027,0.4675814922550322,"[1.0, 1.0]"
rules_whole_quadratic,jitter_005,35,8.905919976063881,2.9842788033399095,2.523043951896046,0.4672332074469512,"[1.0, 1.0]"
rules_whole_quadratic,jitter_006,35,8.901090490539383,2.9834695390667862,2.523082986101466,0.4678167011371067,"[1.0, 1.0]"
rules_whole_quadratic,jitter_007,35,8.902431107620862,2.983694204777169,2.522121088674718,0.4678957226742757,"[1.0, 1.0]"
rules_whole_quadratic,jitter_008,35,8.908896912836314,2.984777531548426,2.5232914232907726,0.4676203957154347,"[1.0, 1.0]"
rules_whole_quadratic,jitter_009,35,8.901441787794178,2.9835284124328663,2.5234681594711033,0.46787495176950344,"[1.0, 1.0]"
rules_whole_quadratic,jitter_010,35,8.919343531783275,2.986527001683272,2.524371643902333,0.46727613614817365,"[1.0, 1.0]"
rules_whole_quadratic,jitter_011,35,8.906036624518313,2.984298347102433,2.522980979836722,0.46772848739873574,"[1.0, 1.0]"
rules_whole_quadratic,jitter_012,35,8.915477186887694,2.9858796336904967,2.5244957320632757,0.46740400295969575,"[1.0, 1.0]"
rules_whole_quadratic,jitter_013,35,8.906769299099091,2.984421099493014,2.5226623710689196,0.4674450669948701,"[1.0, 1.0]"
rules_whole_quadratic,jitter_014,35,8.90387342464189,2.9839358948613306,2.521399825817314,0.4676410682982488,"[1.0, 1.0]"
rules_whole_quadratic,jitter_015,35,8.90516781738474,2.98415278050316,2.5233275688754375,0.46726663726839457,"[1.0, 1.0]"
rules_whole_quadratic,jitter_016,35,8.904739940769971,2.98408108816935,2.5226726088539975,0.468025234041886,"[1.0, 1.0]"
rules_whole_quadratic,jitter_017,35,8.900257857345679,2.9833299947115606,2.5223668089072127,0.4676476762867272,"[1.0, 1.0]"
rules_whole_quadratic,jitter_018,35,8.900949741164569,2.9834459507697755,2.5222438278798114,0.46754430873343256,"[1.0, 1.0]"
rules_whole_quadratic,jitter_019,35,8.909657099482843,2.984904872769456,2.523601262384221,0.4674847527518601,"[1.0, 1.0]"
rules_whole_quadratic,jitter_020,35,8.904141807201947,2.9839808657566738,2.5229501158951866,0.4674625638851988,"[1.0, 1.0]"
rules_whole_quadratic,jitter_021,35,8.916207350707753,2.986001900653741,2.5236850525721675,0.46735245859767227,"[1.0, 1.0]"
rules_whole_quadratic,jitter_022,35,8.89434424596456,2.982338720863973,2.521508129324304,0.4678910591319029,"[1.0, 1.0]"
rules_whole_quadratic,jitter_023,35,8.904356800193781,2.9840168900650985,2.5220494754018783,0.46753670468806163,"[1.0, 1.0]"
rules_whole_quadratic,jitter_024,35,8.90372368451266,2.9839108037125808,2.523256955697138,0.4676512697297054,"[1.0, 1.0]"
rules_whole_quadratic,jitter_025,35,8.897975716953463,2.9829474881320763,2.52241930830782,0.46791692468650226,"[1.0, 1.0]"
rules_whole_quadratic,jitter_026,35,8.90464075987604,2.9840644697921728,2.523311022426239,0.46736185217056647,"[1.0, 1.0]"
rules_whole_quadratic,jitter_027,35,8.90416286132064,2.9839843936121113,2.522338146719626,0.46772397863862225,"[1.0, 1.0]"
rules_whole_quadratic,jitter_028,35,8.905563040584656,2.9842190001044924,2.5225254835009707,0.467554370345315,"[1.0, 1.0]"
rules_whole_quadratic,jitter_029,35,8.90529836728284,2.9841746542859786,2.5230603515350167,0.46752112721607153,"[1.0, 1.0]"
rules_whole_quadratic,jitter_030,35,8.904803419046496,2.984091724301801,2.5228695223960016,0.4673018234654137,"[1.0, 1.0]"
rules_whole_quadratic,jitter_031,35,8.90416018171143,2.983983944613548,2.5214473672272972,0.4678781973421161,"[1.0, 1.0]"
rules_whole_quadratic,jitter_032,35,8.915639858789145,2.985906873763672,2.5248304275494498,0.4674202026631835,"[1.0, 1.0]"
rules_whole_quadratic,jitter_033,35,8.916182561567478,2.985997749759279,2.5237580718546835,0.466859728877125,"[1.0, 1.0]"
rules_whole_quadratic,jitter_034,35,8.904147259415126,2.983981779336986,2.5230919256065456,0.4676977414003294,"[1.0, 1.0]"
rules_whole_quadratic,jitter_035,35,8.900703899572818,2.98340474953916,2.5228227030800636,0.4675003586787799,"[1.0, 1.0]"
rules_whole_quadratic,jitter_036,35,8.889947379657945,2.9816014790139116,2.520201051774589,0.46810428920158575,"[1.0, 1.0]"
rules_whole_quadratic,jitter_037,35,8.901685886073018,2.98356931980355,2.5230813350142514,0.46789699928797845,"[1.0, 1.0]"
rules_whole_quadratic,jitter_038,35,8.90275389408441,2.9837482960337676,2.522191093097764,0.46782297118977745,"[1.0, 1.0]"
rules_whole_quadratic,jitter_039,35,8.895557652902824,2.9825421460396537,2.521119246138096,0.46793186453248814,"[1.0, 1.0]"
rules_whole_quadratic,jitter_040,35,8.897358151985308,2.9828439704391694,2.5213569696778526,0.4683316763025026,"[1.0, 1.0]"
rules_whole_quadratic,jitter_041,35,8.899034988792497,2.9831250374049856,2.5218864156667657,0.4677982896236549,"[1.0, 1.0]"
rules_whole_quadratic,jitter_042,35,8.900062766906597,2.9832972977741585,2.5214131241854076,0.4677065469414807,"[1.0, 1.0]"
rules_whole_quadratic,jitter_043,35,8.892963351335714,2.9821071998396897,2.521049422055587,0.46803447291499956,"[1.0, 1.0]"
rules_whole_quadratic,jitter_044,35,8.901183103370586,2.983485060021348,2.522384326004307,0.4679490641650573,"[1.0, 1.0]"
rules_whole_quadratic,jitter_045,35,8.907706379132874,2.984578090640765,2.523377812414179,0.4671524911425511,"[1.0, 1.0]"
rules_whole_quadratic,jitter_046,35,8.904527728275037,2.984045530529827,2.522829098962997,0.46754751636179703,"[1.0, 1.0]"
rules_whole_quadratic,jitter_047,35,8.897369278980241,2.9828458356040195,2.522641371665414,0.4680269454269955,"[1.0, 1.0]"
rules_whole_quadratic,jitter_048,35,8.895622945991223,2.9825530918981515,2.5209214701844935,0.46820408250640055,"[1.0, 1.0]"
rules_whole_quadratic,jitter_049,35,8.910153903755457,2.98498809105756,2.5228071171719773,0.46761542806065004,"[1.0, 1.0]"
rules_whole_quadratic,jitter_050,35,8.89845770176232,2.9830282770638163,2.521781485135625,0.46778543777278325,"[1.0, 1.0]"
rules_whole_quadratic,jitter_051,35,8.90423905647973,2.983997160936942,2.52232560139484,0.46755525488870686,"[1.0, 1.0]"
rules_whole_quadratic,jitter_052,35,8.899926524845046,2.9832744635458948,2.521991815541337,0.4679575487900729,"[1.0, 1.0]"
rules_whole_quadratic,jitter_053,35,8.906893723040211,2.9844419449941073,2.5224928983151713,0.46743401675575813,"[1.0, 1.0]"
rules_whole_quadratic,jitter_054,35,8.911105351102092,2.9851474588539326,2.5232860841257736,0.467039053170039,"[1.0, 1.0]"
rules_whole_quadratic,jitter_055,35,8.9086412905484,2.984734710246189,2.523459722584752,0.4673682407676899,"[1.0, 1.0]"
rules_whole_quadratic,jitter_056,35,8.910844325148474,2.9851037377532585,2.52336261943435,0.46742277907536023,"[1.0, 1.0]"
rules_whole_quadratic,jitter_057,35,8.884504544015167,2.9806886023224846,2.5203119272619343,0.468483946951488,"[1.0, 1.0]"
rules_whole_quadratic,jitter_058,35,8.907314019181115,2.984512358691301,2.522073079569098,0.46760224200894007,"[1.0, 1.0]"
rules_whole_quadratic,jitter_059,35,8.906486462176552,2.984373713558098,2.5234687900488577,0.4678550988251994,"[1.0, 1.0]"
rules_whole_quadratic,jitter_060,35,8.900129642925405,2.983308506159798,2.5216789137166815,0.46812117687945554,"[1.0, 1.0]"
rules_whole_quadratic,jitter_061,35,8.904771004095021,2.9840862930041117,2.5232273054304337,0.4674119589916609,"[1.0, 1.0]"
rules_whole_quadratic,jitter_062,35,8.907528586723139,2.984548305309053,2.523430097952857,0.467711246784571,"[1.0, 1.0]"
rules_whole_quadratic,jitter_063,35,8.897581335113475,2.982881381334745,2.521997957238314,0.4684351778466286,"[1.0, 1.0]"
rules_whole_quadratic,jitter_064,35,8.898012398249216,2.9829536366241456,2.5215646416034163,0.46779909736281045,"[1.0, 1.0]"
rules_whole_quadratic,jitter_065,35,8.905222335913065,2.98416191516363,2.5227344610306464,0.4673496766940648,"[1.0, 1.0]"
rules_whole_quadratic,jitter_066,35,8.905524475594707,2.9842125386095923,2.5229195694757016,0.4674785974678619,"[1.0, 1.0]"
rules_whole_quadratic,jitter_067,35,8.910824606892819,2.985100434975818,2.523039844216485,0.4675661772010371,"[1.0, 1.0]"
rules_whole_quadratic,jitter_068,35,8.89490001607831,2.9824318963017933,2.5214188809007942,0.4678204821939643,"[1.0, 1.0]"
rules_whole_quadratic,jitter_069,35,8.911781068646338,2.9852606366356587,2.524196950791378,0.4675184268415279,"[1.0, 1.0]"
rules_whole_quadratic,jitter_070,35,8.90935470491798,2.9848542183694633,2.52277327405834,0.467311055086715,"[1.0, 1.0]"
rules_whole_quadratic,jitter_071,35,8.90675897466556,2.9844193697712056,2.521972527869302,0.46738966905928714,"[1.0, 1.0]"
rules_whole_quadratic,jitter_072,35,8.90146398635219,2.9835321326160025,2.522109940162964,0.4678181904094715,"[1.0, 1.0]"
rules_whole_quadratic,jitter_073,35,8.894286371639957,2.982329018005887,2.5207674648025207,0.46762405344558644,"[1.0, 1.0]"
rules_whole_quadratic,jitter_074,35,8.900398913279577,2.9833536353036623,2.522910331352072,0.4678873746959825,"[1.0, 1.0]"
rules_whole_quadratic,jitter_075,35,8.913431600599008,2.9855370707125726,2.5242790186384116,0.4672377751852166,"[1.0, 1.0]"
rules_whole_quadratic,jitter_076,35,8.910959021073648,2.9851229490715534,2.523362686901095,0.46737518116864574,"[1.0, 1.0]"
rules_whole_quadratic,jitter_077,35,8.897749361283678,2.982909546279216,2.521571192841798,0.46805681749706807,"[1.0, 1.0]"
rules_whole_quadratic,jitter_078,35,8.898582495989622,2.9830491943629798,2.5216369450221654,0.46750628937409133,"[1.0, 1.0]"
rules_whole_quadratic,jitter_079,35,8.900083987227227,2.9833008542933155,2.521302452101838,0.4678613538820716,"[1.0, 1.0]"
rules_whole_quadratic,jitter_080,35,8.899394528601949,2.9831852990724443,2.5216682508387414,0.4679212065107937,"[1.0, 1.0]"
rules_whole_quadratic,jitter_081,35,8.912618713012922,2.9854009300281463,2.5246728656365587,0.46756199058806236,"[1.0, 1.0]"
rules_whole_quadratic,jitter_082,35,8.913430991815435,2.985536968757117,2.5244824811201525,0.4672745494289693,"[1.0, 1.0]"
rules_whole_quadratic,jitter_083,35,8.894487976784589,2.982362817764564,2.521412261004823,0.4678142371594086,"[1.0, 1.0]"
rules_whole_quadratic,jitter_084,35,8.900502942680882,2.98337107022926,2.5225869505444307,0.46812837527223294,"[1.0, 1.0]"
rules_whole_quadratic,jitter_085,35,8.896991495973648,2.982782508996197,2.521863862599097,0.46784904501595337,"[1.0, 1.0]"
rules_whole_quadratic,jitter_086,35,8.904784558417346,2.9840885641041797,2.5224323489217104,0.4675710567294984,"[1.0, 1.0]"
rules_whole_quadratic,jitter_087,35,8.900736208885434,2.9834101643732183,2.5220203016105036,0.46743538799135176,"[1.0, 1.0]"
rules_whole_quadratic,jitter_088,35,8.91061458154328,2.985065255826626,2.52429549423814,0.4670533182335138,"[1.0, 1.0]"
rules_whole_quadratic,jitter_089,35,8.903293770229668,2.983838764114051,2.522113662529349,0.4676324007185688,"[1.0, 1.0]"
rules_whole_quadratic,jitter_090,35,8.899771887679979,2.983248546078583,2.5213794097030346,0.46755877162780834,"[1.0, 1.0]"
rules_whole_quadratic,jitter_091,35,8.898118993769474,2.9829715040156644,2.522831744569357,0.4681806574239873,"[1.0, 1.0]"
rules_whole_quadratic,jitter_092,35,8.898637788088582,2.983058462063488,2.5217575450141445,0.46755048812296796,"[1.0, 1.0]"
rules_whole_quadratic,jitter_093,35,8.89488953094987,2.9824301384860417,2.521701504996212,0.4681070600337044,"[1.0, 1.0]"
rules_whole_quadratic,jitter_094,35,8.899321930133848,2.9831731311028276,2.5221956084309554,0.46802420582582094,"[1.0, 1.0]"
rules_whole_quadratic,jitter_095,35,8.898105051135174,2.9829691669769525,2.521916432313465,0.46777489501023206,"[1.0, 1.0]"
rules_whole_quadratic,jitter_096,35,8.898001675551905,2.9829518392947456,2.521707339879959,0.46807951172865725,"[1.0, 1.0]"
rules_whole_quadratic,jitter_097,35,8.910712825152252,2.9850817116374304,2.523686477839886,0.46748752792921866,"[1.0, 1.0]"
rules_whole_quadratic,jitter_098,35,8.907760480814824,2.9845871541663556,2.5232907392855046,0.46760445890598457,"[1.0, 1.0]"
rules_whole_quadratic,jitter_099,35,8.908740904581569,2.9847513974503084,2.522820945356441,0.4675036687170936,"[1.0, 1.0]"
flash_five,two_panel_mean,35,8.408265856983776,2.899700994410247,2.257283327571412,0.4972647102200155,"[0.1, 1.0]"
flash_five,negative_panel,35,8.40800463371223,2.899655950921114,2.2572354225618985,0.4972792816612992,"[0.1, 1.0]"
flash_five,positive_panel,35,8.408527287384398,2.8997460729147297,2.2573312325809236,0.4972501321190508,"[0.1, 1.0]"
flash_five,jitter_000,35,8.40732871365395,2.899539396810112,2.257416979996204,0.49719625675539814,"[0.1, 1.0]"
flash_five,jitter_001,35,8.40329292178649,2.8988433765532227,2.2564263890422964,0.4975543991704753,"[0.1, 1.0]"
flash_five,jitter_002,35,8.420528437945409,2.9018146801519578,2.259478021336448,0.4962044331516877,"[0.1, 1.0]"
flash_five,jitter_003,35,8.407774560340911,2.899616278120419,2.257575892526344,0.4969733408883754,"[0.1, 1.0]"
flash_five,jitter_004,35,8.408030801449124,2.8996604631316965,2.257415195362536,0.4972327836005521,"[0.1, 1.0]"
flash_five,jitter_005,35,8.419398850495767,2.9016200389602647,2.258848223989341,0.49633770201627936,"[0.1, 1.0]"
flash_five,jitter_006,35,8.407732305691436,2.899608991862771,2.257751704081784,0.4973138719177489,"[0.1, 1.0]"
flash_five,jitter_007,35,8.405003424396071,2.899138393453488,2.255710086645426,0.4976273088785831,"[0.1, 1.0]"
flash_five,jitter_008,35,8.408197298702378,2.8996891727739333,2.2570205036723014,0.49754130119296747,"[0.1, 1.0]"
flash_five,jitter_009,35,8.40616597169676,2.899338885280015,2.257693825989046,0.4974823652437588,"[0.1, 1.0]"
flash_five,jitter_010,35,8.418554577545791,2.9014745522829926,2.2593463556554596,0.4971866587920266,"[0.1, 1.0]"
flash_five,jitter_011,35,8.414823400313368,2.900831501537683,2.2575035180861707,0.49708596894529866,"[0.1, 1.0]"
flash_five,jitter_012,35,8.409031000245992,2.8998329262642,2.257493815688442,0.4976582682185874,"[0.1, 1.0]"
flash_five,jitter_013,35,8.40919274085234,2.8998608140482087,2.2581151576887235,0.49719624183093836,"[0.1, 1.0]"
flash_five,jitter_014,35,8.40722505106103,2.8995215210549876,2.2578935134899885,0.49733547038388415,"[0.1, 1.0]"
flash_five,jitter_015,35,8.412190560836342,2.9003776583121623,2.258109697787676,0.49675798847219,"[0.1, 1.0]"
flash_five,jitter_016,35,8.401105032945532,2.8984659792630882,2.255963230852122,0.4981127002677751,"[0.1, 1.0]"
flash_five,jitter_017,35,8.418337526712246,2.9014371485028323,2.2578783171389323,0.49647284202567665,"[0.1, 1.0]"
flash_five,jitter_018,35,8.397531886484115,2.8978495279230967,2.256674855347494,0.4976588144440044,"[0.1, 1.0]"
flash_five,jitter_019,35,8.407372310319689,2.8995469146609247,2.2565497153760403,0.49750547136130274,"[0.1, 1.0]"
flash_five,jitter_020,35,8.40796616050405,2.899649316814716,2.2581386471661666,0.4971377546533178,"[0.1, 1.0]"
flash_five,jitter_021,35,8.41947919559916,2.9016338837970514,2.2588352708868276,0.49702662611721793,"[0.1, 1.0]"
flash_five,jitter_022,35,8.404858123167697,2.899113333963972,2.2566250582318355,0.49717483038791677,"[0.1, 1.0]"
flash_five,jitter_023,35,8.415687457432963,2.9009804303774547,2.258283962263536,0.4967581851838434,"[0.1, 1.0]"
flash_five,jitter_024,35,8.404725211504335,2.8990904110607407,2.256525205155453,0.49748611332159043,"[0.1, 1.0]"
flash_five,jitter_025,35,8.403683283316417,2.8989107063371953,2.257372675146262,0.49747473047964297,"[0.1, 1.0]"
flash_five,jitter_026,35,8.418553401438272,2.90147434960888,2.2580800321605174,0.496437552949898,"[0.1, 1.0]"
flash_five,jitter_027,35,8.403732236752296,2.898919149743969,2.257132709601388,0.497638887649296,"[0.1, 1.0]"
flash_five,jitter_028,35,8.407681029829256,2.899600149991246,2.2576413560046578,0.49732173030922766,"[0.1, 1.0]"
flash_five,jitter_029,35,8.408456360856304,2.899733843106347,2.256735741620919,0.49722904497721765,"[0.1, 1.0]"
flash_five,jitter_030,35,8.41619017839767,2.9010670758184256,2.258041860739104,0.49653137184236773,"[0.1, 1.0]"
flash_five,jitter_031,35,8.416433071596806,2.901108938250476,2.2574691027516205,0.49702527283749776,"[0.1, 1.0]"
flash_five,jitter_032,35,8.411164553569913,2.9002007781479393,2.2583894041895602,0.4975552642034078,"[0.1, 1.0]"
flash_five,jitter_033,35,8.419217162216507,2.9015887307157273,2.2580734345862705,0.4965756152353431,"[0.1, 1.0]"
flash_five,jitter_034,35,8.410498447652644,2.900085937977122,2.257986964538011,0.4972087512478319,"[0.1, 1.0]"
flash_five,jitter_035,35,8.400273856932538,2.898322593662158,2.256907689811904,0.49743943105092137,"[0.1, 1.0]"
flash_five,jitter_036,35,8.404608497910013,2.8990702816437572,2.256501450723954,0.4971426691222728,"[0.1, 1.0]"
flash_five,jitter_037,35,8.403720055040106,2.8989170486649156,2.2584377691188013,0.49766317126212345,"[0.1, 1.0]"
flash_five,jitter_038,35,8.408251201060411,2.899698467265245,2.2570002660416715,0.49738269810607794,"[0.1, 1.0]"
flash_five,jitter_039,35,8.39928625517631,2.8981522139418954,2.255709666961219,0.4976152421887542,"[0.1, 1.0]"
flash_five,jitter_040,35,8.406618803246102,2.8994169764361426,2.2559843056991387,0.497656174930037,"[0.1, 1.0]"
flash_five,jitter_041,35,8.41012188049713,2.900021013802681,2.257989931339414,0.49703745912775377,"[0.1, 1.0]"
flash_five,jitter_042,35,8.408246320691267,2.8996976257346674,2.257298644109586,0.49712102201690966,"[0.1, 1.0]"
flash_five,jitter_043,35,8.403283943059762,2.8988418278788104,2.256666318295396,0.49732645965045175,"[0.1, 1.0]"
flash_five,jitter_044,35,8.411718089922616,2.9002962072730805,2.257685285517419,0.4972058849089024,"[0.1, 1.0]"
flash_five,jitter_045,35,8.418970954802901,2.9015463040942326,2.2583832908318513,0.49638801398765464,"[0.1, 1.0]"
flash_five,jitter_046,35,8.402627554969438,2.898728610092611,2.2558186815440084,0.4975589893977487,"[0.1, 1.0]"
flash_five,jitter_047,35,8.402816230152151,2.89876115438167,2.255681234582176,0.4975962358300601,"[0.1, 1.0]"
flash_five,jitter_048,35,8.402371994416386,2.898684528267329,2.2552091247404458,0.4976914881597101,"[0.1, 1.0]"
flash_five,jitter_049,35,8.41122940942619,2.900211959396449,2.257424112746925,0.49742632764921835,"[0.1, 1.0]"
flash_five,jitter_050,35,8.40415062174091,2.8989913110840657,2.256243171436446,0.4973498224129783,"[0.1, 1.0]"
flash_five,jitter_051,35,8.413605567475377,2.900621582950002,2.257533614350018,0.4968935533484593,"[0.1, 1.0]"
flash_five,jitter_052,35,8.402740041118347,2.898748012697611,2.256295011592793,0.4976796273681321,"[0.1, 1.0]"
flash_five,jitter_053,35,8.412965576568913,2.9005112612380795,2.2571774783731766,0.4969672454162777,"[0.1, 1.0]"
flash_five,jitter_054,35,8.423575193439378,2.9023396068412426,2.2590938342911473,0.4961975609194671,"[0.1, 1.0]"
flash_five,jitter_055,35,8.406852082799968,2.899457204857483,2.2579025464019313,0.4973693217148364,"[0.1, 1.0]"
flash_five,jitter_056,35,8.411828732141426,2.9003152815067237,2.2573745396143283,0.49724760016124836,"[0.1, 1.0]"
flash_five,jitter_057,35,8.39799154128465,2.89792883647695,2.256373751978902,0.4975896184818489,"[0.1, 1.0]"
flash_five,jitter_058,35,8.406854272013915,2.8994575823788,2.256845886912935,0.4975151480525384,"[0.1, 1.0]"
flash_five,jitter_059,35,8.40725325164245,2.899526384022475,2.2573697169580185,0.497683292985832,"[0.1, 1.0]"
flash_five,jitter_060,35,8.403660486856953,2.8989067744335886,2.2557686302667492,0.49779056834222335,"[0.1, 1.0]"
flash_five,jitter_061,35,8.406270212435679,2.8993568618636236,2.2580546810640976,0.49722693794495043,"[0.1, 1.0]"
flash_five,jitter_062,35,8.414714540092993,2.9008127378534785,2.258879809881448,0.49716042248958126,"[0.1, 1.0]"
flash_five,jitter_063,35,8.401042953343724,2.8984552701988906,2.255778173854382,0.49809968178953,"[0.1, 1.0]"
flash_five,jitter_064,35,8.402733024377614,2.89874680239196,2.2567197463914175,0.49742235680937097,"[0.1, 1.0]"
flash_five,jitter_065,35,8.413824817457407,2.9006593763241844,2.258746523239451,0.4967417611591074,"[0.1, 1.0]"
flash_five,jitter_066,35,8.409318024850032,2.899882415693787,2.2572684101389053,0.49715012953991344,"[0.1, 1.0]"
flash_five,jitter_067,35,8.41376420713109,2.9006489286246087,2.2576069284378213,0.4972662083970727,"[0.1, 1.0]"
flash_five,jitter_068,35,8.404966677232721,2.8991320558458047,2.256151051972042,0.4971330644099139,"[0.1, 1.0]"
flash_five,jitter_069,35,8.408546434233612,2.8997493743828295,2.2561092862454823,0.49758684613233295,"[0.1, 1.0]"
flash_five,jitter_070,35,8.415518042226958,2.900951230584023,2.2583544254748475,0.49683747305087667,"[0.1, 1.0]"
flash_five,jitter_071,35,8.412326930131558,2.900401167102847,2.2586403469757053,0.49695593616228084,"[0.1, 1.0]"
flash_five,jitter_072,35,8.410869193489335,2.9001498570745157,2.2573660837625997,0.4971488291720103,"[0.1, 1.0]"
flash_five,jitter_073,35,8.405284392796634,2.8991868502731304,2.2571316194936046,0.49689373068285014,"[0.1, 1.0]"
flash_five,jitter_074,35,8.400966061158185,2.8984420058297156,2.2563948953643953,0.49774609548981974,"[0.1, 1.0]"
flash_five,jitter_075,35,8.414489644776264,2.9007739734036955,2.2581035916109635,0.49705989514401006,"[0.1, 1.0]"
flash_five,jitter_076,35,8.408233044293102,2.8996953364609017,2.257438082243167,0.4974240604948007,"[0.1, 1.0]"
flash_five,jitter_077,35,8.406746853110638,2.899439058354329,2.256947922213826,0.49741091887813993,"[0.1, 1.0]"
flash_five,jitter_078,35,8.407092696677177,2.899498697478096,2.2579066840549893,0.4969171789274124,"[0.1, 1.0]"
flash_five,jitter_079,35,8.410887897115858,2.9001530816692864,2.257477566907982,0.49711053236753777,"[0.1, 1.0]"
flash_five,jitter_080,35,8.406384520337667,2.8993765744272797,2.2568464097767023,0.49739738823667257,"[0.1, 1.0]"
flash_five,jitter_081,35,8.413965522723448,2.9006836302367494,2.258480194888328,0.4973514296489965,"[0.1, 1.0]"
flash_five,jitter_082,35,8.411830140496855,2.900315524300219,2.258116654664593,0.4972535260734138,"[0.1, 1.0]"
flash_five,jitter_083,35,8.403660780877548,2.8989068251459114,2.256561195052184,0.4971820036186452,"[0.1, 1.0]"
flash_five,jitter_084,35,8.405370333831655,2.8992016718109928,2.2582331007623173,0.49771625213944903,"[0.1, 1.0]"
flash_five,jitter_085,35,8.410228393952831,2.90003937800038,2.2573534804304938,0.4969635439686162,"[0.1, 1.0]"
flash_five,jitter_086,35,8.414027361447634,2.900694289553388,2.257393589312441,0.4969140839606274,"[0.1, 1.0]"
flash_five,jitter_087,35,8.407822056364608,2.899624468162146,2.2559884106629546,0.49692830051343817,"[0.1, 1.0]"
flash_five,jitter_088,35,8.422848617651553,2.9022144334372597,2.2593295768881876,0.49622675509982983,"[0.1, 1.0]"
flash_five,jitter_089,35,8.41552844344286,2.900953023308523,2.2573543408388423,0.4967980626337678,"[0.1, 1.0]"
flash_five,jitter_090,35,8.407765227131765,2.899614668733031,2.2556943610366473,0.49699375423362446,"[0.1, 1.0]"
flash_five,jitter_091,35,8.397507781807478,2.8978453688572614,2.255873636845562,0.4981009951738229,"[0.1, 1.0]"
flash_five,jitter_092,35,8.408446300535312,2.8997321084085184,2.2576545697700157,0.49688106932983356,"[0.1, 1.0]"
flash_five,jitter_093,35,8.408665576480338,2.8997699178521628,2.2578432368499293,0.49718207976553686,"[0.1, 1.0]"
flash_five,jitter_094,35,8.409978508086105,2.899996294495237,2.2564167619807485,0.4972757440454123,"[0.1, 1.0]"
flash_five,jitter_095,35,8.402425030671614,2.8986936765846116,2.257357170195963,0.4974231571308161,"[0.1, 1.0]"
flash_five,jitter_096,35,8.403823805419858,2.898934943288631,2.2569325798681596,0.4976213508469587,"[0.1, 1.0]"
flash_five,jitter_097,35,8.413961011363298,2.900682852599246,2.258350372445891,0.49717387755769304,"[0.1, 1.0]"
flash_five,jitter_098,35,8.412109859561209,2.9003637460775864,2.2583559628050205,0.4972283111934638,"[0.1, 1.0]"
flash_five,jitter_099,35,8.407882798534814,2.899634942287531,2.256846771597736,0.4974411320264195,"[0.1, 1.0]"
gemini,two_panel_mean,35,8.206702028048863,2.8647341984988524,2.2760133398304525,0.5093163331910697,"[1.0, 1.0]"
gemini,negative_panel,35,8.206783628242977,2.864748440656348,2.2760487720004754,0.5093104320734602,"[1.0, 1.0]"
gemini,positive_panel,35,8.206620639226163,2.8647199931627108,2.275977907660429,0.5093222271740474,"[1.0, 1.0]"
gemini,jitter_000,35,8.20234547634033,2.8639737213075698,2.275114224553529,0.5094553633675019,"[1.0, 1.0]"
gemini,jitter_001,35,8.208461669547399,2.865041303288209,2.2765591784914325,0.509203654587699,"[1.0, 1.0]"
gemini,jitter_002,35,8.20619511102877,2.8646457217304846,2.275725563602748,0.5090278777518938,"[1.0, 1.0]"
gemini,jitter_003,35,8.20191259779461,2.863898147245221,2.2756478970444483,0.5092898051934827,"[1.0, 1.0]"
gemini,jitter_004,35,8.208052177336368,2.864969838817918,2.276021785017651,0.5091907198354233,"[1.0, 1.0]"
gemini,jitter_005,35,8.203160331329949,2.864115977283383,2.2759245273579376,0.5092734461720798,"[1.0, 1.0]"
gemini,jitter_006,35,8.203943581993636,2.864252709171039,2.275646550538153,0.5094981043288027,"[1.0, 1.0]"
gemini,jitter_007,35,8.20147382627455,2.8638215423232203,2.276185316337938,0.5097924094464649,"[1.0, 1.0]"
gemini,jitter_008,35,8.206332467402339,2.8646696960386793,2.2760839414101057,0.509604379266263,"[1.0, 1.0]"
gemini,jitter_009,35,8.20628108207284,2.8646607272193405,2.2754475702005434,0.5094314133943094,"[1.0, 1.0]"
gemini,jitter_010,35,8.221034922846506,2.867234717083083,2.2776694522039023,0.5089838760718777,"[1.0, 1.0]"
gemini,jitter_011,35,8.213534009971521,2.865926379021541,2.2768328215293625,0.5091160798447849,"[1.0, 1.0]"
gemini,jitter_012,35,8.208534329439676,2.865053983686813,2.276033035751773,0.509635610771648,"[1.0, 1.0]"
gemini,jitter_013,35,8.21015682202861,2.8653371218808807,2.276346445546914,0.5090970283962204,"[1.0, 1.0]"
gemini,jitter_014,35,8.208605220647765,2.8650663553655726,2.276516644738147,0.5092108683922336,"[1.0, 1.0]"
gemini,jitter_015,35,8.203187895840424,2.864120789324435,2.2746088087429257,0.5092611433622953,"[1.0, 1.0]"
gemini,jitter_016,35,8.210979387197417,2.865480655526646,2.276937632188299,0.5094709259512018,"[1.0, 1.0]"
gemini,jitter_017,35,8.198979462892803,2.8633860136022182,2.275228911994008,0.5095933354845428,"[1.0, 1.0]"
gemini,jitter_018,35,8.204162915418415,2.8642909969865866,2.27508498926298,0.509226165361865,"[1.0, 1.0]"
gemini,jitter_019,35,8.203342852992328,2.8641478406311935,2.275218647366758,0.5096999694998325,"[1.0, 1.0]"
gemini,jitter_020,35,8.204320783664672,2.864318554851166,2.2764439553230815,0.5093173435690017,"[1.0, 1.0]"
gemini,jitter_021,35,8.217971202982314,2.8667004034224286,2.278032535872529,0.5090645624973944,"[1.0, 1.0]"
gemini,jitter_022,35,8.200498566467502,2.8636512648134205,2.2749432083937613,0.5094007510701921,"[1.0, 1.0]"
gemini,jitter_023,35,8.204548099455144,2.8643582351820354,2.275878546819072,0.5093839099657244,"[1.0, 1.0]"
gemini,jitter_024,35,8.204621226741688,2.8643710001921345,2.2749137415601726,0.509450220248641,"[1.0, 1.0]"
gemini,jitter_025,35,8.20419783168677,2.8642970920780493,2.274231244703078,0.5094036046370729,"[1.0, 1.0]"
gemini,jitter_026,35,8.211726090956237,2.8656109454977026,2.2754975534674977,0.5088090925264399,"[1.0, 1.0]"
gemini,jitter_027,35,8.199633304643113,2.863500184152799,2.274573014081744,0.509839581778454,"[1.0, 1.0]"
gemini,jitter_028,35,8.209198386187637,2.865169870389474,2.2767054775271363,0.5091886067422702,"[1.0, 1.0]"
gemini,jitter_029,35,8.211772392593817,2.8656190243285686,2.2764994261786997,0.5089894659530995,"[1.0, 1.0]"
gemini,jitter_030,35,8.20343560471962,2.8641640324394166,2.276397684300062,0.5092586571191297,"[1.0, 1.0]"
gemini,jitter_031,35,8.20948598200838,2.8652200582168867,2.2762300023457436,0.5093926445063922,"[1.0, 1.0]"
gemini,jitter_032,35,8.207963791181243,2.86495441345604,2.275958468335155,0.5096935540587297,"[1.0, 1.0]"
gemini,jitter_033,35,8.20743974167678,2.864862953384818,2.2753276319113103,0.5092387780434859,"[1.0, 1.0]"
gemini,jitter_034,35,8.208434671213169,2.8650365916010863,2.2766155433977593,0.5092884037340575,"[1.0, 1.0]"
gemini,jitter_035,35,8.199767370855753,2.8635235935566783,2.274848719070856,0.5094350701737542,"[1.0, 1.0]"
gemini,jitter_036,35,8.19957406704287,2.8634898405691733,2.2750272691195903,0.509410113426136,"[1.0, 1.0]"
gemini,jitter_037,35,8.210202871055523,2.865345157403471,2.2767156304369407,0.5092307636940961,"[1.0, 1.0]"
gemini,jitter_038,35,8.203204213338472,2.864123637928096,2.2770232149100513,0.5096397253125534,"[1.0, 1.0]"
gemini,jitter_039,35,8.200397366872709,2.863633595080332,2.2753416546520997,0.5095113418031916,"[1.0, 1.0]"
gemini,jitter_040,35,8.209782863901342,2.865271865617876,2.27599955956577,0.509418254429051,"[1.0, 1.0]"
gemini,jitter_041,35,8.207905774250747,2.864944288158279,2.2762378113990804,0.509130877992328,"[1.0, 1.0]"
gemini,jitter_042,35,8.200048161430422,2.8635726219934465,2.2756423860052273,0.5095729024154905,"[1.0, 1.0]"
gemini,jitter_043,35,8.199033500088502,2.8633954494775082,2.2746564922535817,0.5095444560887517,"[1.0, 1.0]"
gemini,jitter_044,35,8.209617203834384,2.865242957208757,2.2758828880305595,0.5092860729386933,"[1.0, 1.0]"
gemini,jitter_045,35,8.213440655845824,2.865910092072992,2.277391522555291,0.508682571434065,"[1.0, 1.0]"
gemini,jitter_046,35,8.203974355502876,2.864258081162184,2.2762218065088655,0.5094375968507614,"[1.0, 1.0]"
gemini,jitter_047,35,8.201661771902344,2.8638543559165757,2.274896642185491,0.5096232460890286,"[1.0, 1.0]"
gemini,jitter_048,35,8.208354125217976,2.8650225348534306,2.2761714705762564,0.5092902161394091,"[1.0, 1.0]"
gemini,jitter_049,35,8.219957206051287,2.8670467743047525,2.2779983319678903,0.5088549035433704,"[1.0, 1.0]"
gemini,jitter_050,35,8.198253996864612,2.863259331053443,2.274993655454959,0.5096644488061453,"[1.0, 1.0]"
gemini,jitter_051,35,8.207967574280081,2.864955073693143,2.276844283554534,0.5091900413669823,"[1.0, 1.0]"
gemini,jitter_052,35,8.203142940344813,2.864112941269044,2.276035128793469,0.5096116506779307,"[1.0, 1.0]"
gemini,jitter_053,35,8.209888674050744,2.8652903298009336,2.27697201465975,0.5091097334291321,"[1.0, 1.0]"
gemini,jitter_054,35,8.209091944340532,2.8651512951920237,2.27678456417028,0.5090255088580188,"[1.0, 1.0]"
gemini,jitter_055,35,8.213377063693,2.8658989974688573,2.2763991580339877,0.5089368477194788,"[1.0, 1.0]"
gemini,jitter_056,35,8.207789263721878,2.8649239542650826,2.2757676516469783,0.5094424909128622,"[1.0, 1.0]"
gemini,jitter_057,35,8.194742672168994,2.862646096213955,2.274297437541993,0.5097489950867828,"[1.0, 1.0]"
gemini,jitter_058,35,8.211567028531412,2.865583191696136,2.276125923725619,0.5091876332001875,"[1.0, 1.0]"
gemini,jitter_059,35,8.203651674092635,2.8642017516391256,2.2748733335123528,0.5098480834252936,"[1.0, 1.0]"
gemini,jitter_060,35,8.21222966710737,2.865698809558913,2.2766976586588177,0.5092306263191702,"[1.0, 1.0]"
gemini,jitter_061,35,8.210445799450241,2.8653875478633326,2.276344057869358,0.5089390572622872,"[1.0, 1.0]"
gemini,jitter_062,35,8.211372912679185,2.865549321278415,2.275742564149058,0.5093115439009928,"[1.0, 1.0]"
gemini,jitter_063,35,8.211760671480153,2.865616979200143,2.2761906610636915,0.5094079012601993,"[1.0, 1.0]"
gemini,jitter_064,35,8.20633827384553,2.864670709496212,2.275783208678883,0.5091689647964475,"[1.0, 1.0]"
gemini,jitter_065,35,8.203408266172632,2.8641592599177566,2.2739915294809716,0.5093274597349604,"[1.0, 1.0]"
gemini,jitter_066,35,8.198969656319003,2.8633843011930833,2.2753492259303507,0.5097282779170769,"[1.0, 1.0]"
gemini,jitter_067,35,8.207426907298697,2.8648607134202346,2.2753736390089037,0.5095951411482342,"[1.0, 1.0]"
gemini,jitter_068,35,8.203602292100308,2.8641931310755404,2.2747889401355526,0.5091806423691232,"[1.0, 1.0]"
gemini,jitter_069,35,8.20914708059027,2.865160917049908,2.276069248367759,0.5095010169021179,"[1.0, 1.0]"
gemini,jitter_070,35,8.211140344550024,2.8655087409655593,2.2770661163977763,0.5090571841012443,"[1.0, 1.0]"
gemini,jitter_071,35,8.207241164500855,2.864828295814752,2.276495263764449,0.5092197459065992,"[1.0, 1.0]"
gemini,jitter_072,35,8.213968755225512,2.8660022252652757,2.2770767375647565,0.5089206940815432,"[1.0, 1.0]"
gemini,jitter_073,35,8.196523478500348,2.862957121317109,2.2738756986891313,0.5093893132072026,"[1.0, 1.0]"
gemini,jitter_074,35,8.20502283268435,2.864441103022429,2.2763207803260905,0.5094606115165332,"[1.0, 1.0]"
gemini,jitter_075,35,8.218868276865516,2.8668568636863467,2.277830979995597,0.5087523251596774,"[1.0, 1.0]"
gemini,jitter_076,35,8.209281560316397,2.8651843850468675,2.277267240976826,0.5093157657376056,"[1.0, 1.0]"
gemini,jitter_077,35,8.205871096558797,2.864589167150989,2.276434651237154,0.5094200781485528,"[1.0, 1.0]"
gemini,jitter_078,35,8.200788806007894,2.8637019408464797,2.274118255922376,0.5092624624946049,"[1.0, 1.0]"
gemini,jitter_079,35,8.205421013499683,2.8645106062815833,2.2762385748281027,0.5093954579285205,"[1.0, 1.0]"
gemini,jitter_080,35,8.211405652934115,2.865555034008964,2.2762369109007548,0.5090548240532945,"[1.0, 1.0]"
gemini,jitter_081,35,8.218367558564,2.866769533562822,2.2770143225342725,0.5090364118114252,"[1.0, 1.0]"
gemini,jitter_082,35,8.210282630299472,2.8653590752817477,2.276768039144065,0.5092993351765481,"[1.0, 1.0]"
gemini,jitter_083,35,8.20555172181899,2.86453342131297,2.2765789664593705,0.509035504460503,"[1.0, 1.0]"
gemini,jitter_084,35,8.206104942465581,2.86462998351717,2.2763478414526355,0.5096238497370704,"[1.0, 1.0]"
gemini,jitter_085,35,8.20951889835695,2.865225802333378,2.276367806548458,0.5089684728037229,"[1.0, 1.0]"
gemini,jitter_086,35,8.2023433919733,2.863973357413316,2.275336716759559,0.5095709507758932,"[1.0, 1.0]"
gemini,jitter_087,35,8.19939019085646,2.863457733380477,2.2747720267299942,0.5093995650222967,"[1.0, 1.0]"
gemini,jitter_088,35,8.209790973231213,2.8652732807240593,2.276061545464757,0.5089698003274844,"[1.0, 1.0]"
gemini,jitter_089,35,8.208820574688708,2.8651039378508956,2.2766863985550656,0.5091580470037309,"[1.0, 1.0]"
gemini,jitter_090,35,8.209016669083898,2.8651381588125724,2.2761011472028314,0.508884163080024,"[1.0, 1.0]"
gemini,jitter_091,35,8.206545526898612,2.8647068832427887,2.2755151978403316,0.5095143535401896,"[1.0, 1.0]"
gemini,jitter_092,35,8.198256174576319,2.8632597113388645,2.2750008221111004,0.5094577841746657,"[1.0, 1.0]"
gemini,jitter_093,35,8.195031735150422,2.8626965845423475,2.274368437742038,0.5099568682039861,"[1.0, 1.0]"
gemini,jitter_094,35,8.210462885079252,2.8653905292436583,2.2774651435074142,0.5092022124699151,"[1.0, 1.0]"
gemini,jitter_095,35,8.199295537121442,2.863441205459166,2.2753480264093597,0.5095730042510708,"[1.0, 1.0]"
gemini,jitter_096,35,8.20904697300809,2.865143447195636,2.275883913218956,0.5092650649726909,"[1.0, 1.0]"
gemini,jitter_097,35,8.20599060471217,2.8646100266375125,2.2768351773864333,0.5096023821606865,"[1.0, 1.0]"
gemini,jitter_098,35,8.216264144596915,2.866402648721375,2.278098047931851,0.5089335412132793,"[1.0, 1.0]"
gemini,jitter_099,35,8.210372166531746,2.8653746991504874,2.274933938322315,0.5092468055842747,"[1.0, 1.0]"
published_attention_counts,two_panel_mean,35,16.737002851431967,4.09108822337431,3.2673633846597747,-0.0007155008751660308,"[10000.0, 10000.0]"
published_attention_counts,negative_panel,35,16.73696851699705,4.091084027124968,3.267382000486355,-0.0007155326652203975,"[10000.0, 10000.0]"
published_attention_counts,positive_panel,35,16.737037374235722,4.091092442641173,3.2673447688331954,-0.0007154690738944147,"[10000.0, 10000.0]"
published_attention_counts,jitter_000,35,16.732874127812906,4.090583592571225,3.2675293284125915,-0.0007164027072417145,"[10000.0, 10000.0]"
published_attention_counts,jitter_001,35,16.736740670242835,4.091056180284357,3.2669484389481016,-0.000715053046173697,"[10000.0, 10000.0]"
published_attention_counts,jitter_002,35,16.726134253659644,4.0897596816511905,3.2660716517369295,-0.0007153766657777005,"[10000.0, 10000.0]"
published_attention_counts,jitter_003,35,16.726330691175505,4.089783697358029,3.266875092893516,-0.0007154909297533152,"[10000.0, 10000.0]"
published_attention_counts,jitter_004,35,16.735474132839208,4.090901383905411,3.267305949807046,-0.0007156186252756935,"[10000.0, 10000.0]"
published_attention_counts,jitter_005,35,16.728307603186945,4.090025379283966,3.265519865349676,-0.000714896444603097,"[10000.0, 10000.0]"
published_attention_counts,jitter_006,35,16.737571501199948,4.091157721379115,3.267220106558727,-0.0007151400077911596,"[10000.0, 10000.0]"
published_attention_counts,jitter_007,35,16.742577035560394,4.091769426001469,3.2679232965409923,-0.0007150570871388151,"[10000.0, 10000.0]"
published_attention_counts,jitter_008,35,16.746097662681823,4.092199611783597,3.2685262373324133,-0.0007165796389136947,"[10000.0, 10000.0]"
published_attention_counts,jitter_009,35,16.740081537561302,4.091464473457066,3.268734900491297,-0.0007161657532621657,"[10000.0, 10000.0]"
published_attention_counts,jitter_010,35,16.754863388514416,4.093270500286343,3.2683790843463747,-0.0007144058116972385,"[10000.0, 10000.0]"
published_attention_counts,jitter_011,35,16.744110491057324,4.091956804642166,3.2693178135197294,-0.0007159631144917356,"[10000.0, 10000.0]"
published_attention_counts,jitter_012,35,16.751629786846458,4.092875491246522,3.268278713924557,-0.0007149119844340746,"[10000.0, 10000.0]"
published_attention_counts,jitter_013,35,16.736552812739852,4.091033220683969,3.2673116316939153,-0.0007145646881234757,"[10000.0, 10000.0]"
published_attention_counts,jitter_014,35,16.737301539127973,4.091124727886938,3.268037851317919,-0.0007163783663748369,"[10000.0, 10000.0]"
published_attention_counts,jitter_015,35,16.727957093098187,4.089982529681293,3.2663546292250083,-0.0007156537172749999,"[10000.0, 10000.0]"
published_attention_counts,jitter_016,35,16.751002749943503,4.092798889506239,3.2693827967235234,-0.0007154421956534485,"[10000.0, 10000.0]"
published_attention_counts,jitter_017,35,16.73070503018814,4.0903184509507495,3.266170666171106,-0.0007159166552754836,"[10000.0, 10000.0]"
published_attention_counts,jitter_018,35,16.728748823385118,4.090079317493136,3.26708497466923,-0.0007154042884078837,"[10000.0, 10000.0]"
published_attention_counts,jitter_019,35,16.743234903058028,4.091849814333124,3.268465148142058,-0.0007150415085175332,"[10000.0, 10000.0]"
published_attention_counts,jitter_020,35,16.73218005096511,4.090498753326433,3.267639643488862,-0.0007154488201304154,"[10000.0, 10000.0]"
published_attention_counts,jitter_021,35,16.7513933332095,4.092846605140425,3.2682997981186253,-0.0007156768610954156,"[10000.0, 10000.0]"
published_attention_counts,jitter_022,35,16.727224853596642,4.0898930124878135,3.266380102040981,-0.000715247169362554,"[10000.0, 10000.0]"
published_attention_counts,jitter_023,35,16.734919739933602,4.090833624083678,3.266965347268612,-0.0007157969357125538,"[10000.0, 10000.0]"
published_attention_counts,jitter_024,35,16.737339776126134,4.0911294010488275,3.267863203210313,-0.0007163175359630181,"[10000.0, 10000.0]"
published_attention_counts,jitter_025,35,16.73487918569285,4.090828667359811,3.2668707413874287,-0.0007159229663544764,"[10000.0, 10000.0]"
published_attention_counts,jitter_026,35,16.729961086097937,4.090227510310146,3.2668465151995068,-0.0007158880917899069,"[10000.0, 10000.0]"
published_attention_counts,jitter_027,35,16.740444532329068,4.0915088332214395,3.2674577247340086,-0.0007158842743091309,"[10000.0, 10000.0]"
published_attention_counts,jitter_028,35,16.73773431489137,4.091177619572557,3.2672703663682765,-0.0007153332890323938,"[10000.0, 10000.0]"
published_attention_counts,jitter_029,35,16.736185377737545,4.090988313077605,3.2673779760284773,-0.0007149403753954342,"[10000.0, 10000.0]"
published_attention_counts,jitter_030,35,16.728365245612604,4.090032425985472,3.266757617708893,-0.0007149224296481016,"[10000.0, 10000.0]"
published_attention_counts,jitter_031,35,16.745295676697424,4.0921016210130245,3.268729045742016,-0.000716152863598607,"[10000.0, 10000.0]"
published_attention_counts,jitter_032,35,16.752452435624914,4.0929759876677645,3.2692741813047905,-0.0007153568752940043,"[10000.0, 10000.0]"
published_attention_counts,jitter_033,35,16.73585157893714,4.0909475160330695,3.265738317102409,-0.0007148672265571143,"[10000.0, 10000.0]"
published_attention_counts,jitter_034,35,16.739601446375918,4.091405803189891,3.2669896731466044,-0.0007165648055003082,"[10000.0, 10000.0]"
published_attention_counts,jitter_035,35,16.72690834707392,4.089854318563672,3.266447055222389,-0.0007155384258172859,"[10000.0, 10000.0]"
published_attention_counts,jitter_036,35,16.725677485220398,4.089703838326242,3.2659547190327363,-0.0007163973706936222,"[10000.0, 10000.0]"
published_attention_counts,jitter_037,35,16.741197341211993,4.091600828674761,3.2682456657937045,-0.0007139607911736956,"[10000.0, 10000.0]"
published_attention_counts,jitter_038,35,16.740915025614537,4.0915663291231805,3.268530327669544,-0.0007162417255834885,"[10000.0, 10000.0]"
published_attention_counts,jitter_039,35,16.730785763620517,4.090328319783207,3.26803407800119,-0.0007150010714684907,"[10000.0, 10000.0]"
published_attention_counts,jitter_040,35,16.746784475095822,4.092283528190077,3.2687093016469575,-0.0007166933266293807,"[10000.0, 10000.0]"
published_attention_counts,jitter_041,35,16.73311925886626,4.0906135553075975,3.2664605113285443,-0.0007146506014972243,"[10000.0, 10000.0]"
published_attention_counts,jitter_042,35,16.73219491621212,4.090500570371812,3.267458039629444,-0.0007162918351384384,"[10000.0, 10000.0]"
published_attention_counts,jitter_043,35,16.729136071434564,4.090126657138452,3.2661715135035827,-0.0007152100295917396,"[10000.0, 10000.0]"
published_attention_counts,jitter_044,35,16.741907269798865,4.091687582135135,3.266904652420718,-0.0007149978956526581,"[10000.0, 10000.0]"
published_attention_counts,jitter_045,35,16.729145285507514,4.090127783518201,3.2667825898246896,-0.0007158982674912995,"[10000.0, 10000.0]"
published_attention_counts,jitter_046,35,16.73559531542221,4.090916195111092,3.267352598928031,-0.0007166649125174285,"[10000.0, 10000.0]"
published_attention_counts,jitter_047,35,16.73719216911725,4.091111361123924,3.2685351189071055,-0.0007154883652487065,"[10000.0, 10000.0]"
published_attention_counts,jitter_048,35,16.739504635305703,4.091393972145155,3.268635265578978,-0.0007169008812821787,"[10000.0, 10000.0]"
published_attention_counts,jitter_049,35,16.748267943771413,4.092464776118594,3.2690235928578306,-0.0007144159667253902,"[10000.0, 10000.0]"
published_attention_counts,jitter_050,35,16.73163649971951,4.090432312081391,3.2668943446788337,-0.0007150557427002546,"[10000.0, 10000.0]"
published_attention_counts,jitter_051,35,16.73526648968469,4.090876005171104,3.2665614605533944,-0.0007149003917821251,"[10000.0, 10000.0]"
published_attention_counts,jitter_052,35,16.739824925405394,4.091433113886306,3.268523259909261,-0.0007158442572405832,"[10000.0, 10000.0]"
published_attention_counts,jitter_053,35,16.73644477909523,4.0910200169511794,3.266641196460929,-0.0007148897190865089,"[10000.0, 10000.0]"
published_attention_counts,jitter_054,35,16.73198253058585,4.090474609453755,3.266911793637911,-0.0007168471799650078,"[10000.0, 10000.0]"
published_attention_counts,jitter_055,35,16.7376565266449,4.091168112733196,3.267755547519794,-0.0007146039959409212,"[10000.0, 10000.0]"
published_attention_counts,jitter_056,35,16.743532057881925,4.091886124745155,3.267915713782593,-0.0007159194424362081,"[10000.0, 10000.0]"
published_attention_counts,jitter_057,35,16.727359187476544,4.089909435119138,3.2664886020221853,-0.0007153341197188023,"[10000.0, 10000.0]"
published_attention_counts,jitter_058,35,16.742538346716145,4.091764698356462,3.267326797641225,-0.000715800484430984,"[10000.0, 10000.0]"
published_attention_counts,jitter_059,35,16.748947534864975,4.092547804835635,3.2698425984738053,-0.0007163956935416493,"[10000.0, 10000.0]"
published_attention_counts,jitter_060,35,16.74534512783001,4.092107663274515,3.269023902726572,-0.0007151374943423772,"[10000.0, 10000.0]"
published_attention_counts,jitter_061,35,16.731772107043792,4.090448888208211,3.2678887168114645,-0.0007154282788937039,"[10000.0, 10000.0]"
published_attention_counts,jitter_062,35,16.746382196491872,4.092234377023373,3.269311318806815,-0.0007165077781607909,"[10000.0, 10000.0]"
published_attention_counts,jitter_063,35,16.750452132321076,4.09273162231792,3.268988322052274,-0.0007158994509217642,"[10000.0, 10000.0]"
published_attention_counts,jitter_064,35,16.731264699721407,4.090386864310197,3.265921141688434,-0.0007172137909718934,"[10000.0, 10000.0]"
published_attention_counts,jitter_065,35,16.730654742332536,4.090312303765146,3.266499141610141,-0.000714897559004557,"[10000.0, 10000.0]"
published_attention_counts,jitter_066,35,16.735296503824866,4.0908796735940385,3.267318689420565,-0.0007163071002478372,"[10000.0, 10000.0]"
published_attention_counts,jitter_067,35,16.747988711981485,4.092430660619858,3.2675073558569903,-0.0007149784113620328,"[10000.0, 10000.0]"
published_attention_counts,jitter_068,35,16.726053696626728,4.0897498330126165,3.266607591578286,-0.0007153734138507506,"[10000.0, 10000.0]"
published_attention_counts,jitter_069,35,16.748324982782496,4.092471744897269,3.2692384405841994,-0.0007174060836749874,"[10000.0, 10000.0]"
published_attention_counts,jitter_070,35,16.737206694471812,4.091113136356878,3.266792025693038,-0.0007150091299275019,"[10000.0, 10000.0]"
published_attention_counts,jitter_071,35,16.734797380655802,4.0908186687576125,3.26621741430222,-0.0007148499795954777,"[10000.0, 10000.0]"
published_attention_counts,jitter_072,35,16.7383212583015,4.09124935176304,3.2668088240248365,-0.000715175661899492,"[10000.0, 10000.0]"
published_attention_counts,jitter_073,35,16.718745453827466,4.088856252526795,3.2656262083172556,-0.0007163660216806811,"[10000.0, 10000.0]"
published_attention_counts,jitter_074,35,16.738487238369775,4.09126963647836,3.2674226656211465,-0.0007147404076086605,"[10000.0, 10000.0]"
published_attention_counts,jitter_075,35,16.742563880898683,4.091767818547221,3.266833225336583,-0.0007150985139976473,"[10000.0, 10000.0]"
published_attention_counts,jitter_076,35,16.742243156890385,4.0917286269852235,3.266204582386651,-0.0007154344645170507,"[10000.0, 10000.0]"
published_attention_counts,jitter_077,35,16.738854971357565,4.091314577413666,3.268064994998875,-0.0007159589887988371,"[10000.0, 10000.0]"
published_attention_counts,jitter_078,35,16.723095266710644,4.089388128645977,3.266332005782762,-0.000714783026910748,"[10000.0, 10000.0]"
published_attention_counts,jitter_079,35,16.737090229767453,4.091098902467093,3.266872976993327,-0.0007155603929100973,"[10000.0, 10000.0]"
published_attention_counts,jitter_080,35,16.73766426316859,4.0911690582483375,3.2670014266591707,-0.0007148439539064189,"[10000.0, 10000.0]"
published_attention_counts,jitter_081,35,16.751226554482628,4.092826230672715,3.268539673074763,-0.0007148301828392434,"[10000.0, 10000.0]"
published_attention_counts,jitter_082,35,16.74372447546765,4.091909636767124,3.2677605880565355,-0.0007154566654659078,"[10000.0, 10000.0]"
published_attention_counts,jitter_083,35,16.725066947141226,4.089629194333054,3.265830398783367,-0.0007144351711205754,"[10000.0, 10000.0]"
published_attention_counts,jitter_084,35,16.74626173501379,4.092219658695485,3.2680821479454556,-0.0007143972063472503,"[10000.0, 10000.0]"
published_attention_counts,jitter_085,35,16.730869794191108,4.09033859163164,3.2665874258213945,-0.0007144935141014663,"[10000.0, 10000.0]"
published_attention_counts,jitter_086,35,16.73680628856267,4.091064200005015,3.2671449867068474,-0.0007159665102887125,"[10000.0, 10000.0]"
published_attention_counts,jitter_087,35,16.72494614876161,4.089614425439348,3.2670798195843602,-0.0007165977673804225,"[10000.0, 10000.0]"
published_attention_counts,jitter_088,35,16.731483927494697,4.090413662148939,3.2657692340852646,-0.0007153556677803596,"[10000.0, 10000.0]"
published_attention_counts,jitter_089,35,16.735922133968096,4.090956139335656,3.2672440837076606,-0.0007153440239375808,"[10000.0, 10000.0]"
published_attention_counts,jitter_090,35,16.726992965233762,4.089864663437381,3.2662989399563496,-0.0007156131395804621,"[10000.0, 10000.0]"
published_attention_counts,jitter_091,35,16.743451428928932,4.0918762724365125,3.2679247156797926,-0.0007161443470662388,"[10000.0, 10000.0]"
published_attention_counts,jitter_092,35,16.724593231253866,4.089571277194453,3.266067814181427,-0.0007151335278499094,"[10000.0, 10000.0]"
published_attention_counts,jitter_093,35,16.735045060027705,4.090848941237956,3.267373545708048,-0.0007153305810665422,"[10000.0, 10000.0]"
published_attention_counts,jitter_094,35,16.74077414573816,4.091549113201277,3.2687549320646374,-0.0007151883239804313,"[10000.0, 10000.0]"
published_attention_counts,jitter_095,35,16.73064980753103,4.090311700534695,3.2678375792275847,-0.0007155230454667372,"[10000.0, 10000.0]"
published_attention_counts,jitter_096,35,16.740036798189212,4.09145900605019,3.268774365480012,-0.0007155395169951007,"[10000.0, 10000.0]"
published_attention_counts,jitter_097,35,16.745323883675212,4.092105067526396,3.2687121298104405,-0.0007161034021341273,"[10000.0, 10000.0]"
published_attention_counts,jitter_098,35,16.743434197571425,4.091874166878965,3.267603921664096,-0.0007150201879557727,"[10000.0, 10000.0]"
published_attention_counts,jitter_099,35,16.74211380129622,4.091712819993141,3.2682972606697556,-0.0007153954299317089,"[10000.0, 10000.0]"
published_human_counts,two_panel_mean,35,10.096490287709868,3.1774974882303004,2.282061202076286,0.39632475270311696,"[1.0, 1.0]"
published_human_counts,negative_panel,35,10.095998853275779,3.1774201568687417,2.282011613849791,0.3963528783612692,"[1.0, 1.0]"
published_human_counts,positive_panel,35,10.096981935656403,3.177574851306638,2.282110790302782,0.3962966211974278,"[1.0, 1.0]"
published_human_counts,jitter_000,35,10.093652167079645,3.1770508600083263,2.2820940878338596,0.39634499072525164,"[1.0, 1.0]"
published_human_counts,jitter_001,35,10.097196150040928,3.177608558340836,2.2824493341991285,0.3962733617023163,"[1.0, 1.0]"
published_human_counts,jitter_002,35,10.110645916097125,3.179724188683214,2.2835923578848787,0.3950856376722153,"[1.0, 1.0]"
published_human_counts,jitter_003,35,10.0981460433279,3.177758021518929,2.282961649061944,0.3958405246309864,"[1.0, 1.0]"
published_human_counts,jitter_004,35,10.09689647591608,3.177561403956827,2.2825066907198255,0.39624524988719034,"[1.0, 1.0]"
published_human_counts,jitter_005,35,10.106283593559557,3.179038155411092,2.2832580194386893,0.39542547999045663,"[1.0, 1.0]"
published_human_counts,jitter_006,35,10.09985306315226,3.178026598874254,2.2836594049083203,0.39614442445094644,"[1.0, 1.0]"
published_human_counts,jitter_007,35,10.088487493448977,3.1762379466042807,2.281350273490367,0.3970043371168659,"[1.0, 1.0]"
published_human_counts,jitter_008,35,10.09653904743465,3.177505160882457,2.282674679263965,0.39664904473503126,"[1.0, 1.0]"
published_human_counts,jitter_009,35,10.09902843137903,3.177896856630031,2.282465224573141,0.3962836449149646,"[1.0, 1.0]"
published_human_counts,jitter_010,35,10.107508505264656,3.1792308040255044,2.2841072783012994,0.3963108421990287,"[1.0, 1.0]"
published_human_counts,jitter_011,35,10.102593713933215,3.1784577571415378,2.282824691569476,0.3962159528395054,"[1.0, 1.0]"
published_human_counts,jitter_012,35,10.096504239334077,3.1774996836088083,2.2812376101151,0.39685138223689687,"[1.0, 1.0]"
published_human_counts,jitter_013,35,10.097310121150985,3.1776264917625205,2.2827343939048044,0.3962600652915197,"[1.0, 1.0]"
published_human_counts,jitter_014,35,10.095626988088148,3.177361639487729,2.2822088204569413,0.39638661266637065,"[1.0, 1.0]"
published_human_counts,jitter_015,35,10.109085047214256,3.1794787382862393,2.284006117070789,0.39524476329028535,"[1.0, 1.0]"
published_human_counts,jitter_016,35,10.085196028967276,3.1757197654968357,2.28145929185784,0.3975040447180468,"[1.0, 1.0]"
published_human_counts,jitter_017,35,10.10813746930012,3.1793297201297195,2.2841072932727307,0.3954006101346911,"[1.0, 1.0]"
published_human_counts,jitter_018,35,10.083243606919755,3.1754123522654116,2.280728621148817,0.39681937309431314,"[1.0, 1.0]"
published_human_counts,jitter_019,35,10.093468221431076,3.17702191075716,2.280788107532082,0.3967303493825147,"[1.0, 1.0]"
published_human_counts,jitter_020,35,10.096638663611577,3.177520836062539,2.2826464794235064,0.3961419097179777,"[1.0, 1.0]"
published_human_counts,jitter_021,35,10.101545058599177,3.178292789942295,2.283357332459625,0.39654127274187,"[1.0, 1.0]"
published_human_counts,jitter_022,35,10.090642365240951,3.1765771461182792,2.2800738321633447,0.39632187903192295,"[1.0, 1.0]"
published_human_counts,jitter_023,35,10.105088265352103,3.1788501483008136,2.283346696803,0.3957352880254883,"[1.0, 1.0]"
published_human_counts,jitter_024,35,10.097490918971628,3.1776549401990817,2.282949092054702,0.3962765849326112,"[1.0, 1.0]"
published_human_counts,jitter_025,35,10.088775966342231,3.1762833573757603,2.2800759357831164,0.39670919396954396,"[1.0, 1.0]"
published_human_counts,jitter_026,35,10.10490256250177,3.1788209390435584,2.282553994274773,0.39556724072013383,"[1.0, 1.0]"
published_human_counts,jitter_027,35,10.0926546454058,3.176893867507349,2.281528508586342,0.3966779198337512,"[1.0, 1.0]"
published_human_counts,jitter_028,35,10.094988637529314,3.1772611849719428,2.2822754053881504,0.39644101591657355,"[1.0, 1.0]"
published_human_counts,jitter_029,35,10.099038850374583,3.177898495920627,2.281690891513859,0.39614321705322775,"[1.0, 1.0]"
published_human_counts,jitter_030,35,10.107810176036486,3.1792782476588117,2.2835192715485846,0.39533622516409006,"[1.0, 1.0]"
published_human_counts,jitter_031,35,10.109594849845651,3.179558908063452,2.2829393125186144,0.39584017741617605,"[1.0, 1.0]"
published_human_counts,jitter_032,35,10.095026097227635,3.1772670799332614,2.2806103110231146,0.3969690299153077,"[1.0, 1.0]"
published_human_counts,jitter_033,35,10.109110873719288,3.1794827997206223,2.2828520710963827,0.39552896379026026,"[1.0, 1.0]"
published_human_counts,jitter_034,35,10.100845329078872,3.1781827085740164,2.2820503361356748,0.39615747294056003,"[1.0, 1.0]"
published_human_counts,jitter_035,35,10.089270573575746,3.176361215853094,2.2810617746625144,0.3963923502859503,"[1.0, 1.0]"
published_human_counts,jitter_036,35,10.0916153628251,3.1767302943160125,2.281615166535018,0.3962071205509673,"[1.0, 1.0]"
published_human_counts,jitter_037,35,10.091188073307807,3.1766630405675396,2.2810963957786567,0.39679387441009484,"[1.0, 1.0]"
published_human_counts,jitter_038,35,10.101209925336764,3.178240067291451,2.283233793977845,0.39618325414723854,"[1.0, 1.0]"
published_human_counts,jitter_039,35,10.089698674212865,3.1764286036699874,2.2807075987409187,0.3965069565632424,"[1.0, 1.0]"
published_human_counts,jitter_040,35,10.090677030539505,3.176582602505325,2.2809563886601367,0.39702400980647434,"[1.0, 1.0]"
published_human_counts,jitter_041,35,10.105117159069213,3.1788546929781507,2.2825290778004006,0.3956692335311608,"[1.0, 1.0]"
published_human_counts,jitter_042,35,10.092545175259225,3.1768766383445275,2.281608275882109,0.39638676016269814,"[1.0, 1.0]"
published_human_counts,jitter_043,35,10.089944973553033,3.176467373286405,2.2816065008363053,0.39643258562303685,"[1.0, 1.0]"
published_human_counts,jitter_044,35,10.096663711439692,3.177524777470617,2.2806567676298504,0.3964915321820516,"[1.0, 1.0]"
published_human_counts,jitter_045,35,10.106707511079025,3.1791048285765955,2.282938621366434,0.39542978957580266,"[1.0, 1.0]"
published_human_counts,jitter_046,35,10.09181830549692,3.176762236223687,2.2820863944214453,0.39655264319916483,"[1.0, 1.0]"
published_human_counts,jitter_047,35,10.096408002676695,3.1774845401160796,2.2817603243333675,0.396336508355553,"[1.0, 1.0]"
published_human_counts,jitter_048,35,10.089765524538574,3.1764391265280962,2.2815548759955497,0.3968161480095883,"[1.0, 1.0]"
published_human_counts,jitter_049,35,10.101914300027602,3.1783508774248954,2.2808671816466655,0.39640735968416596,"[1.0, 1.0]"
published_human_counts,jitter_050,35,10.08658774563111,3.175938876242915,2.2811247079412977,0.3967236726489912,"[1.0, 1.0]"
published_human_counts,jitter_051,35,10.094373219138404,3.1771643361869724,2.2816862039508057,0.39638907472826945,"[1.0, 1.0]"
published_human_counts,jitter_052,35,10.091035725731027,3.1766390612927724,2.2810365921279625,0.3967523925307511,"[1.0, 1.0]"
published_human_counts,jitter_053,35,10.103523373337628,3.178603997565225,2.2825905366929535,0.3958844658004862,"[1.0, 1.0]"
published_human_counts,jitter_054,35,10.115204537492874,3.1804409344449196,2.2852895956860384,0.3950235380154966,"[1.0, 1.0]"
published_human_counts,jitter_055,35,10.089311038890372,3.1763675856062963,2.2813691625622075,0.3967781042225197,"[1.0, 1.0]"
published_human_counts,jitter_056,35,10.102085091754876,3.1783777452900206,2.2831994647867044,0.3962255194463403,"[1.0, 1.0]"
published_human_counts,jitter_057,35,10.081347656332547,3.175113802107343,2.279738427135942,0.3968827311464095,"[1.0, 1.0]"
published_human_counts,jitter_058,35,10.092709413860966,3.1769024873075606,2.28165188709064,0.39675014797683816,"[1.0, 1.0]"
published_human_counts,jitter_059,35,10.094423051659959,3.177172178472542,2.2805935196792246,0.3968782437323223,"[1.0, 1.0]"
published_human_counts,jitter_060,35,10.092377660339672,3.1768502735161555,2.280953671860259,0.3968714875140691,"[1.0, 1.0]"
published_human_counts,jitter_061,35,10.100398712794961,3.1781124449576925,2.282109362745605,0.39590231333553383,"[1.0, 1.0]"
published_human_counts,jitter_062,35,10.096619331540873,3.177517794055743,2.2823808169424766,0.39665454190209126,"[1.0, 1.0]"
published_human_counts,jitter_063,35,10.089552432889697,3.1764055838147773,2.2806288137641304,0.3972237012961537,"[1.0, 1.0]"
published_human_counts,jitter_064,35,10.089267724545584,3.176360767379169,2.282469009074068,0.3965486729364486,"[1.0, 1.0]"
published_human_counts,jitter_065,35,10.100248142140526,3.1780887561772917,2.2813663762803658,0.3958712949046529,"[1.0, 1.0]"
published_human_counts,jitter_066,35,10.095469456801853,3.1773368497535563,2.281811200703905,0.39632375733856207,"[1.0, 1.0]"
published_human_counts,jitter_067,35,10.10034838899878,3.1781045277018154,2.281313452416089,0.39649052230294324,"[1.0, 1.0]"
published_human_counts,jitter_068,35,10.095277619803241,3.1773066612782657,2.2807754001466423,0.3960022073195102,"[1.0, 1.0]"
published_human_counts,jitter_069,35,10.102550827944874,3.178451010782591,2.2827493870247597,0.3963695790616383,"[1.0, 1.0]"
published_human_counts,jitter_070,35,10.103532531734103,3.1786054381967737,2.2826349132651034,0.39591134683911566,"[1.0, 1.0]"
published_human_counts,jitter_071,35,10.097847370487687,3.177711026900918,2.283053283500413,0.39616443589839034,"[1.0, 1.0]"
published_human_counts,jitter_072,35,10.096716602151535,3.1775331000874774,2.280543542907499,0.39635896741321275,"[1.0, 1.0]"
published_human_counts,jitter_073,35,10.096945065605206,3.1775690496990316,2.2820962582534943,0.39563777665747013,"[1.0, 1.0]"
published_human_counts,jitter_074,35,10.093618100572746,3.177045498662672,2.282585842251885,0.3965504604183123,"[1.0, 1.0]"
published_human_counts,jitter_075,35,10.104563431855366,3.1787675963894193,2.2825330056844106,0.39604296796582883,"[1.0, 1.0]"
published_human_counts,jitter_076,35,10.097333302845229,3.177630139403456,2.2831938803762455,0.39646335390062715,"[1.0, 1.0]"
published_human_counts,jitter_077,35,10.093854190944915,3.1770826540939905,2.282430227688082,0.3965488682547966,"[1.0, 1.0]"
published_human_counts,jitter_078,35,10.090554779402254,3.1765633598910403,2.280354250698743,0.39617832849451506,"[1.0, 1.0]"
published_human_counts,jitter_079,35,10.092498382538738,3.176869273756592,2.2835544733587376,0.39656654555855153,"[1.0, 1.0]"
published_human_counts,jitter_080,35,10.093518173776758,3.177029772252183,2.2810362895469614,0.3965267013723235,"[1.0, 1.0]"
published_human_counts,jitter_081,35,10.100778816751145,3.1781722446637697,2.2817617221989055,0.396581550285663,"[1.0, 1.0]"
published_human_counts,jitter_082,35,10.108435964007652,3.179376662807924,2.2840317643574974,0.39585316715425667,"[1.0, 1.0]"
published_human_counts,jitter_083,35,10.086981917894013,3.176000931658241,2.2822782220176943,0.3964634973092297,"[1.0, 1.0]"
published_human_counts,jitter_084,35,10.092244716107798,3.1768293495414257,2.2812107413150495,0.3969128903304794,"[1.0, 1.0]"
published_human_counts,jitter_085,35,10.101371748457264,3.1782655251657728,2.2817963338713807,0.39581209839044185,"[1.0, 1.0]"
published_human_counts,jitter_086,35,10.109917329271703,3.1796096190054057,2.2831029504080456,0.3955145613165787,"[1.0, 1.0]"
published_human_counts,jitter_087,35,10.099651804279205,3.1779949345899223,2.2823503184616944,0.3956997468143221,"[1.0, 1.0]"
published_human_counts,jitter_088,35,10.115395626782439,3.1804709756233334,2.283875230569078,0.3949949821401395,"[1.0, 1.0]"
published_human_counts,jitter_089,35,10.103634490121092,3.1786214763826615,2.281797400172901,0.39585868147939574,"[1.0, 1.0]"
published_human_counts,jitter_090,35,10.10050065841124,3.178128483622278,2.2825657171184854,0.3957235032975047,"[1.0, 1.0]"
published_human_counts,jitter_091,35,10.081926186329103,3.1752049046209763,2.279698260370142,0.3974273259249764,"[1.0, 1.0]"
published_human_counts,jitter_092,35,10.100996177096315,3.1782064402892893,2.283683251024273,0.3956074387963209,"[1.0, 1.0]"
published_human_counts,jitter_093,35,10.090374660686757,3.17653500857251,2.281179834728549,0.3966199327198435,"[1.0, 1.0]"
published_human_counts,jitter_094,35,10.098627597584654,3.17783379011311,2.2820245140188056,0.396333172519181,"[1.0, 1.0]"
published_human_counts,jitter_095,35,10.088115902216067,3.1761794505688856,2.2823527492908555,0.3965964085217305,"[1.0, 1.0]"
published_human_counts,jitter_096,35,10.088805844904126,3.1762880607564745,2.2788420514796446,0.39689351308609166,"[1.0, 1.0]"
published_human_counts,jitter_097,35,10.105073719044865,3.1788478603174557,2.2836596744066293,0.39611141194036603,"[1.0, 1.0]"
published_human_counts,jitter_098,35,10.10252600303188,3.178447105589753,2.282382555823212,0.3961961809161123,"[1.0, 1.0]"
published_human_counts,jitter_099,35,10.092289407625868,3.1768363835151896,2.281399347490542,0.39676019974468824,"[1.0, 1.0]"
published_human_counts_quadratic,two_panel_mean,35,8.113664414831712,2.8484494755624,2.2381864607515567,0.5148791082313372,"[0.1, 0.1]"
published_human_counts_quadratic,negative_panel,35,8.113289558441336,2.848383674725253,2.2381332633819464,0.5149005105734928,"[0.1, 0.1]"
published_human_counts_quadratic,positive_panel,35,8.114039492403204,2.8485153137034747,2.2382396581211714,0.5148576982194162,"[0.1, 0.1]"
published_human_counts_quadratic,jitter_000,35,8.111655964227513,2.8480969021835465,2.237911484479366,0.5148790868492894,"[0.1, 0.1]"
published_human_counts_quadratic,jitter_001,35,8.112873401507418,2.8483106223702883,2.2375845484563968,0.5149190217913203,"[0.1, 0.1]"
published_human_counts_quadratic,jitter_002,35,8.130321429001716,2.851371850355845,2.2408976258805566,0.5135673582521242,"[0.1, 0.1]"
published_human_counts_quadratic,jitter_003,35,8.118326452754413,2.84926770464876,2.239932244319067,0.5142906599364154,"[0.1, 0.1]"
published_human_counts_quadratic,jitter_004,35,8.11331863894063,2.8483887794577183,2.238906384988958,0.5148554133318705,"[0.1, 0.1]"
published_human_counts_quadratic,jitter_005,35,8.127133531414183,2.850812784350137,2.2398005363681914,0.513821494486915,"[0.1, 0.1]"
published_human_counts_quadratic,jitter_006,35,8.117611416891563,2.849142224756701,2.239383658594064,0.5146597793472547,"[0.1, 0.1]"
published_human_counts_quadratic,jitter_007,35,8.110321568867484,2.8478626316708966,2.2374687002496523,0.515240640998931,"[0.1, 0.1]"
published_human_counts_quadratic,jitter_008,35,8.107830407901218,2.847425224286183,2.2374749306242085,0.5154906846047906,"[0.1, 0.1]"
published_human_counts_quadratic,jitter_009,35,8.11214481850633,2.8481827221065594,2.237779040605388,0.5150588460040755,"[0.1, 0.1]"
published_human_counts_quadratic,jitter_010,35,8.120231583891423,2.849602004472102,2.239831246458897,0.5150045371245618,"[0.1, 0.1]"
published_human_counts_quadratic,jitter_011,35,8.122638968630772,2.850024380357258,2.2385757637970585,0.5145484447880417,"[0.1, 0.1]"
published_human_counts_quadratic,jitter_012,35,8.114199378824878,2.8485433784348237,2.2384330976891915,0.5152710261313922,"[0.1, 0.1]"
published_human_counts_quadratic,jitter_013,35,8.118343519465787,2.8492706995766106,2.2397123985900507,0.5145867436401383,"[0.1, 0.1]"
published_human_counts_quadratic,jitter_014,35,8.11143756253431,2.848058560236132,2.2374710924205106,0.5150204827254834,"[0.1, 0.1]"
published_human_counts_quadratic,jitter_015,35,8.122256532160407,2.8499572860238462,2.239764558677719,0.5141026958639271,"[0.1, 0.1]"
published_human_counts_quadratic,jitter_016,35,8.108446218783875,2.8475333569220704,2.2364348882225316,0.5155963219349751,"[0.1, 0.1]"
published_human_counts_quadratic,jitter_017,35,8.12411451659266,2.850283234451036,2.239532360187415,0.514071242615588,"[0.1, 0.1]"
published_human_counts_quadratic,jitter_018,35,8.101434595746818,2.8463019157754186,2.2377487616940743,0.5153713835749765,"[0.1, 0.1]"
published_human_counts_quadratic,jitter_019,35,8.105328635434063,2.8469858860616193,2.236485905360521,0.5155581147364099,"[0.1, 0.1]"
published_human_counts_quadratic,jitter_020,35,8.11659210983417,2.8489633395033658,2.238024768610014,0.5145642055403217,"[0.1, 0.1]"
published_human_counts_quadratic,jitter_021,35,8.122268276502576,2.849959346464889,2.239325409331425,0.5147817835634112,"[0.1, 0.1]"
published_human_counts_quadratic,jitter_022,35,8.10848522735448,2.847540206450908,2.2369271170742184,0.5149054987016299,"[0.1, 0.1]"
published_human_counts_quadratic,jitter_023,35,8.120298055014214,2.849613667677465,2.23832358310131,0.5144218994915055,"[0.1, 0.1]"
published_human_counts_quadratic,jitter_024,35,8.114221807015152,2.8485473152143976,2.238427844040376,0.5148551517148208,"[0.1, 0.1]"
published_human_counts_quadratic,jitter_025,35,8.11043567052598,2.84788266445898,2.2378848105471962,0.5150104146178438,"[0.1, 0.1]"
published_human_counts_quadratic,jitter_026,35,8.122411315590552,2.849984441289207,2.2395048030400133,0.5141515266355102,"[0.1, 0.1]"
published_human_counts_quadratic,jitter_027,35,8.106001070126545,2.8471039795073425,2.236354642668449,0.5154367607649424,"[0.1, 0.1]"
published_human_counts_quadratic,jitter_028,35,8.115540326834786,2.848778743046709,2.2386348081148095,0.5147882329710786,"[0.1, 0.1]"
published_human_counts_quadratic,jitter_029,35,8.116521624615535,2.8489509691490893,2.2384519356291697,0.5146848418375523,"[0.1, 0.1]"
published_human_counts_quadratic,jitter_030,35,8.123138385863406,2.850111995319378,2.240300551664116,0.5140621524971427,"[0.1, 0.1]"
published_human_counts_quadratic,jitter_031,35,8.125020164874824,2.850442099898685,2.238837925709762,0.5144404089175036,"[0.1, 0.1]"
published_human_counts_quadratic,jitter_032,35,8.111361545306234,2.8480452147580513,2.2377440114295712,0.5154641331024397,"[0.1, 0.1]"
published_human_counts_quadratic,jitter_033,35,8.124549900255747,2.850359608936344,2.239664431790319,0.5141951494752495,"[0.1, 0.1]"
published_human_counts_quadratic,jitter_034,35,8.11617218441024,2.848889640616189,2.2385671582997544,0.5148039830117127,"[0.1, 0.1]"
published_human_counts_quadratic,jitter_035,35,8.106881267228182,2.8472585529291474,2.237729123096514,0.5149921381791038,"[0.1, 0.1]"
published_human_counts_quadratic,jitter_036,35,8.1088744914938,2.8476085565775717,2.237758067718189,0.5148367726790553,"[0.1, 0.1]"
published_human_counts_quadratic,jitter_037,35,8.111031839123804,2.8479873312786705,2.2384909110635585,0.5151587647884882,"[0.1, 0.1]"
published_human_counts_quadratic,jitter_038,35,8.11840268365367,2.849281081896567,2.2388472537451034,0.5147088788175387,"[0.1, 0.1]"
published_human_counts_quadratic,jitter_039,35,8.106112736090676,2.8471235898869365,2.236831292378376,0.5151507687689726,"[0.1, 0.1]"
published_human_counts_quadratic,jitter_040,35,8.108565818567048,2.8475543574385105,2.236638128749454,0.5154665550485433,"[0.1, 0.1]"
published_human_counts_quadratic,jitter_041,35,8.121677533379437,2.8498557039575596,2.238920502617641,0.5142877087422071,"[0.1, 0.1]"
published_human_counts_quadratic,jitter_042,35,8.111472469124218,2.8480646883672107,2.237328187742637,0.5148704224835545,"[0.1, 0.1]"
published_human_counts_quadratic,jitter_043,35,8.11218156037182,2.848189172153391,2.2385096088777257,0.5147398264129529,"[0.1, 0.1]"
published_human_counts_quadratic,jitter_044,35,8.11086848150168,2.847958651648875,2.2372429258955946,0.5151885860675072,"[0.1, 0.1]"
published_human_counts_quadratic,jitter_045,35,8.121932213613917,2.849900386612472,2.2387371210954354,0.5141564884456229,"[0.1, 0.1]"
published_human_counts_quadratic,jitter_046,35,8.108801329875611,2.8475957103977403,2.237210764849609,0.5151285346991201,"[0.1, 0.1]"
published_human_counts_quadratic,jitter_047,35,8.1122735620226,2.8482053230100175,2.237947835774325,0.5149677605810685,"[0.1, 0.1]"
published_human_counts_quadratic,jitter_048,35,8.108678842859131,2.8475742032226536,2.237407387705586,0.5152489790675685,"[0.1, 0.1]"
published_human_counts_quadratic,jitter_049,35,8.118342183682223,2.8492704651686234,2.2381256258532765,0.5149264339311631,"[0.1, 0.1]"
published_human_counts_quadratic,jitter_050,35,8.1108332449334,2.847952465357068,2.238216910695739,0.5148930624353845,"[0.1, 0.1]"
published_human_counts_quadratic,jitter_051,35,8.112839062345037,2.848304594376282,2.2385161992719436,0.5148784192248536,"[0.1, 0.1]"
published_human_counts_quadratic,jitter_052,35,8.104232506105825,2.8467933725695347,2.235852727731062,0.5155245702661815,"[0.1, 0.1]"
published_human_counts_quadratic,jitter_053,35,8.116315478823282,2.8489147896740055,2.238766559250034,0.5147047143811008,"[0.1, 0.1]"
published_human_counts_quadratic,jitter_054,35,8.130206120653385,2.85135163048218,2.2408523742407493,0.5137435614033816,"[0.1, 0.1]"
published_human_counts_quadratic,jitter_055,35,8.110430831980947,2.84788181496019,2.2382837472642216,0.5150918191359732,"[0.1, 0.1]"
published_human_counts_quadratic,jitter_056,35,8.116867296246879,2.8490116349792043,2.2389394532451448,0.5148766525918149,"[0.1, 0.1]"
published_human_counts_quadratic,jitter_057,35,8.10649059807373,2.847189947663087,2.2370475489127375,0.5150286810686036,"[0.1, 0.1]"
published_human_counts_quadratic,jitter_058,35,8.111769498673613,2.8481168337471012,2.237378046701315,0.5151526166996939,"[0.1, 0.1]"
published_human_counts_quadratic,jitter_059,35,8.11041730312905,2.8478794397110723,2.236869219673421,0.5154186521712532,"[0.1, 0.1]"
published_human_counts_quadratic,jitter_060,35,8.113846611023945,2.8484814570265233,2.2371073829440236,0.5151100759658671,"[0.1, 0.1]"
published_human_counts_quadratic,jitter_061,35,8.115207348389815,2.8487203001329937,2.2382745402254693,0.5146352015040219,"[0.1, 0.1]"
published_human_counts_quadratic,jitter_062,35,8.11519516102431,2.8487181610374006,2.238906812817134,0.5150588547310408,"[0.1, 0.1]"
published_human_counts_quadratic,jitter_063,35,8.106870658940567,2.847256690033508,2.2368990930746375,0.5156743054391906,"[0.1, 0.1]"
published_human_counts_quadratic,jitter_064,35,8.110336030977633,2.8478651707862914,2.2385283046463598,0.5149109752615647,"[0.1, 0.1]"
published_human_counts_quadratic,jitter_065,35,8.119273237306919,2.8494338450483316,2.239300356536128,0.5143598495660315,"[0.1, 0.1]"
published_human_counts_quadratic,jitter_066,35,8.116028538670546,2.848864429675541,2.238745495505498,0.5146878870247471,"[0.1, 0.1]"
published_human_counts_quadratic,jitter_067,35,8.115572632389151,2.8487844131118716,2.237848376848238,0.5150835583136542,"[0.1, 0.1]"
published_human_counts_quadratic,jitter_068,35,8.11474672756053,2.8486394520122285,2.2373462845456964,0.514496847318666,"[0.1, 0.1]"
published_human_counts_quadratic,jitter_069,35,8.115217035735016,2.848722000430196,2.2382282443824946,0.5151133650585755,"[0.1, 0.1]"
published_human_counts_quadratic,jitter_070,35,8.119182579472058,2.8494179369604695,2.238758283659916,0.5145553247049546,"[0.1, 0.1]"
published_human_counts_quadratic,jitter_071,35,8.121894025623197,2.849893686722927,2.241000401549743,0.5143233720417366,"[0.1, 0.1]"
published_human_counts_quadratic,jitter_072,35,8.115207612728321,2.8487203465290025,2.2380348325100123,0.5148252153616344,"[0.1, 0.1]"
published_human_counts_quadratic,jitter_073,35,8.110945623194459,2.8479721949475665,2.2377190686456245,0.5145116569027957,"[0.1, 0.1]"
published_human_counts_quadratic,jitter_074,35,8.107815096910164,2.847422535717199,2.2381815132908947,0.515272200860634,"[0.1, 0.1]"
published_human_counts_quadratic,jitter_075,35,8.121607830565026,2.849843474748223,2.2388806193823987,0.5145656520666844,"[0.1, 0.1]"
published_human_counts_quadratic,jitter_076,35,8.115335027871902,2.848742710016456,2.238457225426076,0.5149311270814012,"[0.1, 0.1]"
published_human_counts_quadratic,jitter_077,35,8.111216483412953,2.848019747721731,2.2375167406570915,0.5150789109736797,"[0.1, 0.1]"
published_human_counts_quadratic,jitter_078,35,8.111195207408283,2.8480160124915526,2.238420429829165,0.5146237689485414,"[0.1, 0.1]"
published_human_counts_quadratic,jitter_079,35,8.117076158752022,2.849048290000017,2.239590012240246,0.5146776228456575,"[0.1, 0.1]"
published_human_counts_quadratic,jitter_080,35,8.110515489705245,2.847896678200465,2.237606581035821,0.5150868654638892,"[0.1, 0.1]"
published_human_counts_quadratic,jitter_081,35,8.119791196139758,2.849524731624514,2.2391456481766756,0.5149253434345856,"[0.1, 0.1]"
published_human_counts_quadratic,jitter_082,35,8.118665518593986,2.8493272045509244,2.2392589558020624,0.5147749782996214,"[0.1, 0.1]"
published_human_counts_quadratic,jitter_083,35,8.107771306724368,2.8474148462639524,2.2381198309093944,0.5148860205254888,"[0.1, 0.1]"
published_human_counts_quadratic,jitter_084,35,8.105004610056728,2.846928978751793,2.2368731547306853,0.5156653508078646,"[0.1, 0.1]"
published_human_counts_quadratic,jitter_085,35,8.119365818898236,2.8494500906136673,2.2383950467186433,0.5143607503337643,"[0.1, 0.1]"
published_human_counts_quadratic,jitter_086,35,8.120547558314057,2.8496574457843273,2.237880784708071,0.5144616327450549,"[0.1, 0.1]"
published_human_counts_quadratic,jitter_087,35,8.119749367955869,2.849517392113245,2.238556181607716,0.5141647757815777,"[0.1, 0.1]"
published_human_counts_quadratic,jitter_088,35,8.13031985723462,2.8513715747398862,2.2405530850629107,0.5137229929584834,"[0.1, 0.1]"
published_human_counts_quadratic,jitter_089,35,8.121542340660135,2.849831984637013,2.2387702062896233,0.514376801446573,"[0.1, 0.1]"
published_human_counts_quadratic,jitter_090,35,8.116041701677851,2.848866739894629,2.237170153664408,0.5144465197873985,"[0.1, 0.1]"
published_human_counts_quadratic,jitter_091,35,8.101971808919568,2.8463962845885615,2.236384505863786,0.5157644751653653,"[0.1, 0.1]"
published_human_counts_quadratic,jitter_092,35,8.118846641611997,2.8493589878448096,2.2402470962629026,0.5142092492946229,"[0.1, 0.1]"
published_human_counts_quadratic,jitter_093,35,8.11182502066605,2.8481265808713716,2.2381515092280924,0.5149324290401309,"[0.1, 0.1]"
published_human_counts_quadratic,jitter_094,35,8.115421498587764,2.8487578869724546,2.2378215895545908,0.5148835123998599,"[0.1, 0.1]"
published_human_counts_quadratic,jitter_095,35,8.107814865566414,2.8474224950938374,2.2374596509485376,0.5150447659062894,"[0.1, 0.1]"
published_human_counts_quadratic,jitter_096,35,8.109255333885994,2.8476754263584874,2.2365258058835855,0.5152305861473012,"[0.1, 0.1]"
published_human_counts_quadratic,jitter_097,35,8.1189977398285,2.8493855021440146,2.2386824703293486,0.5148011565394278,"[0.1, 0.1]"
published_human_counts_quadratic,jitter_098,35,8.119188090432283,2.849418903992932,2.2389489244332035,0.5147355448140231,"[0.1, 0.1]"
published_human_counts_quadratic,jitter_099,35,8.110449191152773,2.847885038261336,2.2384477179179743,0.5152194361018838,"[0.1, 0.1]"
published_human_counts_excl_financial,two_panel_mean,35,7.374772015086444,2.7156531470507135,2.1436005615301057,0.5590579307163126,"[0.0001, 0.0001]"
published_human_counts_excl_financial,negative_panel,35,7.37442518084646,2.7155892879532537,2.1435639348406523,0.5590777496261523,"[0.0001, 0.0001]"
published_human_counts_excl_financial,positive_panel,35,7.375119087189185,2.71571704844028,2.143637188219559,0.5590381026349728,"[0.0001, 0.0001]"
published_human_counts_excl_financial,jitter_000,35,7.371262011957877,2.715006816189948,2.1436917225022407,0.5591586509481983,"[0.0001, 0.0001]"
published_human_counts_excl_financial,jitter_001,35,7.374176704989295,2.7155435376714725,2.143344169758408,0.5590868151750987,"[0.0001, 0.0001]"
published_human_counts_excl_financial,jitter_002,35,7.377595885938012,2.7161730220915627,2.1440483857095494,0.5586025118584115,"[0.0001, 0.0001]"
published_human_counts_excl_financial,jitter_003,35,7.369568596720195,2.7146949362166266,2.1428903806323745,0.5590879080192903,"[0.0001, 0.0001]"
published_human_counts_excl_financial,jitter_004,35,7.377117480942247,2.716084954662178,2.1444842964994066,0.5588773508886529,"[0.0001, 0.0001]"
published_human_counts_excl_financial,jitter_005,35,7.3774713131603775,2.7161500903227673,2.144718570318608,0.558667522363959,"[0.0001, 0.0001]"
published_human_counts_excl_financial,jitter_006,35,7.3784359497658505,2.7163276587639147,2.1437937799587963,0.5588540091387153,"[0.0001, 0.0001]"
published_human_counts_excl_financial,jitter_007,35,7.3746613623658535,2.715632773842195,2.143266531022299,0.5592115448796413,"[0.0001, 0.0001]"
published_human_counts_excl_financial,jitter_008,35,7.381734678671131,2.716934794703607,2.1452989563531077,0.5588808552153919,"[0.0001, 0.0001]"
published_human_counts_excl_financial,jitter_009,35,7.377054022959357,2.716073272752294,2.1437820483825263,0.559002314304974,"[0.0001, 0.0001]"
published_human_counts_excl_financial,jitter_010,35,7.385889603352145,2.717699321733761,2.1450449474507973,0.558864435094348,"[0.0001, 0.0001]"
published_human_counts_excl_financial,jitter_011,35,7.385026944582705,2.717540605875597,2.1461078708454044,0.5586320124068959,"[0.0001, 0.0001]"
published_human_counts_excl_financial,jitter_012,35,7.384127097008426,2.717375037974778,2.14474108134759,0.5588843478521179,"[0.0001, 0.0001]"
published_human_counts_excl_financial,jitter_013,35,7.377197143116695,2.716099619512638,2.1437900692020118,0.5589014828625305,"[0.0001, 0.0001]"
published_human_counts_excl_financial,jitter_014,35,7.379126465567622,2.716454760449292,2.144394998411084,0.5588050621620675,"[0.0001, 0.0001]"
published_human_counts_excl_financial,jitter_015,35,7.3826160818548505,2.7170969952975272,2.145058253252653,0.5583501656908704,"[0.0001, 0.0001]"
published_human_counts_excl_financial,jitter_016,35,7.376656029279557,2.7160000053901983,2.144070562722842,0.5593139282189765,"[0.0001, 0.0001]"
published_human_counts_excl_financial,jitter_017,35,7.37823548798968,2.7162907591032446,2.1447918535363075,0.558684605559683,"[0.0001, 0.0001]"
published_human_counts_excl_financial,jitter_018,35,7.366440448718269,2.7141187241383284,2.142387918254213,0.5593388059302637,"[0.0001, 0.0001]"
published_human_counts_excl_financial,jitter_019,35,7.3777921203281025,2.7162091451742265,2.143153355838698,0.5590417508514506,"[0.0001, 0.0001]"
published_human_counts_excl_financial,jitter_020,35,7.378501175836805,2.71633966503396,2.1445018718170736,0.5587078256804024,"[0.0001, 0.0001]"
published_human_counts_excl_financial,jitter_021,35,7.388663891264335,2.718209684933143,2.1464028335422363,0.5586067594516286,"[0.0001, 0.0001]"
published_human_counts_excl_financial,jitter_022,35,7.3622070756276665,2.713338732194649,2.1417862855272194,0.5595519915657357,"[0.0001, 0.0001]"
published_human_counts_excl_financial,jitter_023,35,7.378448421423629,2.716329954446556,2.1437381464663097,0.5587830711506422,"[0.0001, 0.0001]"
published_human_counts_excl_financial,jitter_024,35,7.382091193941132,2.717000403743277,2.1446517649296135,0.5586288374301474,"[0.0001, 0.0001]"
published_human_counts_excl_financial,jitter_025,35,7.364762483466158,2.71380958865322,2.142728083566402,0.5596003410427557,"[0.0001, 0.0001]"
published_human_counts_excl_financial,jitter_026,35,7.374409559178412,2.715586411657418,2.1446564333292435,0.5588938448100698,"[0.0001, 0.0001]"
published_human_counts_excl_financial,jitter_027,35,7.370965191880075,2.714952152779138,2.142631846640682,0.5593759809841096,"[0.0001, 0.0001]"
published_human_counts_excl_financial,jitter_028,35,7.377253135172174,2.7161099269308253,2.1440487897988896,0.5589289332097219,"[0.0001, 0.0001]"
published_human_counts_excl_financial,jitter_029,35,7.373498854704484,2.715418725483141,2.143750739393308,0.5591127667264683,"[0.0001, 0.0001]"
published_human_counts_excl_financial,jitter_030,35,7.379476283865102,2.7165191484444025,2.144953047215078,0.5585490914053115,"[0.0001, 0.0001]"
published_human_counts_excl_financial,jitter_031,35,7.381601055502909,2.7169102037982245,2.143989186260002,0.5588679021943899,"[0.0001, 0.0001]"
published_human_counts_excl_financial,jitter_032,35,7.377148463416506,2.7160906581733433,2.143682996642189,0.559322685101867,"[0.0001, 0.0001]"
published_human_counts_excl_financial,jitter_033,35,7.386150387462347,2.717747300148111,2.144992634243725,0.5583475110637794,"[0.0001, 0.0001]"
published_human_counts_excl_financial,jitter_034,35,7.3711112294695535,2.714979047703601,2.143292259809701,0.5593447590742378,"[0.0001, 0.0001]"
published_human_counts_excl_financial,jitter_035,35,7.37371335417475,2.715458221769348,2.1435702401228065,0.5588551466708161,"[0.0001, 0.0001]"
published_human_counts_excl_financial,jitter_036,35,7.36833221494663,2.7144672064599766,2.1422128257999584,0.5591442633467322,"[0.0001, 0.0001]"
published_human_counts_excl_financial,jitter_037,35,7.37547211856928,2.7157820454832673,2.142871064689219,0.5591272376731927,"[0.0001, 0.0001]"
published_human_counts_excl_financial,jitter_038,35,7.379904049014915,2.7165978813609706,2.1441767288649562,0.558853871910474,"[0.0001, 0.0001]"
published_human_counts_excl_financial,jitter_039,35,7.363819296025783,2.7136358075515186,2.1418334267879624,0.5595494115562757,"[0.0001, 0.0001]"
published_human_counts_excl_financial,jitter_040,35,7.375863378571894,2.7158540790277916,2.1430165262138283,0.5592497400554733,"[0.0001, 0.0001]"
published_human_counts_excl_financial,jitter_041,35,7.378082244949451,2.7162625508130565,2.1448717546138183,0.5587580007265212,"[0.0001, 0.0001]"
published_human_counts_excl_financial,jitter_042,35,7.364888526607241,2.7138328111007946,2.143252693482225,0.5595219890138579,"[0.0001, 0.0001]"
published_human_counts_excl_financial,jitter_043,35,7.365685707418842,2.71397968073065,2.1429069875122875,0.5593942395927005,"[0.0001, 0.0001]"
published_human_counts_excl_financial,jitter_044,35,7.3734395236614745,2.7154078006188085,2.1424927719472677,0.5592669700951425,"[0.0001, 0.0001]"
published_human_counts_excl_financial,jitter_045,35,7.368493778988097,2.714496966104051,2.142501989055097,0.5592262040245175,"[0.0001, 0.0001]"
published_human_counts_excl_financial,jitter_046,35,7.373196125201517,2.7153629822183105,2.1430764194404213,0.5591145640718181,"[0.0001, 0.0001]"
published_human_counts_excl_financial,jitter_047,35,7.376554177366423,2.715981254973315,2.1437671014809703,0.5589563684596633,"[0.0001, 0.0001]"
published_human_counts_excl_financial,jitter_048,35,7.369905699548255,2.7147570240351633,2.14210262095546,0.559414131294899,"[0.0001, 0.0001]"
published_human_counts_excl_financial,jitter_049,35,7.379435386822198,2.7165116209621116,2.1433310393970175,0.5590763535620236,"[0.0001, 0.0001]"
published_human_counts_excl_financial,jitter_050,35,7.370217203938488,2.7148143958544364,2.142651792481515,0.5591891253315984,"[0.0001, 0.0001]"
published_human_counts_excl_financial,jitter_051,35,7.367384615505473,2.7142926547270974,2.1430613373721905,0.5594541881841036,"[0.0001, 0.0001]"
published_human_counts_excl_financial,jitter_052,35,7.370798187023612,2.714921396104059,2.142476558322379,0.5593696730135638,"[0.0001, 0.0001]"
published_human_counts_excl_financial,jitter_053,35,7.371930383045326,2.7151299016889276,2.1428444101069974,0.5592134053762404,"[0.0001, 0.0001]"
published_human_counts_excl_financial,jitter_054,35,7.382572594131456,2.717088992677909,2.1450846308438107,0.5584584936679485,"[0.0001, 0.0001]"
published_human_counts_excl_financial,jitter_055,35,7.371508858051946,2.715052275381074,2.143003367159779,0.5592706448483493,"[0.0001, 0.0001]"
published_human_counts_excl_financial,jitter_056,35,7.383271676742363,2.7172176351448853,2.144300764895476,0.558721691519896,"[0.0001, 0.0001]"
published_human_counts_excl_financial,jitter_057,35,7.363473780444974,2.713572143954344,2.143007966544594,0.5594797097442245,"[0.0001, 0.0001]"
published_human_counts_excl_financial,jitter_058,35,7.3722408391890015,2.7151870725953673,2.142339736165892,0.5593548755885007,"[0.0001, 0.0001]"
published_human_counts_excl_financial,jitter_059,35,7.379419772308103,2.716508746959616,2.144070578801671,0.5590943047924859,"[0.0001, 0.0001]"
published_human_counts_excl_financial,jitter_060,35,7.376664234804111,2.7160015159797153,2.144071394945953,0.5591646808334131,"[0.0001, 0.0001]"
published_human_counts_excl_financial,jitter_061,35,7.376340900018537,2.715941991283786,2.1440214774389568,0.5588262799858699,"[0.0001, 0.0001]"
published_human_counts_excl_financial,jitter_062,35,7.3785845742662035,2.716355016242576,2.1443600519227193,0.5590766231853768,"[0.0001, 0.0001]"
published_human_counts_excl_financial,jitter_063,35,7.372628932732545,2.715258538837977,2.1429937920833666,0.5595398300024874,"[0.0001, 0.0001]"
published_human_counts_excl_financial,jitter_064,35,7.37009986459268,2.714792784835093,2.143220738532003,0.5591853972653236,"[0.0001, 0.0001]"
published_human_counts_excl_financial,jitter_065,35,7.37751974950006,2.7161590066673305,2.1449161493292888,0.5587265391544862,"[0.0001, 0.0001]"
published_human_counts_excl_financial,jitter_066,35,7.373360169657358,2.7153931887771536,2.143186053384632,0.5590970403056096,"[0.0001, 0.0001]"
published_human_counts_excl_financial,jitter_067,35,7.380312414657991,2.716673041545116,2.14400009938042,0.5590163508159078,"[0.0001, 0.0001]"
published_human_counts_excl_financial,jitter_068,35,7.370495440309404,2.7148656394579462,2.1425546670625377,0.5590252051933902,"[0.0001, 0.0001]"
published_human_counts_excl_financial,jitter_069,35,7.3845924937426,2.7174606701372146,2.1449131375365145,0.5587683990536381,"[0.0001, 0.0001]"
published_human_counts_excl_financial,jitter_070,35,7.379876628982811,2.716592834596825,2.144671204520093,0.5587583135607963,"[0.0001, 0.0001]"
published_human_counts_excl_financial,jitter_071,35,7.365936995141445,2.7140259753991756,2.1422803023539827,0.5595284264646854,"[0.0001, 0.0001]"
published_human_counts_excl_financial,jitter_072,35,7.373764574730301,2.7154676530443704,2.1436908294313226,0.5591530358499343,"[0.0001, 0.0001]"
published_human_counts_excl_financial,jitter_073,35,7.369494156142243,2.7146812255110624,2.141927150855456,0.5588919376923493,"[0.0001, 0.0001]"
published_human_counts_excl_financial,jitter_074,35,7.374444499845138,2.7155928450055136,2.142930162990431,0.5591169495654146,"[0.0001, 0.0001]"
published_human_counts_excl_financial,jitter_075,35,7.376125281187813,2.715902295957609,2.144544158673472,0.559123680821862,"[0.0001, 0.0001]"
published_human_counts_excl_financial,jitter_076,35,7.373210022730409,2.7153655412725572,2.1438505852083978,0.559289337626295,"[0.0001, 0.0001]"
published_human_counts_excl_financial,jitter_077,35,7.373346644096197,2.7153906982414515,2.1436011934620156,0.5591917326167537,"[0.0001, 0.0001]"
published_human_counts_excl_financial,jitter_078,35,7.3645938673220535,2.713778522157262,2.142519049624262,0.5593006057503538,"[0.0001, 0.0001]"
published_human_counts_excl_financial,jitter_079,35,7.379193624600805,2.716467121943648,2.143828393084974,0.5587958371547368,"[0.0001, 0.0001]"
published_human_counts_excl_financial,jitter_080,35,7.3731375703446425,2.715352200055205,2.1433280390906946,0.559173365103613,"[0.0001, 0.0001]"
published_human_counts_excl_financial,jitter_081,35,7.378276083643919,2.7162982317197644,2.1437498200895178,0.5592233037938352,"[0.0001, 0.0001]"
published_human_counts_excl_financial,jitter_082,35,7.385170878770993,2.7175670881821836,2.144361811801623,0.5586134578761097,"[0.0001, 0.0001]"
published_human_counts_excl_financial,jitter_083,35,7.365893113585842,2.7140178911690764,2.143711125974661,0.5592749739065865,"[0.0001, 0.0001]"
published_human_counts_excl_financial,jitter_084,35,7.37173425402235,2.715093783651377,2.1425829101350646,0.5594837392899925,"[0.0001, 0.0001]"
published_human_counts_excl_financial,jitter_085,35,7.373331555833611,2.7153879199542765,2.1436820430987207,0.5589828954398177,"[0.0001, 0.0001]"
published_human_counts_excl_financial,jitter_086,35,7.378021854364727,2.7162514343051396,2.1438364162936194,0.5588582347415878,"[0.0001, 0.0001]"
published_human_counts_excl_financial,jitter_087,35,7.371882823728366,2.7151211434719382,2.1430366555609375,0.5589124513236488,"[0.0001, 0.0001]"
published_human_counts_excl_financial,jitter_088,35,7.384482963281331,2.7174405169720517,2.14544492983293,0.5583317339307121,"[0.0001, 0.0001]"
published_human_counts_excl_financial,jitter_089,35,7.374502161138249,2.715603461689178,2.1436903533457423,0.5590456618933262,"[0.0001, 0.0001]"
published_human_counts_excl_financial,jitter_090,35,7.373275922624982,2.7153776758721766,2.142792340371963,0.5588835153399703,"[0.0001, 0.0001]"
published_human_counts_excl_financial,jitter_091,35,7.36433125524049,2.713730136774932,2.1420450019727206,0.5598514911503952,"[0.0001, 0.0001]"
published_human_counts_excl_financial,jitter_092,35,7.375742949162918,2.7158319073836137,2.1439760218258317,0.5586728186342084,"[0.0001, 0.0001]"
published_human_counts_excl_financial,jitter_093,35,7.368259021044664,2.7144537242407845,2.14211508812831,0.5593958823771801,"[0.0001, 0.0001]"
published_human_counts_excl_financial,jitter_094,35,7.378893805113536,2.7164119358288676,2.144254504527006,0.5589110133424329,"[0.0001, 0.0001]"
published_human_counts_excl_financial,jitter_095,35,7.365951205657305,2.7140285933750414,2.1431767091251626,0.5594180860698728,"[0.0001, 0.0001]"
published_human_counts_excl_financial,jitter_096,35,7.367777684387473,2.714365061001831,2.142662622757937,0.5595559490484132,"[0.0001, 0.0001]"
published_human_counts_excl_financial,jitter_097,35,7.379263108869648,2.7164799113686904,2.1445035644501838,0.5590083849326888,"[0.0001, 0.0001]"
published_human_counts_excl_financial,jitter_098,35,7.3810300429853575,2.7168051168579166,2.144858584477972,0.5588534860103337,"[0.0001, 0.0001]"
published_human_counts_excl_financial,jitter_099,35,7.377198652367367,2.7160998973468127,2.1430899879313183,0.5590475399828307,"[0.0001, 0.0001]"
