date,year,stock_mentions_total,positive_stock_mentions,negative_stock_mentions,document_word_count,document_sentence_count,ffr_daily_change_bp,ffr_target_midpoint_lag1,ffr_target_midpoint_lag2,ffr_target_midpoint_lag3,sp500_excess_log_return_pct,calendar_days,state_return,state_abs_return,vixcls,state_log_vix,event_1m,event_5m,event_30m,event_diff_1m,future_1d,future_5d,release_date,decision_change,stock_mentions_total_per_sentence,negative_stock_mentions_per_sentence,positive_stock_mentions_per_sentence,log_sentence_count,log_stock_count,negative_share,positive_share,unique_window_count,passage_text,smart_sim_wealth_effect_consumption,smart_sim_financial_conditions,smart_sim_confidence_sentiment,smart_sim_growth_signal,smart_sim_risk_premium_valuation,smart_sim_investment_cost_of_capital,smart_sim_policy_reaction,smart_sim_descriptive_market_summary,smart_sim_financial_stability_risk_taking,smart_sim_positive_growth_optimism,smart_sim_positive_policy_tightening_pressure,base_sim_wealth_effect_consumption,base_sim_financial_conditions,base_sim_confidence_sentiment,base_sim_growth_signal,base_sim_risk_premium_valuation,base_sim_investment_cost_of_capital,base_sim_policy_reaction,base_sim_descriptive_market_summary,base_sim_financial_stability_risk_taking,e5_sim_wealth_effect_consumption,e5_sim_financial_conditions,e5_sim_confidence_sentiment,e5_sim_growth_signal,e5_sim_risk_premium_valuation,e5_sim_investment_cost_of_capital,e5_sim_policy_reaction,e5_sim_descriptive_market_summary,e5_sim_financial_stability_risk_taking,uploaded_as_received_negative,uploaded_as_received_positive,dictionary_only_correction_negative,dictionary_only_correction_positive,audited_reconstruction_negative,audited_reconstruction_positive
2000-03-21,2000,9,6,2,4534,256,25.0,5.75,,,2.074427722981986,43.0,2.074427722981986,2.074427722981986,22.96,3.133753571451366,,,,,-2.143703508087307,-4.062017251348438,2000-05-18,25.0,0.03515625,0.0078125,0.0234375,5.54907608489522,2.302585092994046,0.2222222222222222,0.6666666666666666,9,"The Committee's action and its announcement that the risks were weighted in the direction of rising inflation were widely anticipated and had little immediate effect on market yields. Subsequently, market rates moved up in response to the receipt of data that signaled persisting strength of the economy, but they turned back down in response to new information indicating continued low inflation and to greater volatility in equity prices. On balance over the intermeeting period, interest rates on private instruments registered small mixed changes while yields on longer-term Treasury securities declined significantly.
On balance over the intermeeting period, interest rates on private instruments registered small mixed changes while yields on longer-term Treasury securities declined significantly. Most major indexes of equity prices moved up appreciably on net over the intermeeting period. In foreign exchange markets, the trade-weighted value of the dollar changed little over the intermeeting period against a basket of major currencies.
The growth of M2 and M3 slowed in February, partly reflecting an unwinding of Y2K effects and rising opportunity costs of holding liquid balances. In addition, the surging prices of technology-related equities might have spurred depositors to shift some of their M2 balances into equity mutual funds. The growth of total domestic nonfinancial debt slowed early in the year as large federal debt paydowns resumed following the sharp buildup of Treasury balances prior to year-end.
The staff forecast prepared for this meeting suggested that the economic expansion would moderate gradually from its currently elevated pace to a rate around, or perhaps a little below, the growth of the economy's estimated potential. The expansion of domestic final demand increasingly would be held back by the anticipated waning of positive wealth effects associated with large earlier gains in equity prices and by higher interest rates. As a result, the growth of spending on consumer durables and houses was expected to slow; in addition, business investment in equipment and software was projected to decelerate following a first-quarter surge that partly reflected information technology expenditures that had been postponed until after the century rollover.
Some moderation in such spending to a pace more in line with the growth in household incomes was cited as a reasonable expectation, given underlying factors such as the large buildup of durable goods in consumer hands, the rise in consumer debt loads, and the effects of higher oil prices. Of key importance was the prospective performance of the stock market, whose robust gains in recent years had undoubtedly boosted consumer confidence and spending. The members noted that equity prices generally had posted further gains during the intermeeting period, but in their view the large increases of recent years were not likely to be repeated, and an absence of such gains would have a restraining effect on consumer expenditures over time.
Of key importance was the prospective performance of the stock market, whose robust gains in recent years had undoubtedly boosted consumer confidence and spending. The members noted that equity prices generally had posted further gains during the intermeeting period, but in their view the large increases of recent years were not likely to be repeated, and an absence of such gains would have a restraining effect on consumer expenditures over time. Even so, further increases in household incomes along with the lagged wealth effects of the sharp earlier advances in stock market prices seemed likely to sustain relatively strong consumer spending for some period of time.
The members noted that equity prices generally had posted further gains during the intermeeting period, but in their view the large increases of recent years were not likely to be repeated, and an absence of such gains would have a restraining effect on consumer expenditures over time. Even so, further increases in household incomes along with the lagged wealth effects of the sharp earlier advances in stock market prices seemed likely to sustain relatively strong consumer spending for some period of time. After moderating toward the end of 1999, in part because of caution ahead of the century date change, business fixed investment again appeared to be expanding at a vigorous pace.
Factors underlying business optimism included robust growth in revenues and profits and the ready availability of both debt and equity financing. The divergence, at least until recently, in the stock market between the valuations of high-tech firms and those of more traditional, established firms was inducing a redirection of investment funds to business activities that were perceived to be more productive. While the associated capital investments undoubtedly had contributed to the acceleration in productivity, some members expressed concern that the historically elevated valuations of many high-tech stocks were subject to a sizable market adjustment at some point.
While the associated capital investments undoubtedly had contributed to the acceleration in productivity, some members expressed concern that the historically elevated valuations of many high-tech stocks were subject to a sizable market adjustment at some point. That risk was underscored by the increased volatility of the stock market. In the housing sector, building activity generally remained at a high level, though slipping a bit in some parts of the country, and there were only limited indications that the rise in mortgage interest rates was holding down residential construction.",0.8124318,0.8075095255555556,0.7952296366666667,0.8083134022222223,0.8196183022222222,0.81387707,0.8266275566666667,0.7792036999999999,0.8171489066666667,0.8287253711111111,0.8420375133333333,0.8310704866666667,0.8170847622222221,0.8257960533333333,0.8339739233333333,0.8228464344444445,0.81703302,0.8109887755555555,0.8035008644444445,0.8094838877777778,0.8129978277777777,0.7881748066666667,0.79443339,0.8051484666666666,0.7983426966666667,0.7736265066666667,0.7739745499999999,0.7554685577777778,0.7937491177777778,0.0,3.0,0.0,3.0,0.0,3.0
2000-05-16,2000,9,6,3,4159,251,50.0,6.0,5.75,,-6.254951176887555,51.0,-6.254951176887555,6.254951176887555,24.86,3.213260086082565,,,,,0.8273845366928569,2.373738852246688,2000-06-29,50.0,0.0358565737051792,0.0119521912350597,0.0239043824701195,5.529429087511423,2.302585092994046,0.3333333333333333,0.6666666666666666,9,"Sales of both new and existing single-family homes rose in March (latest data). The persisting strong demand for housing during a period of rising mortgage rates apparently was being underpinned by the rapid growth of jobs and the accumulated gains in stock market wealth. Business fixed investment was up sharply in the first quarter after a sluggish performance late last year.
Later in the week, however, market interest rates moved up in response to the release of the minutes of the February meeting and the mention therein of some sentiment for a larger policy tightening than had been undertaken. Subsequently, interest rates fell as stock prices tumbled over the first half of April, when investors seemed to revise downward their assessments of equity valuations, especially those of more speculative technology shares that previously had risen considerably. Interest rates more than reversed those declines, however, when stock prices began to level out and incoming data suggested that aggregate demand continued to expand faster than potential supply and that wage and price developments were becoming more worrisome.
Subsequently, interest rates fell as stock prices tumbled over the first half of April, when investors seemed to revise downward their assessments of equity valuations, especially those of more speculative technology shares that previously had risen considerably. Interest rates more than reversed those declines, however, when stock prices began to level out and incoming data suggested that aggregate demand continued to expand faster than potential supply and that wage and price developments were becoming more worrisome. On balance over the intermeeting period, private interest rates moved up appreciably while Treasury yields increased somewhat less.
On balance over the intermeeting period, private interest rates moved up appreciably while Treasury yields increased somewhat less. Most major indexes of equity prices declined significantly over the intermeeting period. In foreign exchange markets, the trade-weighted value of the dollar appreciated considerably over the intermeeting period against a basket of major currencies, reflecting in part the larger intermeeting increase in U.
The staff forecast prepared for this meeting continued to suggest that the expansion would gradually moderate from its currently elevated pace to a rate around, or perhaps a little below, the growth of the economy's estimated potential. The expansion of domestic final demand increasingly would be held back by the anticipated waning of positive wealth effects associated with earlier large gains in equity prices and by higher interest rates. As a result, the growth of spending on consumer durables and houses was expected to slow; in contrast, however, overall business investment in equipment and software was projected to remain robust, partly because of the upward trend in replacement demand, especially for computers and software.
Retail sales had edged lower in April, but members commented that it was too early to gauge whether this softening was a harbinger of a more moderate trend. Consumer sentiment had remained upbeat in the context of an extended period of sizable expansion in employment and incomes and the sharp rise in stock market prices over the course of recent years. Some members observed that the slightly less ebullient consumer behavior recently might have been influenced to some extent by the volatility and downward movement in the stock market over the course of the past several weeks.
Consumer sentiment had remained upbeat in the context of an extended period of sizable expansion in employment and incomes and the sharp rise in stock market prices over the course of recent years. Some members observed that the slightly less ebullient consumer behavior recently might have been influenced to some extent by the volatility and downward movement in the stock market over the course of the past several weeks. Higher financing costs probably also were beginning to play a role.
Higher financing costs probably also were beginning to play a role. Looking ahead, the experience of recent years amply demonstrated the difficulty of forecasting the performance of the stock market. The failure of further large increases to materialize, should that occur, would over time imply a more neutral or even a negative net impact from wealth once the positive effects of the earlier advance had played themselves out, but the latter would take some time.
A more forceful policy move than the 25 basis point increases that had been implemented since mid-1999 was desirable in light of the extraordinary and persisting strength of overall demand, exceeding even the increasingly rapid growth of potential supply, and the attendant indications of growing pressures in already tight markets for labor and other resources. The strength in demand might itself be, at least in part, the result of the ongoing acceleration of productivity, with the latter feeding back on demand through higher equity prices and profitable investment opportunities. Financial markets seemed to have recognized the need for real interest rates to rise further under these circumstances, and while market assessments were not always correct, the evidence suggested that a more substantial tightening at this meeting was needed to limit inflation pressures.",0.8028167822222222,0.8137841766666667,0.7883707211111112,0.80686983,0.8136157233333333,0.80105438,0.8170668422222223,0.7724436566666666,0.8193824444444444,0.82504867,0.8407590455555556,0.8180336622222222,0.8102624422222222,0.8167210255555556,0.8185355255555555,0.8175674777777778,0.8026297222222223,0.8087433955555556,0.7992667422222222,0.8129959877777778,0.8192661677777777,0.7910248688888889,0.8029624488888889,0.8072335544444444,0.8069086,0.7755951511111111,0.8006900122222222,0.7715940833333333,0.8070115622222223,3.0,5.0,3.0,5.0,3.0,5.0
2000-06-28,2000,9,3,1,4494,277,0.0,6.5,6.0,5.75,-0.1064859575942203,40.0,-0.1064859575942203,0.1064859575942203,21.8,3.0819099697950434,,,,,-0.1401397745812156,0.5017414415806158,2000-08-24,0.0,0.0324909747292418,0.003610108303249,0.0108303249097472,5.627621113690637,2.302585092994046,0.1111111111111111,0.3333333333333333,9,"Open market operations during the intermeeting period were directed toward implementing the desired increased pressure on reserve positions, and the federal funds rate averaged very close to the Committee's 6-1/2 percent target. The Committee's action and its announcement surprised markets only a little, and bond and stock prices edged a bit lower. Markets grew increasingly uneasy over the next few weeks as incoming data suggested the possible need for further substantial policy tightening, which could have adverse effects on corporate earnings.
Markets grew increasingly uneasy over the next few weeks as incoming data suggested the possible need for further substantial policy tightening, which could have adverse effects on corporate earnings. These concerns apparently contributed to sharp further declines in equity prices and to widening risk spreads on corporate bonds. Subsequently, debt and equity markets rebounded in response to a series of U.
These concerns apparently contributed to sharp further declines in equity prices and to widening risk spreads on corporate bonds. Subsequently, debt and equity markets rebounded in response to a series of U. S.
economic data releases that were viewed as signaling a moderation in aggregate demand and a continuation of limited cost and price pressures, and thus a reduced probability of additional monetary tightening. On balance over the intermeeting interval, yields on longer-term Treasury securities and investment-grade corporate bonds declined appreciably, and most broad stock price indexes ended the period little changed. In foreign exchange markets, the trade-weighted value of the dollar depreciated somewhat over the intermeeting period against an index of major currencies.
The staff forecast prepared for this meeting continued to suggest that the economic expansion would moderate gradually from its currently elevated pace to a rate around or perhaps a little below the growth of the economy's estimated potential. The expansion of domestic final demand increasingly would be held back by the anticipated waning of positive wealth effects associated with earlier large gains in equity prices and by higher interest rates; as a result, growth of spending on consumer durables and houses was expected to slow further. By contrast, business fixed investment, notably purchases of equipment and software, was projected to remain robust, and continued solid economic growth abroad would boost the growth of U.
In particular, consumer spending had decelerated noticeably, especially for housing and motor vehicles, but the members agreed that the eventual extent and duration of the slowing in overall economic growth were subject to substantial uncertainty. A number of factors supported a projection of considerably more moderate expansion going forward in relation to the overly rapid pace in the second half of 1999 and early 2000, including the likelihood that much of the effect on spending of the rise in interest rates and leveling out in equity prices this year had not yet been felt. Nevertheless, the indications of slowing economic expansion were still tentative.
A number of factors that might account for the moderation could also point to the possible extension of the less robust trend. Those factors included gradually waning wealth effects associated with the absence of further large gains in stock market prices; rising levels of consumer debt; the loss of consumer purchasing power stemming from higher energy prices; and the large cumulative buildup of consumer stocks of motor vehicles and other durables. Still, the data on retail sales were volatile and often revised significantly; some of the recent moderation in spending might have reflected a pause following the surge in demand during atypically favorable weather conditions over the winter months; and the pace of purchases could pick up again.
The housing market also provided clear evidence of weakening demand. The slowdown evidently reflected the effects of higher mortgage interest rates on a growing number of homebuyers and probably also the diminishing wealth effects of the earlier run-up in stock prices and the cumulatively large additions to the stock of housing in the economy. The sluggish tone of the housing data was confirmed by anecdotal reports of slowing residential sales and building activity in most parts of the country.
As a result, business investment spending could be expected to remain elevated, at least over the nearer term and especially for high-tech equipment and software. At the same time, members cited anecdotal indications of the emergence of a more cautious tone in the business community, evidently associated in part with less favorable financial conditions in debt and equity markets and possibly auguring more substantial cutbacks in business investment over time should growth in personal consumption outlays be sustained on a considerably slower trend. Strengthening economic activity in many of the nations that are important U.",0.8230151488888889,0.8202047655555555,0.80681086,0.8248701088888889,0.8030346733333333,0.8010113,0.8346413055555556,0.7693503422222222,0.8012408599999999,0.8026501977777778,0.8300332355555555,0.8142676400000001,0.8088654633333333,0.8114259533333333,0.8163350844444444,0.8096952866666667,0.8080187833333333,0.8131328544444445,0.7940904999999999,0.7986316088888888,0.8123875277777777,0.7890997877777778,0.7930152988888888,0.7979503833333333,0.7959378177777778,0.7754481122222222,0.7984912488888889,0.7635228844444444,0.7999107255555555,1.0,5.0,1.0,5.0,1.0,5.0
2000-08-22,2000,9,8,0,4291,250,0.0,6.5,6.5,6.0,2.543395436619984,50.0,2.543395436619984,2.543395436619984,17.35,2.8535925063928684,,,,,-1.9349630730413168,-7.820483884823776,2000-10-05,0.0,0.036,0.0,0.032,5.525452939131784,2.302585092994046,0.0,0.8888888888888888,9,"Growth in household expenditures for services eased somewhat in the second quarter (latest available data), with a drop in spending for brokerage services more than accounting for the slowdown. The recent deceleration in consumer spending occurred against the background of moderate growth of real disposable income in recent quarters and little net change in stock market valuations thus far this year. Nevertheless, consumer sentiment continued to be very buoyant.
Factors contributing to the most recent reductions included economic data releases that were viewed, on balance, as confirming earlier indications that demand growth was slowing to a more sustainable pace and that price pressures would remain damped, thereby lessening or potentially obviating further tightening of monetary policy. Most broad indexes of stock market prices rose somewhat over the period since the June meeting. In foreign exchange markets, the trade-weighted value of the dollar increased on net against an index of major currencies, even though interest rate differentials moved against assets denominated in dollars relative to those of other industrial countries.
The staff forecast prepared for this meeting suggested that the economic expansion, after slowing appreciably from its elevated pace of recent quarters, would be sustained at a rate a little below that of the staff's upwardly revised estimate of the economy's potential output. The forecast anticipated that the expansion of domestic final demand would be held back to some extent by the waning and eventual disappearance of positive wealth effects associated with outsized earlier gains in equity prices and by higher interest rates. As a result, growth of spending on consumer durables was expected to stay well below that in recent quarters and housing demand to stabilize at a level below recent highs.
The slowdown was led by a moderation in consumer spending and some decline in housing expenditures that were occurring even before the full effects of earlier tightening in financial conditions had been felt. At the same time, an apparent continued acceleration in underlying productivity was boosting the economy's potential output growth and, in the context of the leveling out of the broadest measures of equity prices this year, was doing so without the full feedback on demand of previous such accelerations. While prices were rising somewhat more than a year ago, most of this pickup seemed to reflect the direct and indirect effects of higher energy prices, and the increase in productivity growth had kept unit labor costs well contained despite more rapid gains in compensation.
Another source of uncertainty related to the interactions of rising productivity and aggregate demand. Over the course of recent years, accelerating productivity gains had tended to boost aggregate demand by even more than potential aggregate supply owing to the effects of stronger profits on investment spending and, through the rising stock market, on consumption as well. However, the leveling out in stock prices this year suggested that recent increases in productivity growth had been built into market expectations and prices some time ago and were not likely to provide the same impetus to demand going forward as had past productivity acceleration.
Over the course of recent years, accelerating productivity gains had tended to boost aggregate demand by even more than potential aggregate supply owing to the effects of stronger profits on investment spending and, through the rising stock market, on consumption as well. However, the leveling out in stock prices this year suggested that recent increases in productivity growth had been built into market expectations and prices some time ago and were not likely to provide the same impetus to demand going forward as had past productivity acceleration. Members cautioned nonetheless that the possibility that long-term interest rates and equity prices did not yet adequately reflect ongoing productivity gains could not be ruled out, with attendant effects boosting demand.
However, the leveling out in stock prices this year suggested that recent increases in productivity growth had been built into market expectations and prices some time ago and were not likely to provide the same impetus to demand going forward as had past productivity acceleration. Members cautioned nonetheless that the possibility that long-term interest rates and equity prices did not yet adequately reflect ongoing productivity gains could not be ruled out, with attendant effects boosting demand. Finally, rising productivity clearly had been a major force in containing inflation in a period of unusually low unemployment rates, and while some of the interactions between productivity growth and wages and prices could be adduced, these interactions involved complex processes that were very difficult to assess given the paucity of prior experience.
Available data on reduced growth in consumer spending were supported by anecdotal reports of some slippage in retail sales below expectations in several parts of the country. Factors underlying these developments included diminishing wealth effects after several months of limited changes in equity prices, the cumulative buildup in the stock of motor vehicles and other consumer durables owned by the public, and the constraining effects of higher energy prices on incomes available to be spent on other goods and services. While these factors might well continue to damp the growth of consumer spending going forward, members noted that consumer confidence remained at a high level, consumer incomes were rising, and no anecdotal or other evidence pointed to any marked deterioration in consumer spending that would pose a potential threat to the sustainability of the economic expansion.
In their assessment of factors leading to this decision, the members focused on the further evidence that moderating demand and accelerating productivity were closing the gap between the growth of aggregate demand and potential supply, even before earlier Committee tightening actions had exerted their full restraining effects. While the recent rally in domestic financial markets could be viewed as having partially eroded the degree of monetary restraint implemented earlier, real interest rates for private borrowers were still at relatively elevated levels, banking institutions were continuing to report further tightening of their standards and terms for business loans, equity prices had risen only modestly, and the dollar had firmed over recent months. In addition, the last few readings on core inflation had not suggested a further upward drift, unit labor costs were not increasing, and longer-term inflation expectations had been stable for some time.",0.8104178688888889,0.8024631977777779,0.7883788955555555,0.8129957,0.8027962611111111,0.7899807244444444,0.8178705922222222,0.77800132,0.8029152522222222,0.8188491955555555,0.83332462,0.8188456444444445,0.7965775311111112,0.8074754277777778,0.8273497422222222,0.8042824977777777,0.7923386211111111,0.7997510311111111,0.7939974422222222,0.7983847988888889,0.8172461777777777,0.7705919677777778,0.7883180088888889,0.8058232633333333,0.7887927655555556,0.7605616844444445,0.7795432933333334,0.7605225744444444,0.7887228266666667,0.0,4.0,0.0,4.0,0.0,4.0
2000-10-03,2000,7,2,2,3845,232,0.0,6.5,6.5,6.5,-5.333648288792752,37.0,-5.333648288792752,5.333648288792752,21.23,3.055415275715165,,,,,-0.3526641748996725,-2.386647135221599,2000-11-16,0.0,0.0301724137931034,0.0086206896551724,0.0086206896551724,5.4510384535657,2.079441541679836,0.2857142857142857,0.2857142857142857,7,"With interest rates on fixed-rate mortgages having fallen significantly since mid-May and consumers' assessments of homebuying conditions having risen recently, single-family housing starts picked up somewhat in August. However, such starts were still sharply below their levels of early in the year, likely reflecting in part the recent smaller gains in income and employment and the flattening out of equity prices thus far this year. New home sales picked up in July (latest data), though that gain might have been overstated as a result of problems with estimation procedures, and existing home sales bounced back in August, roughly offsetting a drop in July.
Market expectations about the near-term prospects for interest rates were revised downward in response to both the Committee's statement after the August meeting, which was interpreted as expressing greater confidence that growth rates of aggregate demand and aggregate supply were coming into better alignment, and to subsequent data releases, which were seen as confirming earlier indications of some slowing in the economic expansion. Against a background of some upward pressure on long-term Treasury yields and of growing concerns about corporate earnings, most broad indexes of stock market prices declined somewhat over the intermeeting period. In foreign exchange markets, the trade-weighted value of the dollar increased somewhat further on balance in terms of an index of major foreign currencies.
The staff forecast prepared for this meeting suggested that the economic expansion, after slowing considerably from its elevated pace of recent quarters, would be sustained at a rate a little below the staff's current estimate of the economy's potential output. The forecast anticipated that the expansion of domestic final demand would be held back to some extent by the eventual disappearance of positive wealth effects associated with outsized earlier gains in equity prices and by higher interest rates. As a result, growth of spending on consumer durables was expected to remain appreciably below that in recent quarters and housing demand would trend slightly downward.
Several commented that growth of aggregate demand now appeared to be closer to, and perhaps slightly below, the rate of expansion in the nation's output potential. Looking ahead, they generally anticipated that the softening in equity prices and the rise in interest rates that had occurred earlier in the year would contribute to keeping growth in demand at a more subdued but still relatively robust pace. The members recognized that marked uncertainties surrounded any forecast in present circumstances.
With some exceptions, anecdotal reports from various parts of the country suggested a recent softening in retail sales, and some industry contacts indicated that they were marking down their forecasts of retail sales. A flat and volatile stock market and the rise in energy costs appeared to be key factors currently tending to inhibit growth in consumer spending at least to some extent. On the positive side, continuing gains in consumer incomes and a high level of consumer confidence could be expected to foster sustained growth in such spending, albeit probably at a pace below recent trends.
With regard to the outlook for residential construction, anecdotal reports indicated some softening in housing activity in many parts of the country, though some members cited regional evidence of a partial rebound recently that was attributed to declines in mortgage interest rates. However, financial factors, including mortgage interest rates at levels still appreciably above earlier lows and the sideways performance of the stock market, were expected to constrain housing activity somewhat over coming quarters, though such activity likely would remain on a relatively high plateau. In their comments about the prospects for business fixed investment, members cited some indications that the expansion in business spending for equipment and software might be moderating from the extraordinary pace of recent years, though growth in such expenditures probably would remain robust.
In their comments about the prospects for business fixed investment, members cited some indications that the expansion in business spending for equipment and software might be moderating from the extraordinary pace of recent years, though growth in such expenditures probably would remain robust. Retarding influences bearing on the outlook for investment expenditures included forecasts of slower growth in final demand and less favorable financial conditions, notably weakness in the equity prices of numerous ""new economy"" firms and tightening credit availability for business firms that did not enjoy investment-grade credit ratings or favorable earnings prospects. Evidence of overbuilding in some areas of commercial and other nonresidential real estate also was mentioned.",0.8135838457142857,0.8085554671428571,0.7969211285714286,0.8225720185714286,0.8059667214285715,0.7935157785714286,0.8285938371428571,0.7619315185714285,0.7915867142857144,0.8097411942857143,0.8236044828571429,0.8093331271428571,0.8009449557142857,0.8086160299999999,0.8239030571428572,0.8077991114285714,0.8004945257142858,0.7989795471428572,0.7872265628571429,0.7877621699999999,0.7945042657142858,0.7710434742857143,0.7857967728571429,0.7978107657142858,0.7848770785714285,0.7637969357142858,0.7736023985714285,0.7527576757142856,0.77872357,3.0,1.0,3.0,1.0,3.0,1.0
2000-11-15,2000,6,2,3,4478,270,0.0,6.5,6.5,6.5,-6.638210125536241,40.0,-6.638210125536241,6.638210125536241,26.81,3.288774952247868,,,,,2.395078907964986,3.3838459240185417,2000-12-21,0.0,0.0222222222222222,0.0111111111111111,0.0074074074074074,5.602118820879701,1.9459101490553128,0.5,0.3333333333333333,6,"However, growing market concerns about the outlook for corporate earnings led to substantial increases in interest rates on lower-rated investment-grade and high-yield bonds, and the early November survey of senior loan officers indicated that banks had tightened further their standards and terms for business loans. The mixed reports on corporate earnings, incoming information indicating slower growth in economic activity in the United States, and wide swings in and uncertainty about the price of oil contributed to a sharp drop in broad indexes of stock market prices over the period in volatile trading. In foreign exchange markets, the trade-weighted value of the dollar increased slightly further on balance over the intermeeting interval in terms of the currencies of a broad group of U.
The staff forecast prepared for this meeting suggested that the economic expansion, having slowed considerably, would be sustained over the forecast horizon at a rate a little below the staff's current estimate of the economy's potential output. The forecast anticipated that the expansion of domestic final demand would be held back to some extent by the waning influence of the positive wealth effects associated with past outsized gains in equity prices but also by some firming of conditions in credit markets. As a result, growth of spending on consumer durables was expected to be appreciably below that in recent quarters and housing demand to trend slightly downward.
Aggregate demand currently appeared to be growing at a pace a little below the rate of increase in the economy's output potential, a configuration that could well persist in coming quarters. Actual and expected shortfalls in business profitability had led to tighter credit conditions for many borrowers and lower equity prices, which would continue to restrain spending; moreover, further pressure on profit margins, with adverse effects on financial markets, business investment, and consumer spending, was a distinct possibility. Members observed, however, that economic growth had rebounded sharply from temporary slowdowns previously in the current expansion, and several noted the possibility that a less restrictive fiscal policy stance would be bolstering demand in the years ahead.
Lender caution and less receptive markets probably had contributed to considerable weakening recently in overall growth of credit to nonfinancial businesses. Rising interest and energy costs in conjunction with restraint on the prices of final output had depressed the earnings and stock market valuations of many firms, notably in the high-tech area, with adverse repercussions on their ability to borrow and willingness to invest and on the financial position of the households holding their equity shares. Less hospitable conditions in financial markets for a number of borrowers and deteriorating profit margins had contributed to a substantial moderation in the growth of business fixed investment in recent months, and anecdotal reports of reductions in capital spending plans were consistent with continued more moderate expansion in such outlays.
It was suggested that the weakening expansion of expenditures in these capital goods might reflect a surfeit in capacity following a period of extraordinary growth in many industries--for example, those related to fiber optics. The available evidence did not indicate any material decrease in the optimism of equity market analysts as a group regarding the outlook for earnings over the long term. This suggested that their contacts among business executives remained fundamentally upbeat about the long-term prospects for productivity and earnings.
While such spending had held up well in the third quarter, the limited information available on more recent developments suggested some softening, though the data were not conclusive. Factors cited in support of a somewhat weaker trajectory in consumer spending included the impact of elevated energy costs, the high debt burdens of many households, and the ebbing of the wealth effects from strong earlier gains in stock market prices. Even so, anticipated increases in employment and income and still relatively high levels of consumer confidence were likely to support appreciable further growth in consumer spending, albeit probably at a rate somewhat below the brisk pace of the past few years.",0.82184318,0.8254810950000001,0.8160336433333333,0.8369952616666666,0.7984918149999999,0.8017049666666667,0.8214574916666667,0.7668710666666666,0.8013778733333333,0.8139095383333332,0.8262164099999999,0.8144809116666667,0.8057694983333333,0.8144552083333333,0.826798375,0.805079745,0.81004021,0.7984038116666666,0.7883639883333333,0.7996752883333333,0.802767695,0.7841646783333333,0.7867295383333333,0.801251595,0.788768,0.7738088916666667,0.7740192433333334,0.7553540066666667,0.7919266266666667,1.0,3.0,1.0,3.0,1.0,2.0
2000-12-19,2000,10,1,9,5228,278,0.0,6.5,6.5,6.5,-4.962951532967773,29.0,-4.962951532967773,4.962951532967773,27.7,3.3214324131932926,,,,,-1.7761886568981755,-3.120615559246322,2001-02-01,0.0,0.0359712230215827,0.0323741007194244,0.0035971223021582,5.631211781821365,2.3978952727983707,0.9,0.1,9,"The weakening of factory output in November was reflected in a further decline in the rate of capacity utilization in manufacturing to a point somewhat below its long-term average. Consumer spending appeared to be decelerating noticeably further in the fourth quarter in an environment of diminished consumer confidence, smaller job gains, and lower stock prices. Retail sales were down somewhat on balance in October and November after a substantial third-quarter increase; sales of light vehicles dropped over the two months, and growth in expenditures on other consumer goods slowed.
Against the background of deteriorating conditions in some segments of financial markets, slower economic expansion, and public comments by Federal Reserve officials about the implications of those developments, market expectations about the future course of the federal funds rate were revised down appreciably over the intermeeting period, and market interest rates on Treasury and private investment-grade securities declined somewhat over the intermeeting interval. The weaker outlook for economic growth, coupled with growing market concerns about corporate earnings, weighed down equity prices and boosted risk spreads on lower-rated investment-grade and high-yield bonds. Equity prices were quite volatile during the intermeeting period and, reflecting numerous dour reports on corporate earnings and incoming information indicating slower growth in economic activity in the United States, broad indexes of stock market prices dropped considerably on balance over the intermeeting period.
The weaker outlook for economic growth, coupled with growing market concerns about corporate earnings, weighed down equity prices and boosted risk spreads on lower-rated investment-grade and high-yield bonds. Equity prices were quite volatile during the intermeeting period and, reflecting numerous dour reports on corporate earnings and incoming information indicating slower growth in economic activity in the United States, broad indexes of stock market prices dropped considerably on balance over the intermeeting period. In foreign exchange markets, the trade-weighted value of the dollar edged lower on balance over the intermeeting interval in terms of the currencies of a broad group of U.
The staff forecast prepared for this meeting suggested that the economic expansion had slowed considerably, to a rate somewhat below the staff's current estimate of the growth of the economy's potential output, but that it would gradually gain strength over the next two years. The forecast anticipated that the expansion of domestic final demand would be held back to some extent by the diminishing influence of the wealth effects associated with past outsized gains in equity prices but also by the relatively high interest rates and the somewhat stringent credit terms and conditions on some types of loans by financial institutions. As a result, growth of spending on consumer durables was expected to be appreciably below that in recent quarters, and housing demand to be slightly weaker.
Consumer sentiment seemed to have deteriorated appreciably in recent weeks, though from a very high level, and retail sales were widely indicated to have softened after a promising spurt early in the holiday season. Factors cited to account for the relatively sudden emergence of this weakness, and also as possible harbingers of developments in coming quarters, were the negative wealth effects of further declines in stock market prices, the impact of very high energy costs on disposable incomes, and some increase in caution about the outlook for employment opportunities and incomes. The extent to which such developments would persist and perhaps foster more aggressive retrenchment in consumer spending clearly was uncertain, but the members nonetheless anticipated that over time underlying employment and income trends would be consistent with further expansion in consumer expenditures, though at a pace well below that of earlier in the year.
Growth in business expenditures for equipment and software had moderated substantially in recent months from very high rates of increase over an extended period. The slowdown reflected a mix of interrelated developments including flagging growth in demand and tightening financial conditions in the form of declining equity prices and stricter credit terms for many business borrowers. The re-evaluation of prospects was most pronounced in the high-tech industries.
The re-evaluation of prospects was most pronounced in the high-tech industries. The profitability of using and producing such software and equipment had been overestimated to a degree, and disappointing sales and a better appreciation of risks had resulted in much slower growth in production of such equipment and sharp deterioration in the equity prices of high-tech companies. At the same time, nonresidential construction activity appeared to have been well maintained in many parts of the country, though there were reports of softening in some regions and of some reductions or delays in planned projects.
With regard to the prospects for housing activity, members provided anecdotal reports of some softening in a number of regions, though homebuilding was holding up well in others. Housing demand was, of course, responding to many of the same factors that were affecting consumer spending, including the negative wealth effects of declining stock market prices. On the positive side, further growth in incomes and declines in mortgage rates were key elements of underlying strength for the housing sector.
Business confidence appeared to have deteriorated further since the December meeting amid widespread reports of reductions in planned production and capital spending. Elevated energy costs were continuing to drain consumer purchasing power and were adding to the costs of many business firms, with adverse effects on profits and stock market valuations. Interacting with these developments were forecasts of further declines in business profits over coming quarters.",0.841890958888889,0.8378431233333333,0.8321384477777778,0.859263958888889,0.8081906666666667,0.7999929088888889,0.8293032566666666,0.7651949544444444,0.8004463355555556,0.7984985411111112,0.8137101577777778,0.8157497933333333,0.8091336444444445,0.8163288400000001,0.8244188888888888,0.81539059,0.8089447844444444,0.8066017955555556,0.7890063822222222,0.8036401077777778,0.7960189755555556,0.7793576622222222,0.7885653422222222,0.7976485333333333,0.7867816544444444,0.7666776355555556,0.7756891866666666,0.7530838722222222,0.7888020666666667,7.0,1.0,7.0,1.0,7.0,1.0
2001-01-31,2001,5,3,2,9177,541,-50.0,6.0,6.5,6.5,6.989675723328113,40.0,6.989675723328113,6.989675723328113,22.57,3.1166215908294443,,,,,1.959952333416365,2.600690093908512,2001-03-22,-50.0,0.0092421441774491,0.0036968576709796,0.0055452865064695,6.295266001439646,1.791759469228055,0.4,0.6,5,"S. stock market prices rose on balance over the intermeeting period. In foreign exchange markets, the trade-weighted value of the dollar changed little on balance over the intermeeting interval in terms of an index of major foreign currencies.
The broad monetary aggregates accelerated sharply in December and apparently strengthened further in January. The pickup in M2 growth evidently reflected a flight from heightened equity market volatility late last year to the safety and liquidity of M2 assets along with a recent narrowing of the opportunity costs of holding funds in M2 accounts. M3 grew even faster than M2, boosted in part by stepped-up issuance of large time deposits to fund a pickup in bank credit.
The period of sub-par activity was expected to foster an appreciable slackening of resource utilization and some moderation in core price inflation. The forecast anticipated that the expansion of domestic final demand would be held back to some extent by the decline in household net worth associated with the downturn that had occurred in equity prices, the remaining effects of prior monetary restraint, and the continuation of somewhat stringent credit terms and conditions on some types of loans by financial institutions. As a result, growth of spending on consumer durables was expected to be appreciably below that of the first half of last year and housing demand to be about unchanged from its recent level.
At the same time, members also saw considerable downside risks to the economic expansion. Energy prices remained elevated and were continuing to depress business and household purchasing power; the overhang of excess capital stocks in some sectors could turn out to be sizable, depressing investment spending for some time; consumer confidence could worsen appreciably more in the face of weaker expansion of incomes and higher job layoffs; and investor concerns about earnings could increase further, sparking lower equity prices and tighter standards and terms on credit. Except for prices of energy and medical services, the currently available information indicated relatively subdued rates of inflation, and recent surveys pointed to little change in inflation expectations.
There was some evidence that sales had stabilized and possibly risen slightly in January, though a part of the improvement could reflect steep price discounts for the purpose of reducing inventories. Other negative factors cited by the members included the adverse wealth effects of the decrease in stock market valuations, relatively high consumer debt service burdens, and possible retrenchment by consumers after an extended period of large increases in purchases and related buildups of consumer durables. Nonetheless, in the absence of possible developments leading to further deterioration in consumer sentiment, the members saw reasonable prospects for strengthening consumer spending this year even assuming some decline in such expenditures relative to income.",0.8023583220000001,0.805369226,0.78778503,0.80508784,0.8027036040000001,0.788007972,0.814385194,0.77226776,0.799531808,0.8126052640000001,0.822221424,0.8093543759999999,0.801709136,0.8055264440000001,0.816178224,0.8066711,0.791223904,0.800277586,0.7916578860000001,0.7971410480000001,0.822080326,0.79704781,0.8006900699999999,0.8066715600000001,0.8074111979999999,0.77625552,0.790562876,0.773184152,0.807790196,4.0,1.0,4.0,1.0,4.0,1.0
2001-03-20,2001,12,0,11,4911,284,-50.0,5.5,6.0,6.5,-18.27334022861541,43.0,-18.27334022861541,18.27334022861541,29.78,3.393837027255863,,,,,0.259381591671601,0.294698963915019,2001-05-17,-50.0,0.0422535211267605,0.0387323943661971,0.0,5.652489180268651,2.5649493574615367,0.9166666666666666,0.0,11,"Open market operations were directed throughout the intermeeting period toward maintaining the federal funds rate at the Committee's reduced target level of 5-1/2 percent, and the funds rate stayed close to that target. However, incoming economic data, a steady flow of disappointing corporate earnings reports, related sharp declines in stock prices, and a notable drop in consumer confidence led market participants to conclude that more monetary easing would be required. Yields on Treasury securities, both short- and long-term, moved appreciably lower.
S. stock market prices moved sharply lower, with the tech-heavy Nasdaq experiencing an especially large drop. Nonetheless, the trade-weighted value of the dollar rose somewhat over the intermeeting interval in terms of many of the major foreign currencies.
The broad monetary aggregates continued to grow rapidly in February, though at slightly lower rates than in January. The strength in M2 was concentrated in its liquid components, apparently in response to the further narrowing of opportunity costs, the yield advantage of money funds relative to longer-term investments, and the appeal of a safe haven from volatile equity markets. M3 grew somewhat less rapidly than M2; a pullback in the issuance of bank-managed liabilities, particularly large time deposits, was associated with slower expansion of bank credit.
The period of sub-par expansion was expected to foster an appreciable easing of pressures on resources and some moderation in core price inflation. The forecast anticipated that the expansion of domestic final demand would be held back to an extent by the decline in household net worth associated with the downturn that had occurred in equity prices, the lingering effects of last year's relatively high interest rates, and the continuation of relatively stringent terms and conditions on some types of loans by financial institutions. As a result, growth of spending on consumer durables was expected to be appreciably below the rapid pace in the first half of last year, and housing demand would increase only a little from its recent level.
They noted a number of favorable underlying factors that would tend to support a rebound, including solid productivity growth, stable low inflation, generally sound financial institutions, lower interest rates, and relatively robust expansion in many measures of money. However, the members saw clear downside risks in the outlook for consumer and investment spending in the context of the marked decline that had occurred in equity prices and consumer confidence, and in expected business profitability, and they were concerned that weaker exports might also hold down the expansion of economic activity. With regard to the outlook for inflation, some recent measures of increases in core prices had fluctuated on the high side of earlier expectations, but apart from energy prices and medical costs, inflation was still relatively quiescent.
In their review of developments in key sectors of the economy, members indicated that they saw favorable prospects for continued moderate growth in consumer expenditures, though considerable uncertainty surrounded this outlook. Downside risks cited by the members included the substantial declines that had already occurred in measures of consumer confidence and equity wealth, and the possibility that consumer sentiment might be undermined even further by continued volatility and additional declines in the stock market and by rising concerns about job losses amid persistent announcements of layoffs. Members also referred to the retarding effects on consumer expenditures of elevated levels of household debt and high energy costs.
Against this background, consumers might well endeavor to boost their savings, and even a fairly small increase in what currently was a quite low saving rate would have large damping effects on aggregate demand that could weaken, if not abort, the expansion. To date, however, overall consumer spending had remained relatively strong and seemingly at odds with measures of consumer confidence and reduced equity wealth. How this divergence might eventually be resolved was a significant source of uncertainty and downside risk.
Substantial downward adjustments to expected near-term business earnings had persisted, suggesting that firms saw investment as much less profitable than they had before and that cash flows would be constrained. Many businesses also were inhibited in their investment activities by less accommodative financial conditions associated with weaker equity markets and tighter credit terms and conditions imposed by banking institutions. As a consequence, a substantial volume of planned investment was being postponed, if not cancelled.
The members agreed that a strengthening in the economic expansion over coming quarters was a reasonable expectation, but absent further easing in monetary policy that pickup was unlikely to bring growth to an acceptable pace in the foreseeable future. Business investment would be held back by lower earnings expectations and a capital overhang of unknown dimensions; consumption was subject to downside risks from previous decreases in equity wealth and declining confidence; and the strong dollar and weaker foreign growth would constrain exports. Inflation was likely to be damped by ebbing pressures on labor and product markets.
It was noted in this regard that in combination with the two easing actions earlier this year, the Committee would have implemented in a relatively short period a considerable amount of monetary easing whose economic effects would be felt over time. However, some commented that the amount of financial stimulus was much smaller than might otherwise be expected from policy easing of this cumulative amount because it had been accompanied by further declines in stock market prices, more stringent financing terms for many business borrowers, and a stronger dollar, all of which would be holding down domestic spending and production. Indeed, financial markets had come to place some odds on a larger move of 75 basis points in recent days, importantly reflecting the possibility of a presumed policy response to the sizable declines in equity prices that had occurred as earnings prospects proved disappointing.
However, some commented that the amount of financial stimulus was much smaller than might otherwise be expected from policy easing of this cumulative amount because it had been accompanied by further declines in stock market prices, more stringent financing terms for many business borrowers, and a stronger dollar, all of which would be holding down domestic spending and production. Indeed, financial markets had come to place some odds on a larger move of 75 basis points in recent days, importantly reflecting the possibility of a presumed policy response to the sizable declines in equity prices that had occurred as earnings prospects proved disappointing. Most members agreed, however, that in the context of their focus on the economy, smaller, possibly more frequent, policy adjustments were appropriate to afford them the opportunity to recalibrate policy in rapidly changing and highly uncertain circumstances.",0.8241925809090909,0.8271321727272727,0.8187331463636363,0.8336643863636364,0.8075999327272728,0.7974635154545454,0.8395422654545454,0.772545599090909,0.7998746627272727,0.8003991345454545,0.8258584036363636,0.8094319199999999,0.8078304090909092,0.8160417718181818,0.8182943327272727,0.8150793554545455,0.8051768445454546,0.8158235118181818,0.7918195545454545,0.8015524245454546,0.7970188436363635,0.7896243672727273,0.7901433054545456,0.7960258200000001,0.7966805154545454,0.77533246,0.7973534272727272,0.7548472190909091,0.7951179554545454,7.0,0.0,7.0,0.0,7.0,0.0
2001-05-15,2001,8,4,3,5077,285,-50.0,4.5,5.0,5.0,9.898299143006724,51.0,9.898299143006724,9.898299143006724,24.26,3.1888289035159043,,,,,-0.1582853359839831,-3.0254250329801167,2001-06-28,-50.0,0.0280701754385964,0.0105263157894736,0.0140350877192982,5.655991810819852,2.19722457733622,0.375,0.5,8,"In contrast to the declines in short-term rates, longer-term yields rose on balance as investors apparently became more confident of a pickup in output growth, supported in part by improved prospects for substantial federal tax reductions. The more optimistic assessment of the economic outlook and the unexpected intermeeting easing action apparently contributed to a narrowing of risk premiums on lower-grade private debt obligations and to a rise in equity prices. Better-than-expected first-quarter earnings also boosted stock prices, and broad indexes of U.
The more optimistic assessment of the economic outlook and the unexpected intermeeting easing action apparently contributed to a narrowing of risk premiums on lower-grade private debt obligations and to a rise in equity prices. Better-than-expected first-quarter earnings also boosted stock prices, and broad indexes of U. S.
S. stock market prices moved substantially higher. In foreign exchange markets, the trade-weighted value of the dollar in terms of many of the major foreign currencies changed little on balance over the intermeeting interval.
The broad monetary aggregates continued to grow rapidly in March and April. In addition to the effects of lower market interest rates, extensive mortgage financing activity and a flight to safety from volatile equity markets likely added to M2's strong upward trend. The expansion of M3 was bolstered by robust growth of institution-only money funds and by greater issuance of managed liabilities included in this aggregate to help finance faster growth of bank credit and a shift in bank funding from foreign to U.
The period of subpar expansion was expected to foster an easing of pressures on resources and some moderation in core price inflation. Despite the substantial easing in the stance of monetary policy, the forecast anticipated that the expansion of domestic final demand would be held back to an extent by some of the developments in financial markets-in particular, the decline in household net worth associated with the earlier downturn in equity prices, the continuation of relatively stringent terms and conditions on some types of loans by financial institutions, and the appreciation of the dollar. Partly as a result of the decline in household wealth, growth of consumer spending was expected to remain relatively low for some time, and housing demand would increase only a little from its recent level.
Members noted that business confidence had deteriorated, but some also observed that the pessimism tended to be limited to the nearer term and was accompanied by favorable expectations regarding the outlook later in the year and in 2002. With regard to the outlook for key sectors of the economy, a number of members commented that consumer spending had held up reasonably well in recent months despite a variety of adverse developments including the negative wealth effects of stock market declines, widely publicized job cutbacks, heavy consumer debt loads, and previous overspending by many consumers. A recent survey had indicated that consumer sentiment had firmed a little, but the survey results had yet to be confirmed by additional surveys and the level of consumer confidence was still well below earlier highs.
A recent survey had indicated that consumer sentiment had firmed a little, but the survey results had yet to be confirmed by additional surveys and the level of consumer confidence was still well below earlier highs. As in the past, consumer spending attitudes likely would depend importantly on trends in employment and income, and further increases in unemployment in the period just ahead along with the negative wealth effects of earlier stock market price declines and the persistence of high energy costs were likely to constrain the growth in consumer expenditures over coming quarters. Household expenditures on home construction had been maintained at a relatively robust level in recent months, evidently reflecting the cushioning effects of very attractive mortgage interest rates.
expansion from developments abroad. To some extent, economic difficulties in foreign nations had occurred in concert with softening activity in the United States, and notable weakness in world high-tech markets along with the downward adjustment in equity prices globally represented a downside risk factor worldwide. The anticipated recovery in this country would help to strengthen many foreign economies and in turn improve prospects for U.",0.8012448625,0.80269593875,0.7919616075,0.802306675,0.8044053925,0.79241655375,0.81633734625,0.76560211375,0.8008996,0.83057889,0.8294032462500001,0.81416794125,0.80719392,0.8166956949999999,0.81569135,0.80976241375,0.7953994424999999,0.8028639075,0.79076356125,0.8009013475,0.80940447375,0.79532111625,0.80210214125,0.80763097875,0.80606761875,0.77948245375,0.79525604375,0.76748129375,0.80235937625,7.0,2.0,7.0,2.0,7.0,2.0
2001-06-27,2001,8,1,7,5066,304,-25.0,4.0,4.5,5.0,-5.690280091884218,40.0,-5.690280091884218,5.690280091884218,21.2,3.054001181677967,,,,,1.937243487800811,-2.9502839570611905,2001-08-23,-25.0,0.0263157894736842,0.0230263157894736,0.0032894736842105,5.720311776607412,2.19722457733622,0.875,0.125,8,"Yields on long-term Treasury and investment-grade corporate securities fell appreciably during the intermeeting interval, but rates on speculative-grade bonds rose sharply in response to the adverse earnings news. The pessimistic earnings reports also weighed on equity prices, which edged lower on balance. In foreign exchange markets, the trade-weighted value of the dollar in terms of many of the major foreign currencies increased slightly over the intermeeting interval, as the dollar's appreciation against euro and other European currencies more than offset the U.
The real was adversely affected by Brazil's internal problems and spillovers from Argentina's financial difficulties, while the Mexican peso benefited from continued foreign interest in Mexican investments and from high oil prices. The broad monetary aggregates continued to grow rapidly in the second quarter, reflecting the effects of lower opportunity costs of holding liquid deposits and money market mutual funds, a buildup in deposits associated with extensive mortgage financing activity, and a flight to liquidity and safety from volatile equity markets. The debt of domestic nonfinancial sectors expanded at a moderate pace on balance through May.
However, recent data indicated that growth of spending and output was quite sluggish and below the pace many members had anticipated at the time of the previous meeting. Weakness in business spending for equipment and software, efforts to reduce excess inventories, and the ongoing adaptation to lower equity prices in the United States and around the world were likely to hold back economic activity in the short run. Nonetheless, the members continued to anticipate a strengthening as the year progressed and during 2002, fostered to a large extent by the lagged effects on spending of the substantial easing in monetary policy since early this year, the stimulus from recently enacted tax cuts, and the positive effects on household and business purchasing power of some recent reductions in energy prices.
Most of the members believed that the risks to the expansion, notably for the nearer term, remained to the downside of current forecasts. Potential sources of shortfalls included the effects of possible further increases in unemployment on consumer and business confidence; the risks of disappointing business earnings that could damp investment and, through lower equity prices, consumption; and the growing indications of weakness in foreign economies that could limit demand for exports. In an environment of diminished pressures in product and labor markets and of lower energy costs, members commented that price pressures were likely to remain contained, at least over the near to intermediate term.
Short- and intermediate-term interest rates had fallen substantially this year, and long-term yields had moved down late last year. But equity prices were only holding their own after a substantial decline earlier and the dollar had appreciated. Though lenders were cautious about marginally creditworthy firms, most businesses were finding ample credit available at attractive terms.
In their comments about developments in key sectors of the economy, members noted that overall business activity had been supported, at least to this point, by the relative strength of household demand. Growth in consumer spending for goods and services, while moderating appreciably since earlier in the year, had nonetheless held up unexpectedly well given the adverse wealth effects associated with the declines in stock market prices, relatively high levels of consumer indebtedness, and job losses in a growing number of industries. Members referred in particular to the persisting strength in demand for light motor vehicles, which evidently was boosted by continuing sales incentives and attractive financing terms.
Members referred in particular to the persisting strength in demand for light motor vehicles, which evidently was boosted by continuing sales incentives and attractive financing terms. Looking ahead, the outlook for consumer spending was subject to a number of downside risks that included the possibility of rising unemployment and further weakness in the stock market, which could damp consumer confidence as well as income and wealth. However, some further growth in consumer spending remained the most likely prospect for the balance of the year in light of the impetus provided by monetary and fiscal policy and the apparent stabilization in consumer sentiment in recent months after its earlier decline.
However, some further growth in consumer spending remained the most likely prospect for the balance of the year in light of the impetus provided by monetary and fiscal policy and the apparent stabilization in consumer sentiment in recent months after its earlier decline. Housing activity remained at a high level as attractive mortgage interest rates evidently continued to counterbalance the negative effects on consumer attitudes of somewhat weaker labor markets and reduced stock market wealth. While housing activity in a number of areas continued to be described as fairly robust, members noted that residential sales and construction had slipped in some parts of the nation.",0.8099190549999999,0.8094239249999999,0.8033088175,0.8131688375,0.80114826125,0.79434346875,0.8227557075,0.75867846,0.793504445,0.80867736125,0.82165776375,0.808966255,0.8026305225,0.80847883,0.80885361625,0.80618089625,0.79872593625,0.802427265,0.785327675,0.795589425,0.7991926875,0.7809641875,0.78665922375,0.79226378,0.785434105,0.76318413375,0.78284767125,0.7456250175,0.7886212275,9.0,0.0,9.0,0.0,9.0,0.0
2001-08-21,2001,7,0,6,4895,332,-25.0,3.75,4.0,4.5,-5.856207935460794,50.0,-5.856207935460794,5.856207935460794,22.87,3.12982600803469,,,,,0.1575290783156387,2.524381216083702,2001-10-04,-25.0,0.0210843373493975,0.0180722891566265,0.0,5.808142489980444,2.079441541679836,0.8571428571428571,0.0,6,"Except for the obligations of the most troubled sectors, declines in investment-grade corporate bond yields were about in line with those on Treasury issues of comparable maturity, leaving most risk spreads little changed on balance. A spate of weak second-quarter earnings reports and sizable reductions in analysts' earnings projections for the remainder of the year took a toll on equity markets, however, and broad stock market indexes moved down appreciably over the intermeeting interval. The trade-weighted value of the dollar, after an extended period of strength, fell against most major foreign currencies, with much of the decline occurring in the days just before this meeting.
Growth in the broad monetary aggregates remained strong in July but was below the average pace over the first half of the year. Despite some recent slowing, deposit growth was held up by a flight to liquidity and safety in light of the poor performance and substantial volatility in equity markets. Foreign demands for U.
The period of sub-par expansion was expected to foster an appreciable easing of pressures on resources and some moderation in core price inflation. Although substantial monetary easing had already been implemented and fiscal stimulus was in train, the forecast anticipated that the expansion of domestic final demand would continue to be held back by the effects on household net worth of recent and possible future declines in stock market prices and by damped consumer and business sentiment in a weaker job market. With long-term trends in innovation holding up reasonably well, business fixed investment, notably outlays for equipment and software, likely would return to relatively robust growth after a period of adjustment of capital stocks to more desirable levels, and a projected pickup in foreign economies was seen as providing some support for U.
Looking ahead, members expressed some concern about how long the household sector would continue to prop up the economy in the absence of an upturn in business expenditures. While accommodative financial conditions and reduced income tax rates should continue to undergird consumer spending and the data on retail sales for July displayed relatively impressive gains, negative wealth effects from falling stock market prices, declining payrolls, and sluggish income gains--should they persist--might well depress consumer expenditures over coming months. In this regard, some recent anecdotal reports pointed to weaker retail sales, importantly including motor vehicles.
There also were some recent indications of declining consumer confidence, and many retailers had become less optimistic about the outlook for sales over the balance of the year. Homebuilding generally had remained robust in recent months, as relatively low mortgage interest rates continued to offset weakness in employment and incomes and the negative effects of declining stock market wealth. Most regions continued to report strong housing markets, albeit with evidence of some weakening in sales of high-priced homes in a number of areas.
Against the considerable forces of restraint on aggregate demand, the federal funds rate had been lowered substantially and the monetary aggregates were growing rapidly, but some members noted that in a number of respects financial conditions did not indicate as much oncoming stimulus. Since the start of the year, long-term interest rates generally had not extended earlier declines, prices in equity markets had fallen substantially further, and the dollar had appreciated in foreign exchange markets. Accordingly, the inflation risks of some further monetary stimulus seemed limited and were outweighed by the need to lean against actual and potential shortfalls in demand and business activity.",0.8193582033333334,0.8169144300000001,0.8117053233333333,0.8298201066666667,0.8024586066666667,0.7903745166666667,0.83273995,0.774701765,0.7916792199999999,0.8049354033333334,0.8241767466666667,0.807371535,0.802221645,0.8099484549999999,0.8128500449999999,0.8098319016666666,0.8005392333333333,0.8150640633333334,0.7914205733333333,0.7953784466666667,0.80468383,0.780952015,0.7893800299999999,0.79602545,0.7920735483333333,0.7651549216666668,0.7897237166666667,0.7553797750000001,0.7885634883333333,7.0,0.0,7.0,0.0,6.0,0.0
2001-10-02,2001,12,3,8,4470,273,-50.0,3.0,3.5,3.5,-11.579993127381837,37.0,-11.579993127381837,11.579993127381837,32.32,3.4756862336528944,,,,,0.1531597570619874,2.062009049456169,2001-11-08,-50.0,0.0439560439560439,0.0293040293040293,0.0109890109890109,5.613128106388071,2.5649493574615367,0.6666666666666666,0.25,9,"Business capital spending contracted substantially further over the summer months, and anecdotal information after September 11 pointed to even deeper cutbacks by many firms. The added weakness evidently stemmed from increased concerns about future sales and earnings, which also was reflected in the sharp declines in stock market prices after the equity markets reopened on September 17. Available indicators suggested that expenditures for equipment and software had remained on a sharp downward trajectory into late summer, though the overall decline in such spending was moderated by sizable outlays for aircraft in July and August.
In the period before the terrorist attacks, federal funds traded at rates near the reduced target level established at the August meeting. Most market interest rates edged lower over that period in response to generally downbeat news on the economy, and broad stock market indexes fell appreciably. For a few days after September 11, with federal funds brokerage disrupted, banks generally agreed to trade reserves at the 3-1/2 percent federal funds target rate then prevailing.
Yields on investment-grade corporate bonds also were little changed, but rates on high-yield bonds, evidently reflecting increased investor aversion to holding risky securities, rose sharply in very thin markets. In the stock market, broad equity price measures fell considerably further in volatile trading after the markets reopened on September 17, but part of those losses had been recovered by the time of this meeting. The trade-weighted value of the dollar against the other major foreign currencies was about unchanged on average over the period since the August meeting, as modest dollar appreciation early in the period was reversed after September 11.
In the immediate aftermath of the terrorist attacks, disruptions to the infrastructure of financial markets, including communications and transportation facilities, led to massive dislocations in the distribution of deposits and reserves. At the same time, greatly heightened demand for safe and liquid assets encouraged shifts from equity markets into deposit assets. These financial disturbances called for and were accommodated by record infusions of Federal Reserve credit through open market operations, the discount window, and other sources.
developments, the members focused on the shock to consumer and business confidence occasioned by the events of September 11 and the adverse repercussions on an already weak economy. The economy appeared to have been growing very little, if at all, prior to the terrorist attacks, and the dislocations arising from the latter seemed to have induced a downturn in overall economic activity against the backdrop of heightened anxiety and uncertainty about economic prospects and a sharp drop, at least initially, in stock prices after the equity markets reopened on September 17. Looking ahead, the members generally saw a relatively mild and short contraction followed by a gradual recovery next year as a plausible forecast but one that was subject to an unusually wide range of uncertainty, notably in the direction of a potentially much weaker outcome in the nearer term.
It was especially difficult to assess the outlook for consumer sentiment and spending in the period immediately ahead, which likely would depend to an important extent on the progress of the war against terrorism and reactions to any further terrorist activities. One risk bearing on that outlook was the possibility that prices in equity markets might continue to decline and perhaps even overadjust to lower earnings expectations. The confluence of worldwide economic weakness added to current uncertainties and concerns.
A factor that seemed to be exerting an increasingly depressing effect on consumer attitudes was the persisting stream of worker layoffs and rising unemployment. The adverse wealth effects stemming from the cumulative declines in stock market prices were a further negative, though one that had been cushioned by continued increases in the value of real estate. Retail sales along with expenditures associated with travel-related services had fallen dramatically in the immediate aftermath of the terrorist attacks.
Looking ahead, many retailer contacts anticipated sluggish sales over coming months. There were no historical precedents for judging the likely effects on consumer confidence and spending of the unique recent events, though it seemed likely that prospects for added job losses and the decline in equity wealth already experienced would hold down consumer expenditures over the months ahead. Even so, the members did not rule out a stronger-than-anticipated pickup later, depending in part on the size of additional fiscal policy actions.
Even after a 50 basis point reduction, the federal funds rate would not reflect an unusually accommodative policy stance in that, in real terms, it would still be positive by many measures and above its typical level in most earlier periods of economic weakness. Moreover, the decline in stock market prices and the widening of risk spreads had damped the stimulative financial effects of the Committee's earlier easing actions. The relatively low level of inflation and well-contained inflationary expectations allowed the Committee flexibility to focus on countering the downside risks to the economy without incurring a significant threat of fostering expectations of higher inflation.",0.8206525188888889,0.82663228,0.8246848855555555,0.82831484,0.8022038377777778,0.79118607,0.8321034122222222,0.7743251933333333,0.7907243722222222,0.7850961433333333,0.8058430355555556,0.80101726,0.8036788911111111,0.8190190611111111,0.81001645,0.8113737922222222,0.80043827,0.8165373133333333,0.7956042022222223,0.796205858888889,0.7924007255555555,0.7824261022222223,0.7921027677777778,0.7823338177777779,0.78797479,0.7622323588888889,0.79059632,0.7548078888888888,0.7889004922222222,6.0,0.0,6.0,0.0,6.0,0.0
2001-11-06,2001,4,1,3,4334,266,-50.0,2.5,3.0,3.5,1.206510262721597,30.0,1.206510262721597,1.206510262721597,30.5,3.417726683613366,,,,,0.3263340171644212,1.7868377523005337,2001-12-13,-50.0,0.0150375939849624,0.0112781954887218,0.0037593984962406,5.58724865840025,1.6094379124341005,0.75,0.25,4,"The additional rate reduction would help limit the extent of the downturn and later would contribute to an upturn. Moreover, the recent declines in equity prices and widening of risk spreads tended to offset some of the stimulative effects of earlier easings, and the relatively low level of inflation and inflationary expectations provided room to counter downside forces without incurring significant risks of higher inflation. The members also believed that the balance of risks remained weighted toward conditions that could generate economic weakness in the foreseeable future.
They apparently saw the Committee's announcement and the subsequent release of weaker-than-expected data as portending further policy easing. With yields on private debt securities down sharply and investors perhaps becoming more confident about long-tem business prospects, major indexes of equity prices moved higher over the intermeeting period. In foreign exchange markets, the trade-weighted value of the dollar in terms of the major foreign currencies had increased slightly on balance since the October meeting.
Looking ahead, reports from retailer contacts were somewhat mixed; many anticipated relatively depressed holiday sales and where possible were making efforts to limit buildups of holiday merchandise, while other retailers were confident that sales would be reasonably well maintained, albeit generally somewhat below levels or growth rates experienced in previous holiday seasons. Beyond the months immediately ahead, members anticipated that, in addition to a drop in motor vehicle sales to more sustainable levels, consumer spending was likely to be held back by the persistence of widespread caution among households and by the decline in stock market wealth over the last year or so. Consumer confidence was vulnerable to renewed terrorism and to further weakness in labor markets.
The continued contraction in the economy and marking down of most forecasts of inflation and resource utilization going forward strongly suggested the desirability of further easing in the stance of policy. Although policy had been eased substantially in 2001, the forces restraining demand had been considerable, and a variety of factors had limited the passthrough of lower short-term interest rates into long-term rates, equity prices, bank lending rates, and the foreign exchange value of the dollar. In circumstances in which inflation was already reasonably low and pressures on resources and prices were likely to abate further in coming months, the risks were quite small that additional monetary stimulus aimed at bolstering the economy would foster a pickup in inflation.",0.8119955275,0.805148925,0.8088275650000001,0.82970884,0.80259613,0.7870685125,0.8450660425000001,0.761746725,0.7953321799999999,0.80733588,0.8328198025,0.7974931975,0.79839514,0.808347315,0.8233279,0.80851432,0.791754605,0.8141369125,0.7809572625,0.7891565075,0.78424362,0.770610815,0.7848491525,0.78928994,0.788075125,0.7551853,0.79493569,0.745290115,0.7798448175,2.0,1.0,2.0,1.0,2.0,1.0
2001-12-11,2001,5,3,1,4645,287,-25.0,2.0,2.5,3.0,3.589166740097113,30.0,3.589166740097113,3.589166740097113,25.62,3.2433732964685884,,,,,-0.7150961447133797,-4.560759501984743,2002-01-31,-25.0,0.0174216027874564,0.0034843205574912,0.0104529616724738,5.662960480135946,1.791759469228055,0.2,0.6,5,"At its meeting on November 6, 2001, the Committee adopted a directive that called for implementing conditions in reserve markets consistent with a decrease of 50 basis points in the intended level of the federal funds rate, to about 2 percent. The members referred to the heightened degree of uncertainty and risk aversion following the terrorist attacks that was having a significant effect on business and household spending, and they noted that the substantial easing of monetary policy that had been put in place this year had not shown through fully to long-term interest rates, equity prices, bank lending rates, and the foreign exchange value of the dollar. In these circumstances, with price inflation relatively low and pressures on prices and resources likely to ebb further, the members concluded that further monetary stimulus would provide some added insurance against a more extended contraction of the economy at little risk of a pickup in inflation.
Against the background of better-than-expected incoming economic data and of favorable news on military operations in Afghanistan, short-term interest rates declined a little over the intermeeting interval while intermediate- and long-term Treasury rates rose substantially. With market concerns about the economic outlook diminishing, yields on investment-grade corporate debt securities increased considerably less than those on comparable-maturity Treasuries, rates on speculative-grade bonds fell sharply, and major indexes of equity prices moved significantly higher. In foreign exchange markets, the trade-weighted value of the dollar in terms of the major foreign currencies increased slightly on balance over the intermeeting period; the release of better-than-expected U.
M2 growth in November was robust though well below the average pace of the two previous months. Liquid deposits continued to increase rapidly, reflecting the sharp drop in market interest rates this year, but inflows to retail money funds slowed as the economic outlook improved and the equity markets rallied. M3 expansion remained at a very high rate in November, bolstered by the growth of M2 and heavy bank acquisitions of nondeposit liabilities.
The members agreed, however, that the evidence of emerging stabilization in the economy remained quite tentative and the timing and strength of the eventual recovery continued to be surrounded by a high degree of uncertainty, with the risks to the economy still clearly tilted toward economic weakness. Among those risks, members cited the apparently reduced prospects for additional fiscal stimulus legislation, the vulnerability of current stock market valuations should forecasts of a robust rebound in earnings fail to materialize, the possibility of further terrorist incidents, and especially the potentially adverse effect on consumer confidence and spending of additional deterioration in labor market conditions. Nonetheless, with the critical consumer sector holding up relatively well thus far, members continued to anticipate an upturn in the economy during the year ahead in light of the progress already made by business firms in reducing excess inventories and unwinding capital overhangs, and the beneficial effects of the decline of energy prices.
In the consumer sector, a major downside concern was the possibility that substantial further deterioration in labor market conditions, which was widely anticipated, could have a significant inhibiting effect on consumer confidence, incomes, and spending. Other potentially adverse economic factors cited by members included rising consumer debt burdens, the risk of a downturn in the stock market, and the recent rise in mortgage interest rates. That increase, among other things, would impinge on the extraction of capital gains from the turnover or refinancing of existing homes, which had provided important support for consumer spending.",0.803431336,0.803476384,0.794807594,0.80550936,0.796659588,0.783697138,0.82920672,0.759242962,0.793616456,0.8049295360000001,0.820915514,0.798736026,0.799772552,0.806169388,0.804500956,0.804285828,0.791357768,0.8071083700000001,0.781000146,0.792881328,0.790762096,0.7801382840000001,0.79004608,0.786221238,0.78953123,0.7614245,0.79170367,0.7526105000000001,0.791335162,1.0,1.0,1.0,1.0,1.0,1.0
2002-01-30,2002,8,2,3,8057,524,0.0,1.75,2.0,2.5,-0.5671791205736922,47.0,-0.5671791205736922,0.5671791205736922,24.35,3.192531849528599,,,,,-0.4297278772615195,-0.5732814424547065,2002-03-21,0.0,0.015267175572519,0.0057251908396946,0.0038167938931297,6.263398262591624,2.19722457733622,0.375,0.25,8,"For the year as a whole, though, homebuilding and home sales remained relatively brisk as very low mortgage rates tended to offset the effects of a weakening job market and sluggish growth in personal income. An apparent consequence of reduced income growth and of lower equity prices was a change in the mix of single-family homebuilding, with less emphasis on construction of high-priced homes. Business expenditures on durable equipment and software contracted less rapidly in the fourth quarter, and monthly data indicated that such spending might be bottoming out late in the year despite further decreases in business output and continuing weakness in corporate cash flows.
Corporate announcements of downward revisions to forecasts of future revenues and capital spending also contributed to some marking down by market participants of prospects for economic activity. Yields on Treasury coupon securities declined slightly over the intermeeting period, risk spreads on corporate debt securities changed little, and major indexes of equity prices edged lower on balance. In foreign exchange markets, the trade-weighted value of the dollar in terms of the major foreign currencies increased somewhat on balance over the intermeeting period and reached its highest level since the mid-1980s.
The staff forecast prepared for this meeting suggested that economic activity likely would start to turn up early in 2002 as inventory liquidation tapered off, and would gather strength only gradually. The monetary ease and fiscal stimulus already in place would provide impetus for the recovery, though the wealth effects of earlier reductions in equity prices, sluggish growth abroad, and the dollar's strength would tend to offset some of that support for a time. The gradual strengthening of the recovery would be associated with a marked slowing in the contraction of business capital investment and the added consumer purchasing power arising from recent declines in oil prices.
The stimulus from fiscal and monetary actions taken in 2001, the impetus to growth from the inducement to new investment provided by improving technology, and the persisting uptrend in household spending would support the economic recovery. However, household spending had been relatively robust during the cyclical downturn and likely had only limited room for a pickup over coming quarters, and intense competitive pressures could well constrain profits, investment, and equity prices. As a result, the members were concerned that the acceleration in final demand could be modest, at least for a time.
Concerning prospective developments in final demand in major sectors of the economy, several members underscored what they viewed as the key role of household expenditures. Such spending had held up remarkably well in the face of major adverse developments, including sharp declines in stock market wealth and rising unemployment, that were exacerbated by the events of September 11. But with households remaining confident about the future and equity prices having rebounded from their post-attack declines, sustained growth in household expenditures was seen as a likely prospect.
Such spending had held up remarkably well in the face of major adverse developments, including sharp declines in stock market wealth and rising unemployment, that were exacerbated by the events of September 11. But with households remaining confident about the future and equity prices having rebounded from their post-attack declines, sustained growth in household expenditures was seen as a likely prospect. Such spending also would be supported in part by some strengthening or less weakness in other important sectors of the economy.
Such spending also would be supported in part by some strengthening or less weakness in other important sectors of the economy. Some members nonetheless cited a number of potential negatives relating to the prospects for consumer spending, including the possibility of adverse effects on consumer confidence of further anticipated increases in unemployment and the risk that generally disappointing business profits or more widespread downward restatements of reported profits might generate sizable declines in stock market prices and consumer wealth. Moreover, the unusually large sales of motor vehicles and to a degree other durable goods during the closing months of 2001 might have borrowed to some extent from sales in coming months.
On balance, the positive and negative factors bearing on the outlook for consumer spending suggested that moderate growth was a reasonable expectation. Residential construction expenditures, like household spending for consumer goods and services, had held up well despite the cyclical downturn in employment and sizable net losses in stock market wealth. Low mortgage interest rates and, in recent months, favorable weather conditions had provided vital support to this sector of the economy.",0.8194044375,0.80540541125,0.80699479625,0.8210040325,0.7984440125,0.79790643625,0.81500392375,0.75824642125,0.79403259375,0.8248731125,0.82319746,0.82612397375,0.79667630625,0.8215834575000001,0.82417720875,0.801302795,0.802519845,0.79709789,0.78406063125,0.7907772225,0.81464056,0.7715079,0.79843495125,0.79576986375,0.7832840525,0.7625654925,0.77812375125,0.744121375,0.7870063575,4.0,1.0,4.0,1.0,4.0,1.0
2002-03-19,2002,3,2,0,4676,266,0.0,1.75,1.75,2.0,2.926785141146924,43.0,2.926785141146924,2.926785141146924,18.93,2.9407479652212314,,,,,-1.6984184650135683,2.289828413282903,2002-05-09,0.0,0.0112781954887218,0.0,0.0075187969924812,5.58724865840025,1.3862943611198906,0.0,0.6666666666666666,3,"Speculative-grade bond yields fell somewhat in reaction to the improved economic outlook and the perceived reduction of credit risk. Most major indexes of equity prices moved up sharply on the bullish economic reports. In foreign exchange markets, the trade-weighted value of the dollar in terms of the major foreign currencies eased slightly on balance over the intermeeting period.
Moreover, the recently enacted federal incentive for new business equipment investment along with the outlook for continued robust gains in productivity were expected to help boost business capital spending. At the same time, still-depressed equity prices, limited growth abroad, and the dollar's strength would tend to hold down the pace of recovery. On balance, recent developments suggested that the course of final sales now had a more positive contour over the forecast horizon and that resource utilization would rise somewhat more than anticipated earlier despite higher projected growth in structural productivity.
Consumer confidence had improved considerably in recent months and consumer expenditures had displayed surprising strength. Members nonetheless cited some negatives in the outlook for consumer spending including the possibilities that a negative stock market wealth effect stemming from large earlier declines and the somewhat elevated rate of unemployment would weigh on consumer confidence. Importantly, because consumer spending for automobiles and other consumer durables had been well maintained through the extended period of economic weakness, further gains in such expenditures were likely to be limited over coming quarters in contrast to the typical surge in past economic recoveries.",0.7942947533333333,0.7884095066666666,0.7883492933333334,0.7997104033333334,0.80041945,0.7947874533333333,0.80562788,0.7573024766666667,0.79484462,0.8494383,0.8295276333333333,0.8118916,0.7967363466666667,0.8165398700000001,0.81964004,0.8021682,0.7995706,0.7960082333333333,0.7844322833333334,0.7938138533333333,0.8182574333333333,0.7925916333333333,0.8151492,0.81579152,0.8083697766666665,0.78555165,0.7942579333333333,0.7644012333333333,0.7978312833333333,1.0,1.0,1.0,1.0,0.0,1.0
2002-05-07,2002,1,1,0,4006,252,0.0,1.75,1.75,1.75,-7.259927770569547,44.0,-7.259927770569547,7.259927770569547,22.56,3.1161784266298582,,,,,-0.0873851302908868,-0.1994464444309289,2002-06-27,0.0,0.0039682539682539,0.0,0.0039682539682539,5.53338948872752,0.6931471805599453,0.0,1.0,1,"Yields on investment-grade bonds tended to edge higher, however, in the wake of concerns about the transparency of the accounting statements of some firms. Most major indexes of equity prices moved down sharply in response to the outlook for a weaker economic recovery and the adverse implications for corporate profits of economic and other developments. In foreign exchange markets, the trade-weighted value of the dollar in terms of the major foreign currencies eased somewhat over the intermeeting period.",0.8230744,0.8398092,0.8272365,0.8474315,0.8186357,0.8153136,0.84884727,0.7942999,0.8093679,0.80725586,0.82906234,0.80167484,0.81836265,0.8195169,0.82864696,0.82749337,0.82416856,0.83337384,0.81750727,0.8085546,0.7910382,0.81324947,0.7942367,0.8192479,0.8234122,0.79117346,0.8033352,0.7687722,0.8079346,1.0,0.0,1.0,0.0,1.0,0.0
2002-06-26,2002,5,1,4,4355,260,0.0,1.75,1.75,1.75,-9.46374639136539,47.0,-9.46374639136539,9.46374639136539,27.84,3.326473835466219,,,,,-0.1635777720979087,3.398218086732087,2002-08-15,0.0,0.0192307692307692,0.0153846153846153,0.0038461538461538,5.564520407322694,1.791759469228055,0.8,0.2,5,"Subsequently, investors became more risk averse in reaction to a mixture of economic data releases, growing geopolitical tensions, further warnings about terrorism, and additional revelations regarding questionable corporate accounting practices. Yields on Treasury securities dropped somewhat on net over the period, rates on lower-quality bonds rose, and equity prices fell sharply further. The federal funds rate remained close to the Committee's target level of 1-3/4 percent during the intermeeting period.
By contrast, the dollar rose slightly on average in terms of an index of the currencies of other important trading partners, notably the currencies of several Latin American countries that were experiencing political and economic problems. Growth of the broad monetary aggregates picked up in May owing to the unwinding of distortions from final tax payments and, apparently, to falling equity prices. The heightened volatility of equity markets may have enhanced the attractiveness of safe and liquid M2 assets, including liquid deposits and retail money market funds.
Growth of the broad monetary aggregates picked up in May owing to the unwinding of distortions from final tax payments and, apparently, to falling equity prices. The heightened volatility of equity markets may have enhanced the attractiveness of safe and liquid M2 assets, including liquid deposits and retail money market funds. The staff forecast prepared for this meeting suggested that the expansion of economic activity would pick up in the last half of the year from the sluggish pace of the second quarter and reach a relatively brisk pace next year.
The staff forecast prepared for this meeting suggested that the expansion of economic activity would pick up in the last half of the year from the sluggish pace of the second quarter and reach a relatively brisk pace next year. The considerable monetary ease and fiscal stimulus already in place and the continuing sizable gains in productivity would provide significant impetus for spending, though weakness in equity prices would tend to offset some of that support. With business capital stocks moving closer to desired levels, investment spending would be boosted by a gradually improving outlook for sales and profits, low financing costs, and the temporary federal tax incentive for investment in new equipment and software.
The members recognized that a typical recovery-period surge in consumer spending was unlikely inasmuch as expenditures had registered solid growth through the economic downturn, implying an absence of significant pent-up demands. Moreover, forecasts of even moderate growth in spending were subject to downside risks emanating, for example, from possible further shocks to confidence and household wealth should weakness in stock prices persist, and from political turmoil overseas and threats of terrorism at home. Homebuilding, though down after an unsustainable surge earlier in the year, had been well maintained in recent months.",0.799695476,0.8049882,0.792491772,0.8010578799999999,0.8025073559999999,0.79855965,0.828978434,0.77090272,0.798397418,0.8166262919999999,0.8328339339999999,0.8028429020000001,0.801230406,0.8051100099999999,0.815182618,0.8089501479999999,0.80247743,0.8138006179999999,0.793788482,0.795788394,0.795479206,0.780319712,0.784201578,0.799176432,0.797889668,0.768126164,0.793149438,0.76288457,0.794210198,4.0,0.0,4.0,0.0,5.0,0.0
2002-08-13,2002,13,0,12,4102,244,0.0,1.75,1.75,1.75,-8.836372829260071,43.0,-8.836372829260071,8.836372829260071,37.05,3.612268351742096,,,,,-3.283539622403452,-4.33232428098008,2002-09-26,0.0,0.0532786885245901,0.0491803278688524,0.0,5.501258210544727,2.6390573296152584,0.9230769230769232,0.0,9,"Capacity utilization in manufacturing moved a little higher in June but remained substantially below its long-run average. Retail sales were relatively brisk in June and July despite plunging equity prices and an apparently marked erosion in consumer confidence. Households spent heavily on motor vehicles in response to incentives offered by auto manufacturers, and their expenditures on other retail categories were generally well maintained.
Instead, market participants focused their attention on further revelations of corporate malfeasance, fears that more earnings restatements would be announced in the run-up to the August 14 deadline for certifying corporate financial statements, and concerns that second-half corporate earnings might prove disappointing. In this environment, equity prices plunged before recovering somewhat later in the intermeeting period; on net, the major broad equity indexes were down substantially. Yields on Treasury securities also fell markedly on balance in volatile trading, as investors sought a safe haven for their funds and trimmed their expectations about the path for the intended federal funds rate in coming quarters.
recovery. Against the background of a similar combination of disappointing concerns, European stock prices dropped more than those in the United States, while Japanese equity prices declined less as incoming data seemed to point to a mild pickup of economic activity in Japan. Across all the major industrial economies, investors tended to shift funds toward less risky instruments and to lower their expectations for policy rates.
The staff forecast prepared for this meeting suggested that, in light of weaker-than-expected incoming economic data, the expansion of economic activity would pick up gradually over the next year and a half from the very sluggish pace of the second quarter. The considerable monetary ease and fiscal stimulus already in place and the continuing sizable gains in structural productivity would provide significant impetus for spending, though the persisting volatility and weakness in equity prices would tend to offset some of that support. Inventory overhangs appeared to have been largely eliminated and business capital stocks to have moved closer to desired levels.
A number of members commented on financial developments that appeared to be holding back the pace of the expansion. While prices in equity markets had turned up from their recent lows, the cumulative losses in financial wealth incurred since early 2000 clearly were having an adverse impact on expenditures by households and the higher cost of equity capital was inhibiting business investment. The declines in equity prices had been accompanied by a heightened degree of risk aversion that had led to widened credit spreads in financial markets and the curtailment of credit availability to potential borrowers whose repayment prospects were viewed as questionable.
While prices in equity markets had turned up from their recent lows, the cumulative losses in financial wealth incurred since early 2000 clearly were having an adverse impact on expenditures by households and the higher cost of equity capital was inhibiting business investment. The declines in equity prices had been accompanied by a heightened degree of risk aversion that had led to widened credit spreads in financial markets and the curtailment of credit availability to potential borrowers whose repayment prospects were viewed as questionable. To an extent that was difficult to determine, the current skittishness in debt and equity markets reflected lender and investor reactions to the ongoing revelations of corporate governance failures.
The declines in equity prices had been accompanied by a heightened degree of risk aversion that had led to widened credit spreads in financial markets and the curtailment of credit availability to potential borrowers whose repayment prospects were viewed as questionable. To an extent that was difficult to determine, the current skittishness in debt and equity markets reflected lender and investor reactions to the ongoing revelations of corporate governance failures. Those reactions, which were proving to be more severe and probably would be longer-lasting than many had anticipated, appeared to be contributing to more cautious business spending and hiring, at least temporarily.
More generally, interest costs had declined for borrowers with acceptable credit ratings, and the overall condition of the banking system remained sound with bank credit widely available. Moreover, for many households, the negative wealth effects stemming from losses on equities were offset, at least to some extent, by continuing increases in home equity values. These ongoing factors suggested to some members that the effects of the financial restraints on economic activity might be fairly limited at this point.
Looking ahead, the anticipated pickup in employment and related gains in incomes, undergirded by continued robust growth in structural productivity, was seen as supporting further expansion in consumer spending. Some members commented, however, that the declines in equity wealth and the possible persistence of turmoil in equity markets might continue to restrain the pickup in consumer expenditures in the months ahead. In the housing sector, low mortgage interest rates remained a key factor in sustaining homebuilding activity at a relatively elevated level.",0.8309591700000001,0.83992283,0.8281787622222222,0.8242461844444445,0.8178127244444444,0.81526224,0.8330862977777778,0.7756398411111111,0.8068886422222222,0.8107097944444445,0.8303846022222222,0.8162308455555556,0.82378868,0.8215715566666666,0.8240500155555556,0.8245442144444444,0.82149566,0.8180109811111111,0.8018619377777778,0.8112635111111111,0.8086079755555555,0.8032295722222221,0.7990589088888889,0.8061581922222223,0.8066320166666666,0.7859902288888888,0.7929411377777777,0.7625847577777778,0.8056714777777778,5.0,0.0,5.0,0.0,5.0,0.0
2002-09-24,2002,7,2,4,3863,538,0.0,1.75,1.75,1.75,-8.58169602377183,37.0,-8.58169602377183,8.58169602377183,39.68,3.680847282416672,,,,,-0.8834622779127396,0.1563238520227492,2002-11-07,0.0,0.0130111524163568,0.0074349442379182,0.0037174721189591,6.289715570908998,2.079441541679836,0.5714285714285714,0.2857142857142857,7,"Retail sales remained relatively brisk in August despite further decreases in stock prices and consumer confidence. Households boosted their already
had been expected, and some short-term interest rates eased slightly while broad indexes of equity prices moved lower. The following day’s
deadline for the recertification of corporate financial statements passed uneventfully and equity markets rallied. Subsequently, however, a weaker
Over the intermeeting period, intermediate- and longer-term Treasury security yields and broad equity indexes fell considerably on balance.
costs of holding such deposits, the recent surge in mortgage refinancing activity, and the safe haven provided from volatile equity prices. Borrowing
some of the embedded equity gains. Increasing home equity values probably were also providing some counterweight to the impact on consumer spending
were also providing some counterweight to the impact on consumer spending of the negative wealth effects associated with the declines in stock market prices since the spring of 2000.",0.8091969099999999,0.8030883385714286,0.7895297771428572,0.7930916128571429,0.8022572071428572,0.7912645328571429,0.8148598814285715,0.7712622742857143,0.7743797428571428,0.7950679542857142,0.8092274214285714,0.8108033142857144,0.8040781271428571,0.8038431857142857,0.7998572614285714,0.8024090585714285,0.7938017471428571,0.8042944814285714,0.7922083014285715,0.7768916785714286,0.83023323,0.8108266785714286,0.8148476257142857,0.8160160771428571,0.8304853285714285,0.7937271742857143,0.8152605614285714,0.8048728414285714,0.8210061885714286,3.0,1.0,3.0,1.0,3.0,1.0
2002-11-06,2002,6,2,2,4612,281,-50.0,1.75,1.75,1.75,7.691217605153048,40.0,7.691217605153048,7.691217605153048,31.23,3.441379171294987,,,,,-1.3544401035353928,-1.9638011659105232,2002-12-12,-50.0,0.0213523131672597,0.0071174377224199,0.0071174377224199,5.641907070938114,1.9459101490553128,0.3333333333333333,0.3333333333333333,6,"Market participants had anticipated the unchanged policy stance and risk assessment, but the inclusion in the policy announcement of a reference to heightened geopolitical risks led to downward revisions to expectations for the future path of the federal funds rate. The subsequent release of better-than-expected news on profits for several major corporations buoyed equity prices and lifted market interest rates and predicted policy rates. Later in the intermeeting period, weaker-than-anticipated economic data along with press reports suggesting that the FOMC was inclined to ease by year-end led again to downward revisions of the expected path of the federal funds rate target.
Later in the intermeeting period, weaker-than-anticipated economic data along with press reports suggesting that the FOMC was inclined to ease by year-end led again to downward revisions of the expected path of the federal funds rate target. Over the intermeeting period as a whole, broad equity indexes registered sizable gains and intermediate- and longer-term bond yields increased somewhat. The dollar traded in a narrow range in foreign exchange markets during the intermeeting period.
In their review of developments and prospects in key expenditure sectors of the economy, members noted that consumer spending appeared to have decelerated since midsummer, while an anticipated and hopefully compensating strengthening in business investment had not yet materialized. Factors cited by the members that appeared to help account for the recent softness in consumer demand included substantial decreases in equity wealth, declining consumer confidence in the context of geopolitical and other uncertainties, the waning effects of earlier income tax cuts, and the failure of the most recent round of motor vehicle sales incentives to maintain the extraordinary level of sales seen during the summer. Looking ahead, some members referred to subdued expectations among their retailer contacts regarding the upcoming holiday season, with sales prospects likely to be held back at least marginally by the lingering effects of the recent West Coast dock strike on the availability of merchandise.
Looking ahead, some members referred to subdued expectations among their retailer contacts regarding the upcoming holiday season, with sales prospects likely to be held back at least marginally by the lingering effects of the recent West Coast dock strike on the availability of merchandise. There also was some question as to whether funds extracted from rising home equity values would continue to provide as important a source of financing for purchases of consumer durables as they had for some time unless mortgage interest rates declined from their already low levels. Members also mentioned a number of favorable factors bearing on the longer-term outlook for consumer spending.
Members also mentioned a number of favorable factors bearing on the longer-term outlook for consumer spending. These included the prospect of strengthening consumer confidence if geopolitical uncertainties began to dissipate, the gradual diminution of the negative wealth effects from earlier stock market declines, and importantly the outlook for continued robust growth in structural labor productivity and its favorable effects over time on wages and salaries. High and persisting uncertainty and concomitant aversion to risk among business executives apparently continued to hold down business investment spending.
In this regard, it was noted that the declining trend in mortgage interest rates probably would not continue once forecasts of a strengthening economic expansion began to materialize. Indeed, the rise in bond yields since the September meeting associated with the improvement in the stock market had induced a small increase in mortgage rates from their very low levels. At some point the extraordinary levels of cash-outs from mortgage refinancings and home sales would undoubtedly moderate, with adverse implications for spending on home improvements and consumer durables more generally.",0.8200743516666668,0.8162950466666666,0.8154340683333333,0.8258618166666666,0.806717835,0.7968554083333333,0.8352791566666666,0.7715307533333333,0.7953656499999999,0.810448575,0.8289608983333333,0.8151388,0.8044786866666667,0.820812315,0.8219535383333333,0.8115309866666666,0.8061767533333333,0.8053660866666666,0.792700265,0.7927264883333334,0.80214301,0.7698953883333334,0.7953819516666667,0.79533292,0.7888477183333333,0.755124735,0.7800771233333332,0.7531421516666666,0.7869885083333333,2.0,1.0,2.0,1.0,2.0,1.0
2002-12-10,2002,3,0,0,3334,235,0.0,1.25,1.75,1.75,0.9601629889518006,29.0,0.9601629889518006,0.9601629889518006,30.78,3.426865128410733,,,,,1.3013115857098736,-0.7899771612963072,2003-01-30,0.0,0.0127659574468085,0.0,0.0,5.4638318050256105,1.3862943611198906,0.0,0.0,2,"The subsequent release of better-than-expected economic data and earnings news provided reassurance to investors, though more mixed economic reports became available late in the intermeeting period. Over the period as a whole, major equity indexes registered mixed changes, and yields on longer-term Treasury bonds increased somewhat. In private debt markets, rates on investment-grade debt issues eased a little, and those on speculative-grade bonds fell considerably more.
The improvement began before the November meeting and had been given added impetus by the Committee's sizable easing at that meeting. The general calming of financial markets was reflected in some decline in risk spreads from very high levels and sizable new issuance in private bond markets; in equity markets, issuance had edged up and stock prices, though recently declining somewhat, were still well above the lows of early October. Some of this improvement in financial markets seemed to be related to apparently lessening concerns about new revelations of corporate governance issues as a result of the passage of time without further significant incidents.",0.7734811,0.79047305,0.7643198950000001,0.77910565,0.80911285,0.79896498,0.8399141999999999,0.776466315,0.78492545,0.8299701500000001,0.832879885,0.7851825800000001,0.8124051800000001,0.79858315,0.804494265,0.81493235,0.803413135,0.8126893,0.79938778,0.78642163,0.7721374299999999,0.782740505,0.76438223,0.778373065,0.77672835,0.7642835349999999,0.77248607,0.75579989,0.774118935,1.0,0.0,1.0,0.0,1.0,0.0
2003-01-29,2003,2,0,2,7609,495,0.0,1.25,1.25,1.75,-6.713959451182242,47.0,-6.713959451182242,6.713959451182242,31.93,3.4635460067266908,,,,,2.268519100929605,-0.842056981208383,2003-03-20,0.0,0.004040404040404,0.004040404040404,0.0,6.206575926724928,1.0986122886681098,1.0,0.0,2,"Against that backdrop, longer-term Treasury yields declined somewhat while, in private debt markets, a sense of reduced concern about governance issues and perhaps some increased appetite for risk-taking led to a substantial decline in yields across the credit spectrum that further narrowed risk spreads. Major stock price indexes moved widely during the intermeeting period, but most finished the period a little lower. The dollar depreciated substantially in terms of an index of major foreign currencies, with particularly large declines against the euro, the yen, and the Swiss franc.
Looking ahead, a number of factors seemed likely to undergird consumer spending, including the positive effects on permanent incomes of robust ongoing growth in productivity, the possibly accelerated phase-in of tax reductions stemming from earlier legislation, the prospects for additional reductions in federal taxes affecting household incomes, and more generally the continued favorable effects of low interest rates and widely available financing on consumer purchases of motor vehicles and other durables. At the same time, some members expressed concern about the potential for adverse effects on consumer incomes and confidence should stagnant conditions persist in labor markets and equity markets weaken further. Reference also was made to the possibility suggested by some analysts that the value of housing wealth might be leveling off.",0.82437885,0.81369,0.8040347,0.823571975,0.81472797,0.796385085,0.8314363,0.759059675,0.805550385,0.80641645,0.825846335,0.82214265,0.82149363,0.82300275,0.8182525,0.82227218,0.80178368,0.8134134,0.78906925,0.80545388,0.80530137,0.78214087,0.7910321,0.7926883650000001,0.7916719999999999,0.75365065,0.78379412,0.7375491750000001,0.78690965,2.0,0.0,2.0,0.0,2.0,0.0
2003-03-18,2003,6,1,5,3722,249,0.0,1.25,1.25,1.25,-1.4872753093143178,43.0,-1.4872753093143178,1.4872753093143178,31.75,3.457892725338701,,,,,1.4148076667916714,2.8077117714226736,2003-05-08,0.0,0.0240963855421686,0.0200803212851405,0.0040160642570281,5.521460917862246,1.9459101490553128,0.8333333333333334,0.1666666666666666,6,"The Committee's decision was widely anticipated and elicited little reaction in financial markets. However, with the likelihood of war perceived to have increased, investor wariness apparently intensified downward pressure on equity prices and interest rates over the intermeeting period. Treasury bond yields declined somewhat, perhaps reflecting both expectations of lower policy rates and greater investor demands for safety.
Rates in private debt markets fell by somewhat more than comparable-maturity Treasury yields. Declines in major equity indexes were amplified by lackluster earnings reports and disappointing data on auto sales, labor market conditions, and consumer confidence. The dollar changed little on balance over the intermeeting period in terms of an index of major foreign currencies, though the dollar fluctuated widely in the latter part of the period in reflection of market concerns about geopolitical uncertainties.
Earlier filings for tax refunds and hefty mortgage prepayments associated with refinancing activity likely were factors in the strength of M2. In addition, investors might have seen liquid deposits as a safe haven at a time of considerable volatility in equity markets. The staff forecast prepared for this meeting continued to suggest that economic expansion would be muted for a time.
It seemed clear that an outbreak of war with Iraq was imminent and that this prospect was having a damping effect on the economy. Uncertainty about the effects of the war had contributed to higher energy prices, lower equity prices, declines in measures of household confidence, and a tendency for households and especially businesses to postpone making commitments. But it was also possible that a part of the recent weakness might reflect underlying economic conditions.
Whether the recent experience augured further softening in consumer spending was uncertain, but some members commented that this weak performance was not reassuring with regard to forecasts of substantial strengthening of the expansion later this year. Many observed, however, that a favorable outcome to the hostilities in the Middle East and lower oil prices in line with quotations in futures markets should generate a positive response in equity markets, boost consumer sentiment, and foster a rebound in consumer spending as the year progressed. Housing activity had held up well on the whole, despite a negative report on housing starts for February, and indeed was displaying continued strength in many parts of the nation.
While resolution of some of the uncertainties relating to Iraq seemed likely in the relatively near term, many business contacts reported that they would continue to hold down their capital investments until demand for their goods and services and related profit opportunities displayed clear signs of significant improvement. Some members nonetheless referred to indications of increasing expenditures for various categories of high-tech equipment and software, and they noted that impetus to demand from a positive outcome in the war against Iraq should have a favorable effect on business capital spending, especially if it were accompanied by a rally in the stock market. Many firms were trying to keep their inventories at especially low levels in light of their concerns that projected sales might not materialize.",0.8167284383333334,0.8170896750000001,0.8186168666666666,0.8242386233333333,0.8051695483333333,0.8010453599999999,0.8336056016666666,0.7783369916666666,0.796685965,0.8072073016666667,0.827334365,0.8044502750000001,0.8077100483333334,0.8240080066666667,0.825146385,0.8131958666666667,0.81114765,0.8115240833333334,0.802339485,0.7941274133333334,0.8012253833333333,0.7865917050000001,0.8073499033333333,0.8026715916666666,0.7952397166666666,0.772181535,0.7976048833333333,0.7643145766666667,0.7963760683333333,1.0,1.0,1.0,1.0,2.0,1.0
2003-05-06,2003,4,1,2,4005,261,0.0,1.25,1.25,1.25,6.080040065299864,44.0,6.080040065299864,6.080040065299864,21.13,3.050693831627965,,,,,-0.9810232309929154,-0.0287481955077733,2003-06-26,0.0,0.0153256704980842,0.0076628352490421,0.003831417624521,5.568344503761097,1.6094379124341005,0.5,0.25,4,"The decision to leave policy on hold had been largely anticipated by market participants, but the inclusion in the policy announcement of a reference to ""heightened surveillance"" led initially to downward revisions to expectations for the future path of the federal funds rate. The abatement of war-related risks was reflected in sizable declines in forward-looking measures of uncertainty in short- and long-term interest rates, exchange rates, and oil and equity prices. Nearer-term Treasury yields had fallen, but longer-term Treasury yields had changed little since the March meeting.
Risk spreads on corporate debt securities narrowed across the credit quality spectrum. Broad equity indexes registered notable gains related to better-than-expected corporate earnings reports. In foreign exchange markets, the trade-weighted value of the dollar in terms of the major foreign currencies declined over the intermeeting period.
The dollar also declined against an index of currencies of other important trading partners. Equity markets in the major industrial economies, except Japan, had risen significantly since the March FOMC meeting. Growth in M2 slowed over March and April, but most of the deceleration appeared to be attributable to temporary tax-related flows of funds.
On balance, however, the members did not see any firm indications of significant acceleration in consumer spending. More positively, they cited recent survey and anecdotal evidence of improving consumer confidence and referred to the gains in the stock market as a source of potential impetus going forward. In the housing markets, activity currently was somewhat uneven across the nation but had remained at a high overall level.",0.7974028774999999,0.7899085375,0.7799336,0.79339586,0.79684945,0.787057,0.8300898624999999,0.785708435,0.7851474350000001,0.81555506,0.8247416725000001,0.8007938625,0.801073745,0.8037709875,0.8080570300000001,0.8053280525,0.7929382375,0.8067361749999999,0.802542125,0.7812317225000001,0.8135796175000001,0.80666653,0.8108052925,0.8159108275,0.8138967725,0.7857302349999999,0.8125867925,0.790631375,0.8036337075,0.0,1.0,0.0,1.0,0.0,1.0
2003-06-25,2003,6,4,0,5068,294,-25.0,1.25,1.25,1.25,5.315957590122908,47.0,5.315957590122908,5.315957590122908,20.75,3.0325462466767075,,,,,0.0135739367991648,1.2620539713697485,2003-08-14,-25.0,0.0204081632653061,0.0,0.0136054421768707,5.68697535633982,1.9459101490553128,0.0,0.6666666666666666,6,"Spending on motor vehicles rose over the two months from the first-quarter pace. At the same time, the fundamentals underlying household spending became more favorable: Real disposable income posted solid gains, and both the stock market and consumer confidence recovered from earlier in the year. Activity in the housing market was reasonably well maintained in April and May.
Yields on corporate bonds also fell about in line with rates on Treasuries even though capital markets absorbed a surge in bond issuance by highly rated firms. Equity prices, buoyed by the decline in bond yields as well as the improved outlook for economic growth, registered sizable gains over the intermeeting period. The dollar continued to depreciate in terms of an index of major foreign currencies amid growing concerns about the financing burden of the large and growing U.
S authorities to a ""strong dollar"" policy. Long-term interest rates fell in all major industrial economies, while equity prices rose substantially. Growth of M2 surged in May.
Despite some differences with regard to the timing and strength of the anticipated upturn in the expansion, the members agreed that accommodative monetary and fiscal policies along with much improved financial conditions were likely to foster a better economic performance over time. Growing market perceptions that monetary policy would remain stimulative for a longer period than previously anticipated appeared to have contributed to significant declines in interest rates across maturities and risk classes, and to rising prices in equity markets. The gains in equity prices and a narrowing of risk spreads also appeared to reflect more upbeat assessments of underlying business conditions and, partly in concert with reduced geopolitical risks since the end of major military activity in Iraq, growing convictions that the downside vulnerability of the domestic economy had diminished.
Growing market perceptions that monetary policy would remain stimulative for a longer period than previously anticipated appeared to have contributed to significant declines in interest rates across maturities and risk classes, and to rising prices in equity markets. The gains in equity prices and a narrowing of risk spreads also appeared to reflect more upbeat assessments of underlying business conditions and, partly in concert with reduced geopolitical risks since the end of major military activity in Iraq, growing convictions that the downside vulnerability of the domestic economy had diminished. Both business firms and households had continued to take advantage of generally improving financial conditions to strengthen their balance sheets through debt restructuring activities, thereby helping to buttress the economy's financial underpinnings and foster sustained expansion.
An important factor in this outlook was the anticipated effects of sizable additions to disposable incomes stemming from the recent tax legislation. Other favorable factors referenced by the members included indications of growing consumer confidence, the effects of rising stock market wealth on consumer balance sheets, continued opportunities for many consumers to extract equity from the appreciated value of their homes and to reduce interest service burdens by refinancing mortgages, and more fundamentally a continuing uptrend in disposable personal incomes associated in part with robust gains in labor productivity. Some members nonetheless raised a note of caution regarding the potential strength of consumer spending.",0.7990406666666666,0.7926282033333333,0.7799369933333334,0.78265385,0.8039949883333334,0.8033724000000001,0.82059105,0.7591053849999999,0.79777269,0.8539326983333333,0.8472657316666666,0.8191954300000001,0.81399446,0.8123040366666667,0.8145389616666666,0.8121015566666667,0.8049049966666667,0.807742895,0.787496,0.7980511950000001,0.8140726166666666,0.79814059,0.7987284466666668,0.8101707116666667,0.8064659216666666,0.779414395,0.8027222066666667,0.7635344933333333,0.8051502833333334,0.0,3.0,0.0,3.0,0.0,3.0
2003-08-12,2003,4,4,0,3895,246,0.0,1.0,1.25,1.25,-0.944772651253548,43.0,-0.944772651253548,0.944772651253548,19.75,2.9831534913471307,,,,,-0.3185772258308664,-3.573068865207972,2003-09-18,0.0,0.016260162601626,0.0,0.016260162601626,5.5093883366279774,1.6094379124341005,0.0,1.0,4,"Rates on low-grade corporate bonds rose much less, and spreads over Treasuries on such obligations narrowed significantly. Despite the sharp step-up in Treasury yields, broad equity indexes advanced over the intermeeting period, supported by positive earning reports, strong profit forecasts, and increased confidence regarding economic prospects. The exchange value of the dollar, as measured by the major foreign currencies index, rose over the intermeeting period as long-term interest rate differentials moved sharply in favor of dollar-denominated assets.
The exchange value of the dollar, as measured by the major foreign currencies index, rose over the intermeeting period as long-term interest rate differentials moved sharply in favor of dollar-denominated assets. Yields on longer-dated government debt of major foreign economies also increased as did many foreign equity indexes. M2 continued to grow briskly in June and July, reflecting in large part the near-zero opportunity cost of holding money, the effects of mortgage refinancing activity, and the reduction in personal income tax withholdings.
These included the possibility that the higher rates in part reflected growing optimism about the economic outlook that would engender a faster pace of business spending, more than offsetting the effects of the higher rates on consumer spending. Moreover, long-term interest rates were still relatively low, risk spreads had narrowed in recent months, and stock prices had held firm recently, perhaps in part as a result of several upside surprises in second-quarter profit reports. Several members reiterated that business spending was the critical factor that would
The available data pointing to improvement in early summer were limited but were supported by anecdotal information from around the country. Positive factors mentioned with regard to the outlook for the consumer sector included the recent tax cuts, the improved performance of the stock market, the ample availability of household credit, and more generally the effects of rapidly rising productivity in sustaining growth in household incomes. A potential negative cited by some members was the possibility that a weak job market, should it persist, would at some point adversely affect overall consumer sentiment and willingness to spend.",0.7768493224999999,0.785349765,0.768382335,0.7803046425,0.8024751,0.7935218500000001,0.8047117374999999,0.7631896149999999,0.791943615,0.8436503025,0.837434035,0.8070921275,0.80457289,0.8083440375000001,0.810383665,0.80442986,0.7948080225,0.79330798,0.7887430449999999,0.7878747349999999,0.7902772525,0.7794978875,0.7803516425,0.7910747300000001,0.7839757549999999,0.755880825,0.766978665,0.7484230325,0.781406375,0.0,1.0,0.0,1.0,0.0,1.0
2003-09-16,2003,2,2,0,3993,256,0.0,1.0,1.0,1.0,3.3774490783638127,30.0,3.3774490783638127,3.3774490783638127,19.28,2.9590682891824,,,,,0.3568767840568325,1.037606975842749,2003-10-30,0.0,0.0078125,0.0,0.0078125,5.54907608489522,1.0986122886681098,0.0,1.0,2,"Yields on most investment-grade securities moved in line with those on Treasury obligations, but a more optimistic economic outlook among investors contributed to a substantial decline in speculative-grade yields. Broad stock price indexes rose notably, boosted by improved economic growth prospects and the associated upwardly revised expectations for earnings. On balance, the nominal value of the dollar changed little on a broad trade-weighted basis over the intermeeting period.
On balance, the nominal value of the dollar changed little on a broad trade-weighted basis over the intermeeting period. Optimism about global recovery reportedly prompted gains in the equity markets of major industrial countries. Benchmark government bond yields rose in most foreign industrial economies.",0.7765532150000001,0.77587278,0.7715072199999999,0.7864366300000001,0.8148751,0.800907515,0.8128516400000001,0.80339289,0.794825685,0.8611505500000001,0.8327566,0.805815615,0.81729305,0.81777055,0.829985625,0.81825337,0.802985735,0.80895239,0.816259375,0.79110956,0.816567005,0.810768915,0.8139806199999999,0.835451775,0.82782841,0.788946275,0.805754725,0.7972152,0.808040915,0.0,1.0,0.0,1.0,0.0,1.0
2003-10-28,2003,1,0,1,3804,249,0.0,1.0,1.0,1.0,0.1928579914555515,37.0,0.1928579914555515,0.1928579914555515,18.05,2.89314568477889,,,,,0.2707431246831169,1.6466217664794571,2003-12-11,0.0,0.0040160642570281,0.0040160642570281,0.0,5.521460917862246,0.6931471805599453,1.0,0.0,1,"While rates on investment-grade securities moved about in line with those on Treasuries, yields and spreads on lower-tier obligations registered further significant and broad-based declines. Major equity indexes rose roughly 2 percent over the intermeeting period. The exchange value of the dollar, as measured by the major currencies index, fell significantly over the intermeeting period.",0.804338,0.7995876,0.7779023,0.79688364,0.8120268,0.8043232,0.8334677,0.7807399,0.77330995,0.7994759,0.8156061,0.7984943,0.8176521,0.7907255,0.804747,0.81687695,0.8036089,0.81415117,0.8004905,0.77874756,0.80987,0.82611245,0.79430556,0.82648546,0.83096933,0.7936338,0.81934977,0.7943087,0.80388945,0.0,1.0,0.0,1.0,0.0,1.0
2003-12-09,2003,3,2,0,4326,590,0.0,1.0,1.0,1.0,1.1751372153167403,37.0,1.1751372153167403,1.1751372153167403,16.54,2.805781689595545,,,,,-0.2656257553984387,-0.5054222248601417,2004-01-29,0.0,0.0050847457627118,0.0,0.0033898305084745,6.3818160174060985,1.3862943611198906,0.0,0.6666666666666666,3,"narrowing of their risk spreads. Major equity indexes were up moderately over the intermeeting period.
in associated deposit balances. In addition, rising equity markets may have made M2 accounts relatively less attractive.
three years. As a consequence, with sales, profits, and stock prices higher, the liquidation of inventories appeared to be ending, and the strengthening",0.7736219333333333,0.78970612,0.7669683466666667,0.7753428800000001,0.7992712133333333,0.7897227666666667,0.79377682,0.7736363233333333,0.7925164700000001,0.8320023833333333,0.8348853066666666,0.7919962799999999,0.8013542666666668,0.78807472,0.7997304700000001,0.8023080333333333,0.79400175,0.7879865266666667,0.7948782200000001,0.78482043,0.8160950933333333,0.8109848233333333,0.803014,0.8231154833333333,0.84221938,0.7986704666666666,0.8087208266666667,0.8131404966666667,0.8308180566666667,0.0,3.0,0.0,3.0,0.0,3.0
2004-01-28,2004,4,2,0,8696,1194,0.0,1.0,1.0,1.0,8.59113708512642,47.0,8.59113708512642,8.59113708512642,15.35,2.731115474033206,,,,,-1.126130516977009,-1.1945217458827246,2004-03-18,0.0,0.0033500837520938,0.0,0.0016750418760469,7.085901464365611,1.6094379124341005,0.0,0.5,4,"Spending was also supported by the recent stock market gains, and by greater consumer confidence as reflected in the Michigan Survey Research Center’s index of consumer sentiment
about the same amount as Treasury yields. Major equity indexes rose strongly in response to the declines in yields and positive news about the outlook
buildup in deposits associated with heavy mortgage refinancing activity and to portfolio shifts by households into equities. The staff forecast prepared for this meeting indicated that the momentum
Household spending was benefiting from stimulative fiscal and monetary policies, the wealth effects of rising real estate and equity prices, and increased consumer confidence about the economic outlook.",0.79404571,0.771617035,0.7707925525,0.76077774,0.79574737,0.79512835,0.790031775,0.755872235,0.7868483374999999,0.851771265,0.832096875,0.8329791875,0.8022207025,0.8234970125,0.810112055,0.799069145,0.7952593875,0.7944210825,0.787087775,0.78973865,0.848524905,0.8141402875,0.83717366,0.8336748375,0.8301600925,0.8003584675,0.8216460624999999,0.8000272175,0.830620765,0.0,2.0,0.0,2.0,0.0,2.0
2004-03-16,2004,4,3,1,3975,257,0.0,1.0,1.0,1.0,-1.310600124988556,43.0,-1.310600124988556,1.310600124988556,21.13,3.050693831627965,,,,,-1.3847387069868564,-1.6078545770965496,2004-05-06,0.0,0.0155642023346303,0.0038910505836575,0.0116731517509727,5.552959584921617,1.6094379124341005,0.25,0.75,4,"In contrast, purchases of motor vehicles slipped in January and February from the strong pace in the fourth quarter. Overall, expenditures were supported by sizable gains in real disposable personal income and increases in household wealth owing to rising home and equity prices. Disposable income was boosted by significant growth in private wages and salaries and by a drop in taxes that was due to the lower final payments and higher refunds associated with last year's tax cut.
Yields on investment-grade bonds generally moved in tandem with those on Treasuries over the intermeeting period, but spreads on high-yield bonds widened as investors reassessed credit risks in light of the negative tone of some incoming economic data. The disappointing employment data and renewed concerns about terrorism contributed to a decline in broad equity price indexes. Technology-related issues, which had registered very large gains over the preceding year or so, fell more sharply.
Those firms, as a result, were more wary about committing to new investment plans or increased hiring. Financial markets also seemed a little less positive about the outlook, with stock prices lower and some risk spreads wider than at the time of the last meeting. The reasons for the reduced optimism were not entirely clear but may have included higher energy and commodity prices as well as renewed concerns about terrorism.
However, members anticipated that sales would pick up again, partly in response to an anticipated rebound in incentives. Looking forward, gains in employment and the pass-through of higher productivity to wages and salaries were also expected to boost consumer spending, even as the stimulus to growth from tax cuts faded and increases in home and equity prices likely slowed from their rapid pace in recent quarters. The Committee anticipated that government spending would provide some further support for aggregate demand going forward.",0.81086975,0.80806254,0.8007105649999999,0.8178432025,0.7920074500000001,0.78068894,0.80834221,0.7518217150000001,0.7841248375000001,0.7957345575,0.8051073225,0.7967388975,0.7812246825,0.800302375,0.80503515,0.7966554575,0.784959985,0.788961205,0.7719813600000001,0.785341125,0.8143242175000001,0.7836821625,0.8044476575,0.8083136774999999,0.7982040225,0.7723508649999999,0.79101006,0.7578956375,0.8016972325,1.0,5.0,1.0,5.0,1.0,5.0
2004-05-04,2004,1,1,0,4841,294,0.0,1.0,1.0,1.0,-1.5877601889314354,44.0,-1.5877601889314354,1.5877601889314354,16.62,2.810606789427302,,,,,-0.319120345162116,-1.4668221143423446,2004-07-01,0.0,0.0034013605442176,0.0,0.0034013605442176,5.68697535633982,0.6931471805599453,0.0,1.0,1,"Yields on investment-grade corporate bonds rose a bit less than those on comparable-maturity Treasuries, but risk spreads on below-investment-grade bonds narrowed significantly as their yields increased by a more modest amount. Major equity price indexes were about unchanged, as the downward pressure exerted by higher interest rates was offset by the effects of strong earnings reports, upward revisions to expected future earnings, and other positive economic news. In foreign exchange markets, the dollar appreciated against most major currencies over the intermeeting period, and it also gained against an index of the currencies of other major U.",0.75686616,0.77920914,0.74778473,0.7641232,0.8143224,0.79799354,0.80748206,0.786304,0.77608764,0.83558667,0.8336053,0.7880091,0.8072575,0.78838766,0.8074855,0.81107664,0.7974435,0.79705954,0.80321217,0.7759431,0.78071576,0.7932411,0.75620157,0.7925118,0.7924652,0.7712757,0.7729937,0.74410033,0.7722739,0.0,0.0,0.0,0.0,0.0,0.0
2004-06-30,2004,2,2,0,4635,308,25.0,1.0,1.0,1.0,0.878640015938353,54.0,0.878640015938353,0.878640015938353,15.47,2.738902664584975,,,,,0.143697746502195,2.5719261625465184,2004-08-12,25.0,0.0064935064935064,0.0,0.0064935064935064,5.733341276897746,1.0986122886681098,0.0,1.0,2,"Yields on investment- and speculative-grade corporate securities rose about the same amount as those on comparable Treasuries, leaving risk spreads about unchanged. Generally positive economic news and further improvements in the outlook for corporate earnings evidently offset the influence of higher interest rates, and major equity indexes edged higher over the intermeeting period. In foreign exchange markets, the dollar depreciated somewhat against major currencies, and it rose a bit against an index of currencies of other major U.
The upswing in M2 growth since late winter stemmed in part from the temporary effects of mortgage refinancing, which boosted liquid deposits over this period, though M2 was also buoyed by strong gains in nominal income. In recent months, a rebound in currency growth and reduced portfolio shifts by households from monetary assets to equities and bonds also supported the expansion of M2. The growth of M2 slowed appreciably during the first half of June.",0.7625303,0.768551855,0.7417077999999999,0.755217555,0.7866102,0.7822716000000001,0.80469133,0.754884185,0.7773848,0.82412633,0.8261532149999999,0.795254775,0.79069753,0.78720111,0.78607525,0.78397095,0.78252405,0.78895337,0.780487005,0.77692017,0.8127098100000001,0.79290825,0.7864077199999999,0.80049196,0.7995352849999999,0.77857498,0.7974784699999999,0.7725195650000001,0.7980782200000001,0.0,1.0,0.0,1.0,0.0,1.0
2004-08-10,2004,2,1,1,3918,247,25.0,1.25,1.0,1.0,-6.060634920414259,36.0,-6.060634920414259,6.060634920414259,18.89,2.9386326815134183,,,,,0.1531362863678946,0.5270427398720273,2004-09-23,25.0,0.0080971659919028,0.0040485829959514,0.0040485829959514,5.513428746164983,1.0986122886681098,0.5,0.5,2,"Speculative-grade yields, however, fell by less. In equity markets, broad indexes declined appreciably, reflecting the soft economic data, concerns about energy prices, and guidance from corporations pointing to a less-optimistic trajectory for earnings than investors apparently had been expecting. In foreign exchange markets, the dollar's trade-weighted value against other major currencies ended the period little changed, on net.
Business contacts in some parts of the country suggested that, in addition to higher energy prices, unseasonable weather may have limited spending for a time. The Committee discussed a number of other factors that may have contributed to the slowdown, including a waning of the stimulus from last year's tax cuts, which had previously provided considerable impetus to spending, and the possibility that, with stock prices down, saving rates near historic lows, and the outlook more uncertain, households may have felt the need to boost saving. Although a complete accounting for the moderation in growth was not possible, the Committee agreed that a resumption of faster growth in consumer spending was very likely.",0.8103884699999999,0.8047741150000001,0.806073135,0.8270604500000001,0.7959536,0.78431905,0.82335685,0.77749253,0.78422543,0.7899277,0.80579439,0.793233005,0.78907988,0.807376,0.8115456000000001,0.804484695,0.79198617,0.7926572199999999,0.79481442,0.78262477,0.79770115,0.788911725,0.79519155,0.79578902,0.7967893850000001,0.77186757,0.7919892,0.766783805,0.7909681500000001,1.0,0.0,1.0,0.0,1.0,0.0
2004-09-21,2004,1,0,0,4136,285,25.0,1.5,1.25,1.0,4.630712156890523,37.0,4.630712156890523,4.630712156890523,14.43,2.6693093727857797,,,,,0.9012577449627828,0.814914498138057,2004-11-11,25.0,0.0035087719298245,0.0,0.0,5.655991810819852,0.6931471805599453,0.0,0.0,1,"While credit spreads on investment-grade corporate bonds narrowed a bit, spreads on speculative-grade issues fell significantly more, particularly in riskier segments of the market, probably reflecting greater confidence about prospects in the business sector. Further evidence of such confidence was visible in equity markets, where broad indexes advanced 5� to 7� percent. The exchange value of the dollar against other major currencies was about unchanged over the intermeeting period.",0.7883457,0.7957025,0.7906637,0.78321946,0.81667435,0.8131832,0.8058286,0.78477156,0.80010295,0.85265505,0.83871055,0.8029307,0.8249359,0.8229037,0.81927234,0.8249458,0.8182552,0.8001192,0.805326,0.7982677,0.8016246,0.8171429,0.8092193,0.81295466,0.82122844,0.78387207,0.792005,0.7809804,0.7920111,0.0,0.0,0.0,0.0,0.0,0.0
2004-11-10,2004,1,1,0,3629,269,25.0,1.75,1.5,1.25,4.277209798143083,47.0,4.277209798143083,4.277209798143083,13.61,2.6108048166633746,,,,,-0.7575666723040021,0.5319774512051896,2004-12-16,25.0,0.0037174721189591,0.0,0.0037174721189591,5.598421958998375,0.6931471805599453,0.0,1.0,1,"The shift in the market�s outlook for monetary policy contributed to noticeable upward pressure on short-term interest rates, and most long-term rates also moved up. Yields on investment-grade corporate bonds rose about in line with those on comparable-maturity Treasuries, but yields on speculative-grade bonds edged down and equity markets posted strong advances. In foreign exchange markets, the dollar declined appreciably, apparently in part on continuing market concerns about the financing of the U.",0.78540695,0.8122641,0.7784136,0.79664713,0.8197318,0.81178427,0.8361764,0.7830143,0.8096796,0.8375516,0.8607506,0.80539453,0.82849455,0.81354964,0.81594527,0.82581913,0.81688213,0.83669275,0.8104766,0.80986387,0.81838846,0.8315796,0.81584144,0.82621807,0.8315248,0.81079423,0.86246526,0.7865438,0.8239881,0.0,0.0,0.0,0.0,0.0,0.0
2004-12-14,2004,2,1,0,4034,258,25.0,2.0,1.75,1.5,1.059076985900974,29.0,1.059076985900974,1.059076985900974,12.54,2.5289235352047745,,,,,-0.3697452891909545,-0.4707403158351565,2005-01-04,25.0,0.0077519379844961,0.0,0.003875968992248,5.556828061699537,1.0986122886681098,0.0,0.5,2,"With economic activity projected to expand at a pace a little above that of its longer-run potential over the coming year, hiring was projected to continue to firm, causing the unemployment rate to edge down next year. The steep run-up in housing prices, recent increases in equity prices, and anticipated gains in payrolls were viewed as likely to boost the growth of consumption spending next year to a pace somewhat above that recorded this year. Business investment was anticipated to decline a bit early next year in light of the expiration of the partial-expensing tax provision at the end of 2004 but was projected to resume vigorous growth in response to a favorable economic outlook, supportive financial conditions, ample liquid assets in the corporate sector, and an ongoing need to replace or upgrade aging equipment and software.
A number of participants cited the recent depreciation of the dollar on foreign exchange markets, elevated energy costs, and the possibility of a slowing in underlying productivity growth as factors tending to boost the upside risks to their inflation outlook, though, on net, they saw the risks to stable underlying inflation as still balanced. In their discussion of important sectors of the economy, participants noted that increasing equity and home prices had boosted household net worth, leaving consumers well positioned to maintain a brisk pace of spending. Continued gains in employment were thought likely to provide additional support to spending by bolstering consumer confidence and income.",0.8092428300000001,0.78669725,0.786725875,0.7958132499999999,0.80626055,0.80933854,0.80535845,0.747742575,0.81319305,0.850723835,0.8456676350000001,0.83249861,0.797627375,0.8148601,0.83675308,0.805718955,0.8081286000000001,0.7928912800000001,0.7803548499999999,0.806553835,0.8070127,0.75726415,0.789921265,0.80737192,0.78313245,0.7574874149999999,0.75960045,0.73381275,0.787369085,0.0,3.0,0.0,3.0,0.0,3.0
2005-02-02,2005,3,1,2,7257,869,25.0,2.25,2.0,1.75,-2.341428556667537,47.0,-2.341428556667537,2.341428556667537,12.03,2.4874035299865875,,,,,0.77907229314752,1.554707304284763,2005-02-23,25.0,0.003452243958573,0.002301495972382,0.001150747986191,6.76849321164863,1.3862943611198906,0.6666666666666666,0.3333333333333333,3,"relatively low levels, consistent with favorable indicators of corporate credit quality. Broad stock indexes declined a bit over the intermeeting period.
partly attributable to well-contained inflation expectations, but low real interest rates, along with slight declines in equity prices so far this year, might reflect lingering caution on the part of businesses about the outlook.
mostly explainable by the strength of expected income gains, low interest rates, and the increase in household wealth resulting from the rise in equity and housing prices. Although the saving rate",0.8063180999999999,0.7955586833333333,0.7883692333333334,0.8044278333333333,0.8093398866666667,0.79684641,0.8274425999999999,0.7748960633333333,0.7897083666666666,0.8102570666666667,0.8340904833333335,0.7988015333333335,0.80984461,0.8018658133333334,0.8189243999999999,0.8152106333333333,0.7973589233333334,0.8057757033333334,0.7939979699999999,0.7854280866666666,0.8242605133333334,0.8243200599999999,0.8200341033333333,0.8392150966666666,0.8473615866666666,0.8084576133333333,0.8177130333333333,0.8123414866666666,0.8320614199999999,1.0,1.0,1.0,1.0,1.0,1.0
2005-03-22,2005,2,1,1,4340,289,25.0,2.5,2.25,2.0,-0.3289023093316593,43.0,-0.3289023093316593,0.3289023093316593,13.61,2.6108048166633746,,,,,-1.1905572080971245,-3.041850007250968,2005-04-12,25.0,0.0069204152249134,0.0034602076124567,0.0034602076124567,5.66988092298052,1.0986122886681098,0.5,0.5,2,"On average, real disposable income increased at a vigorous pace in December and January, well above that seen over most of last year. Increases in equity prices and in house values pushed up the wealth-to-income ratio in the fourth quarter, and the saving rate remained low by historical standards. Activity in the housing market continued to expand early this year.
Risk spreads on most corporate bonds narrowed on balance, significantly so for speculative-grade debt, amid generally strong corporate balance sheets and good credit performance. Broad stock market indexes edged up over the intermeeting period. In foreign exchange markets, the trade-weighted value of the dollar depreciated slightly, with the declines widespread against the currencies of industrialized countries other than Japan.",0.78174977,0.777337555,0.75706775,0.767260965,0.7952881,0.78014133,0.790028,0.7609348,0.7927055999999999,0.83108145,0.8237769500000001,0.8082058350000001,0.800848415,0.78791288,0.791894425,0.803078425,0.7837045,0.78364271,0.7868419600000001,0.7963739000000001,0.8279652,0.81131188,0.8008957999999999,0.8113287250000001,0.820341,0.7841981849999999,0.7923752,0.786185065,0.8175364,0.0,3.0,0.0,3.0,0.0,3.0
2005-05-03,2005,3,0,3,4248,597,25.0,2.75,2.5,2.25,-1.627969333419136,37.0,-1.627969333419136,1.627969333419136,15.12,2.716018370751387,,,,,-0.3484780189985215,0.6167160053232014,2005-05-24,25.0,0.0050251256281407,0.0050251256281407,0.0,6.393590753950631,1.3862943611198906,1.0,0.0,3,"the ratio of wealth to income remained high, although it was down a bit because of a decline in equity prices. The personal saving rate stayed
Despite generally good first-quarter earnings reports, equity indexes moved down considerably in response to the signs of weaker economic growth.
A less buoyant and less certain economic outlook seemed apparent in financial markets as well, where equity prices had fallen and risk spreads had widened.",0.83865487,0.8381103599999999,0.8350962333333333,0.8477792133333333,0.8058343333333333,0.8019256466666667,0.8231165666666667,0.77641859,0.79863169,0.8051175866666668,0.8179149333333333,0.80931043,0.8114047133333333,0.8108925,0.8238559666666667,0.8154081300000001,0.8115047666666667,0.8114538666666666,0.8019803,0.8006490966666666,0.8174201666666666,0.8218091900000001,0.8137214300000001,0.83204311,0.8384659766666668,0.80766085,0.8289961833333334,0.8119099533333333,0.8305566666666667,2.0,0.0,2.0,0.0,2.0,0.0
2005-06-30,2005,4,3,1,4425,615,25.0,3.0,2.75,2.5,1.7433399844816218,55.0,1.7433399844816218,1.7433399844816218,11.77,2.465553921272185,,,,,0.5307230194186409,1.286562981558272,2005-07-21,25.0,0.0065040650406504,0.0016260162601626,0.0048780487804878,6.423246963533519,1.6094379124341005,0.25,0.75,4,"Buoyed by the drop in longer-term interest rates and largely upbeat economic news, major equity indexes rose appreciably over the intermeeting period.
spending remained firm. With rising home and equity prices buoying household wealth, consumer expenditures continued to advance.
However, anticipation of slow growth seemed inconsistent with higher stock prices and thin risk spreads in corporate debt markets. The
on the part of investors about the economic outlook -- as seen in low readings of implied volatility in bond and equity markets. Finally, demands",0.7899647575,0.789653075,0.781346625,0.7820414250000001,0.8024604075,0.79307704,0.78991416,0.775855525,0.79300084,0.833897075,0.824528945,0.8052115725,0.796981525,0.8054570475,0.81843146,0.8096808325,0.793285765,0.788666,0.800330065,0.7926127225,0.8320184275,0.82106319,0.8226755625,0.8423069625,0.836966815,0.805024875,0.811622795,0.8062651925,0.8205048850000001,0.0,3.0,0.0,3.0,0.0,3.0
2005-08-09,2005,1,0,0,3332,239,25.0,3.25,3.0,2.75,2.330775942229528,35.0,2.330775942229528,2.330775942229528,13.21,2.580974118534234,,,,,0.9721009254099182,2.2118969440656344,2005-08-30,25.0,0.00418410041841,0.0,0.0,5.480638923341991,0.6931471805599453,0.0,0.0,1,"Spreads on investment-grade corporate bonds were little changed over the intermeeting period, but those on speculative-grade bonds declined markedly, ending the period close to the very low levels reached earlier this year. Major equity indexes advanced, supported by strong corporate earnings reports. The trade-weighted foreign exchange value of the dollar depreciated slightly over the intermeeting period.",0.781389,0.7879038,0.7670888,0.7908838,0.8052461,0.79764277,0.8185042,0.79182667,0.76659006,0.815951,0.8263601,0.78915644,0.8044188,0.7846569,0.80083764,0.8097376,0.80159783,0.80274045,0.80730295,0.77164054,0.808312,0.8129357,0.7976997,0.81710166,0.8196556,0.79002726,0.80281496,0.8006367,0.80070996,0.0,1.0,0.0,1.0,0.0,1.0
2005-09-20,2005,1,1,0,3512,246,25.0,3.5,3.25,3.0,0.3641995118060551,37.0,0.3641995118060551,0.3641995118060551,12.14,2.4965057856313524,,,,,-0.6186612731748998,-0.6402425074438537,2005-10-11,25.0,0.0040650406504065,0.0,0.0040650406504065,5.5093883366279774,0.6931471805599453,0.0,1.0,1,"Spreads on investment-grade corporate bonds were little changed over the intermeeting period, but those on speculative-grade bonds increased from very low levels. Major equity indexes appeared to be supported by lower interest rates and posted modest gains despite the increases in energy prices. The trade-weighted foreign exchange value of the dollar depreciated slightly over the intermeeting period.",0.7877914,0.8015226,0.78070366,0.7937491,0.81149745,0.8044611,0.8308886,0.79227567,0.78193325,0.7981777,0.82869434,0.7908914,0.8134582,0.79038227,0.80360836,0.817242,0.8033546,0.81059647,0.81081116,0.786955,0.81320167,0.8208348,0.80175245,0.8214358,0.8234458,0.7927349,0.8096675,0.7985252,0.8024164,0.0,0.0,0.0,0.0,0.0,0.0
2005-11-01,2005,1,1,0,3763,252,25.0,3.75,3.5,3.25,-1.3450064258029577,37.0,-1.3450064258029577,1.3450064258029577,15.32,2.729159164312445,,,,,0.336158254737941,-1.020709394660739,2005-11-22,25.0,0.0039682539682539,0.0,0.0039682539682539,5.53338948872752,0.6931471805599453,0.0,1.0,1,"As broad indexes of investment- and speculative-grade corporate bond yields moved largely in line with Treasury yields over the period, spreads were little changed. Major stock price indexes fell moderately and the trade-weighted foreign exchange value of the dollar appreciated slightly over the intermeeting period. Domestic nonfinancial debt appeared to have advanced briskly in the third quarter.",0.7797384,0.7949448,0.7654431,0.7923383,0.8106284,0.80118465,0.81019163,0.81072915,0.79358023,0.812444,0.8192487,0.80199456,0.8156708,0.8024,0.81824064,0.8167875,0.8022338,0.8096018,0.81723344,0.79013395,0.8223805,0.8217607,0.8118018,0.82534385,0.82896966,0.79616547,0.81785023,0.8085369,0.81404907,0.0,0.0,0.0,0.0,0.0,0.0
2005-12-13,2005,3,3,0,3578,517,25.0,4.0,3.75,3.5,3.212394212897209,37.0,3.212394212897209,3.212394212897209,11.47,2.4397349311412797,,,,,0.3554457536940703,1.5542278396907216,2006-01-03,25.0,0.0058027079303675,0.0,0.0058027079303675,6.249975242259483,1.3862943611198906,0.0,1.0,3,"continued brisk advances in house prices and the recent strengthening of equity prices contributed importantly to increases in household wealth. Consumer sentiment picked up in November and early December; some survey
over the intermeeting period. Major equity price indexes posted substantial gains, spurred by the perception that the economy had retained considerable
interest rates, the anticipated waning of the positive wealth effect associated with large earlier gains in equity and house prices, and reduced impetus from fiscal policy.",0.8087011133333334,0.7885579466666667,0.78566478,0.7729571433333334,0.8025467700000001,0.7972937999999999,0.7974021866666666,0.7626847233333334,0.7963403133333333,0.8475726166666666,0.8476349966666668,0.8320229533333334,0.8067981733333335,0.8090108666666667,0.8142053633333334,0.80837892,0.7961461133333333,0.7955195033333333,0.78999012,0.7992144333333333,0.8559550233333333,0.8223081900000001,0.8310078666666666,0.8417922333333333,0.8429513566666667,0.8028832966666667,0.8187529333333333,0.8108560233333333,0.8453166,0.0,2.0,0.0,2.0,0.0,2.0
2006-01-31,2006,4,3,1,6891,472,25.0,4.25,4.0,3.75,0.3668762496898906,44.0,0.3668762496898906,0.3668762496898906,12.39,2.516889695641051,,,,,0.7363198121698075,-0.2708620186707884,2006-02-21,25.0,0.0084745762711864,0.0021186440677966,0.0063559322033898,6.159095388491933,1.6094379124341005,0.25,0.75,4,"Outside of motor vehicles, consumption was brisk, supported by job growth, increases in personal income, and the decline in energy prices. Consumption was also likely supported by further gains in home values and equity prices that raised the ratio of household wealth to disposable income relative to that seen earlier in 2005. Consumer sentiment measured by surveys moved up in December and, judging by the preliminary reading of the Michigan Survey, edged up further in January.
Yields on investment- and speculative-grade corporate debt moved largely in line with Treasury yields. Major stock price indexes rose modestly, and the trade-weighted foreign exchange value of the dollar depreciated slightly over the period. Domestic nonfinancial sector debt appeared to have expanded at a somewhat slower pace in the fourth quarter, down from the rapid increase in the third quarter.
S. exports; indeed, the sharp increases in commodity prices and rallies in world equity markets suggested the possibility of an even stronger path for demand abroad. Financial market conditions in the United States, as well as those abroad, suggested that investors were optimistic about the economic outlook.
Financial market conditions in the United States, as well as those abroad, suggested that investors were optimistic about the economic outlook. The recent strength in equity markets and the low prevailing term premiums and bond spreads perhaps reflected market assessments that economic risks were lower than usual, as well as strong demands for longer-term assets and an ample supply of liquidity. The possibility that term premiums and credit spreads could return to more typical settings represented a downside risk for interest-sensitive components of aggregate demand.",0.8006758625,0.7880416,0.7846519975,0.7928196000000001,0.8094714325,0.804805305,0.809999625,0.775930755,0.80834895,0.856587525,0.8442334625,0.8205709525,0.8190829749999999,0.8174126625,0.828224025,0.8201335125,0.8085767275,0.8036396675,0.804721985,0.8070037,0.8217457125000001,0.808588065,0.8070082375000001,0.822054925,0.81328794,0.7875388875,0.79410407,0.7729816625,0.8063895,0.0,2.0,0.0,2.0,0.0,2.0
2006-03-28,2006,2,2,0,4103,292,25.0,4.5,4.25,4.0,0.9604687787703786,51.0,0.9604687787703786,0.9604687787703786,11.46,2.438862711286593,,,,,0.1898775131942482,-0.513341695161248,2006-04-18,25.0,0.0068493150684931,0.0,0.0068493150684931,5.680172609017068,1.0986122886681098,0.0,1.0,2,"The annual raise in the pay of federal employees, cost-of-living adjustments to Social Security benefits and other transfer programs, and the initiation of the Medicare Prescription Drug Plan boosted the level of personal disposable income in January. Consumption was likely supported also by ongoing increases in home prices and gains in the stock market. Consumer confidence as measured by surveys remained consistent with moderate increases in consumer spending.
Yields on investment-grade corporate debt rose roughly in line with those on comparable-maturity Treasury securities, while yields on speculative-grade corporate debt were little changed. Broad stock market indexes were modestly higher amid favorable economic news and lower oil prices, and the trade-weighted foreign exchange value of the dollar appreciated slightly over the period. Growth of domestic nonfinancial sector debt appeared to have moderated only a bit in the first quarter from its robust pace in the fourth quarter of 2005.",0.7732782,0.7662538699999999,0.748370575,0.7630064,0.79626345,0.7866459,0.7890347499999999,0.764314275,0.79216075,0.841987635,0.822813025,0.8153786000000001,0.79323957,0.8062074,0.80568525,0.79650322,0.7853747,0.7870235999999999,0.78851085,0.78947175,0.8069804899999999,0.777695025,0.793391705,0.7819575649999999,0.782676625,0.756027375,0.7693054749999999,0.7457241,0.78090483,0.0,1.0,0.0,1.0,0.0,1.0
2006-05-10,2006,2,1,0,4405,294,25.0,4.75,4.5,4.25,1.1514751664407423,40.0,1.1514751664407423,1.1514751664407423,11.99,2.4840729690394228,,,,,1.2093464356159649,-1.1940065704131997,2006-05-31,25.0,0.0068027210884353,0.0,0.0034013605442176,5.68697535633982,1.0986122886681098,0.0,0.5,2,"Although continued improvements in the labor market had been generating considerable gains in nominal wage and salary income, rising gasoline prices held down the increase in real disposable personal income in March and were expected to damp it in April as well. Ongoing increases in home prices and additional gains in the stock market, however, further boosted household wealth during the first quarter. Measures of consumer confidence remained consistent with moderate increases in consumer spending.
Spreads of yields on investment-grade bonds over those on comparable-maturity Treasury securities were about unchanged, while those on speculative-grade bonds declined. Major stock price indexes were up a bit over the intermeeting period, as positive first-quarter earnings reports more than offset the negative effects of higher energy prices and rising interest rates. The trade-weighted exchange value of the dollar against major foreign currencies fell since the March meeting.",0.787986325,0.78733858,0.76863244,0.783870465,0.800084375,0.7817767,0.794053975,0.7682911450000001,0.79316649,0.83009135,0.81310918,0.81671463,0.79586035,0.8109094,0.8063405,0.8013935999999999,0.782086315,0.7873862,0.787896325,0.7889340300000001,0.8271575,0.7963196349999999,0.8085330850000001,0.81118107,0.805767225,0.7694222749999999,0.7912726999999999,0.7680721,0.8027377499999999,0.0,3.0,0.0,3.0,0.0,3.0
2006-06-29,2006,3,2,0,4289,269,25.0,5.0,4.75,4.5,-5.855827452473371,47.0,-5.855827452473371,5.855827452473371,15.79,2.7593768282675506,,,,,-0.7237674605307638,1.0247955689918125,2006-07-20,25.0,0.0111524163568773,0.0,0.0074349442379182,5.598421958998375,1.3862943611198906,0.0,0.6666666666666666,3,"Higher interest rates also likely restrained spending. Nonetheless, despite recent declines in equity prices, the wealth-to-income ratio remained well above its historical average, and consumer sentiment, which dipped in May, rebounded some in early June. Residential construction activity moderated over the past few months but remained at a historically high level.
Expansion of economic activity in the foreign industrial countries was solid in the first quarter, but indications for the second quarter were more mixed. Incoming data pointed to a possible slowing in Canada, but signs of further expansion in the euro area and of continued growth in Japan were evident, notwithstanding sharp declines in equity indexes in these countries. Headline inflation picked up in April and May, driven partly by sharp increases in the prices of petroleum-based products.
Yields on inflation-indexed Treasury securities increased by more than those on nominal securities, and the resulting decline in inflation compensation retraced a substantial share of the rise that had occurred over the preceding intermeeting period. Major stock price indexes fell sharply over the period. Spreads of yields on corporate bonds over those on comparable-maturity Treasury securities widened somewhat, while those on speculative-grade issues rose by more.",0.7970536199999999,0.8052763199999999,0.7777691666666667,0.7973191833333333,0.8047791333333333,0.7901652166666667,0.8063914466666667,0.77100468,0.8022586500000001,0.8050371666666667,0.8192875666666667,0.7994531133333332,0.80045639,0.7965294100000001,0.81028922,0.8042574933333334,0.7928212466666666,0.79850656,0.7946501666666667,0.7998007466666667,0.8084211900000001,0.7931261533333333,0.7888553500000001,0.8081180933333334,0.8046190966666668,0.78001853,0.7986843633333334,0.7696300333333334,0.80837785,2.0,1.0,2.0,1.0,2.0,1.0
2006-08-08,2006,1,0,0,3772,262,0.0,5.25,5.0,4.75,0.2440511389204836,35.0,0.2440511389204836,0.2440511389204836,15.23,2.7232671669070703,,,,,0.0699992443905348,-0.4161181437732116,2006-08-29,0.0,0.0038167938931297,0.0,0.0,5.572154032177765,0.6931471805599453,0.0,0.0,1,"Spreads of yields on corporate bonds over those on comparable-maturity Treasury securities were about unchanged, while those on speculative-grade bonds widened. Major stock price indexes rose modestly. The foreign exchange value of the dollar against other major currencies fell, on net, over the intermeeting period.",0.77113175,0.80401516,0.76827896,0.79512554,0.812776,0.7972648,0.8159305,0.7964732,0.7982801,0.8011613,0.81161565,0.7927208,0.81269926,0.80525833,0.80571616,0.81841207,0.8001928,0.8118504,0.81370914,0.79981625,0.8170771,0.8276051,0.80252576,0.82468075,0.83153766,0.7938493,0.82404035,0.8021973,0.8183069,0.0,1.0,0.0,1.0,0.0,1.0
2006-09-20,2006,1,1,0,3793,267,0.0,5.25,5.25,5.0,3.73285075797891,40.0,3.73285075797891,3.73285075797891,11.98,2.4832385926873037,,,,,0.936189665853316,1.0727649258875052,2006-10-11,0.0,0.0037453183520599,0.0,0.0037453183520599,5.5909869805108565,0.6931471805599453,0.0,1.0,1,"Spreads of yields on investment- and speculative-grade corporate bonds over those on Treasury securities were about unchanged. Major stock price indexes posted solid gains. The foreign exchange value of the dollar against other major currencies was little changed, on net, over the intermeeting period.",0.73923886,0.7657712,0.73539656,0.75492424,0.80656695,0.78318,0.7866446,0.82034314,0.7749616,0.8125987,0.80915165,0.7825858,0.80434436,0.79240453,0.80239165,0.80730903,0.7868427,0.79150736,0.8177345,0.7765548,0.8306484,0.83252364,0.81681484,0.834792,0.8362933,0.80108976,0.8199753,0.81484497,0.82285464,0.0,1.0,0.0,1.0,0.0,1.0
2006-10-25,2006,1,1,0,4533,301,0.0,5.25,5.25,5.25,3.9529958832096064,32.0,3.9529958832096064,3.9529958832096064,10.78,2.377692565480851,,,,,0.2145717918945716,0.5843175451442356,2006-11-15,0.0,0.0033222591362126,0.0,0.0033222591362126,5.71042701737487,0.6931471805599453,0.0,1.0,1,"Spreads of investment-grade corporate bond yields over those on comparable-maturity Treasury securities held steady, while those on speculative-grade corporate bonds narrowed a little. Broad equity indexes rose noticeably. The trade-weighted index of the foreign exchange value of the dollar versus major currencies rose somewhat on balance, and the gains were spread evenly against most currencies.",0.757679,0.78270745,0.7530298,0.7581817,0.80818474,0.8025214,0.7862587,0.7898947,0.7871099,0.8295053,0.82228696,0.79494214,0.81338763,0.79228824,0.8106267,0.8067157,0.8062281,0.7932982,0.8081177,0.78478265,0.8114024,0.81829506,0.79366493,0.82562065,0.82186735,0.79613143,0.80633956,0.78787863,0.8059378,0.0,2.0,0.0,2.0,0.0,2.0
2006-12-12,2006,2,1,0,4219,286,0.0,5.25,5.25,5.25,0.9024786701656232,43.0,0.9024786701656232,0.9024786701656232,10.71,2.3711778844596574,,,,,0.1092737976667354,-0.2181047456634353,2007-01-03,0.0,0.0069930069930069,0.0,0.0034965034965034,5.659482215759621,1.0986122886681098,0.0,0.5,2,"Spurred by sharp declines in consumer energy prices, real disposable income also increased rapidly in September and October. Despite the further deceleration in house prices, the ratio of household wealth to disposable income remained well above its historical average, buoyed by robust gains in the stock market. Readings on consumer sentiment edged down in November and early December but stayed above levels seen in the summer.
Spreads of investment-grade corporate bond yields over those of comparable-maturity Treasury securities remained about unchanged, while those on speculative-grade corporate bonds rose a bit. Broad equity indexes showed solid gains. The foreign exchange value of the dollar against other major currencies fell, on net, over the intermeeting period, with pronounced declines against the euro and sterling.",0.7969855800000001,0.78965132,0.76971826,0.7816806000000001,0.8013489300000001,0.78957391,0.801171885,0.771205865,0.7879001999999999,0.8307845,0.8168788499999999,0.818145875,0.80363467,0.8034013499999999,0.80213812,0.80603245,0.78939582,0.7988761,0.797068535,0.79157725,0.8295168500000001,0.798224,0.80384712,0.81116063,0.8076437000000001,0.7744586,0.79656045,0.783245145,0.79988405,0.0,1.0,0.0,1.0,0.0,1.0
2007-01-31,2007,2,2,0,7816,536,0.0,5.25,5.25,5.25,-0.1107907199128084,47.0,-0.1107907199128084,0.1107907199128084,10.96,2.394252281519869,,,,,-0.0996006545150379,-3.644660778272377,2007-02-21,0.0,0.003731343283582,0.0,0.003731343283582,6.285998094508865,1.0986122886681098,0.0,1.0,2,"Real disposable income posted solid gains in October and November and likely rose further in December, reflecting increases in wages and salaries and further declines in energy prices. Although house-price appreciation appeared to have slowed further since the end of the third quarter, robust gains in equity prices likely resulted in a small rise in the ratio of household wealth to disposable income last quarter. Readings on consumer sentiment moved up at the end of last year and held steady in early 2007.
Spreads of investment-grade corporate bond yields over those of comparable-maturity Treasury securities moved down a bit, while those of speculative-grade issues declined significantly more. Broad equity indexes edged higher. The foreign exchange value of the dollar against other major currencies rose, on balance, particularly versus the yen.",0.7873943750000001,0.7835983,0.76331233,0.77495085,0.7964572,0.78542245,0.78529345,0.759909835,0.7805122499999999,0.83054596,0.8152855050000001,0.80895965,0.79423405,0.79224635,0.801907115,0.79774575,0.782811615,0.78202015,0.786900935,0.7797028500000001,0.8276177499999999,0.797650365,0.806236575,0.81584665,0.8165971000000001,0.778912845,0.80033216,0.785449625,0.8063968749999999,0.0,1.0,0.0,1.0,0.0,1.0
2007-03-21,2007,5,0,3,4236,310,0.0,5.25,5.25,5.25,-3.711565963782148,46.0,-3.711565963782148,3.711565963782148,13.27,2.585505848344116,,,,,0.6052870110770342,2.216711827091071,2007-04-11,0.0,0.0161290322580645,0.0096774193548387,0.0,5.739792912179234,1.791759469228055,0.6,0.0,5,"The boost to consumer spending from earlier gains in wealth was likely being muted by the lagged effects of the upward trend in borrowing costs. In addition, recent declines in equity prices and slowing house price appreciation pointed to a modest reduction in households� wealth-to-income ratio in the first quarter. Housing starts declined in January, extending the downward trend that had been in place since early 2006, but bounced back in February.
Economic data releases were somewhat weaker than expected on balance over the first few weeks of the intermeeting period, and policy expectations moved appreciably lower on net by mid-February. Financial market volatility increased sharply in the second half of the intermeeting period amid an apparent pullback from risk-taking that was reportedly spurred by mixed news on domestic economic activity, mounting concerns about the subprime mortgage sector, and significant declines in foreign equity prices. On net over the intermeeting period, investors tilted their anticipated path for monetary policy beyond mid-2007 down substantially, and yields on two- and ten-year nominal Treasury securities fell 30 to 40 basis points.
Yields on inflation-indexed Treasury securities generally declined somewhat less than their nominal counterparts, leaving inflation compensation slightly lower across the term structure. Broad stock price indexes dropped several percent on net over the period. Yields on investment-grade corporate bonds fell about in line with those on Treasury securities of comparable maturity.
In its forecast prepared for this meeting, the staff marked down the projected increase in real GDP in the first quarter in response to weaker-than-expected incoming data on business equipment spending and federal defense purchases. The recent increase in oil prices and decline in equity prices, along with increased strains in the subprime mortgage sector, were expected to exert some drag on real activity over the remainder of the year. Even so, real GDP growth was expected to pick up to a rate a little below that of the economy�s long-run potential for the remainder of 2007, as declines in residential construction activity lessened, and to remain at a similar rate in 2008.
Meeting participants noted that weakness in the housing market had not spilled over to aggregate consumption--though the flattening out in house prices likely would contribute to an increase in the personal saving rate--and turmoil in the subprime mortgage market did not appear to be generating any diminution in the availability of other types of household credit. The recent increase in oil prices and the reduction in household net worth resulting from the small net declines in equity prices during the intermeeting period warranted a modest downward adjustment in projected growth of consumer spending. Even so, the possibility that the personal saving rate would fail to rise as projected in the staff forecast remained an upside risk to the outlook.",0.826981692,0.81719634,0.803382676,0.8219146160000002,0.800864002,0.785526638,0.8301892479999999,0.771139238,0.7816497480000001,0.77910298,0.80508642,0.8069104039999999,0.795732432,0.79730439,0.8024593440000001,0.8036201179999999,0.78931991,0.8064438899999999,0.784407964,0.785779306,0.814882272,0.782697216,0.795298252,0.7973779719999999,0.8022921820000001,0.766439564,0.8038369120000001,0.76466695,0.7938864760000001,4.0,0.0,4.0,0.0,4.0,0.0
2007-05-09,2007,4,3,1,4336,287,0.0,5.25,5.25,5.25,4.479066203314007,46.0,4.479066203314007,4.479066203314007,13.21,2.580974118534234,,,,,0.0125799653351782,-0.9327940020664296,2007-05-30,0.0,0.0139372822299651,0.0034843205574912,0.0104529616724738,5.662960480135946,1.6094379124341005,0.25,0.75,4,"Wages and salaries increased solidly, on average, and the Bureau of Economic Analysis estimated that income in January was boosted by unusually large bonus payments and stock option exercises. The household wealth-to-income ratio likely ticked down in the first quarter, as the stock market rose only a little and house prices remained soft. However, given the surge in stock prices in April, much of the lost ground had probably since been made up.
The household wealth-to-income ratio likely ticked down in the first quarter, as the stock market rose only a little and house prices remained soft. However, given the surge in stock prices in April, much of the lost ground had probably since been made up. Residential construction activity remained soft as builders attempted to work off elevated inventories of unsold new homes.
Spreads on speculative-grade corporate bonds narrowed. Equity prices climbed steeply amid solid earnings reports and improved sentiment, more than reversing the declines in the previous intermeeting period. The foreign exchange value of the dollar against other major currencies moved lower, on balance.
In contrast to the rapid gains of recent years, meeting participants expected household expenditure to grow at a more moderate pace in coming quarters. Consumption was likely to be supported by continued advances in employment and incomes, as well as gains in stock prices; but the recent increases in gasoline prices probably would damp households' spending power in the near term, and the effect of the anticipated leveling out in home-price appreciation on household wealth was expected to contribute to a gradual increase in the personal saving rate over the medium run. Participants remained concerned that the housing market correction could have a more pronounced impact on consumer spending than currently expected, especially if house prices were to decline significantly.",0.801305105,0.799217065,0.78201327,0.7984010425,0.79971311,0.7779539025,0.7986321025,0.759506205,0.80266335,0.8285293524999999,0.819539575,0.81888883,0.78880884,0.8079459950000001,0.808566775,0.8003680125,0.7793426375,0.7889839375,0.7860130875,0.7978010875,0.83403491,0.7901789825000001,0.8145563499999999,0.8135553875,0.8136774075,0.77386018,0.79119825,0.7802314025,0.812285325,0.0,2.0,0.0,2.0,0.0,2.0
2007-06-28,2007,6,6,0,4799,297,0.0,5.25,5.25,5.25,-0.5048133144935549,47.0,-0.5048133144935549,0.5048133144935549,15.53,2.7427736371605955,,,,,-1.2428756529852394,-4.733209583802287,2007-07-19,0.0,0.0202020202020202,0.0,0.0202020202020202,5.697093486505405,1.9459101490553128,0.0,1.0,4,"Real disposable personal income rose at a moderate pace, on average, in the first four months of the year, boosted not only by ongoing gains in wages and salaries, but also by unusually large bonus payments and stock option exercises in the first quarter. Although the household wealth-to-income ratio ticked down in the first quarter with the stock market up only a little and house prices remaining soft, the increase in stock prices in the second quarter likely made up much of the lost ground. Elevated inventories of unsold new homes continued to weigh on residential construction activity.
In contrast, spreads on speculative-grade corporate bonds narrowed. Equity prices were volatile at times during the intermeeting period, but broad stock price indexes advanced modestly, on net, as favorable news on the economy and announcements of mergers and acquisitions outweighed the drag of higher bond yields. The foreign exchange value of the dollar against other major currencies was little changed, on balance.
Still, the advance in spending was expected to fall short of income growth, and the saving rate was anticipated to trend higher over coming quarters from the unusually low levels of recent years. Some participants noted a risk that the saving rate could rise more than currently foreseen, particularly if household wealth were depressed by a further softening in house prices or by a less buoyant equity market that might accompany a potential slowing in the growth of corporate earnings. Several participants noted that higher interest rates and a potential tightening in credit availability might also be factors that could contribute to a rise in the personal saving rate.
Several participants noted that higher interest rates and a potential tightening in credit availability might also be factors that could contribute to a rise in the personal saving rate. At the same time, participants recognized that consumption growth had held up to date and saw a risk that the saving rate could fail to rise as much as currently expected, particularly if equity markets continued to register significant gains. A number of participants remarked that the recent data on business spending were more encouraging than those available at the time of the May meeting.",0.793122975,0.8061036024999999,0.7828698475,0.794197825,0.8125916175,0.7929543825,0.8093942000000001,0.7679427999999999,0.8145132174999999,0.8262532525,0.8376258125,0.81787114,0.8065262,0.8117155375,0.818477225,0.8120003250000001,0.797956765,0.7955788275,0.7910269600000001,0.80262183,0.8107499874999999,0.7823971675,0.7940674,0.79883545,0.799796085,0.7658307424999999,0.7701254774999999,0.7538887175,0.7967684725,1.0,2.0,1.0,2.0,1.0,2.0
2007-08-07,2007,4,1,2,4455,292,0.0,5.25,5.25,5.25,-5.249251663511329,35.0,-5.249251663511329,5.249251663511329,22.94,3.1328821117012247,,,,,2.156779070693198,2.662191630894543,2007-08-28,0.0,0.0136986301369863,0.0068493150684931,0.0034246575342465,5.680172609017068,1.6094379124341005,0.5,0.25,4,"Although a spike in energy prices eroded real income growth in the second quarter, there were solid gains in wages and salaries. Despite continued softness in house prices, household wealth moved markedly higher in the second quarter, mostly reflecting rising equity prices. Demand for housing in the second quarter was restrained by higher interest rates and by tightening credit conditions in the subprime mortgage market.
Economic activity in advanced foreign economies expanded somewhat less rapidly in the second quarter than in the prior quarter, but nonetheless appeared to have grown faster than trend, reflecting upbeat business and consumer confidence as well as favorable labor market conditions. Although many of those economies recently experienced sharp declines in equity prices and widening credit spreads amid deepening concerns about credit quality, these developments occurred too late in the intermeeting period to have any apparent effect on incoming data. In Japan, survey evidence suggested that its economy expanded moderately.
In Latin America, Mexican indicators pointed to a weaker-than-expected rebound in the second quarter, whereas Brazil and Argentina appeared to have experienced solid growth. While equity prices fell and bond spreads widened in several emerging-market economies, particularly in Latin America, there was no evidence that this increased volatility had yet weighed on economic activity. U.
Mortgage loans and consumer credit appeared to remain readily available to households with strong balance sheets, although late in the period some evidence pointed to diminishing availability of jumbo mortgages. Broad stock price indexes declined substantially, on net, over the intermeeting period despite generally solid second-quarter earnings reports. Share prices of financial firms fell especially sharply, reportedly a reflection, in part, of concerns about exposures to subprime mortgages and about the effect of a potential slowdown in merger activity on operating profits.",0.8038945125,0.814325575,0.7891922675,0.7993900425,0.79058135,0.783708655,0.80574685,0.77380115,0.7923143075,0.813385705,0.8193525150000001,0.8039190475,0.805445215,0.7987266749999999,0.80202766,0.7942511425,0.7927903375,0.79716688,0.7905197875,0.79171565,0.8027783175000001,0.79208749,0.7813403525,0.790881495,0.7840083,0.7665165625,0.7816702675,0.7643863,0.79315399,2.0,1.0,2.0,1.0,2.0,1.0
2007-09-18,2007,2,1,1,5669,358,-50.0,5.25,5.25,5.25,-1.297828717597052,37.0,-1.297828717597052,1.297828717597052,26.48,3.2763897310688077,,,,,-0.182229109998047,-1.7931781745128097,2007-10-09,-50.0,0.0055865921787709,0.0027932960893854,0.0027932960893854,5.883322388488279,1.0986122886681098,0.5,0.5,2,"Real disposable income rose further in July, as wages and salaries posted a strong gain and energy prices came down. However, household wealth likely was providing a diminishing impetus to the pace of spending, reflecting recent declines in stock market wealth and an apparent further deceleration in house prices. Readings on consumer sentiment turned down in August after having risen in July, and the Reuters/Michigan index remained near its relatively low August level in early September.
Although markets for nonconforming mortgages were impaired over the intermeeting period, the supply of conforming mortgages seemed to have been largely unaffected by recent developments. Broad stock price indexes were volatile but about unchanged, on net, over the intermeeting period. The foreign exchange value of the dollar against other major currencies fell, on balance.",0.8168035499999999,0.81433055,0.79815653,0.81484168,0.79588247,0.7778607,0.8160213199999999,0.7917534500000001,0.78827607,0.79541701,0.8061178,0.8159366,0.7983195999999999,0.8123134999999999,0.7965546,0.8009816999999999,0.7845207,0.806179865,0.804900175,0.79103623,0.8409231500000001,0.80080988,0.81281127,0.8066189800000001,0.801682715,0.77341405,0.8005554500000001,0.79141163,0.808540875,1.0,0.0,1.0,0.0,1.0,0.0
2007-10-31,2007,2,0,2,5616,341,-25.0,4.75,5.25,5.25,0.3568465582405148,40.0,0.3568465582405148,0.3568465582405148,21.07,3.047850227816097,,,,,-1.6141927379387353,1.948134840888876,2007-11-20,-25.0,0.0058651026392961,0.0058651026392961,0.0,5.834810737062605,1.0986122886681098,1.0,0.0,2,"However, other factors affecting consumer spending were mixed. Short-term interest rates dropped and stock prices rose, on balance, after August. By contrast, house prices continued to decelerate, standards on consumer and mortgage credit tightened after mid-summer, and the turmoil in financial markets that started in the summer likely exerted some restraint on consumer spending.
TIPS-based inflation compensation was about unchanged on balance over the intermeeting period despite a sharp rise in spot oil prices. Stock prices jumped early in the intermeeting period in response to the cut in the target federal funds rate and some favorable economic news but later dropped back, leaving broad indexes up only a bit on net. The foreign exchange value of the dollar against other major currencies declined notably.",0.80003873,0.81693302,0.7787125,0.7971670500000001,0.816580655,0.79454669,0.8350815149999999,0.777811495,0.8030105000000001,0.7970849600000001,0.8169282,0.81486828,0.81577922,0.8213865300000001,0.796829,0.81447363,0.7936680650000001,0.8221586000000001,0.80705363,0.8081824799999999,0.8269247,0.81522384,0.806037755,0.8026169999999999,0.8063690050000001,0.78272425,0.8130100499999999,0.780868585,0.809876865,0.0,1.0,0.0,1.0,0.0,1.0
2007-12-11,2007,1,0,1,6087,355,-25.0,4.5,4.5,4.75,-0.5676837479609462,36.0,-0.5676837479609462,0.5676837479609462,20.74,3.032064202801381,,,,,-0.0087123287671232,-2.7234926174551664,2008-01-02,-25.0,0.0028169014084507,0.0028169014084507,0.0,5.87493073085203,0.6931471805599453,1.0,0.0,1,"Spreads on conforming mortgage products also widened after reports of losses and reduced capital ratios at the housing-related government-sponsored enterprises. Broad-based equity indexes were volatile and ended the period down noticeably. Financial stocks were especially hard hit, dropping substantially more than the broad indexes.",0.84746206,0.8786577,0.8455643,0.83477813,0.81866705,0.815825,0.8287895,0.79469526,0.8132038,0.7798424,0.80817604,0.82189655,0.8485081,0.82223874,0.80670166,0.82748353,0.82688075,0.82962024,0.82199955,0.8281255,0.8403881,0.84476215,0.8169892,0.8194764,0.82963413,0.80905414,0.8266872,0.8101303,0.8385229,1.0,0.0,1.0,0.0,1.0,0.0
2008-01-30,2008,7,0,7,9774,636,-50.0,3.5,3.5,4.25,-9.723324658604156,47.0,-9.723324658604156,9.723324658604156,27.32,3.307619034702589,,,,,-1.301113850008578,1.4179171306529252,2008-02-20,-50.0,0.0110062893081761,0.0110062893081761,0.0,6.456769655572163,2.079441541679836,1.0,0.0,7,"Real disposable personal income was little changed in the fourth quarter, held down by higher consumer energy prices. Also, the wealth-to-income ratio ticked down in the third quarter, and appeared likely to decline again in the fourth quarter, as equity prices had fallen since the end of the third quarter and available indicators pointed to continued declines in house prices in the fourth quarter. In December, readings on consumer sentiment remained at relatively low levels by historical standards.
Over the intermeeting period, spreads on conforming mortgages over comparable-maturity Treasury securities remained about flat, as did spreads on jumbo mortgages, although credit availability for jumbo-mortgage borrowers continued to be tight. Broad stock price indexes fell over the intermeeting period on perceptions of a deteriorating economic outlook and additional write-downs by financial institutions. Similar stresses were again evident in the financial markets of major foreign economies.
Consumer confidence remained low, and indicators of business sentiment had worsened. Equity prices had also fallen sharply so far in 2008, and, while the functioning of money markets had improved, conditions in some other financial markets had become more restrictive. The staff projection showed the weakness in spending dissipating over the second half of 2008 and 2009, in response to the cumulative easing of monetary policy since August, the abatement of housing weakness, a lessening drag from high oil prices, and the prospect of fiscal stimulus.
However, broader financial conditions had tightened significantly, on balance, in the weeks leading up to the meeting, as evidence of further deterioration in housing markets and investors' more pessimistic view of the economic outlook adversely affected a range of financial markets. Many participants were concerned that the drop in equity prices, coupled with the ongoing decline in house prices, implied reductions in household wealth that would likely damp consumer spending. Moreover, elevated volatility in financial markets likely reflected increased uncertainty about the economic outlook, and that greater uncertainty could lead firms and households to limit spending.
Recent data as well as anecdotal information indicated that consumer spending had decelerated considerably, perhaps partly reflecting a spillover from the weakness in the housing sector. Participants remarked that declining house prices and sales appeared to be depressing consumer sentiment and that the contraction in wealth associated with decreases in home and equity prices probably was restraining spending. In addition, consumption expenditures were being damped by slower growth in real disposable income induced by high energy prices and possibly by a softening of the labor market.
In the discussion of monetary policy for the intermeeting period, most members believed that a further significant easing in policy was warranted at this meeting to address the considerable worsening of the economic outlook since December as well as increased downside risks. As had been the case in some previous cyclical episodes, a relatively low real federal funds rate now appeared appropriate for a time to counter the factors that were restraining economic growth, including the slide in housing activity and prices, the tightening of credit availability, and the drop in equity prices. Members judged that a 50 basis point reduction in the federal funds rate, together with the Committee's previous policy actions, would bring the real short-term rate to a level that was likely to help the economy expand at a moderate pace over time.
Such an action, by demonstrating the Committee's commitment to act decisively to support economic activity, might reduce concerns about economic prospects that seemed to be contributing to the deteriorating conditions in financial markets, which could feed back on the economy. However, some concern was expressed that an immediate policy action could be misinterpreted as directed at recent declines in stock prices, rather than the broader economic outlook, and one member believed it preferable to delay policy action until the scheduled FOMC meeting on January 29-30. Some members also noted that were policy to become very stimulative it would be important for the Committee to be decisive in reversing the course of interest rates once the economy had strengthened and downside risks had abated.",0.8453824514285715,0.8450816971428571,0.8334166585714285,0.8392704414285713,0.79709352,0.7968515457142857,0.8395174628571428,0.7689511514285714,0.7979198471428571,0.7920587028571429,0.8208122571428572,0.8177563357142857,0.8163373771428571,0.8211882285714286,0.8130871657142856,0.8083712700000001,0.8037653657142857,0.8217733085714285,0.7901359328571429,0.8024109257142857,0.8033272528571429,0.7860229442857143,0.7945545728571428,0.7823020028571428,0.7821494285714286,0.7628096457142857,0.7995547885714286,0.7518636471428571,0.7877538157142857,7.0,0.0,7.0,0.0,7.0,0.0
2008-03-18,2008,3,0,3,6160,379,-75.0,3.0,3.0,3.0,-7.007423012393304,43.0,-7.007423012393304,7.007423012393304,32.24,3.4732079176384274,,,,,-0.8163073091557774,-2.3278859458457064,2008-04-08,-75.0,0.0079155672823219,0.0079155672823219,0.0,5.940171252720432,1.3862943611198906,1.0,0.0,3,"Further declines in house prices led to a noticeable decrease in the ratio of household wealth to disposable income in the fourth quarter. The downturn in equity prices since December further reduced household wealth in the first quarter. Readings on consumer sentiment dropped sharply in February from already low levels, and the Reuters/University of Michigan survey remained at a depressed level in early March.
Issuance of conforming MBS continued to be strong, while credit availability for jumbo and nonprime mortgage borrowers remained tight. Broad stock price indexes fell further over the intermeeting period on negative economic news as well as concerns about the outlook for many financial institutions. Similar stresses were again evident in the financial markets of major foreign economies.
One participant reported that lenders were restricting draws on home equity lines, and the tightening of credit availability more generally was probably starting to constrain consumer spending. Also, the continued fall in home prices and declines in equity prices were weighing on household wealth, with a depressing effect on spending. The outlook for business spending had also dimmed since the time of the January meeting.",0.8637629499999999,0.86790307,0.8464029200000001,0.8460251799999999,0.7866081666666668,0.79724447,0.8118975133333333,0.7706535666666667,0.7886679299999999,0.7809984666666666,0.8018731533333333,0.8223243366666667,0.81610938,0.8181405066666666,0.79832205,0.7987815233333334,0.8051216,0.80559313,0.7854450266666667,0.80050611,0.83628458,0.81036853,0.81707476,0.8002658233333334,0.8051385333333334,0.7856841133333333,0.8161023,0.7723434833333332,0.8128524766666666,5.0,0.0,5.0,0.0,5.0,0.0
2008-04-30,2008,3,1,1,7141,410,-25.0,2.25,3.0,3.0,7.139878364396583,40.0,7.139878364396583,7.139878364396583,20.24,3.0076608444192647,,,,,0.2563822356778523,0.5012589627553972,2008-05-21,-25.0,0.0073170731707317,0.0024390243902439,0.0024390243902439,6.018593214496234,1.3862943611198906,0.3333333333333333,0.3333333333333333,3,"Real disposable personal income also grew slowly in the first quarter, restrained by rapidly rising prices for energy and food. The ratio of household wealth to disposable income appeared to have moved down again in the first quarter, damped by the appreciable net decline in broad equity prices over that period and by further reductions in house prices. Measures of consumer sentiment fell sharply in March and April; the April reading of consumer sentiment published in the Reuters/University of Michigan Survey of Consumers was near the low levels posted in the early 1990s.
Spreads of rates on conforming residential mortgages over those on comparable-maturity Treasury securities decreased, and credit default swap premiums for the government-sponsored enterprises declined substantially. Broad stock price indexes increased markedly over the intermeeting period, mainly in response to earnings reports and announcements of recapitalizations from major financial institutions that evidently lessened investors' concerns about the possibility of severe difficulties materializing at those firms. Conditions in the money markets of major foreign economies remained strained, particularly in the United Kingdom and the euro area.
Conditions across a number of financial markets had improved since the previous FOMC meeting. Equity prices and yields on Treasury securities had increased, volatility in both equity and debt markets had ebbed somewhat, and a range of credit risk premiums had moved down. Participants noted that the better tone of financial markets had been helped by the apparent willingness and ability of financial institutions to raise new capital.",0.8052186333333333,0.8243085,0.7914431333333334,0.7944306500000001,0.8083548,0.8011372833333333,0.8242862333333333,0.7707056233333334,0.7977060666666667,0.82865362,0.8315218166666667,0.8114368000000001,0.8255684799999999,0.8079806866666667,0.8045465900000001,0.8186154333333334,0.8049744033333334,0.8116914533333333,0.7967081,0.8004690766666668,0.7996020533333333,0.8079038566666666,0.7826703966666667,0.7884694233333334,0.7909452133333333,0.7741413233333333,0.7883603366666666,0.75057517,0.78979488,0.0,0.0,0.0,0.0,0.0,0.0
2008-06-25,2008,5,0,3,10173,1615,0.0,2.0,2.25,3.0,-6.962051223458363,53.0,-6.962051223458363,6.962051223458363,22.42,3.109953417644014,,,,,1.1903995071556872,2.886871038051381,2008-07-16,0.0,0.0030959752321981,0.0018575851393188,0.0,7.38770923908104,1.791759469228055,0.6,0.0,5,"the first quarter, reflecting substantial net declines in and had changed relatively little, on net, since the mid- broad equity prices and further depreciation of house dle of 2007. Despite sharply lower sales of motor vehi-
low. Broad stock prices were somewhat volatile but large increase in energy prices also prompted an up- declined modestly, on net, over the intermeeting pe- ward revision of the forecast of headline PCE inflation
riod. The surge in oil prices weighed on equity prices in the second half of 2008, and headline inflation was outside of the energy sector, and a more pessimistic expected to exceed core inflation by a considerable
issuance had been strong. However, the equity prices market might be bottoming out in some parts of the of many investment and commercial banks had de- country, most aggregate indicators of housing activity
concern about asset quality and the outlook for profits. had increased, and the equity prices of housing-related The deteriorating condition of some financial guaran- firms had fallen over the intermeeting period, after hav-",0.8187984540000001,0.8319533399999999,0.80983264,0.82614862,0.81411964,0.8034187660000001,0.821607216,0.7919415479999999,0.8144964699999999,0.806887128,0.821787176,0.80773782,0.818957868,0.80949633,0.8229889,0.8225658819999999,0.8077038419999999,0.81869206,0.8144532019999999,0.8163361119999999,0.8177555379999999,0.8135156,0.8094080619999999,0.8240693780000001,0.832480294,0.8017189760000001,0.814292032,0.814295744,0.8250388479999999,2.0,0.0,2.0,0.0,2.0,0.0
2008-08-05,2008,5,1,4,5254,316,0.0,2.0,2.0,2.0,-1.958289077205328,36.0,-1.958289077205328,1.958289077205328,23.49,3.156574798670821,,,,,0.7904933730388102,0.2355983569339705,2008-08-26,0.0,0.0158227848101265,0.0126582278481012,0.0031645569620253,5.75890177387728,1.791759469228055,0.8,0.2,5,"Tax rebates provided a notable, albeit temporary boost to income since the end of April, but real disposable income excluding rebates was essentially flat in the second quarter. The ratio of wealth to income likely declined again in the second quarter, as equity prices declined, on balance, and house prices continued to fall. Consumer sentiment rose a bit in July but remained at a depressed level.
Corporate bond issuance slowed further, as did lending by banks to businesses and households, and issuance of leveraged loans remained very weak. Broad equity price indexes were volatile and declined modestly, on net, between the June and August FOMC meetings. Stock prices of financial firms fell sharply in mid-July but subsequently recouped most of those losses.
Broad equity price indexes were volatile and declined modestly, on net, between the June and August FOMC meetings. Stock prices of financial firms fell sharply in mid-July but subsequently recouped most of those losses. Energy sector stocks significantly underperformed the broad indexes owing to recent declines in oil prices.
While some financial institutions had strengthened their balance sheets with new capital issues, raising new capital had become increasingly difficult. Moreover, broad equity price indexes had declined and borrowing costs for nonfinancial firms had increased, including a recent rise in corporate bond yields across most risk categories. Many participants believed that these developments were likely to restrain aggregate demand and economic growth.
For example, automotive parts suppliers in one District had reported plans for laying off workers, idling production, and closing several plants. Lower equity prices and the ongoing deterioration in house prices had reduced household wealth significantly, while real incomes had been diminished by earlier increases in the prices of food and energy. All of these factors--in conjunction with tightened access to auto loans, home equity lines of credit, and other consumer loans--were viewed as pointing towards weak growth in personal consumption expenditures during the second half of 2008.",0.838230612,0.8543861039999999,0.824163528,0.83444417,0.80618669,0.8098984680000001,0.823219932,0.783526906,0.796330138,0.795025188,0.8124137100000001,0.813540368,0.8190336159999999,0.807280224,0.8142669440000001,0.809290042,0.813252672,0.810968886,0.798546712,0.802307288,0.8149260720000001,0.80939816,0.790801442,0.80435713,0.80412538,0.7899117600000001,0.8039289780000001,0.775730378,0.80884588,4.0,1.0,4.0,1.0,4.0,1.0
2008-09-16,2008,4,0,4,4659,308,0.0,2.0,2.0,2.0,-3.1228613460654087,37.0,-3.1228613460654087,3.1228613460654087,31.7,3.456316680883235,,,,,-1.1419598706339216,0.1702431344970408,2008-10-07,0.0,0.0129870129870129,0.0129870129870129,0.0,5.733341276897746,1.6094379124341005,1.0,0.0,3,"Corporate bond issuance moderated a bit further in August, while growth of bank lending to businesses was tepid. Broad equity indexes declined over the intermeeting period. Financial sector equity indexes were volatile and ended the period down sharply.
Broad equity indexes declined over the intermeeting period. Financial sector equity indexes were volatile and ended the period down sharply. Liquidity conditions in the money markets of major foreign economies deteriorated over the intermeeting period.
Yields on nominal Treasury securities dropped steeply, and credit spreads on corporate bonds widened significantly. Equity markets were volatile and equity prices dropped considerably. In the forecast prepared for the meeting, the staff left its projection for real GDP growth in the second half of 2008 little changed from the previous meeting, but it marked down its forecast for 2009 slightly.",0.8353907466666666,0.8501281566666666,0.82607598,0.8407019333333334,0.8146421866666667,0.8205378200000001,0.84803329,0.80639585,0.7890421566666667,0.7842575166666667,0.81969025,0.8011484533333334,0.8417762733333333,0.8066149166666667,0.8224090500000001,0.8262313966666666,0.83424868,0.8341027466666667,0.8195220000000001,0.8009352,0.8100974000000001,0.8277580866666666,0.7956967,0.8232909666666667,0.8164192333333333,0.8081192733333333,0.8228546,0.799658,0.81618972,3.0,0.0,3.0,0.0,3.0,0.0
2008-10-29,2008,6,0,5,8067,462,-50.0,1.5,1.5,2.0,-30.985565268469973,40.0,-30.985565268469973,30.985565268469973,66.96,4.20409542618122,,,,,-6.94837632209962,9.57975166216884,2008-11-19,-50.0,0.0129870129870129,0.0108225108225108,0.0,6.137727054086234,1.9459101490553128,0.8333333333333334,0.0,5,"(AIG), and Wachovia Corporation, along with the closing of Washington Mutual, led to intensified market concerns about the condition of financial institutions. In this environment, investors pulled back from risk-taking, funding markets for terms beyond overnight largely ceased to function at times, credit risk spreads rose sharply, and equity prices registered steep declines. The information reviewed at the October meeting indicated that economic conditions deteriorated in recent months.
However, conditions deteriorated in the secondary market for syndicated leveraged loans, with prices falling to new lows and bid-asked spreads widening notably. Broad equity price indexes declined sharply over the intermeeting period, and option-implied volatility on the S&P 500 index rose well above its previous record high. The Senior Loan Officer Opinion Survey pointed to further tightening of terms and standards for consumer loans.
Sovereign bond yields in the advanced foreign economies were volatile; nominal yield curves in many countries steepened on net. Equity market indexes fell sharply in the advanced economies as well as in emerging market economies, which until recently had not been hit as hard by the financial turmoil. The dollar appreciated against most currencies, with the prominent exception of the Japanese yen.
Survey results and anecdotal information also suggested that credit conditions had tightened significantly further for businesses and households. Equity prices had varied widely and were substantially lower, on net. Participants saw the potential for financial strains to intensify if some investors, such as hedge funds, found it necessary to sell assets and as lending institutions built reserves against losses.
On October 7, 2008, the Committee again met by conference call. Stresses in financial markets had continued to increase: Interest-rate spreads in interbank funding markets had widened markedly, corporate and municipal bond yields had risen, and equity prices had dropped sharply. For the first time in many years, the net asset value of a major money market fund had fallen below $1 per share; this event sparked a flight out of prime money market funds and caused a severe impairment of the functioning of the commercial paper market.",0.826377648,0.86808424,0.8299596599999999,0.827997068,0.8072651900000001,0.80760276,0.82989936,0.782249678,0.811900678,0.785728156,0.821897266,0.79633784,0.8317525720000001,0.805782336,0.805370294,0.820048856,0.818949116,0.8286211440000001,0.8053143460000001,0.8199444400000001,0.790613328,0.8151395499999999,0.775153632,0.78636264,0.79255588,0.7844176060000001,0.79711564,0.769535698,0.8090467199999999,5.0,0.0,5.0,0.0,6.0,1.0
2008-12-16,2008,10,2,8,7673,432,-87.5,1.0,1.5,1.5,-8.132340859388137,43.0,-8.132340859388137,8.132340859388137,56.76,4.038831852291842,,,,,-3.0472955837010782,-6.969544739908666,2009-01-06,-87.5,0.0231481481481481,0.0185185185185185,0.0046296296296296,6.07073772800249,2.3978952727983707,0.8,0.2,8,"In the business sector, investment in equipment and software appeared to continue to contract. Financial markets saw a further pullback in risk-taking, spurred in part by the more pessimistic outlook for economic activity; this situation led to lower equity prices, higher risk spreads, and tighter constraints in credit markets, all of which intensified the decline in real activity. On the inflation front, headline consumer prices declined in recent months, as energy prices continued to fall and consumer food price increases moderated.
Preliminary data for October and November suggested that overall fourth-quarter real spending would receive a modest boost from recent price declines for gasoline. Real incomes were also boosted by the reversal in energy prices, though the negative wealth effects of continued declines in equity and house prices likely offset this somewhat. Measures of consumer sentiment released in November and December remained low, and available evidence suggested further tightening in consumer credit conditions in recent months.
In addition, the Treasury Department's announcement that funds from the Troubled Asset Relief Program would not be used to purchase securities backed by mortgage-related and other assets appeared to prompt negative price reactions in several financial markets. Stock prices of financial corporations fell considerably, while broad equity indexes declined, on net, amid high volatility. Yields on investment-grade bonds moved lower, but risk spreads on these instruments over comparable-maturity Treasury securities widened substantially as yields on Treasury securities fell more.
Liquidity conditions in the money markets of major foreign economies improved but remained strained over the intermeeting period. Movements in stock prices were mixed in the advanced foreign economies, although equity prices generally rose in emerging market economies. In response to evidence of a slowdown in economic activity and a rapid waning of inflationary pressures, central banks around the world eased policy sharply.
Real GDP appeared likely to decline substantially in the fourth quarter of 2008 as conditions in the labor market deteriorated more steeply than previously anticipated; the decline in industrial production intensified; consumer and business spending appeared to weaken; and financial conditions, on balance, continued to tighten. Rising unemployment, the declines in stock market wealth, low levels of consumer sentiment, weakened household balance sheets, and restrictive credit conditions were likely to continue to hinder household spending over the near term. Homebuilding was expected to contract further.
Although some financial markets exhibited signs of improved functioning, financial conditions generally remained very strained. Credit conditions continued to tighten for both households and businesses, and ongoing declines in equity prices further reduced household wealth. Conditions in the housing market weakened again and house prices declined further.
Although improvements were evident in some markets, particularly those for highly rated commercial paper and for interbank funds, financial markets generally remained under severe stress. Equity prices continued to drop amid high volatility, further reducing household wealth. Rising risk spreads kept the cost of issuing corporate bonds at a high level--especially for lower-rated firms--even though Treasury yields had declined sharply since the October 28-29 meeting.
Participants anticipated that, with the deteriorating economic outlook and tightening of credit conditions, capital expenditures were likely to be soft in coming quarters. Many participants noted that the decline in household wealth resulting from large drops in equity and house prices, together with tighter credit conditions, rapidly increasing unemployment, and deteriorating consumer sentiment, was contributing to a sharp contraction in consumer spending. Some participants pointed out that reduced consumer wealth and concerns about employment could lead to a further increase in saving, which, although desirable in the longer term, could put additional downward pressure on consumer spending in coming quarters.",0.8439413825,0.86082628375,0.83268798875,0.83988397,0.80016453125,0.8030145525,0.82815003,0.76895260375,0.79831875625,0.793934025,0.81742756375,0.81513223375,0.81942537125,0.81605515,0.8076127774999999,0.81077718,0.81022845875,0.8160997425000001,0.7878323075,0.8069329925000001,0.81219732,0.80497556,0.79611063,0.7920719275,0.790620875,0.78232493,0.80299584625,0.76079174125,0.7999795225,9.0,0.0,9.0,0.0,10.0,0.0
2009-01-28,2009,6,0,6,11046,683,0.0,0.125,0.125,1.0,-7.807583363484524,40.0,-7.807583363484524,7.807583363484524,42.25,3.743604353803183,,,,,-1.2105390049180078,-3.03416732794878,2009-02-18,0.0,0.0087847730600292,0.0087847730600292,0.0,6.52795791762255,1.9459101490553128,1.0,0.0,6,"Available forward-looking indicators pointed to a further contraction in manufacturing output in coming months. Real consumer spending appeared to decline sharply again in the fourth quarter, likely reflecting the combined effects of decreases in house and equity prices, a weakening labor market, and tight credit conditions. Real spending on goods excluding motor vehicles was estimated to have fallen noticeably in December, more than reversing an increase in November.
The market for commercial mortgage-backed securities (CMBS) continued to show signs of strain, with the CMBX index--an index based on credit default swap (CDS) spreads on AAA-rated CMBS--widening during the intermeeting period from already very elevated levels. Broad equity market indexes fell over the intermeeting period. After improving during the early part of the intermeeting period, market sentiment toward financial firms appeared to worsen later in the period.
S. bank holding companies rose sharply in mid-January to near their historical highs, and equity prices for such companies fell on net, ending the period below their November lows. A number of banking organizations issued debt through the FDIC's Temporary Liquidity Guarantee Program; spreads on such debt declined to levels close to those on agency debt.
Developments at nonbank financial institutions were mixed. Equity prices of insurance companies edged down over the period, while their CDS spreads declined from extremely high levels. Hedge funds posted negative average returns in December.
In December, retail MMMF balances increased modestly after a decline in November. Conditions in foreign financial markets were relatively calm over the intermeeting period, although concerns about bank earnings and the stability of the global banking system led to widespread declines in equity prices later in the period. Governments in major foreign economies initiated several actions aimed at strengthening the banking sector and easing credit market strains.
Foreign demand also was weaker than expected. Financial markets continued to be strained overall, credit remained unusually tight for both households and businesses, and equity prices had fallen further. The staff's projections of real GDP growth in the second half of 2009 and in 2010 were revised upward slightly, reflecting greater monetary and fiscal stimulus as well as the effects of more moderate oil prices and long-term interest rates, but they continued to show no more than a gradual economic recovery.",0.8133174866666667,0.8331192316666667,0.803981145,0.8185711216666666,0.7945736616666667,0.7907058116666666,0.821821595,0.7698070133333333,0.7890137433333333,0.7880403133333335,0.80881477,0.7909744700000001,0.8103149966666666,0.79405965,0.80150139,0.8036285799999999,0.7979941500000001,0.8100380933333334,0.7924024083333334,0.7975489833333334,0.7975060433333333,0.8034983833333333,0.7892845166666667,0.7929879683333333,0.794765205,0.78040999,0.8020351633333332,0.778393205,0.795526475,4.0,0.0,4.0,0.0,4.0,0.0
2009-03-18,2009,10,3,7,7128,404,0.0,0.125,0.125,0.125,-11.459686101313434,46.0,-11.459686101313434,11.459686101313434,40.8,3.708682081410116,,,,,3.734215911388444,4.746062296199208,2009-04-08,0.0,0.0247524752475247,0.0173267326732673,0.0074257425742574,6.003887067106539,2.3978952727983707,0.7,0.3,10,"In contrast, real outlays on motor vehicles contracted further in February after a decline in January. The financial strain on households intensified over the previous several months; by the end of the fourth quarter, household net worth for the first time since 1995 had fallen to less than five times disposable income, and substantial declines in equity and house prices continued early this year. Consumer sentiment declined further in February as households voiced greater concerns about income and job prospects.
Daily trading volumes for on-the-run securities, however, inched lower, and spreads between the yields of on- and off-the-run 10-year Treasury notes remained very high. Broad equity price indexes dropped significantly, on balance, over the intermeeting period amid continued concerns about the health of the financial sector, uncertainty regarding the efficacy of government support to the sector, and a further weakening of the economic outlook. Bank stock prices were particularly hard hit, and the credit default swap (CDS) spreads of many banks rose above the peaks recorded last fall on anxieties about the financial conditions of the largest banking firms.
Broad equity price indexes dropped significantly, on balance, over the intermeeting period amid continued concerns about the health of the financial sector, uncertainty regarding the efficacy of government support to the sector, and a further weakening of the economic outlook. Bank stock prices were particularly hard hit, and the credit default swap (CDS) spreads of many banks rose above the peaks recorded last fall on anxieties about the financial conditions of the largest banking firms. Stock prices of insurance companies dropped sharply over the period, reflecting concerns about the adequacy of their capital positions.
Bank stock prices were particularly hard hit, and the credit default swap (CDS) spreads of many banks rose above the peaks recorded last fall on anxieties about the financial conditions of the largest banking firms. Stock prices of insurance companies dropped sharply over the period, reflecting concerns about the adequacy of their capital positions. On March 2, American International Group, Inc.
In contrast, the rise in home equity loans slowed noticeably in January and February. Among the advanced foreign economies, headline equity price indexes generally fell significantly over the period, with the sharpest drops in the banking sector. In particular, European bank shares fell steeply as earnings reports for the fourth quarter came in weaker than expected and fears about the exposure of many western European banks to emerging Europe increased.
The major currencies index of the dollar rose, on net, over the intermeeting period; foremost among the contributors to the rise was a significant appreciation of the dollar against the yen. Financial conditions in emerging markets also worsened, with their exchange rates and equity prices generally falling and CDS premiums rising a bit on balance. Several foreign governments and central banks took further steps to support their financial markets and economies.
In addition, the British government launched its Asset Protection Scheme, which insured assets placed in the scheme by the Royal Bank of Scotland and Lloyds Bank. The Bank of Japan stated that it would resume purchases of equities held on banks' balance sheets, announced plans to purchase corporate bonds, and began its previously announced purchases of commercial paper. The Swiss National Bank announced that it would purchase both domestic corporate debt and foreign currency to increase liquidity.
Consumer outlays showed some signs of stabilizing at a low level, with real outlays for goods outside of motor vehicles recording gains in January and February. Financial conditions overall were even less supportive of economic activity, with broad equity indexes down significantly amid continued concerns about the health of the financial sector, the dollar stronger, and long-term interest rates higher. The staff's projections for real GDP in the second half of 2009 and in 2010 were revised down, with real GDP expected to flatten out gradually over the second half of this year and then to expand slowly next year as the stresses in financial markets ease, the effects of fiscal stimulus take hold, inventory adjustments are worked through, and the correction in housing activity comes to an end.
The slowdown was widespread across sectors. Large declines in equity prices, a further drop in house prices, and mounting job losses threatened to further depress consumer spending, despite some firming in the recent retail sales data and forthcoming tax reductions. Business capital spending was weakening in an environment of uncertainty and low business confidence.
Several participants noted the tentative signs of stabilization in consumer spending in January and February. However, others suggested that strains on household balance sheets from falling equity and house prices, reduced credit availability, and the fear of unemployment could well lead to further increases in the saving rate that would damp consumption growth in the near term. Overall, most participants viewed downside risks as predominating in the near term, mainly owing to potential adverse feedback effects as reduced employment and production weighed on consumer spending and investment, and as the weakening economy boosted the prospective losses of financial institutions, leading to a further tightening of credit conditions.",0.825180428,0.8435982479999999,0.8214435269999999,0.827882408,0.798404353,0.792480496,0.81540707,0.766379042,0.799264597,0.785537157,0.802980181,0.8015213640000001,0.8095292000000001,0.8055327099999999,0.803981519,0.80620557,0.7993420720000001,0.8086368629999999,0.7866553119999999,0.807289455,0.804765907,0.797333125,0.79321921,0.790817796,0.794588297,0.775715266,0.796614817,0.758405175,0.803035843,5.0,0.0,5.0,0.0,5.0,0.0
2009-04-29,2009,8,4,2,6683,380,0.0,0.125,0.125,0.125,8.938890727207495,39.0,8.938890727207495,8.938890727207495,37.95,3.636269503841639,,,,,-1.69044895371856,0.3672695399040773,2009-05-20,0.0,0.0210526315789473,0.0052631578947368,0.0105263157894736,5.942799375126701,2.19722457733622,0.25,0.5,8,"Real outlays on new and used motor vehicles expanded in the first quarter following six consecutive quarterly declines. Despite the upturn in consumer spending, the fundamentals for this sector remained weak: Wages and salaries dropped, house prices were markedly lower than a year ago, and, despite recent increases, equity prices were down substantially from their levels of 12 months earlier. As measured by the Reuters/University of Michigan survey, consumer sentiment strengthened a bit in early April, as households expressed somewhat more optimism about long-term economic conditions; however, even with this improvement, the measure was only slightly above the historical low for the series recorded last November.
Still, daily trading volumes for Treasury securities remained low. Broad stock price indexes rose significantly, reportedly buoyed by announcements of policy measures to enhance credit markets and clean up banks' balance sheets and perhaps by some reduction in concerns about the economic outlook. Financial stocks outperformed broader markets, boosted by relatively favorable first-quarter earnings reports from a few major firms.
Financial stocks outperformed broader markets, boosted by relatively favorable first-quarter earnings reports from a few major firms. The spread between the forward trend earnings-price ratio for S&P 500 firms and an estimate of the real long-run Treasury yield--a rough gauge of the equity risk premium--narrowed during the intermeeting period but was still very high by historical standards. Option-implied volatility on the S&P 500 index decreased but stayed well above historical norms.
The spread between the forward trend earnings-price ratio for S&P 500 firms and an estimate of the real long-run Treasury yield--a rough gauge of the equity risk premium--narrowed during the intermeeting period but was still very high by historical standards. Option-implied volatility on the S&P 500 index decreased but stayed well above historical norms. On net, yields on lower-rated investment-grade and speculative-grade corporate bonds dropped, resulting in a narrowing of spreads in yields on such bonds over those on comparable-maturity Treasury securities.
The Senior Loan Officer Opinion Survey conducted in April indicated that banks continued to tighten their credit standards and terms on all major loan categories over the previous three months. Stock markets around the world rose substantially over the intermeeting period amid somewhat better sentiment regarding economic prospects, reports of better-than-expected performance from some financial firms in the United States and Europe, and continued support from monetary policies. Pressures in bank funding markets seemed to ease over the period: Spreads between both euro and sterling Libor and their respective OIS rates narrowed significantly, and financial conditions in most emerging market economies improved.
However, the contraction in the labor market persisted into March, industrial production again fell rapidly, and the broad-based decline in equipment and software investment continued. Conditions in financial markets improved more than had been expected: Private borrowing rates moved lower, stock prices rose substantially, and some measures of financial stress eased. The staff's projections for economic activity in the second half of 2009 and in 2010 were revised up, with real GDP expected to edge higher in the second half and then increase moderately next year.
Financial market developments over the intermeeting period were mainly seen as positive. Equity prices increased, money markets were functioning better, and corporate issuance of bonds and convertible securities was relatively brisk. Measures of volatility and financial stress moved down and risk spreads narrowed in many markets, perhaps partly because of investors' perceptions of diminished downside tail risks.
Consumer spending firmed somewhat during the first quarter despite the rising unemployment rate and significant financial strains. Participants generally expected that household demand would gradually strengthen over coming quarters in response to the rise in household wealth from the substantial increase in equity prices that had occurred over the intermeeting period as well as the support for income provided by fiscal policy. Nevertheless, participants judged that the recovery in consumer demand over the next few quarters would be slow, reflecting adverse labor market conditions and continuing adjustments to earlier reductions in household wealth.",0.779242475,0.80753097,0.77338801875,0.79032983,0.80644952375,0.78613888,0.81411114125,0.77202605625,0.79669944375,0.83815107625,0.83112177125,0.7958213425,0.8089554075000001,0.80114729,0.8082131375,0.8091578162499999,0.79243697375,0.801589435,0.79162834,0.7949956625,0.80256975125,0.7956607975,0.79240319,0.80180616375,0.79982010375,0.77146661375,0.78803331375,0.768945345,0.79055455125,2.0,3.0,2.0,3.0,4.0,4.0
2009-06-24,2009,9,5,3,8423,449,0.0,0.125,0.125,0.125,2.266202431628072,53.0,2.266202431628072,2.266202431628072,30.58,3.420346200500916,,,,,0.8599703184856147,2.2640376619459697,2009-07-15,0.0,0.0200445434298441,0.0066815144766146,0.0111358574610244,6.1092475827643655,2.302585092994046,0.3333333333333333,0.5555555555555556,9,"The fundamental determinants of consumer demand appeared to have improved a bit: Despite the ongoing decline in employment, real disposable personal income rose in the first quarter and posted another sizable gain in April as various provisions of the American Recovery and Reinvestment Act of 2009 boosted transfer payments and reduced personal taxes. In addition, equity prices recorded substantial gains in April and May, reversing a small portion of the prior wealth declines. Measures of consumer sentiment, while remaining at levels typically seen during recessions, improved markedly from the historical lows recorded around the turn of the year.
Some strains, perhaps associated with these flows, emerged at times in the MBS market; market participants reacted to the large and rapid changes in MBS yields by widening bid-asked spreads on these securities. Broad stock price indexes rose, on net, over the intermeeting period, reflecting generally better-than-expected economic news and further declines in risk premiums. The spread between an estimate of the expected real equity return over the next 10 years for S&P 500 firms and an estimate of the real 10-year Treasury yield--a rough gauge of the equity risk premium--narrowed noticeably but remained high by historical standards.
Broad stock price indexes rose, on net, over the intermeeting period, reflecting generally better-than-expected economic news and further declines in risk premiums. The spread between an estimate of the expected real equity return over the next 10 years for S&P 500 firms and an estimate of the real 10-year Treasury yield--a rough gauge of the equity risk premium--narrowed noticeably but remained high by historical standards. Option-implied volatility on the S&P 500 index declined but remained elevated.
The spread between an estimate of the expected real equity return over the next 10 years for S&P 500 firms and an estimate of the real 10-year Treasury yield--a rough gauge of the equity risk premium--narrowed noticeably but remained high by historical standards. Option-implied volatility on the S&P 500 index declined but remained elevated. Yields on speculative-grade and investment-grade corporate bonds dropped, and spreads over yields on comparable-maturity Treasury securities narrowed considerably.
CDS spreads for banking organizations declined considerably over the intermeeting period, although they remained well above historical norms. Stock price indexes for the banking sector and the broader financial sectors rose significantly. The level of private-sector debt was estimated to have remained about unchanged in the second quarter, as a further modest decline in household debt about offset a slight increase in nonfinancial business debt.
Libor-to-OIS spreads in euros and sterling decreased, and several foreign banks took advantage of improved financial conditions to raise capital and increase issuance of debt outside of government guarantee programs. The improved access to capital markets and better economic outlook buoyed bank stocks, which helped headline equity indexes move higher. Most stock markets in emerging market economies rose considerably, and mutual fund flows into those markets strengthened.
The improved access to capital markets and better economic outlook buoyed bank stocks, which helped headline equity indexes move higher. Most stock markets in emerging market economies rose considerably, and mutual fund flows into those markets strengthened. The European Central Bank lowered its main policy rate 25 basis points to 1 percent and announced that it would purchase up to €60 billion in covered bonds.
The Bank of England, the Bank of Canada, and the Bank of Japan kept their policy rates constant over the intermeeting period, but the Bank of England increased the size of its planned asset purchases from £75 billion to £125 billion. The Bank of Japan continued purchasing commercial paper, corporate bonds, equities, and government bonds. Chinese authorities held the renminbi nearly unchanged against the dollar, and several central banks intervened to purchase dollars, attempting to slow the dollar's depreciation against their currencies.
Corporate credit markets continued to improve, and markets for asset-backed securities also showed an increasing amount of activity, supported in part by the TALF. Increases in equity prices had favorable effects on household wealth and overall sentiment. Still, participants generally noted that the improvement in market conditions was in part due to ongoing support from various government programs and that underlying financial conditions remained fragile.",0.77669791,0.7950579233333334,0.7630427366666667,0.7767522311111111,0.8106238766666667,0.79722106,0.81120257,0.7717348844444445,0.7954824577777777,0.8383427800000001,0.8296728444444444,0.801145591111111,0.8138062666666667,0.80012139,0.8102107522222223,0.8145778077777778,0.8006981877777778,0.8059515677777778,0.7953941800000001,0.7935972922222222,0.8047215877777778,0.8022864666666667,0.7855077677777778,0.7998531488888889,0.8022611633333333,0.7790779699999999,0.7903052633333334,0.76828207,0.7917431288888889,2.0,3.0,2.0,3.0,3.0,3.0
2009-08-12,2009,10,4,5,7134,404,0.0,0.125,0.125,0.125,8.994248685840617,46.0,8.994248685840617,8.994248685840617,25.99,3.2577118486533987,,,,,0.8494746834503486,4.842646488693417,2009-09-02,0.0,0.0247524752475247,0.0123762376237623,0.0099009900990099,6.003887067106539,2.3978952727983707,0.5,0.4,10,"In particular, the weak labor market continued to place significant strains on household income, and earlier declines in net worth were still holding back spending. However, household net worth received a boost from the rise in equity prices since their low in March. In addition, the July Senior Loan Officer Opinion Survey on Bank Lending Practices indicated that the fraction of banks tightening standards and terms for consumer credit had diminished further.
The on-the-run liquidity premium for the 10-year Treasury note was little changed at elevated levels, although it was well below its peak last fall. Broad stock price indexes rose, on net, over the intermeeting period, as investors responded to strong second-quarter earnings reports and indications that the economy may be stabilizing. The spread between an estimate of the expected real equity return over the next 10 years for S&P 500 firms and an estimate of the real 10-year Treasury yield--a rough gauge of the equity risk premium--narrowed a bit more but remained high by recent historical standards.
Broad stock price indexes rose, on net, over the intermeeting period, as investors responded to strong second-quarter earnings reports and indications that the economy may be stabilizing. The spread between an estimate of the expected real equity return over the next 10 years for S&P 500 firms and an estimate of the real 10-year Treasury yield--a rough gauge of the equity risk premium--narrowed a bit more but remained high by recent historical standards. Option-implied volatility on the S&P 500 index also dropped a bit further.
The spread between an estimate of the expected real equity return over the next 10 years for S&P 500 firms and an estimate of the real 10-year Treasury yield--a rough gauge of the equity risk premium--narrowed a bit more but remained high by recent historical standards. Option-implied volatility on the S&P 500 index also dropped a bit further. Yields on BBB-rated and speculative-grade corporate bonds declined over the intermeeting period.
Investor sentiment toward the financial sector improved further over the intermeeting period, boosted, in part, by better-than-expected second-quarter earnings results at larger banking institutions. Over the period, bank equity prices rose, and credit default swap spreads on financial firms declined. Nonetheless, some investors commented that the positive upside surprises at large financial institutions were mostly related to investment banking and trading activities, which may not provide a stable source of earnings, and to mortgage refinancing activity, which may recede if longer-term rates rise.
The tone of financial markets abroad improved further during the intermeeting period. Stock markets rose globally, as positive U. S.
By themselves, the revised income estimates would imply a lower forecast of consumer spending in coming quarters. But this negative influence on aggregate demand was roughly offset by other factors, including higher household net worth as a result of the rise in equity prices since March, lower corporate bond rates and spreads, a lower dollar, and a stronger forecast for foreign economic activity. All told, the staff continued to project that real GDP would start to increase in the second half of 2009 and that output growth would pick up to a pace somewhat above its potential rate in 2010.
Also, households likely would continue to face unusually tight credit conditions. These factors, along with past declines in wealth that had been only partly offset by recent increases in equity prices, would weigh on consumer spending. The data and business contacts indicated very substantial excess capacity in many sectors; this excess capacity, along with the tight credit conditions facing many firms, likely would mean further weakness in business fixed investment for a time.
With the TALF continuing to provide important support, markets for asset-backed securities also showed improvement, and recent issuance had neared levels observed prior to the second half of 2008. Higher equity prices appeared to result not only from generally better-than-expected corporate earnings, which seemed largely to reflect aggressive cost cutting, but also from a reduction in the perceived risk of extremely adverse outcomes and a consequent increase in investors' appetite for riskier assets. However, participants noted that many markets were still strained and that financial risks remain.
Real PCE declined little, on balance, during the first half of 2009 after dropping sharply during the second half of 2008 and was essentially constant during May and June. Several participants noted the recent rebound in equity prices and thus household wealth as a factor that was likely to support consumer spending. Many noted, however, that households still faced considerable headwinds, including reduced wealth, tight credit, high levels of debt, and uncertain job prospects.",0.7940441579999999,0.810967844,0.784087713,0.794876938,0.81081545,0.798939496,0.8116139139999999,0.770193789,0.802238272,0.834997057,0.8337698339999999,0.809469258,0.812410974,0.806398924,0.8153215469999999,0.8129687779999999,0.8018157589999999,0.800759832,0.791459678,0.7977519820000001,0.8184551969999999,0.805879279,0.79991021,0.813832419,0.814583328,0.7847801320000001,0.792023164,0.7729704660000001,0.807272373,0.0,7.0,0.0,7.0,0.0,8.0
2009-09-23,2009,13,6,5,7665,405,0.0,0.125,0.125,0.125,4.98498197376516,39.0,4.98498197376516,4.98498197376516,23.08,3.138966441639899,,,,,0.4146932508174044,-0.978666211936747,2009-10-14,0.0,0.0320987654320987,0.0123456790123456,0.0148148148148148,6.0063531596017325,2.6390573296152584,0.3846153846153846,0.4615384615384615,10,"The on-the-run liquidity premium for the 10-year Treasury note was little changed at an elevated level, although it was well below its peak last fall; the premiums on two- and five-year Treasury securities stayed low. Amid lower interest rates as well as further indications that the contraction in economic activity may have ended, broad stock price indexes rose, on net, over the intermeeting period. The spread between an estimate of the expected real equity return over the next 10 years for S&P 500 firms and an estimate of the real 10-year Treasury yield--a rough gauge of the equity risk premium--remained high by historical standards.
Amid lower interest rates as well as further indications that the contraction in economic activity may have ended, broad stock price indexes rose, on net, over the intermeeting period. The spread between an estimate of the expected real equity return over the next 10 years for S&P 500 firms and an estimate of the real 10-year Treasury yield--a rough gauge of the equity risk premium--remained high by historical standards. After having dropped significantly in prior months, option-implied volatility on the S&P 500 index declined modestly, on balance, over the intermeeting period, but was still at a level comparable with that of previous recessions.
The spread between an estimate of the expected real equity return over the next 10 years for S&P 500 firms and an estimate of the real 10-year Treasury yield--a rough gauge of the equity risk premium--remained high by historical standards. After having dropped significantly in prior months, option-implied volatility on the S&P 500 index declined modestly, on balance, over the intermeeting period, but was still at a level comparable with that of previous recessions. Yields on corporate bonds fell a bit more than those on Treasury securities of similar duration.
Changes in investor sentiment toward claims on financial firms were mixed over the intermeeting period. Equity prices for larger banks increased, but stock prices for regional and smaller banks were little changed. Market participants reportedly took note of the increased number of failures at regional and smaller banks and remained concerned about the credit quality of such banks' loan portfolios and their ability to raise capital.
Global financial markets showed some further signs of stabilization over the intermeeting period. Stock indexes in Europe rose solidly, apparently reflecting an improved economic outlook, but the Japanese stock market declined modestly. In emerging markets, credit default swap spreads on sovereign debt declined slightly, and equity prices in most countries rose moderately; however, stock prices fell notably in China, partly driven by reports that authorities were taking actions to moderate loan growth.
Stock indexes in Europe rose solidly, apparently reflecting an improved economic outlook, but the Japanese stock market declined modestly. In emerging markets, credit default swap spreads on sovereign debt declined slightly, and equity prices in most countries rose moderately; however, stock prices fell notably in China, partly driven by reports that authorities were taking actions to moderate loan growth. Despite fairly positive economic indicators, sovereign yields fell in major industrial economies, reportedly in part because of the reiteration by major central banks of their intention to keep policy interest rates low.
The information received during the intermeeting period appeared to indicate a more noticeable upturn than anticipated at the time of the August meeting: Sales and starts of single-family homes provided evidence of some firming in housing activity, capital spending indicators pointed to an earlier-than-anticipated trough for investment in E&S, and some data suggested a modest recovery in consumer spending. These tentative signs of a recovery of economic activity were supported by other factors, including recent rises in house and equity prices that would support household net worth, declines in interest rates on corporate bonds and fixed-rate mortgages, and a stronger outlook for activity in foreign economies. The staff expected that these positive factors would lead to a modest increase in final sales in the second half of 2009, despite continued weakness in commercial construction and some further deterioration in labor markets.
Over the intermeeting period, the strengthening in the economic outlook led to an increase in investors' appetite for riskier assets. Markets for corporate debt continued to improve, private credit spreads narrowed further, and equity prices rose. Given the improved economic prospects, the decline in longer-term Treasury yields and the apparent marking down of the implied path for the policy interest rate were seen as somewhat puzzling but supportive of recovery.
Consumer spending had picked up more than expected over the intermeeting period, but participants saw that increase as partly reflecting special factors like the cash-for-clunkers program. Recent increases in house prices and equity prices were positives, but participants generally expected no more than moderate growth in consumer spending over the near term. Households still faced considerable headwinds, including tight credit, high levels of debt, uncertain job prospects, and wealth levels that remained relatively low despite the recent rise in equity prices and stabilization in house prices.
Recent increases in house prices and equity prices were positives, but participants generally expected no more than moderate growth in consumer spending over the near term. Households still faced considerable headwinds, including tight credit, high levels of debt, uncertain job prospects, and wealth levels that remained relatively low despite the recent rise in equity prices and stabilization in house prices. In that environment, households' saving behavior remained an important source of uncertainty in the outlook.",0.788796414,0.811399125,0.782528715,0.797900093,0.8174862020000001,0.796363479,0.818723076,0.77721509,0.8092496730000001,0.8347272200000001,0.8355086930000001,0.8031208599999999,0.814519084,0.80696168,0.822765188,0.819818515,0.800653399,0.810169743,0.8016306200000001,0.8048077469999999,0.803818897,0.796287601,0.7957663420000001,0.810990612,0.8040415299999999,0.77263094,0.784721016,0.767816331,0.79452035,5.0,5.0,5.0,5.0,5.0,4.0
2009-11-04,2009,9,2,5,7174,403,0.0,0.125,0.125,0.125,-0.7633276328603504,39.0,-0.7633276328603504,0.7633276328603504,28.81,3.360722549096437,,,,,0.4492637017222334,0.3231804915910203,2009-11-24,0.0,0.0223325062034739,0.0124069478908188,0.0049627791563275,6.001414877961151,2.302585092994046,0.5555555555555556,0.2222222222222222,9,"However, some evidence pointed to increased demand for Treasury securities that mature soon after the turn of the year. Broad stock price indexes were about unchanged, on net, over the intermeeting period despite initial third-quarter earnings reports that mostly beat analysts' forecasts. Option-implied volatility on the S&P 500 index moved up slightly.
Broad stock price indexes were about unchanged, on net, over the intermeeting period despite initial third-quarter earnings reports that mostly beat analysts' forecasts. Option-implied volatility on the S&P 500 index moved up slightly. The spread between an estimate of the expected real return on equity over the next 10 years for S&P 500 firms and an estimate of the real 10-year Treasury yield--a rough gauge of the equity risk premium--remained elevated.
Option-implied volatility on the S&P 500 index moved up slightly. The spread between an estimate of the expected real return on equity over the next 10 years for S&P 500 firms and an estimate of the real 10-year Treasury yield--a rough gauge of the equity risk premium--remained elevated. Corporate bond spreads narrowed further as yields on investment- and speculative-grade corporate bonds decreased more than those on comparable-maturity Treasury securities.
Investor sentiment toward the banking sector appeared to deteriorate over the intermeeting period. Bank share prices fell, with equity prices for large banks declining more than those for regional and smaller banks. Credit default swap spreads for large bank holding companies were about flat, but they widened for regional and smaller banking organizations.
currency from abroad. Stock indexes fell over the intermeeting period in most major industrial economies, while 10-year sovereign yields declined in Europe and were little changed in Japan and Canada. Equity prices were mixed in emerging markets, and credit spreads on emerging market sovereign debt edged up.
Stock indexes fell over the intermeeting period in most major industrial economies, while 10-year sovereign yields declined in Europe and were little changed in Japan and Canada. Equity prices were mixed in emerging markets, and credit spreads on emerging market sovereign debt edged up. The trade-weighted index of the foreign exchange value of the dollar was little changed over the intermeeting period.
exports and domestic growth than anticipated. Financial market developments over recent months were generally regarded as supportive of continued economic recovery, with equity prices considerably higher, private credit spreads substantially lower, and financial markets generally performing significantly better than earlier in the year. Participants noted, however, that bank credit remained tight.
Participants noted that the dichotomy between significant easing of conditions in capital markets and continuing tight conditions in the banking sector implied that financing conditions differed for large and small firms. Large firms with access to debt and equity markets for financing had relatively little difficulty in obtaining credit and in many cases also had high levels of retained earnings with which to fund their operations and investment. In contrast, smaller firms, which tend to be more dependent on commercial banks for financing, reportedly faced substantial constraints in their access to credit.
Although consumer spending had picked up more than expected in recent months, participants saw that increase as partly reflecting special factors such as the cash-for-clunkers program. Uncertain job prospects, slow income growth, and tight credit, as well as wealth levels that remained relatively low despite the recent rise in equity prices and stabilization in house prices, were seen as weighing on consumer confidence and the growth of consumer spending for some time to come. In such an environment, households' saving behavior was an important source of uncertainty in the outlook.",0.7830926788888889,0.8127194911111111,0.7780544566666667,0.7931230488888888,0.8105490177777778,0.7966445711111112,0.8073356088888889,0.7895250377777778,0.7915310222222222,0.8086930988888889,0.8171458811111111,0.7959781388888889,0.8146518322222223,0.8026984366666666,0.8143051433333333,0.8138243455555556,0.8040490566666666,0.8026447788888889,0.8053136344444445,0.7902882366666666,0.8095851488888889,0.8145968722222222,0.80371627,0.8158208,0.8164320666666667,0.7929398355555555,0.7975376255555555,0.78847345,0.8056614566666667,3.0,1.0,3.0,1.0,2.0,2.0
2009-12-16,2009,8,7,1,8161,455,0.0,0.125,0.125,0.125,4.349981838641521,39.0,4.349981838641521,4.349981838641521,21.49,3.067587710654419,,,,,0.3991574519037805,0.7472453911655054,2010-01-06,0.0,0.0175824175824175,0.0021978021978021,0.0153846153846153,6.1224928095143865,2.19722457733622,0.125,0.875,7,"However, high demand for Treasury bills maturing just past December 31 drove yields on such issues to zero in some recent auctions. Over the intermeeting period, broad stock price indexes increased further. The rise in share prices likely reflected the improvement in the economic outlook and strong third-quarter earnings, which led analysts to mark up their estimates of future earnings.
However, financial stocks significantly underperformed the market, as investors continued to express concerns about the future profitability of the banking industry. Option-implied volatility on the S&P 500 index declined. The spread between an estimate of the expected real return on equity over the next 10 years and an estimate of the real 10-year Treasury yield--a rough gauge of the equity risk premium--remained about unchanged at a relatively high level.
banknotes appeared to ebb, consistent with the continued stabilization in most global financial markets. Broad stock price indexes in major advanced foreign economies rose, although generally somewhat less than those in the United States. Stock price indexes in major emerging markets increased as well, particularly in Brazil and Mexico, amid generally rising commodity prices and a better-than-expected Mexican GDP report; Chinese stock prices also increased strongly.
Broad stock price indexes in major advanced foreign economies rose, although generally somewhat less than those in the United States. Stock price indexes in major emerging markets increased as well, particularly in Brazil and Mexico, amid generally rising commodity prices and a better-than-expected Mexican GDP report; Chinese stock prices also increased strongly. Long-term government bond yields declined in most advanced foreign economies, but increased in the United Kingdom.
Though the near-term outlook remains uncertain, participants generally thought the most likely outcome was that economic growth would gradually strengthen over the next two years as financial conditions improved further, leading to more-substantial increases in resource utilization. Financial market conditions were generally regarded as having become more supportive of continued economic recovery during the intermeeting period: Equity prices rose further, private credit spreads narrowed somewhat, and financial markets generally continued to function significantly better than early in the year. Participants noted, however, that securitization markets were still substantially impaired.
The Bureau of Economic Analysis revised up its estimates of the level of real disposable income--and thus of the personal saving rate--in the second and third quarters of this year. Those revisions, along with recent gains in equity prices, suggested a smaller probability that households would reduce spending to rebuild their savings more rapidly. However, uncertain job prospects, modest growth in real incomes, tight credit, and wealth levels that remained relatively low despite this years rise in equity prices and stabilization in house prices were seen as likely to weigh on consumer confidence and the growth of consumer spending for some time to come.
Those revisions, along with recent gains in equity prices, suggested a smaller probability that households would reduce spending to rebuild their savings more rapidly. However, uncertain job prospects, modest growth in real incomes, tight credit, and wealth levels that remained relatively low despite this years rise in equity prices and stabilization in house prices were seen as likely to weigh on consumer confidence and the growth of consumer spending for some time to come. Anecdotal evidence on consumer spending in this year's holiday season was mixed.",0.7908368685714287,0.8070419514285714,0.7860525142857142,0.8049748899999999,0.8084615142857142,0.7917854357142857,0.8051356157142857,0.78015106,0.8049112057142856,0.8406054271428571,0.8279513871428571,0.8048750499999999,0.8086667057142857,0.8100762542857142,0.8276372214285714,0.8114619028571429,0.79609055,0.7969226885714286,0.8038317600000001,0.8002329142857142,0.8108732542857143,0.7980831514285713,0.7975838942857143,0.8139001157142857,0.8051913528571429,0.77418763,0.7873047714285715,0.7693953114285714,0.8017962799999999,1.0,3.0,1.0,3.0,2.0,3.0
2010-01-27,2010,5,0,2,11568,652,0.0,0.125,0.125,0.125,0.0572866468981563,39.0,0.0572866468981563,0.0572866468981563,24.55,3.200711854240529,,,,,0.6560418007768065,0.5177040306649111,2010-02-17,0.0,0.0076687116564417,0.0030674846625766,0.0,6.481577129276431,1.791759469228055,0.4,0.0,4,"Use of Federal Reserve credit facilities edged lower over the intermeeting period, and market commentary suggested little concern about the impending expiration of a number of the facilities. After trending higher for most of the intermeeting period, broad stock price indexes subsequently reversed course amid elevated volatility, ending the period little changed on balance. The gap between the staff's estimate of the expected real equity return over the next 10 years for S&P 500 firms and the real 10-year Treasury yield--a rough gauge of the equity risk premium--stayed about the same and remained well above its average level during the past decade.
After trending higher for most of the intermeeting period, broad stock price indexes subsequently reversed course amid elevated volatility, ending the period little changed on balance. The gap between the staff's estimate of the expected real equity return over the next 10 years for S&P 500 firms and the real 10-year Treasury yield--a rough gauge of the equity risk premium--stayed about the same and remained well above its average level during the past decade. Over the intermeeting period, yields on both investment-grade and speculative-grade corporate bonds edged down, while those on comparable-maturity Treasury securities held steady.
All major foreign central banks kept their policy rates unchanged. Foreign equity prices generally ended the intermeeting period down. European financial stocks declined substantially, as early profit reports for the fourth quarter from a few banks rekindled some concerns about the health of the banking system.
Policymakers judged that financial conditions were, on balance, about as supportive of growth as when the Committee met in December. Though volatility in equity prices increased late in the intermeeting period, broad equity price indexes were about unchanged overall, private credit spreads narrowed somewhat, and financial markets generally continued to function significantly better than early last year. All categories of bank loans, however, continued to contract sharply.",0.784841625,0.81494681,0.776660295,0.79567834,0.82317206,0.7975919225,0.8280603725,0.8102836250000001,0.8031385475,0.80003013,0.827002635,0.7862828525000001,0.8285006775,0.7970509725,0.81967778,0.82533212,0.8047487775,0.82280695,0.81999993,0.80589125,0.798846265,0.811595185,0.7867435,0.807878525,0.8109827475,0.78472846,0.8029363275,0.785036215,0.800337055,0.0,1.0,0.0,1.0,0.0,1.0
2010-03-16,2010,7,2,5,6758,353,0.0,0.125,0.125,0.125,5.846623234938662,43.0,5.846623234938662,5.846623234938662,18.0,2.8903717578961645,,,,,-0.5898700501508594,0.6554996808086462,2010-04-06,0.0,0.0198300283286118,0.0141643059490084,0.0056657223796034,5.869296913133774,2.079441541679836,0.7142857142857143,0.2857142857142857,6,"The Federal Reserve continued to taper its large-scale asset purchases and wind down the emergency lending facilities with no apparent adverse effects on financial markets or institutions. Broad stock price indexes rose, on net, over the intermeeting period, boosted in part by favorable earnings reports from the retail sector. Bank equity prices outperformed the broader equity markets.
Broad stock price indexes rose, on net, over the intermeeting period, boosted in part by favorable earnings reports from the retail sector. Bank equity prices outperformed the broader equity markets. Option-implied volatility on the S&P 500 index dropped back to post-crisis lows after increasing earlier in the period on concerns about Chinese monetary policy tightening and fiscal strains in Europe.
Bank equity prices outperformed the broader equity markets. Option-implied volatility on the S&P 500 index dropped back to post-crisis lows after increasing earlier in the period on concerns about Chinese monetary policy tightening and fiscal strains in Europe. Nonetheless, the gap between the staff's estimate of the expected real equity return over the next 10 years for S&P 500 firms and the real 10-year Treasury yield--a rough measure of the equity risk premium--remained well above its average over the past decade.
Option-implied volatility on the S&P 500 index dropped back to post-crisis lows after increasing earlier in the period on concerns about Chinese monetary policy tightening and fiscal strains in Europe. Nonetheless, the gap between the staff's estimate of the expected real equity return over the next 10 years for S&P 500 firms and the real 10-year Treasury yield--a rough measure of the equity risk premium--remained well above its average over the past decade. Yields on investment-grade corporate bonds, as well as their spreads over yields on comparable-maturity Treasury securities, were about unchanged over the intermeeting period; investment-grade risk spreads were near the levels that prevailed late in 2007.
In early March, the ECB announced several steps to normalize its provision of liquidity. Equity prices in most foreign countries were up moderately since the January FOMC meeting. Likely reflecting the concerns about Greece as well as weak economic data in Europe, the dollar appreciated notably against sterling and the euro over the intermeeting period.
Participants agreed that financial market conditions remained supportive of economic growth. Spreads in short-term funding markets were near pre-crisis levels, and risk spreads on corporate bonds and measures of implied volatility in equity markets were broadly consistent with historical norms given the outlook for the economy. Participants were also reassured by the absence of any signs of renewed strains in financial market functioning as a consequence of the Federal Reserve's winding down of its special liquidity facilities.",0.7733824866666666,0.8007787883333334,0.7655691416666667,0.7813116733333333,0.81371296,0.7966917633333334,0.8205653333333333,0.7974142616666667,0.7974189966666666,0.8290118300000001,0.8389042400000001,0.7887922683333333,0.8211538516666667,0.7923174,0.81675799,0.8163854883333334,0.8014848,0.8188281483333334,0.810915525,0.7941073433333333,0.8066184616666666,0.8149360833333333,0.7926546333333334,0.813885055,0.816433235,0.7884711533333334,0.8109324016666667,0.7864985400000001,0.8044784566666666,0.0,0.0,0.0,0.0,1.0,0.0
2010-04-28,2010,7,3,3,7195,396,0.0,0.125,0.125,0.125,3.838134286172397,40.0,3.838134286172397,3.838134286172397,22.81,3.1271990362962967,,,,,-3.976045337201284,-4.319101624447479,2010-05-19,0.0,0.0176767676767676,0.0075757575757575,0.0075757575757575,5.983936280687191,2.079441541679836,0.4285714285714285,0.4285714285714285,7,"Spreads in the commercial paper market were little changed. Equity indexes rose, on balance, over the intermeeting period, with bank shares outperforming the broader market. Stock prices were supported by somewhat better-than-expected macroeconomic data and a favorable response by investors to the initial batch of first-quarter earnings reports, especially those of banking institutions.
Equity indexes rose, on balance, over the intermeeting period, with bank shares outperforming the broader market. Stock prices were supported by somewhat better-than-expected macroeconomic data and a favorable response by investors to the initial batch of first-quarter earnings reports, especially those of banking institutions. Option-implied volatility on the S&P 500 index generally declined over the period but jumped at end of April on renewed concerns regarding the fiscal situation in Greece.
Stock prices were supported by somewhat better-than-expected macroeconomic data and a favorable response by investors to the initial batch of first-quarter earnings reports, especially those of banking institutions. Option-implied volatility on the S&P 500 index generally declined over the period but jumped at end of April on renewed concerns regarding the fiscal situation in Greece. The gap between the staff's estimate of the expected real equity return over the next 10 years for S&P 500 firms and the real 10-year Treasury yield--a rough measure of the equity risk premium--remained well above its average over the past decade.
Option-implied volatility on the S&P 500 index generally declined over the period but jumped at end of April on renewed concerns regarding the fiscal situation in Greece. The gap between the staff's estimate of the expected real equity return over the next 10 years for S&P 500 firms and the real 10-year Treasury yield--a rough measure of the equity risk premium--remained well above its average over the past decade. Yields on investment-grade corporate bonds edged down, leaving their spreads to comparable-maturity Treasury securities a bit lower, at levels around those that prevailed in late 2007.
Net equity issuance by nonfinancial firms was negative again in the first quarter as the solid pace of gross public issuance was more than offset by equity retirements from both cash-financed mergers and share repurchases. Financial firms issued a significant volume of debt securities in the first quarter and also raised a moderate amount of gross funds in the equity market, a pattern that appeared to continue in the first half of April. Credit quality in the commercial real estate sector continued to deteriorate as the delinquency rate for securitized commercial mortgages increased again in March.
The monetary base contracted as the effect on reserves of purchases under the Federal Reserve's large-scale asset purchase programs was more than offset by a further contraction in credit outstanding under liquidity and credit facilities and an increase in the Treasury's balances at the Federal Reserve. Until the intensification of the Greek crisis near the end of the intermeeting period, equity indexes were higher in nearly all countries, and emerging-market risk spreads had generally declined. These moves appeared to reflect growing confidence that the global recovery was gaining momentum, particularly in emerging market economies.
Businesses appeared to be gaining confidence in the economic recovery, and narrowing credit spreads in private debt markets were allowing low policy rates to be reflected more fully in the cost of capital. At the same time, rising stock prices and the apparent stabilization of house prices were helping to repair household balance sheets. As a result, consumers and firms were beginning to satisfy demands for durable goods and capital equipment that had been postponed during the economic downturn.",0.7801516914285714,0.80164165,0.7716306214285714,0.7831629557142856,0.8122864914285716,0.7994265314285715,0.8106094271428572,0.7854923385714285,0.8000097142857143,0.83668855,0.8296377857142857,0.7967262657142857,0.8137567614285715,0.8009472957142857,0.8136291057142857,0.8164910328571429,0.80594884,0.8089447857142857,0.80238781,0.7968852799999999,0.7999931257142857,0.8046973628571428,0.7944080571428572,0.8107618,0.8136415614285715,0.7872552285714286,0.7933675657142858,0.7742693028571429,0.80010811,0.0,3.0,0.0,3.0,0.0,3.0
2010-06-23,2010,11,4,7,8076,444,0.0,0.125,0.125,0.125,-8.092293539021016,53.0,-8.092293539021016,8.092293539021016,27.05,3.2976870052924907,,,,,0.119127896737251,-2.3663866010817243,2010-07-14,0.0,0.0247747747747747,0.0157657657657657,0.009009009009009,6.09807428216624,2.4849066497880004,0.6363636363636364,0.3636363636363636,11,"The moderation in spending appeared, on balance, to be aligning the pace of consumption with recent trends in income, wealth, and consumer sentiment. Real disposable personal income moved up at a solid rate in March and April, reflecting increases in employment and hours worked as well as slightly higher real wages, but home values declined in recent months and equity prices moved down since the April meeting. Measures of consumer sentiment improved in May and early June but were still at relatively low levels.
S. stock price indexes fell over the intermeeting period, in part reflecting deepening concerns about the European fiscal situation and its potential for adverse spillovers to global economic growth. Option-implied volatility on the S&P 500 index spiked in mid-May, to more than double its value at the time of the April FOMC meeting, but largely reversed its run-up by the time of the June meeting.
stock price indexes fell over the intermeeting period, in part reflecting deepening concerns about the European fiscal situation and its potential for adverse spillovers to global economic growth. Option-implied volatility on the S&P 500 index spiked in mid-May, to more than double its value at the time of the April FOMC meeting, but largely reversed its run-up by the time of the June meeting. The spread between the staff's estimate of the expected real return on equities over the next 10 years and an estimate of the expected real return on a 10-year Treasury note--a measure of the equity risk premium--increased from its already elevated level.
Option-implied volatility on the S&P 500 index spiked in mid-May, to more than double its value at the time of the April FOMC meeting, but largely reversed its run-up by the time of the June meeting. The spread between the staff's estimate of the expected real return on equities over the next 10 years and an estimate of the expected real return on a 10-year Treasury note--a measure of the equity risk premium--increased from its already elevated level. Investors' attitudes toward financial institutions deteriorated somewhat, as the equity of financial firms underperformed the broader market amid uncertainty about the implications of developments in Europe and the potential effects of financial regulatory reform.
firms continued to issue bonds abroad and a few placed issues domestically in the first half of June. Gross equity issuance fell a bit, on net, in April and May, likely due in part to recent declines in equity prices and elevated market volatility. Measures of the credit quality of nonfinancial firms generally continued to improve, and first-quarter profits for firms in the S&P 500 jumped substantially, primarily reflecting an upturn in financial sector profits from quite depressed levels.
Gross equity issuance fell a bit, on net, in April and May, likely due in part to recent declines in equity prices and elevated market volatility. Measures of the credit quality of nonfinancial firms generally continued to improve, and first-quarter profits for firms in the S&P 500 jumped substantially, primarily reflecting an upturn in financial sector profits from quite depressed levels. The outlook in commercial real estate markets stayed weak; prices of commercial properties fell a bit further in the first quarter, and the volume of commercial property sales remained light.
The threat to global economic growth and financial stability posed by the fiscal situation in some European nations sparked widespread flight-to-quality flows over most of the intermeeting period. This retreat led to a broad appreciation of the dollar as well as declines in equity prices abroad and in yields on benchmark sovereign bonds. However, investor sentiment improved near the end of the period, leading to a partial reversal in some of these movements, despite Moody's downgrade of Greece to below-investment-grade status in mid-June.
However, investor sentiment improved near the end of the period, leading to a partial reversal in some of these movements, despite Moody's downgrade of Greece to below-investment-grade status in mid-June. On net, the dollar ended the intermeeting period up, most headline equity indexes fell, and benchmark government bond yields declined. Strains in euro-area bank funding markets reemerged during the period.
While the recent data on production and spending were broadly in line with the staff's expectations, the pace of the expansion over the next year and a half was expected to be somewhat slower than previously predicted. The intensifying concerns among investors about the implications of the fiscal difficulties faced by some European countries contributed to an increase in the foreign exchange value of the dollar and a drop in equity prices, which seemed likely to damp somewhat the expansion of domestic demand. The implications of these less-favorable factors for U.
Financial markets had become somewhat less supportive of economic growth since the April meeting, with the developments in Europe cited as a leading cause of greater global financial market tensions. Risk spreads for many corporate borrowers had widened noticeably, equity prices had fallen appreciably, and the dollar had risen in value against a broad basket of other currencies. Participants saw these changes as likely to weigh to some degree on household and business spending over coming quarters.
Participants commented that household spending continued to advance, with notable increases in auto sales and expenditures on other durable goods. Going forward, consumption spending was expected to continue to post moderate gains, with the effects of income growth and improved confidence as the economy recovers more than offsetting the effects of lower stock prices and housing wealth. However, continued labor market weakness could weigh on consumer sentiment, and households were still repairing their balance sheets; both factors could restrain consumer spending going forward.",0.8047124654545456,0.8258024081818182,0.8031598390909092,0.816247109090909,0.8107742936363637,0.8008617536363637,0.8247511336363637,0.7709955818181818,0.8064621563636364,0.8119432327272726,0.824929980909091,0.8026384936363636,0.8092340881818182,0.8122012418181818,0.81448781,0.81556825,0.8072124545454545,0.8123006972727272,0.7988189890909091,0.803760269090909,0.8089050936363636,0.7942189227272728,0.8022945127272727,0.8068650900000001,0.8077413209090909,0.7786529999999999,0.8003729827272728,0.7700919081818182,0.80518246,7.0,0.0,7.0,0.0,7.0,0.0
2010-08-10,2010,9,3,4,6829,396,0.0,0.125,0.125,0.125,4.3505842162620425,43.0,4.3505842162620425,4.3505842162620425,22.14,3.0973859272804907,,,,,2.907390077031184,4.610014028587649,2010-08-31,0.0,0.0227272727272727,0.0101010101010101,0.0075757575757575,5.983936280687191,2.302585092994046,0.4444444444444444,0.3333333333333333,9,"Real disposable personal income increased at a noticeably stronger pace than spending in recent months, and the personal saving rate moved up further from the upwardly revised level reported in the revisions to the national income and product accounts. Indicators of household net worth--such as stock prices and house prices--were little changed, on net, over the intermeeting period. Consumer confidence fell back in July, with households expressing greater concern about their personal finances and the outlook for the recovery.
S. equity price indexes increased slightly, on net, as generally positive corporate earnings news and an easing of investors' worries about the potential effects of fiscal strains in Europe were partly offset by concerns about the strength of the economic recovery. Most firms in the S&P 500 reported second-quarter earnings that exceeded analysts' forecasts.
equity price indexes increased slightly, on net, as generally positive corporate earnings news and an easing of investors' worries about the potential effects of fiscal strains in Europe were partly offset by concerns about the strength of the economic recovery. Most firms in the S&P 500 reported second-quarter earnings that exceeded analysts' forecasts. Option-implied volatility on the S&P 500 index declined but remained somewhat elevated by historical standards.
Most firms in the S&P 500 reported second-quarter earnings that exceeded analysts' forecasts. Option-implied volatility on the S&P 500 index declined but remained somewhat elevated by historical standards. The spread between the staff's estimate of the expected real return on equities over the next 10 years and an estimate of the expected real return on a 10-year Treasury note--a rough measure of the equity risk premium--was little changed at an elevated level.
Option-implied volatility on the S&P 500 index declined but remained somewhat elevated by historical standards. The spread between the staff's estimate of the expected real return on equities over the next 10 years and an estimate of the expected real return on a 10-year Treasury note--a rough measure of the equity risk premium--was little changed at an elevated level. Financial stock prices moved about in line with broader indexes, and credit default swap spreads for large financial institutions narrowed moderately.
The spread between the staff's estimate of the expected real return on equities over the next 10 years and an estimate of the expected real return on a 10-year Treasury note--a rough measure of the equity risk premium--was little changed at an elevated level. Financial stock prices moved about in line with broader indexes, and credit default swap spreads for large financial institutions narrowed moderately. Gross bond issuance by U.
Notwithstanding the improved investor sentiment toward Europe, data releases pointing to lower-than-expected growth in economic activity in the United States and China may have weighed on global sovereign bond yields, which declined on net in Canada, Germany, the United Kingdom, and Japan. Equity prices, while up in Europe over the intermeeting period, were little changed in Canada and down in Japan. By contrast, share prices rose in emerging markets and flows into emerging market equity funds continued to be strong.
Financial conditions, however, became somewhat more supportive of economic growth. Interest rates on Treasury securities, corporate bonds, and mortgages moved down further over the intermeeting period; the dollar reversed its April to June appreciation; and equity prices edged higher. Over the medium term, the recovery in economic activity was expected to receive support from accommodative monetary policy, further improvement in financial conditions, and greater household and business confidence.
trade deficit. Conditions in financial markets had become somewhat more supportive of growth over the intermeeting period, in part reflecting perceptions of diminished risk of financial dislocations in Europe: Medium- and longer-term interest rates had fallen, some risk spreads had narrowed, and the decline in equity prices that had occurred in the months before the Committee's June meeting had been partly reversed. Moreover, participants saw some indications that credit conditions for households and smaller businesses were beginning to improve, albeit gradually.",0.7807373322222222,0.80015943,0.7730930755555555,0.7902308522222222,0.8154734833333334,0.7957108555555555,0.8170516933333334,0.7781090877777778,0.7914369466666666,0.8295853033333334,0.8292291777777777,0.7949482822222222,0.8096039722222222,0.8014106044444445,0.81936765,0.8156165488888889,0.8004763244444444,0.8025963577777778,0.8006820822222223,0.7895311144444445,0.8050737066666667,0.8016623077777778,0.7966271044444445,0.8185515877777778,0.8167176377777778,0.7804696166666667,0.7964793499999999,0.7812605522222222,0.796814451111111,1.0,1.0,1.0,1.0,2.0,1.0
2010-09-21,2010,8,2,6,6157,345,0.0,0.125,0.125,0.125,3.2463582866427245,37.0,3.2463582866427245,3.2463582866427245,21.5,3.068052935133617,,,,,0.7092223917723645,-0.3340398430382991,2010-10-12,0.0,0.0231884057971014,0.017391304347826,0.0057971014492753,5.846438775057725,2.19722457733622,0.75,0.25,7,"The personal saving rate edged down in July but remained near the high level registered in the second quarter. Indicators of household net worth were mixed; home prices moved down in July, while equity prices inched up, on balance, over the intermeeting period. After falling back in July, consumer confidence remained downbeat in August and early September, with households more pessimistic about the outlook for their personal financial situations and general economic conditions.
S. stock price indexes edged up, on balance, over the intermeeting period, and option-implied volatility on the S&P 500 index was little changed on net. The spread between the staff's estimate of the expected real return on equities over the next 10 years and an estimate of the expected real return on a 10-year Treasury note--a rough measure of the equity risk premium--remained at an elevated level.
stock price indexes edged up, on balance, over the intermeeting period, and option-implied volatility on the S&P 500 index was little changed on net. The spread between the staff's estimate of the expected real return on equities over the next 10 years and an estimate of the expected real return on a 10-year Treasury note--a rough measure of the equity risk premium--remained at an elevated level. Bank stocks underperformed the broader equity market and continued to be more volatile, while credit default swap spreads for large banking organizations edged up.
The spread between the staff's estimate of the expected real return on equities over the next 10 years and an estimate of the expected real return on a 10-year Treasury note--a rough measure of the equity risk premium--remained at an elevated level. Bank stocks underperformed the broader equity market and continued to be more volatile, while credit default swap spreads for large banking organizations edged up. The greater volatility in bank stocks reportedly reflected, in part, the effects of domestic and international financial regulatory reform efforts.
Currency trended higher, while small time deposits and retail money market mutual funds contracted further, as yields on these assets remained at extremely low levels. In foreign markets, concerns about the global economic outlook prompted substantial drops in equity prices and benchmark sovereign bond yields in many countries in August, and the dollar appreciated broadly on safe-haven demands. In September, however, as better economic news led to some improvement in investor sentiment, equity prices and bond yields moved back up, and the dollar retraced its earlier appreciation.
In foreign markets, concerns about the global economic outlook prompted substantial drops in equity prices and benchmark sovereign bond yields in many countries in August, and the dollar appreciated broadly on safe-haven demands. In September, however, as better economic news led to some improvement in investor sentiment, equity prices and bond yields moved back up, and the dollar retraced its earlier appreciation. Yield spreads relative to German bunds on the 10-year sovereign bonds of Greece, Ireland, and Portugal widened to near-record levels over the period.
Yield spreads relative to German bunds on the 10-year sovereign bonds of Greece, Ireland, and Portugal widened to near-record levels over the period. Moreover, euro-area bank stock prices fell on continued concerns about the condition of some troubled institutions. With the yen at a 15-year high against the dollar in nominal terms, Japan's Ministry of Finance intervened in currency markets on September 15 to buy dollars against yen, and the Bank of Japan (BOJ) noted that it would continue to provide ample liquidity.",0.7914606628571429,0.81820735,0.7925207,0.7986249028571429,0.8212416457142858,0.7974891385714286,0.8129638214285714,0.7882934199999999,0.8076544257142857,0.8118101828571429,0.8196486957142858,0.7976941557142857,0.8142379471428571,0.8088508485714286,0.8168494771428572,0.8244300342857143,0.8019616357142858,0.8136228585714286,0.8118713057142857,0.81106284,0.8008828142857143,0.7972874428571428,0.7923346157142858,0.8056756857142856,0.8115868457142857,0.7711984414285714,0.8000157371428571,0.7724122657142857,0.7974000642857143,2.0,0.0,2.0,0.0,2.0,0.0
2010-11-03,2010,7,1,1,7229,389,0.0,0.125,0.125,0.125,4.306827403773668,40.0,4.306827403773668,4.306827403773668,21.57,3.071303460401065,,,,,1.4808605929576073,2.119860404375596,2010-11-23,0.0,0.0179948586118251,0.0025706940874035,0.0025706940874035,5.966146739123692,2.079441541679836,0.1428571428571428,0.1428571428571428,6,"Real personal consumption expenditures (PCE) rose at a moderate rate in the third quarter. Rising equity prices likely resulted in some further improvement in net worth over the same period. However, real disposable personal income, which rose strongly in the first half of the year, increased only slightly in the third quarter.
S. stock price indexes rose, on balance, over the intermeeting period, reflecting investor expectations of further monetary policy accommodation and better-than-expected third-quarter earnings news; option-implied volatility on the S&P 500 index was little changed. The spread between the staff's estimate of the expected real return on equities over the next 10 years and an estimate of the expected real return on a 10-year Treasury note--a rough measure of the equity risk premium--narrowed a bit but remained at an elevated level.
stock price indexes rose, on balance, over the intermeeting period, reflecting investor expectations of further monetary policy accommodation and better-than-expected third-quarter earnings news; option-implied volatility on the S&P 500 index was little changed. The spread between the staff's estimate of the expected real return on equities over the next 10 years and an estimate of the expected real return on a 10-year Treasury note--a rough measure of the equity risk premium--narrowed a bit but remained at an elevated level. Bank stocks generally underperformed the broader market amid concerns about the handling of mortgage foreclosure documents and possible lack of compliance with securitization agreements.
Spreads relative to German bunds on the 10-year sovereign bonds of most peripheral euro-area countries either declined or were little changed over the period, but Irish sovereign spreads moved higher on concerns over the fiscal burdens associated with losses in the Irish banking sector. Major equity indexes in the euro area and in the United Kingdom increased moderately, whereas the Nikkei index declined. Several emerging market central banks tightened monetary policy, including the People's Bank of China.
However, the staff revised up its forecast for economic activity in 2011 and 2012. In light of asset market developments over the intermeeting period, which in large part appeared to reflect heightened expectations among investors that the Federal Reserve would undertake additional purchases of longer-term securities, the November forecast was conditioned on lower long-term interest rates, higher stock prices, and a lower foreign exchange value of the dollar than was the staff's previous forecast. These factors were expected to provide additional support to the recovery in economic activity.
Participants saw financial conditions as having become more supportive of growth over the course of the intermeeting period; most, though not all, of the change appeared to reflect investors' increasing anticipation of a further easing of monetary policy. Most longer-term nominal interest rates declined, real interest rates fell even more, credit spreads tightened, and equity prices rose, in part reflecting better-than-expected corporate earnings reports. Inflation compensation rose noticeably, returning to a level more typical of recent years.",0.7813456916666667,0.7995310616666668,0.7700595366666666,0.7908151766666668,0.8219634233333334,0.79784921,0.8258612233333333,0.78044206,0.801529635,0.8403826433333333,0.8441989566666667,0.8041917550000001,0.81156445,0.8050035783333334,0.8301103266666666,0.8220789283333333,0.79867102,0.8166689766666666,0.802292015,0.7962384083333333,0.80236516,0.7946709483333333,0.7876902566666667,0.8093762400000001,0.8064695049999999,0.7727774900000001,0.7973697883333334,0.76800642,0.7934231066666667,0.0,4.0,0.0,4.0,0.0,4.0
2010-12-14,2010,8,4,3,6830,377,0.0,0.125,0.125,0.125,1.5570984326386956,36.0,1.5570984326386956,1.5570984326386956,17.55,2.865053949911875,,,,,0.4990840457870142,0.3336509751902714,2011-01-04,0.0,0.0212201591511936,0.0079575596816976,0.0106100795755968,5.934894195619588,2.19722457733622,0.375,0.5,7,"Revised data on personal income indicated that it was stronger last spring and summer than previously reported. Household net worth rose further in the third quarter, as an increase in equity values more than offset the effect of a drop in house prices. Consumer sentiment turned more positive in November and early December, retracing most of the decline that occurred during the summer.
S. equity price indexes increased moderately, on net, over the intermeeting period, in part reflecting incoming economic data that were read by investors as suggesting that the recovery could be gaining traction, at least outside the housing sector. Stock prices for domestic commercial banks were volatile but outperformed broad indexes on balance.
equity price indexes increased moderately, on net, over the intermeeting period, in part reflecting incoming economic data that were read by investors as suggesting that the recovery could be gaining traction, at least outside the housing sector. Stock prices for domestic commercial banks were volatile but outperformed broad indexes on balance. Option-implied volatility on the S&P 500 index fell modestly, and the spread between the staff's estimate of the expected real return on equity for S&P 500 firms and the real 10-year Treasury yield--a rough measure of the equity risk premium--narrowed a bit, although it remained elevated relative to longer-run norms.
Stock prices for domestic commercial banks were volatile but outperformed broad indexes on balance. Option-implied volatility on the S&P 500 index fell modestly, and the spread between the staff's estimate of the expected real return on equity for S&P 500 firms and the real 10-year Treasury yield--a rough measure of the equity risk premium--narrowed a bit, although it remained elevated relative to longer-run norms. In the December 2010 Senior Credit Officer Opinion Survey on Dealer Financing Terms, dealers reported an easing of credit terms over the preceding three months with respect to securities financing transactions and across a range of counterparties.
Ten-year sovereign yields increased significantly throughout the AFEs, although by less than yields in the United States. Headline stock price indexes in the AFEs generally ended the period higher, whereas bank stocks in Europe declined. The People's Bank of China raised the required reserve ratio for banks a cumulative 150 basis points over the intermeeting period, and other central banks in emerging Asia increased policy rates.
The People's Bank of China raised the required reserve ratio for banks a cumulative 150 basis points over the intermeeting period, and other central banks in emerging Asia increased policy rates. China's Shanghai Composite Index fell in the wake of Chinese policy actions, while other emerging market stock indexes were mixed over the period. In Latin America, Brazil's central bank also raised reserve requirements late in the period.
Nonetheless, participants noted that the pace of hiring was still sluggish; indeed, the unemployment rate had edged higher in November, and the employment-population ratio remained very low. Interest rates at intermediate and longer maturities rose substantially over the intermeeting period, while credit spreads were roughly unchanged and equity prices rose moderately. Participants pointed to a number of factors that appeared to have contributed to the significant backup in yields, including an apparent downward reassessment by investors of the likely ultimate size of the Federal Reserve's asset-purchase program, economic data that were seen as suggesting an improved economic outlook, and the announcement of a package of fiscal measures that was expected to bolster economic growth and increase the deficit over coming quarters.",0.77127161,0.7959360314285714,0.7600342099999999,0.7757036271428571,0.8113336442857143,0.7897196685714285,0.8073878628571428,0.7825420428571429,0.7978271585714286,0.8284083314285714,0.8283241257142857,0.7957850771428571,0.8054348271428572,0.7959956942857144,0.8124757714285715,0.8097138628571429,0.7904627142857142,0.8042863042857142,0.8020970157142857,0.7939612357142857,0.7977069971428572,0.79111217,0.78289806,0.7955912500000001,0.7993459071428571,0.7691031828571429,0.7869631100000001,0.7666761500000001,0.7891709228571429,1.0,4.0,1.0,4.0,2.0,4.0
2011-01-26,2011,9,6,1,10672,653,0.0,0.125,0.125,0.125,4.387763375504524,40.0,4.387763375504524,4.387763375504524,17.59,2.867330558749466,,,,,0.3067683209147617,-2.2897235961033955,2011-02-16,0.0,0.0137825421133231,0.001531393568147,0.009188361408882,6.483107351457199,2.302585092994046,0.1111111111111111,0.6666666666666666,8,"The available data suggested that consumer spending was supported by gains in personal income in the fourth quarter of 2010. Moreover, household net worth appeared to have risen in the fourth quarter, as the large increase in equity prices more than offset further declines in house values. Consumer credit started to increase again in October and November after having generally declined since the fall of 2008.
S. stock price indexes rose, on net, over the intermeeting period, extending their recent strong performance; bank stock prices modestly outperformed the broader market. The increase in equity prices reflected the apparent firming of the economic recovery and favorable early reports on fourth-quarter corporate earnings.
stock price indexes rose, on net, over the intermeeting period, extending their recent strong performance; bank stock prices modestly outperformed the broader market. The increase in equity prices reflected the apparent firming of the economic recovery and favorable early reports on fourth-quarter corporate earnings. Option-implied volatility on the S&P 500 index remained at a relatively low level.
The increase in equity prices reflected the apparent firming of the economic recovery and favorable early reports on fourth-quarter corporate earnings. Option-implied volatility on the S&P 500 index remained at a relatively low level. The spread between the staff's estimate of the expected real equity return for S&P 500 firms and the real 10-year Treasury yield--a rough measure of the equity risk premium--narrowed further over the period but remained elevated relative to longer-run norms.
Option-implied volatility on the S&P 500 index remained at a relatively low level. The spread between the staff's estimate of the expected real equity return for S&P 500 firms and the real 10-year Treasury yield--a rough measure of the equity risk premium--narrowed further over the period but remained elevated relative to longer-run norms. Overall, net debt financing by U.
Benchmark 10-year sovereign yields moved higher in the core euro-area economies and the United Kingdom but were little changed in Japan and Canada. Equity prices increased in the AFEs and in many EMEs as market participants appeared to revise upward their outlook for the global economy. Financial market strains in the euro area continued during the intermeeting period.
However, the staff's outlook for the pace of economic growth over the medium term was adjusted only slightly relative to the projection prepared for the December meeting. Compared with the December forecast, the conditioning assumptions underlying the forecast were little changed and roughly offsetting: Although higher equity prices and a lower foreign exchange value of the dollar were expected to be slightly more supportive of economic growth, the staff anticipated that these influences would be about offset by lower house prices and higher oil prices. In addition, the staff's assumptions about fiscal policy changed little--the fiscal package enacted in December was close to what the staff had already incorporated in their previous projection.
Conditions in financial markets improved somewhat further over the intermeeting period. Broad equity prices rose, adding to their substantial gains since the middle of 2010. Yields on longer-term nominal Treasury securities were little changed, on balance, over the period, but they had increased quite a bit in recent months, leaving the Treasury yield curve noticeably steeper.",0.7665395825,0.78652118,0.75368042875,0.7689032325,0.80762408125,0.7952190987500001,0.80373877375,0.78424141375,0.79405070375,0.84738823125,0.8370486225,0.7990096875,0.808653445,0.7920110825,0.81784125,0.80739956375,0.7958331675,0.7971792237499999,0.8040039625,0.7904508975,0.81503492125,0.80968885,0.79845521875,0.82546253875,0.820071995,0.78972907375,0.79479145625,0.790645495,0.8014447662499999,0.0,5.0,0.0,5.0,0.0,5.0
2011-03-15,2011,8,3,2,6899,369,0.0,0.125,0.125,0.125,0.3491331910946621,43.0,0.3491331910946621,0.3491331910946621,21.13,3.050693831627965,,,,,0.2179378949933849,-1.3966047747666366,2011-04-05,0.0,0.021680216802168,0.005420054200542,0.008130081300813,5.91350300563827,2.19722457733622,0.25,0.375,8,"Consumer spending was supported by a solid increase in real disposable income in January, reflecting in part the temporary cut in payroll taxes. Household net worth rose in the fourth quarter, as the increase in equity values during that period more than offset the further fall in house prices. However, consumer sentiment dropped back in early March, retracing its increase over the preceding four months.
S. stock price indexes were about unchanged, on net, over the intermeeting period. Option-implied volatility on the S&P 500 index rose sharply in mid-February in response to events in the MENA region and remained somewhat elevated thereafter.
stock price indexes were about unchanged, on net, over the intermeeting period. Option-implied volatility on the S&P 500 index rose sharply in mid-February in response to events in the MENA region and remained somewhat elevated thereafter. The staff's estimate of the spread between the expected real equity return for S&P 500 firms and the real 10-year Treasury yield--a measure of the equity risk premium--narrowed a bit more over the intermeeting period but continued to be quite elevated relative to longer-term norms.
Option-implied volatility on the S&P 500 index rose sharply in mid-February in response to events in the MENA region and remained somewhat elevated thereafter. The staff's estimate of the spread between the expected real equity return for S&P 500 firms and the real 10-year Treasury yield--a measure of the equity risk premium--narrowed a bit more over the intermeeting period but continued to be quite elevated relative to longer-term norms. In the March 2011 Senior Credit Officer Opinion Survey on Dealer Financing Terms, dealers reported a further easing, over the previous three months, in the price and nonprice terms they offered to different types of counterparties for all of the categories of transactions covered in the survey.
bank notes. In financial markets abroad, equity prices in the advanced economies rose early in the intermeeting period, but they turned down in mid-February as oil prices increased and then fell sharply in mid-March in the aftermath of the earthquake and tsunami in Japan. On net over the intermeeting period, stock prices were down in most of the advanced economies, with Japan's index having fallen most significantly.
In financial markets abroad, equity prices in the advanced economies rose early in the intermeeting period, but they turned down in mid-February as oil prices increased and then fell sharply in mid-March in the aftermath of the earthquake and tsunami in Japan. On net over the intermeeting period, stock prices were down in most of the advanced economies, with Japan's index having fallen most significantly. Emerging market equity price indexes, which had been underperforming in previous months, generally ended the period lower as well, and emerging market equity funds experienced outflows.
On net over the intermeeting period, stock prices were down in most of the advanced economies, with Japan's index having fallen most significantly. Emerging market equity price indexes, which had been underperforming in previous months, generally ended the period lower as well, and emerging market equity funds experienced outflows. Movements in 10-year sovereign bond yields in Europe and Canada mirrored those in equity prices, climbing early in the intermeeting period but falling later.
Emerging market equity price indexes, which had been underperforming in previous months, generally ended the period lower as well, and emerging market equity funds experienced outflows. Movements in 10-year sovereign bond yields in Europe and Canada mirrored those in equity prices, climbing early in the intermeeting period but falling later. In part because of downgrades by credit rating agencies, yields on the 10-year sovereign bonds of Greece, Ireland, and Portugal rose sharply, relative to those on German bonds, through early March.",0.79771551875,0.816706605,0.78420718875,0.79474530625,0.80782963875,0.79753263875,0.81583127625,0.7861701975,0.79131789125,0.79390760875,0.81018734125,0.79928594625,0.8101439725,0.80015879125,0.802662065,0.81065123,0.79963636625,0.81098807875,0.80811973625,0.7948969287500001,0.8000265125,0.7987181250000001,0.7881778375,0.80357363375,0.807295575,0.7760177875,0.791783975,0.78334263,0.80243036875,1.0,4.0,1.0,4.0,1.0,5.0
2011-04-27,2011,6,3,3,7896,402,0.0,0.125,0.125,0.125,6.040520754120623,40.0,6.040520754120623,6.040520754120623,15.62,2.74855214441154,,,,,0.217420272615379,-1.5199413339398469,2011-05-18,0.0,0.0149253731343283,0.0074626865671641,0.0074626865671641,5.998936561946683,1.9459101490553128,0.5,0.5,4,"S. stock price indexes rose, on net, over the intermeeting period, as initial reports of better-than-expected first-quarter earnings lifted stock prices in late April. Option-implied volatility on the S&P 500 index was moderately lower, on net, ending the intermeeting period at the low end of its recent range.
stock price indexes rose, on net, over the intermeeting period, as initial reports of better-than-expected first-quarter earnings lifted stock prices in late April. Option-implied volatility on the S&P 500 index was moderately lower, on net, ending the intermeeting period at the low end of its recent range. Net debt financing by nonfinancial corporations remained robust in March.
bank notes. Foreign sovereign bond yields generally were little changed and equity prices rose, on net, over the intermeeting period, although equity prices in Japan remained below their pre-earthquake levels despite the record amounts of liquidity injected by the Bank of Japan and the expansion of its asset purchase program. The European Central Bank raised its main policy rate 25 basis points to 1-1/4 percent during the intermeeting period, and markets appeared to have priced in additional rate increases over the rest of the year.
Financial market conditions continued to improve over the intermeeting period. Equity prices had risen, on balance, since the previous meeting, reflecting an improved outlook for earnings, and were up more substantially since the start of the year. Bankers again reported improvements in credit quality, with the volume of nonperforming assets declining at larger banks and leveling off at smaller banks.",0.757117885,0.7827253525,0.74774904,0.765690965,0.8069522625,0.7994801874999999,0.8100338825,0.7940765175,0.8001847125,0.852974235,0.8369545575,0.7926895775,0.817001925,0.79523515,0.8149926949999999,0.8115249525,0.79872119,0.8045826325000001,0.809437235,0.7911266,0.7982497125,0.8098965149999999,0.7834154575,0.812923065,0.8121276,0.78973715,0.784600305,0.7939660374999999,0.802089585,0.0,2.0,0.0,2.0,1.0,2.0
2011-06-22,2011,6,1,4,7607,408,0.0,0.125,0.125,0.125,-6.232185483729405,53.0,-6.232185483729405,6.232185483729405,18.86,2.937043277205311,,,,,0.3100205191313898,0.9911770743709976,2011-07-12,0.0,0.0147058823529411,0.0098039215686274,0.0024509803921568,6.013715156042802,1.9459101490553128,0.6666666666666666,0.1666666666666666,6,"S. stock price indexes declined, on net, over the intermeeting period, apparently in response to the downbeat economic data. Stock prices of financial firms underperformed the broader market, reflecting the weaker economic outlook, potential credit rating downgrades, and heightened concerns about the anticipated capital surcharge for systemically important financial institutions.
stock price indexes declined, on net, over the intermeeting period, apparently in response to the downbeat economic data. Stock prices of financial firms underperformed the broader market, reflecting the weaker economic outlook, potential credit rating downgrades, and heightened concerns about the anticipated capital surcharge for systemically important financial institutions. Option-adjusted volatility on the S&P 500 index rose somewhat on net.
Stock prices of financial firms underperformed the broader market, reflecting the weaker economic outlook, potential credit rating downgrades, and heightened concerns about the anticipated capital surcharge for systemically important financial institutions. Option-adjusted volatility on the S&P 500 index rose somewhat on net. In the June 2011 Senior Credit Officer Opinion Survey on Dealer Financing Terms, dealers pointed to a continued gradual easing over the previous three months in credit terms applicable to major classes of counterparties across all types of transactions covered in the survey.
In the June 2011 Senior Credit Officer Opinion Survey on Dealer Financing Terms, dealers pointed to a continued gradual easing over the previous three months in credit terms applicable to major classes of counterparties across all types of transactions covered in the survey. Dealers also reported that the demand for funding had increased over the same period for a broad range of securities, with the exception of equities. More recently, however, against a backdrop of disappointing economic data, heightened uncertainty about the situation in Europe, and, possibly, concerns about the U.
Since the April FOMC meeting, the dollar rose modestly, on net, after depreciating over the preceding several months. Headline equity indexes abroad and foreign benchmark sovereign yields declined over the intermeeting period in apparent response to signs of a slowdown in the pace of global economic activity and reduced demand for risky assets. Concerns about the possibility of a restructuring of Greek government debt drove spreads of yields on the sovereign debts of Greece, Ireland, and Portugal to record highs relative to yields on German bunds.
Changes in financial market conditions since the April meeting suggested that investors had become more concerned about risk. Equity markets had seen a broad selloff, and risk spreads for many corporate borrowers had widened noticeably. Large businesses that have access to capital markets continued to enjoy ready access to credit--including syndicated loans--on relatively attractive terms; however, credit conditions remained tight for smaller, bank-dependent firms.",0.81544231,0.85354727,0.8154817566666667,0.8419201583333334,0.8231347333333333,0.8109296233333333,0.8452294399999999,0.794506095,0.8166550116666667,0.8069284366666666,0.8291724066666667,0.8006277549999999,0.8369687450000001,0.8190907266666666,0.8232634933333333,0.8298327200000001,0.8212573066666667,0.8337634816666667,0.8148111033333333,0.8121350583333333,0.7972103266666667,0.8237233716666666,0.8013653833333333,0.8087437833333334,0.8169804333333334,0.7941553416666666,0.80858095,0.7819691249999999,0.8082778033333334,0.0,0.0,0.0,0.0,0.0,1.0
2011-08-09,2011,6,0,6,6751,386,0.0,0.125,0.125,0.125,-6.782682537489745,43.0,-6.782682537489745,6.782682537489745,48.0,3.871201010907891,,,,,0.4909634739467815,-1.1863930459489556,2011-08-30,0.0,0.0155440414507772,0.0155440414507772,0.0,5.958424693029782,1.9459101490553128,1.0,0.0,6,"S. equity prices fell considerably in the last week of July and the first week of August, reportedly reflecting recent weaker-than-expected economic data releases, and they declined further after the August 5 announcement by Standard & Poor's of its downgrade of long-term U. S.
S. stock price indexes fell sharply, on net, over the intermeeting period, as increased concerns about economic growth appeared to overshadow generally strong second-quarter corporate earnings reports. Option-implied volatility on the S&P 500 index jumped late in the period.
stock price indexes fell sharply, on net, over the intermeeting period, as increased concerns about economic growth appeared to overshadow generally strong second-quarter corporate earnings reports. Option-implied volatility on the S&P 500 index jumped late in the period. Yields on both investment- and speculative-grade corporate bonds fell a little less than those on comparable-maturity Treasury securities, leaving risk spreads wider.
The rise in currency moderated over those two months but remained robust. Headline equity indexes abroad and foreign benchmark sovereign yields declined over the intermeeting period in apparent response to signs of a slowdown in the pace of global economic activity and reduced demand for risky assets. At the same time, concerns about fiscal deficits and debt sustainability drove yields on the sovereign debt of Greece, Ireland, Portugal, Spain, and Italy to record highs relative to yields on German bunds, although later in the period, spreads fell back somewhat.
At the same time, concerns about fiscal deficits and debt sustainability drove yields on the sovereign debt of Greece, Ireland, Portugal, Spain, and Italy to record highs relative to yields on German bunds, although later in the period, spreads fell back somewhat. Stock prices of European banks, which are significant investors in sovereign bonds issued by the peripheral euro-area countries, declined appreciably, and some of these banks reportedly faced tighter funding conditions toward the end of the intermeeting period. The broad nominal index of the U.
Participants noted that financial markets were volatile over the intermeeting period, as investors responded to news on the European fiscal situation and the negotiations regarding the debt ceiling in the United States. However, the broad declines in stock prices and interest rates over the intermeeting period were seen as mostly reflecting the incoming data pointing to a weaker outlook for growth both in the United States and globally as well as a reduced willingness of investors to bear risk in light of the greater uncertainty about the outlook. While conditions in funding markets had tightened, it was noted that the condition of U.",0.8093564166666667,0.8386289933333333,0.8058125683333334,0.8357647,0.8154344283333333,0.7997364566666666,0.8316985766666667,0.7877064183333333,0.8070549666666667,0.7970293533333334,0.8129193883333333,0.7934170666666667,0.8178169949999999,0.8108195816666667,0.8163379233333333,0.8216991366666666,0.8061980916666668,0.8258238666666666,0.809853155,0.8093074616666667,0.7942979299999999,0.8063967183333333,0.7840600133333333,0.8109956700000001,0.8085887733333333,0.7803271266666667,0.8026932333333333,0.78032083,0.8062041666666667,2.0,0.0,2.0,0.0,2.0,0.0
2011-09-21,2011,6,0,3,8582,437,0.0,0.125,0.125,0.125,7.169964812441285,40.0,7.169964812441285,7.169964812441285,32.86,3.492256112609122,,,,,-0.2978650340341613,0.2171207894327718,2011-10-12,0.0,0.0137299771167048,0.0068649885583524,0.0,6.082218910376446,1.9459101490553128,0.5,0.0,6,"Partly in reaction to the softer economic outlook, measures of inflation compensation for the next 5 years as well as 5 to 10 years ahead derived from nominal and inflation-protected Treasury securities each fell to the low end of their ranges for this year. Since early August, the equity prices of large U. S.
financial institutions fell and their credit default swap (CDS) spreads widened. More-pronounced declines in equity prices and larger increases in CDS spreads occurred for some European financial institutions. Though many large European banks found it increasingly difficult, in recent weeks, to get unsecured dollar funding beyond the very short term, the conditions faced by U.
In response to dollar funding pressures abroad, the Bank of England, the European Central Bank (ECB), and the Swiss National Bank announced that they would offer banks in their jurisdictions dollar loans for periods of approximately three months as well as continue to offer dollar loans for one-week periods; the Bank of Japan added to its previously announced program of three-month and seven-day dollar loans. Broad stock price indexes were volatile but increased, on net, since the August FOMC meeting, following sharp declines in the days just preceding that meeting. Gross public equity issuance by nonfinancial firms weakened substantially in recent weeks, and a large number of planned initial public offerings were shelved amid the heightened market volatility.
In contrast, the yield on two-year Greek sovereign bonds rose sharply as market participants became increasingly concerned that Greece might default on its sovereign debt. Equity prices in the euro area decreased over the intermeeting period, following sharp declines in early August. After falling steeply before the August FOMC meeting, emerging market equity prices were little changed, on net, over the period.
Equity prices in the euro area decreased over the intermeeting period, following sharp declines in early August. After falling steeply before the August FOMC meeting, emerging market equity prices were little changed, on net, over the period. The European Central Bank continued to purchase, in the secondary market, sovereign debt of euro-area countries.
S. banks had seen further pressure on their stock prices and CDS spreads. Participants agreed that, if European policymakers did not respond effectively, European sovereign debt and banking problems could intensify, with potentially serious spillovers to the U.",0.8066448916666666,0.8368159833333334,0.7991614633333333,0.8108903199999999,0.80470701,0.8017386566666667,0.8310699349999999,0.7794195899999999,0.7938462749999999,0.78178537,0.8086294500000001,0.7903539933333333,0.8183111166666667,0.7956445033333334,0.8017719866666666,0.8082622766666666,0.8086417533333333,0.8266875316666668,0.7994236983333334,0.7980177333333334,0.796899115,0.812895845,0.7824766350000001,0.7981820066666666,0.8073194066666667,0.7919128400000001,0.8126033833333333,0.7803012933333333,0.8050198666666667,1.0,0.0,1.0,0.0,2.0,0.0
2011-11-02,2011,8,2,3,7825,424,0.0,0.125,0.125,0.125,10.393318472678304,39.0,10.393318472678304,10.393318472678304,34.77,3.5487549460197703,,,,,-2.2343518403801736,4.839897705114119,2011-11-22,0.0,0.0188679245283018,0.0070754716981132,0.0047169811320754,6.052089168924417,2.19722457733622,0.375,0.25,8,"Measures of near-term inflation compensation derived from nominal and inflation-protected Treasury securities rose slightly over the intermeeting period, while similar measures of longer-term inflation compensation were about unchanged. Credit default swap (CDS) spreads and equity prices of large U. S.
bank earnings reports generally met investors' expectations. On net, equity prices for U. S.
European bank CDS spreads remained elevated, and these institutions continued to face somewhat strained conditions in short-term bank funding markets. Although equity markets were volatile, broad U. S.
S. equity price indexes ended the intermeeting period little changed. Earnings reports for nonfinancial firms generally came in somewhat better than investors expected and about in line with second-quarter levels.
Earnings reports for nonfinancial firms generally came in somewhat better than investors expected and about in line with second-quarter levels. Gross public equity issuance by nonfinancial firms continued to be very weak in September and October, with a large number of firms shelving planned initial public offerings amid the volatility in equity markets. Yields on investment- and speculative-grade corporate bonds edged lower, on net, over the period, leaving their spreads to Treasury securities slightly narrower.
M2 grew at a modest pace in September and October, well below the rapid rate seen in July and August. Some of the factors that contributed to M2 growth over the summer, such as concerns about European financial developments and equity market volatility, persisted and supported elevated levels of M2 deposits but did not trigger additional sizable inflows. The monetary base also grew moderately as its major components--reserve balances and currency--increased over the period.
Foreign financial markets remained volatile over the intermeeting period, and funding pressures for many European financial institutions continued. After falling sharply in August and early September, foreign equity prices rose, with stocks in the euro area outperforming those in most other economies. For most of the period, market participants seemed heartened by European leaders' efforts to address the fiscal and financial challenges present in the euro area, although the news late in the period on a possible Greek referendum sent stock prices down sharply.
After falling sharply in August and early September, foreign equity prices rose, with stocks in the euro area outperforming those in most other economies. For most of the period, market participants seemed heartened by European leaders' efforts to address the fiscal and financial challenges present in the euro area, although the news late in the period on a possible Greek referendum sent stock prices down sharply. Benchmark sovereign yields increased over the period, but spreads of yields on 10-year sovereign bonds of the most vulnerable euro-area countries over yields on German bunds were little changed on net.",0.7707407225,0.80266100625,0.76967639125,0.78153942375,0.81026779375,0.79570754375,0.81214803125,0.789924235,0.7820641187499999,0.80628619375,0.81445549,0.78291783,0.8092568775,0.7932606612499999,0.81040487625,0.8102090325,0.8036725425,0.80553188,0.80781231125,0.78458112375,0.79043617125,0.80190156,0.78327348125,0.8036310412500001,0.80878996125,0.7885893375,0.79509709875,0.78394654125,0.79292348375,1.0,1.0,1.0,1.0,1.0,1.0
2011-12-13,2011,6,3,0,7756,424,0.0,0.125,0.125,0.125,-0.4750994891358934,36.0,-0.4750994891358934,0.4750994891358934,25.67,3.245322994883049,,,,,0.0187358399231813,1.1689120343225443,2012-01-03,0.0,0.0141509433962264,0.0,0.0070754716981132,6.052089168924417,1.9459101490553128,0.0,0.5,3,"Dealers also noted that demand for funding all types of securities decreased over the same reference period. Credit default swap (CDS) spreads and equity prices of large U. S.
banking organizations remained volatile over the intermeeting period. While the S&P 500 index ended the period slightly higher, on net, equity prices for most major U. S.
Several European banks announced large declines in third-quarter profits, in part reflecting write-downs of their holdings of Greek sovereign debt. Equity prices in both advanced and emerging market economies fluctuated widely, with advanced country equities little changed, on net, and emerging market equities ending the period lower. The foreign exchange value of the dollar appreciated, on balance, over the intermeeting period.",0.8064692533333333,0.82031866,0.7930610766666666,0.7991015499999999,0.81686799,0.8128621766666667,0.8213877799999999,0.7965814566666666,0.79841345,0.8021722133333333,0.8205049333333333,0.8082283133333333,0.8279451866666667,0.8072499133333334,0.8116761333333334,0.82268981,0.8173096666666666,0.8176572000000001,0.82215712,0.8021467333333333,0.8006030766666666,0.8191560233333334,0.7877808566666666,0.8068328,0.8215845,0.7921294799999999,0.80746094,0.7972495933333333,0.8113617833333334,0.0,0.0,0.0,0.0,0.0,0.0
2012-01-25,2012,5,2,2,10906,660,0.0,0.125,0.125,0.125,8.245159765122983,40.0,8.245159765122983,8.245159765122983,18.91,2.9396908826703663,,,,,1.0962352134646765,1.4928137269770907,2012-02-15,0.0,0.0075757575757575,0.003030303030303,0.003030303030303,6.493753839851686,1.791759469228055,0.4,0.4,4,"Although credit default swap (CDS) spreads of most large domestic bank holding companies remained elevated, they moved lower over the intermeeting period, and some institutions took advantage of easing credit conditions by issuing significant quantities of new long-term debt. Equity prices of most large domestic financial institutions outperformed the broader market, on net, over the intermeeting period. Nonetheless, the ratio of the market value of bank equity to its book value remained low for some large financial firms.
Responses to the December Senior Credit Officer Opinion Survey on Dealer Financing Terms indicate that, since August, securities dealers have devoted increased time and attention to the management of concentrated credit exposures to other financial intermediaries, pointing to increased concern over counterparty risk. Broad equity price indexes increased more than 6 percent, on net, over the intermeeting period, and option-implied equity volatility declined notably. Yields on investment-grade corporate bonds declined a bit relative to those on comparable-maturity Treasury securities, while spreads of speculative-grade corporate bond yields over yields on Treasury securities decreased noticeably.
While the dollar fell against most other currencies, it appreciated against the euro. Foreign stock markets generally ended the period higher, with headline equity indexes in Europe and the emerging market economies up substantially, although emerging market equity and bond funds continued to experience outflows on net during the period. Staff Economic Outlook
A few participants noted that the recent decline in the unemployment rate reflected declining labor force participation in large part, and judged that the decline in the participation rate was likely to be reversed, at least to some extent, as the recovery continues and labor demand picks up. Meeting participants observed that financial conditions improved and financial market stresses eased somewhat during the intermeeting period: Equity prices rose, volatility declined, and bank lending conditions appeared to improve. Participants noted that the ECB's three-year refinancing operation had apparently contributed to improved conditions in European sovereign debt markets.",0.7840527925,0.8087669275,0.7698295575,0.7852135325,0.810179835,0.79975039,0.81985483,0.7733958025000001,0.79254616,0.8203060625,0.827659345,0.792931375,0.8178194,0.79051112,0.802694425,0.8134916725000001,0.8041706825,0.8085752675,0.801610835,0.79252945,0.796123225,0.81106641,0.78241068,0.7973476625,0.804417595,0.78570586,0.7927617475,0.7722964,0.792035175,0.0,2.0,0.0,2.0,0.0,2.0
2012-03-13,2012,7,4,1,6465,344,0.0,0.125,0.125,0.125,3.890412688147135,43.0,3.890412688147135,3.890412688147135,15.64,2.7498317351171653,,,,,-1.0257118633359956,-3.213342267334492,2012-04-03,0.0,0.0203488372093023,0.002906976744186,0.0116279069767441,5.84354441703136,2.079441541679836,0.1428571428571428,0.5714285714285714,6,"Households' real disposable income increased, on balance, in December and January as labor earnings rose solidly. Moreover, households' net worth grew in the fourth quarter of last year and likely was boosted further by gains in equity values thus far this year. Nevertheless, real personal consumption expenditures (PCE) were reported to have been flat in December and January.
S. equity price indexes rose significantly over the intermeeting period; equity prices of large banking organizations increased about in line with the broader market. Aggregate earnings per share for firms in the Standard & Poor's 500 index declined in the fourth quarter, but profit margins for large corporations remained wide by historical standards.
Currency expanded robustly, and the monetary base also grew significantly over January and February. Foreign equity markets ended the period higher, particularly in Japan, and benchmark sovereign bond yields declined. Spreads of yields on euro-area peripheral sovereign debt over those on German bunds generally continued to narrow, and foreign corporate credit spreads also declined further.
Against this backdrop, the staff reduced its estimate of the level of potential output, yielding a measure of the current output gap that was a little narrower and better aligned with the staff's estimate of labor market slack. In its March forecast, the staff's projection for real GDP growth over the medium term was somewhat higher than the one presented in January, mostly reflecting an improved outlook for economic activity abroad, a lower foreign exchange value for the dollar, and a higher projected path of equity prices. Nevertheless, the staff continued to forecast that real GDP growth would pick up only gradually in 2012 and 2013, supported by accommodative monetary policy, easing credit conditions, and improvements in consumer and business sentiment.
While a few participants indicated that their expectations for real GDP growth for 2012 had risen somewhat, most participants did not interpret the recent economic and financial information as pointing to a material revision to the outlook for 2013 and 2014. Financial conditions had improved notably since the January meeting: Equity prices were higher and risk spreads had declined. Nonetheless, a number of factors continued to be seen as likely to restrain the pace of economic expansion; these included slower growth in some foreign economies, prospective fiscal tightening in the United States, the weak housing market, further household deleveraging, and high levels of uncertainty among households and businesses.
Many participants noted that strains in global financial markets had eased somewhat, and that financial conditions were more supportive of economic growth than at the time of the January meeting. Among the evidence cited were higher equity prices and better conditions in corporate credit markets, especially the markets for high-yield bonds and leveraged loans. Banking contacts were reporting steady, though modest, growth in C&I loans.",0.7776949233333333,0.7841897766666667,0.7601020516666667,0.7756090649999999,0.790912575,0.78594519,0.8043880916666667,0.76185504,0.7826572416666666,0.8336544300000001,0.8285863366666666,0.7990512766666665,0.7993876333333333,0.78751112,0.8084563,0.7942275966666666,0.789236095,0.7873937333333334,0.7813398350000001,0.7822152433333334,0.7984314533333333,0.7914059366666667,0.7776859833333334,0.7990176716666667,0.7868192833333333,0.7712932033333333,0.7765150333333333,0.75658685,0.78674729,0.0,4.0,0.0,4.0,0.0,4.0
2012-04-25,2012,6,4,1,7151,373,0.0,0.125,0.125,0.125,-1.989500199823573,40.0,-1.989500199823573,1.989500199823573,18.1,2.89591193827178,,,,,-1.5168537131631858,-0.4510811828199247,2012-05-16,0.0,0.0160857908847185,0.002680965147453,0.0107238605898123,5.924255797414532,1.9459101490553128,0.1666666666666666,0.6666666666666666,6,"S. stock price indexes followed the general pattern observed across asset markets, rising early in the period on increased investor optimism and then falling later on, to end the period little changed on net. Equity prices of financial institutions increased, reportedly as investors interpreted the first-quarter earnings of several large banking organizations and the results of the CCAR as better than expected.
stock price indexes followed the general pattern observed across asset markets, rising early in the period on increased investor optimism and then falling later on, to end the period little changed on net. Equity prices of financial institutions increased, reportedly as investors interpreted the first-quarter earnings of several large banking organizations and the results of the CCAR as better than expected. Yields and spreads on investment-grade corporate bonds were about unchanged, but yields and spreads on speculative-grade corporate bonds increased somewhat.
Spreads of yields on sovereign Italian and Spanish debt over those on comparable-maturity German bonds rose, amid official warnings that Spain would miss its fiscal target for this year and would need to make further budget cuts, as well as renewed concerns in the market about the prospects for Spanish banks. Although the spread of the three-month euro London interbank offered rate over the comparable OIS rate narrowed on balance over the period, euro-area bank equity indexes dropped sharply, driven by declines in the share prices of Spanish and Italian banks. Five-year credit default swap premiums rose for a broad range of euro-area banks, especially Spanish banks.
Five-year credit default swap premiums rose for a broad range of euro-area banks, especially Spanish banks. Against the background of these increased stresses within the euro area, foreign equity indexes declined and corporate credit spreads widened. The staff's broad nominal index of the foreign exchange value of the dollar was about unchanged over the intermeeting period as the dollar appreciated against most emerging market currencies but depreciated moderately against the yen and sterling.
The recent strengthening in the pace of light motor vehicle sales was attributed to both pent-up demand and the desire for increased fuel efficiency in the wake of higher gasoline prices. Looking forward, increases in household wealth from the rise in equity prices, improving consumer sentiment, and a diminishing drag from household deleveraging were seen as helping to support continued increases in household expenditures, notwithstanding sluggish growth in real disposable income and restrictive fiscal policies. Recent housing-sector indicators, including sales and starts, suggested some upward movement, but some participants saw the improvement as likely related to unusually warm winter weather in much of the country.
S. equity prices had risen early in the intermeeting period but subsequently declined, ending the period little changed on net; investment-grade corporate bond yields were flat to down slightly and remained at very low levels. Many U.",0.7862680616666666,0.80925425,0.78019531,0.7903132333333334,0.8145268333333333,0.8021852216666666,0.8103076166666666,0.7817144099999999,0.804935145,0.8225073733333333,0.8226846999999999,0.8040107366666667,0.816675895,0.808102925,0.8168427833333333,0.8200290916666667,0.8034803516666668,0.805340525,0.8071687916666667,0.8041236466666666,0.7907858983333332,0.795344755,0.7780780083333333,0.79976093,0.8000669516666666,0.773040455,0.7793253683333333,0.7651685183333333,0.7915084483333333,2.0,4.0,2.0,4.0,2.0,3.0
2012-06-20,2012,8,1,4,8141,438,0.0,0.125,0.125,0.125,-4.035855121761888,53.0,-4.035855121761888,4.035855121761888,18.38,2.911263116927541,,,,,-0.5002314078486475,2.306764206129863,2012-07-11,0.0,0.0182648401826484,0.0091324200913242,0.002283105022831,6.084499413075172,2.19722457733622,0.5,0.125,6,"Moreover, real disposable income rose at a subdued pace in the first quarter of this year, though it received some boost from lower energy prices in April. Households' net worth increased in the first quarter, but the decline in equity prices during the intermeeting period suggested that net worth may have fallen more recently. Consumer sentiment was lower in early June than earlier in the year, and it continued to be subdued.
S. stock price indexes declined, and option-implied volatility on the S&P 500 index rose. Equity prices for large domestic banks significantly underperformed the broad indexes amid uncertainty about the situation in Europe and the outlook for the global economy.
stock price indexes declined, and option-implied volatility on the S&P 500 index rose. Equity prices for large domestic banks significantly underperformed the broad indexes amid uncertainty about the situation in Europe and the outlook for the global economy. Disclosure of a large trading loss at a major U.
S. banks would have their credit ratings downgraded at the end of June, as part of rating agencies' review of major financial institutions, may also have weighed on the equity prices of those banks. In the June 2012 Senior Credit Officer Opinion Survey on Dealer Financing Terms (SCOOS), respondents reported that terms in a variety of dealer-intermediated markets were little changed over the past three months.
2 billion over the intermeeting period. Although equity prices in many countries rallied modestly late in the intermeeting period, global equity prices declined, on balance, over the period, with especially large net decreases in Japan and many emerging market economies. Flight-to-safety flows helped push yields on both U.
Many FOMC participants judged that overall financial conditions had become somewhat less supportive of growth in demand for goods and services. Investors' concerns about the sovereign debt and banking situation in the euro area reportedly intensified during the intermeeting period, leading to higher risk spreads and lower prices for riskier assets including equities and to broad-based appreciation of the U. S.",0.8204026166666667,0.8373611033333334,0.8152846883333332,0.82970912,0.8169692199999999,0.8038687733333333,0.8331795333333334,0.7897210566666667,0.8041680033333334,0.7915966233333332,0.815612045,0.801787305,0.8230138666666665,0.813543545,0.8181493933333334,0.8221991483333334,0.8088057933333334,0.82313654,0.813077285,0.8047169266666666,0.81786234,0.8265169983333333,0.8125900850000001,0.82531616,0.8356606966666668,0.802159945,0.8198511516666667,0.8035221016666667,0.8255412999999999,3.0,1.0,3.0,1.0,3.0,2.0
2012-08-01,2012,6,2,4,7265,376,0.0,0.125,0.125,0.125,4.401757106618393,39.0,4.401757106618393,4.401757106618393,18.93,2.9407479652212314,,,,,-0.8108013296352702,-0.2144661753479546,2012-08-22,0.0,0.0159574468085106,0.0106382978723404,0.0053191489361702,5.932245187448011,1.9459101490553128,0.6666666666666666,0.3333333333333333,6,"Generally weaker-than-expected economic data in the United States, concerns about the fiscal and banking situation in the euro area, and the outlook for global economic growth weighed on investor sentiment. However, the effects of these factors were offset to some extent by actual and expected easing of monetary policy in the United States and abroad and by better-than-anticipated profits at some S&P 500 firms. Interest rates generally moved down, on net, over the intermeeting period.
S. equity prices rose somewhat, on net, over the intermeeting period, with significant gains prompted in part by comments from European officials that apparently raised investor expectations for near-term European policy actions. Option-implied volatility on the S&P 500 index rose slightly.
equity prices rose somewhat, on net, over the intermeeting period, with significant gains prompted in part by comments from European officials that apparently raised investor expectations for near-term European policy actions. Option-implied volatility on the S&P 500 index rose slightly. Stock prices for the large domestic bank holding companies posted mixed changes over the period, and credit default swap (CDS) spreads for those firms generally moved lower on net.
Option-implied volatility on the S&P 500 index rose slightly. Stock prices for the large domestic bank holding companies posted mixed changes over the period, and credit default swap (CDS) spreads for those firms generally moved lower on net. Yields on investment- and speculative-grade corporate bonds fell further over the intermeeting period, approaching record lows.
Financial markets in the euro area were volatile, as a deterioration in market sentiment gave way to periods of optimism following the euro-area summit in late June, the decision by the European Central Bank (ECB) to ease policy in early July, and indications from the ECB later in July that the central bank might take further steps to support the monetary union. On net, European stock markets finished the period higher. Yield spreads on Spanish and Italian 10-year bonds over their German equivalents, which rose sharply over most of July, fell back from their intermeeting peaks but remained elevated.
Financial markets remained sensitive to ongoing developments related to the sovereign debt and banking situation in the euro area, and participants continued to view the possibility of an intensification of strains in global financial markets as a significant downside risk to the domestic economic outlook. Several participants indicated that recent trends in euro-area equity indexes and sovereign debt yields had not been encouraging, and some noted that the uncertainty prevailing in global financial markets was showing through in a cautious posture of investors. Nonetheless, participants generally agreed that conditions in domestic credit markets remained more favorable than they were a year ago.",0.7794338199999999,0.8122682483333333,0.7828986766666667,0.7970664466666667,0.8227762016666667,0.8033985333333332,0.8367267100000001,0.7840963350000001,0.8094268833333333,0.8251037916666667,0.8382256666666666,0.79760631,0.825122415,0.8182245383333333,0.820761965,0.8257593983333332,0.809985225,0.825047955,0.8132962200000001,0.8067757866666666,0.7934117283333334,0.8026861799999999,0.7997693966666667,0.8071555300000001,0.8101947583333334,0.77576221,0.8041411933333333,0.7806780333333334,0.7967934200000001,0.0,1.0,0.0,1.0,0.0,2.0
2012-09-13,2012,9,4,3,7639,415,0.0,0.125,0.125,0.125,4.889386111246848,40.0,4.889386111246848,4.889386111246848,15.8,2.760009940032921,,,,,-0.0324380810102521,-1.97567061687453,2012-10-04,0.0,0.0216867469879518,0.0072289156626506,0.0096385542168674,6.030685260261263,2.302585092994046,0.3333333333333333,0.4444444444444444,7,"Real disposable incomes increased solidly in July, boosted in part by lower energy prices. The continued rise in house values through July, and the increase in equity prices during the intermeeting period, suggested that households' net worth may have improved a little in recent months. However, consumer sentiment remained more downbeat in August than earlier in the year.
S. equities rose moderately, on net, over the intermeeting period, prompted by generally better-than-expected readings on economic activity released early in the period, somewhat reduced concerns about the situation in Europe, and some additional anticipation of monetary policy easing later in the period. Option-implied volatility on the S&P 500 index fell in early August to levels not seen since the middle of 2007; it subsequently partially retraced.
equities rose moderately, on net, over the intermeeting period, prompted by generally better-than-expected readings on economic activity released early in the period, somewhat reduced concerns about the situation in Europe, and some additional anticipation of monetary policy easing later in the period. Option-implied volatility on the S&P 500 index fell in early August to levels not seen since the middle of 2007; it subsequently partially retraced. Equity prices for large domestic banks rose about in line with the broad equity price indexes, and credit default swap (CDS) spreads for the largest bank holding companies continued to move down.
Option-implied volatility on the S&P 500 index fell in early August to levels not seen since the middle of 2007; it subsequently partially retraced. Equity prices for large domestic banks rose about in line with the broad equity price indexes, and credit default swap (CDS) spreads for the largest bank holding companies continued to move down. Yields on investment-grade corporate bonds were little changed at near-record low levels over the intermeeting period, while yields on speculative-grade corporate bonds edged down.
The staff's broad nominal index of the foreign exchange value of the dollar declined and benchmark sovereign yields in the major advanced foreign economies increased as safe-haven demands eased with the lessening of concerns about the European situation. Most global benchmark indexes for equity prices moved up, and the equity prices of European banks rose sharply. Funding conditions for euro-area banks improved, although these conditions remained fragile, and draws on the Federal Reserve's liquidity swap facility with the ECB fell.
The near-term forecast incorporated a larger negative effect of the drought on farm output in the second half of this year than the staff previously anticipated, but this effect was mostly offset by the staff's expectation of a smaller drag from net exports. The staff's medium-term projection for real GDP growth, which was conditioned on the assumption of no changes in monetary policy, was revised up a little, mostly reflecting a slight improvement in the outlook for the European situation and a somewhat higher projected path for equity prices. Nevertheless, with fiscal policy assumed to be tighter next year than this year, the staff expected that increases in real GDP would not materially exceed the growth of potential output in 2013.
financial markets remained favorable. Longer-term interest rates were low and supportive of economic growth, while equity prices had risen. One participant noted that, while there were few current signs of excessive risk-taking, low interest rates could ultimately lead to financial imbalances that would be challenging to detect before they became serious problems.",0.7875265371428571,0.80009457,0.7756682042857143,0.7901936828571429,0.8041910114285714,0.7921144785714286,0.8272446942857143,0.7771469228571428,0.7921702885714286,0.8242431028571428,0.8335894957142856,0.79340528,0.8067103414285715,0.7934658642857143,0.8129989271428572,0.80705297,0.7956082785714286,0.8110556728571429,0.7987136642857143,0.7893108442857143,0.7955651371428571,0.7885052728571429,0.7785157414285714,0.79664211,0.7927160400000001,0.7626129485714286,0.7878549514285714,0.7681355,0.7876513842857144,0.0,5.0,0.0,5.0,1.0,5.0
2012-10-24,2012,7,4,3,6690,379,0.0,0.125,0.125,0.125,-2.214573547712846,38.0,-2.214573547712846,2.214573547712846,18.83,2.935451342669061,,,,,-0.1597555683044123,2.586697506656064,2012-11-14,0.0,0.0184696569920844,0.0079155672823219,0.0105540897097625,5.940171252720432,2.079441541679836,0.4285714285714285,0.5714285714285714,6,"Indicators of the condition of domestic financial institutions were mixed over the intermeeting period. Indexes of equity prices for those institutions were modestly lower. But spreads on credit default swaps for large financial institutions declined in recent months, and third-quarter earnings of large bank holding companies that had reported by the time of the FOMC meeting were generally in line with expectations.
In secured funding markets, rates on repurchase agreements spiked around quarter-end but subsequently more than retraced that move, ending the intermeeting period down slightly. Broad equity price indexes were a little lower, on balance, as gains following the September FOMC meeting and generally better-than-expected economic data releases were more than offset by concerns about corporate profitability. Option-implied volatility for the S&P 500 index fell noticeably following the September FOMC meeting but increased, on net, over the intermeeting period.
Broad equity price indexes were a little lower, on balance, as gains following the September FOMC meeting and generally better-than-expected economic data releases were more than offset by concerns about corporate profitability. Option-implied volatility for the S&P 500 index fell noticeably following the September FOMC meeting but increased, on net, over the intermeeting period. Yields on investment-grade corporate bonds reached a record low level, and their spreads to yields on comparable-maturity Treasury securities narrowed on net.
A number of central banks eased monetary policy during the period, including those of Australia, Brazil, Japan, Korea, and Thailand. Foreign equity indexes, which generally rose following the September FOMC statement, ended the intermeeting period higher in most markets, although stock prices in the euro area were down on net. Ten-year sovereign yields in Germany and the United Kingdom moved down just a few basis points.
Among the factors mentioned that might support consumer confidence and a continuation of the somewhat stronger pace of spending were an expected decline in retail energy prices and continued gradual improvement in labor market conditions. In addition, lower mortgage rates had spurred a rise in refinancing activity, which, along with the increases in household wealth attributable to higher home values and equity prices, would provide support for consumer spending going forward. Participants generally agreed that a recovery in housing activity now appeared to be under way, citing increases in house prices, sales, and construction in many areas.
A few participants observed that low interest rates had increased demand for riskier financial products, and a couple of participants saw a risk that holding interest rates low for a prolonged period could lead to financial imbalances and imprudent risk-taking. One participant, however, commented that risk aversion still seemed quite high, citing the very low yields on longer-term TIPS and a large estimated risk premium in equity markets. Participants also discussed the efficacy and potential costs of the Committee's asset purchases.",0.7965535716666666,0.8083049733333333,0.7855804866666668,0.7951939266666667,0.8158738933333334,0.79676955,0.8359643366666667,0.7775288666666667,0.7932811816666666,0.8025582216666667,0.8272738816666667,0.7961504783333333,0.8160878266666667,0.80051131,0.8107937183333332,0.82049465,0.8032404933333334,0.81365219,0.8001723066666666,0.7966827583333332,0.7975359683333334,0.8017522650000001,0.7881306066666666,0.79685844,0.7999137933333333,0.7747413233333335,0.798728505,0.7652245983333333,0.7924701683333333,0.0,1.0,0.0,1.0,1.0,1.0
2012-12-12,2012,7,0,5,7714,403,0.0,0.125,0.125,0.125,0.3816906455956319,46.0,0.3816906455956319,0.3816906455956319,15.57,2.745345985845907,,,,,0.4851108198159148,0.8685278349483508,2013-01-03,0.0,0.0173697270471464,0.0124069478908188,0.0,6.001414877961151,2.079441541679836,0.7142857142857143,0.0,5,"financial conditions were little changed, on balance, over the intermeeting period. In early November, market concerns about the fiscal outlook and ongoing federal budget negotiations seemed to intensify, prompting a notable reduction in equity prices and yields on Treasury securities. But these concerns reportedly eased somewhat over subsequent weeks, and the initial move in equity prices was reversed.
In early November, market concerns about the fiscal outlook and ongoing federal budget negotiations seemed to intensify, prompting a notable reduction in equity prices and yields on Treasury securities. But these concerns reportedly eased somewhat over subsequent weeks, and the initial move in equity prices was reversed. In contrast, yields on intermediate- and long-term nominal Treasury securities declined, on net, perhaps reflecting some increase in safe-haven demand associated with concerns about the potential economic effects of a substantial tightening in fiscal policy.
S. equity price indexes edged up, on net, over the intermeeting period, while equity prices of large domestic banks decreased a little. Nevertheless, the credit default swap spreads of most large domestic bank holding companies continued to move lower.
Nevertheless, the credit default swap spreads of most large domestic bank holding companies continued to move lower. Option-implied volatility for the S&P 500 index over the next month declined moderately, on balance, while measures of equity market volatility for longer maturities remained above their historical averages, excluding the financial crisis period. Yields on investment-grade corporate bonds were little changed over the intermeeting period, and their spreads over yields on comparable-maturity Treasury securities widened modestly.
However, spreads on Italian and Spanish bonds were little changed on balance over the period. On net, foreign equity prices rose slightly. The foreign exchange value of the dollar edged lower on balance.",0.792960858,0.807806344,0.779286138,0.789992614,0.808719722,0.795762492,0.83072693,0.7903845540000001,0.78037453,0.785941814,0.8167538679999999,0.7897838800000001,0.8155776639999999,0.795585648,0.800750328,0.81297376,0.799942498,0.8158906480000001,0.808207532,0.782936422,0.8107207219999999,0.814422964,0.8001750879999999,0.8070336100000001,0.814727116,0.7900377759999999,0.8158478859999999,0.784379254,0.79739114,1.0,4.0,1.0,4.0,1.0,4.0
2013-01-30,2013,4,3,1,11183,677,0.0,0.125,0.125,0.125,5.52312983048044,46.0,5.52312983048044,5.52312983048044,13.31,2.58851563240702,,,,,-0.6326293136898207,0.2643850783675088,2013-02-20,0.0,0.0059084194977843,0.001477104874446,0.0044313146233382,6.519147287940395,1.6094379124341005,0.25,0.75,4,"Indicators of the condition of domestic financial institutions generally improved over the intermeeting period. A broad index of bank stock prices rose, and the median spread on credit default swaps of the largest banking organizations moved lower. Broad U.
S. equity price indexes increased on net over the intermeeting period, buoyed by many of the same factors that contributed to the rise in Treasury yields. In addition, the fourth-quarter earnings reporting season started off well, as earnings and revenue results were above analysts' expectations for a higher-than-average number of firms.
In addition, the fourth-quarter earnings reporting season started off well, as earnings and revenue results were above analysts' expectations for a higher-than-average number of firms. Option-implied volatility for the S&P 500 index over the near term dipped to its lowest level since early 2007. The option-implied price of insurance against downside risk on the index at longer horizons remained elevated.
Foreign financial conditions improved over the intermeeting period as markets responded favorably to the passage of fiscal policy legislation in the United States and to further progress in addressing euro-area strains. On net, global equity prices rose and euro-area peripheral spreads narrowed. As global risk sentiment improved, the dollar depreciated against the euro and most emerging market currencies.",0.758898325,0.77659445,0.7451260825,0.7650374175,0.8006206925,0.78693413,0.8021952,0.7697326675,0.7907668125,0.8492677024999999,0.827404075,0.78928265,0.8086451075000001,0.789539875,0.810301735,0.802204875,0.7883757849999999,0.7939508525000001,0.79261939,0.78737724,0.8055505025,0.8189095225,0.79748056,0.8269720875,0.82557511,0.7980572575,0.8044329875,0.7970111725,0.81664066,0.0,3.0,0.0,3.0,0.0,3.0
2013-03-20,2013,8,6,1,7344,388,0.0,0.125,0.125,0.125,3.5282324697286342,46.0,3.5282324697286342,3.5282324697286342,14.39,2.6665335208992764,,,,,0.354403837135739,-2.276649434177763,2013-04-10,0.0,0.0206185567010309,0.0025773195876288,0.0154639175257731,5.963579343618446,2.19722457733622,0.125,0.75,8,"In February, nominal retail sales, excluding those at motor vehicle and parts outlets, increased at a strong rate, while light motor vehicle sales edged up. Some key factors that tend to influence household spending were mixed: Households' real disposable incomes declined in January, reflecting in part the increases in both payroll and income taxes that went into effect at the beginning of the year and the previous pulling forward of taxable income from 2013 into 2012; in contrast, household net worth likely rose in recent months as a result of higher equity values and home prices. Consumer sentiment in the Thomson Reuters/University of Michigan Surveys of Consumers rose somewhat in February, but it declined in early March and remained relatively downbeat.
S. bank equity prices rose, on net, over the intermeeting period, and credit default swap spreads for most large domestic banks edged down on balance. Broad equity price indexes increased over the intermeeting period, bolstered by favorable incoming economic data.
bank equity prices rose, on net, over the intermeeting period, and credit default swap spreads for most large domestic banks edged down on balance. Broad equity price indexes increased over the intermeeting period, bolstered by favorable incoming economic data. Option-implied volatility for the S&P 500 index over the near term rose slightly but remained low, at levels last seen in early 2007.
Broad equity price indexes increased over the intermeeting period, bolstered by favorable incoming economic data. Option-implied volatility for the S&P 500 index over the near term rose slightly but remained low, at levels last seen in early 2007. Fourth-quarter earnings per share for S&P 500 firms were estimated to have increased modestly from the previous quarter.
Option-implied volatility for the S&P 500 index over the near term rose slightly but remained low, at levels last seen in early 2007. Fourth-quarter earnings per share for S&P 500 firms were estimated to have increased modestly from the previous quarter. Yields on investment- and speculative-grade corporate bonds rose a bit over the intermeeting period, leaving risk spreads a little wider.
In addition, market-based measures of expected overnight interest rates also declined in those countries, and the dollar appreciated against the euro, sterling, and the Canadian dollar. Expectations intensified that the Bank of Japan would pursue aggressive monetary easing after the new governor of the Bank of Japan was installed; over the intermeeting period, the yen depreciated further, 10-year Japanese government bond yields declined to near record lows, and the Nikkei stock price index rose substantially. Movements in the currencies of EMEs against the dollar were generally small.
Movements in the currencies of EMEs against the dollar were generally small. Although inflows into emerging market mutual funds continued, they slowed notably in recent weeks, and EME equity indexes were, on average, slightly lower. Some EME central banks cut interest rates, citing concerns about economic growth.
In the economic forecast prepared by the staff for the March FOMC meeting, real GDP growth was revised down somewhat in the near term, largely reflecting the federal spending sequestration that went into effect on March 1 and the resulting drag from reduced government purchases. The staff's medium-term forecast for real GDP growth was little changed, on balance, as the effects of somewhat more fiscal policy restraint and a higher assumed path for the foreign exchange value of the dollar were essentially offset by a brighter outlook for domestic energy production and a higher projection for household wealth, which reflected upward revisions to the projected paths for both equity prices and home prices. On balance, with fiscal policy expected to be tighter in 2013 than in 2012, the staff expected that increases in real GDP this year would only modestly exceed the growth rate of potential output.",0.7762940712499999,0.78440063875,0.76168511625,0.7798169975,0.7967787875,0.78572339625,0.811033635,0.77525850625,0.78038848875,0.82401189625,0.8246136187499999,0.79546892875,0.7989286225,0.7919276212499999,0.80973332875,0.79722273,0.787442145,0.79578194375,0.793242065,0.7766620975,0.80466478125,0.792080515,0.7930145,0.8063742875,0.80410777125,0.77232074875,0.796220715,0.77630006875,0.78947823375,0.0,4.0,0.0,4.0,0.0,4.0
2013-05-01,2013,9,5,4,6984,353,0.0,0.125,0.125,0.125,3.03919592179801,39.0,3.03919592179801,3.03919592179801,13.52,2.604170070614818,,,,,-0.2929210995017044,-0.0577570664383176,2013-05-22,0.0,0.0254957507082152,0.0113314447592068,0.0141643059490084,5.869296913133774,2.302585092994046,0.4444444444444444,0.5555555555555556,9,"For example, real disposable income increased in February and March, supported in part by recent declines in retail gasoline prices that raised household purchasing power and offset to some extent the effects of this year's higher payroll and income taxes. In addition, household net worth likely rose in recent months as a result of higher equity values and home prices. In contrast, consumer sentiment in the Thomson Reuters/University of Michigan Surveys of Consumers was roughly flat, on balance, in March and April and remained relatively downbeat.
and foreign economic data releases as well as policy actions by the Bank of Japan that were more accommodative than the markets had expected. Equity prices rose modestly, on net, supported in part by solid quarterly earnings reports. The expected path of the federal funds rate implied by market quotes shifted down moderately over the intermeeting period.
Share prices for the largest domestic banking organizations declined somewhat, on balance, and bank credit default swap spreads edged a bit higher, on average, across the larger firms in the sector. Broad equity price indexes increased, on net, over the intermeeting period, likely reflecting solid quarterly earnings reports, stable medium-term earnings expectations, and lower interest rates. Option-implied volatility for the S&P 500 index over the near term remained in a range that was low by historical standards.
Broad equity price indexes increased, on net, over the intermeeting period, likely reflecting solid quarterly earnings reports, stable medium-term earnings expectations, and lower interest rates. Option-implied volatility for the S&P 500 index over the near term remained in a range that was low by historical standards. Yields on corporate bonds fell roughly in line with those on Treasury securities of comparable maturity, generally leaving their spreads little changed.
Early in the intermeeting period, prices of a range of risky assets abroad fell in reaction to reports of the ""bail-in"" of depositors at banks in Cyprus and the imposition of an extended bank holiday in that country, but outside of Cyprus those movements generally proved temporary. Euro-area equity indexes, which fell as stresses in Cyprus intensified, ended the period up slightly. By contrast, stock prices in Japan rose sharply, as the Bank of Japan surprised investors with the scale of its new monetary policy program aimed at raising inflation to 2 percent.
Euro-area equity indexes, which fell as stresses in Cyprus intensified, ended the period up slightly. By contrast, stock prices in Japan rose sharply, as the Bank of Japan surprised investors with the scale of its new monetary policy program aimed at raising inflation to 2 percent. Yields on longer-term Japanese government bonds displayed considerable volatility in the days following the announcement, although they were little changed, on net, over the intermeeting period.
After appreciating, on balance, since early this year, the dollar depreciated against most currencies, although it continued to appreciate against the yen. Emerging market stock prices changed little, on net, and emerging market equity mutual funds experienced modest outflows. Staff Economic Outlook
Conditions in the labor market showed some continued improvement, although the unemployment rate remained elevated. Spending by consumers continued to expand, supported by better credit conditions, rising equity and housing prices, and lower energy prices; and the housing sector improved further. However, growth in business investment spending slowed somewhat, and fiscal policy appeared to be exerting significant near-term restraint on the economy.
A few participants warned that, in light of ongoing fiscal restraint and a weak global outlook, economic data could remain soft for the next few months, regardless of the underlying strength of the economy. Consumer spending was reported to be strong in a number of areas of the country and, more broadly, appeared to be supported by rising equity and house prices, improved household balance sheets, and easier credit conditions. However, concerns were expressed that this rate of growth in consumer expenditures might not be sustainable without the support of a notable pickup in business investment and hiring.",0.7898288466666666,0.7998757222222221,0.77874189,0.7893010777777777,0.8025401555555556,0.7965840822222222,0.8186704655555556,0.7802483844444444,0.7913852466666667,0.8190533022222222,0.8266624777777778,0.8041200677777778,0.8076256866666667,0.8036676566666667,0.8102179911111111,0.8057340211111111,0.7996165755555555,0.8067715966666666,0.8002622644444445,0.7902614711111111,0.8073461366666667,0.7949976888888889,0.7953148988888888,0.80466965,0.7976608044444444,0.7767545444444445,0.7932525488888889,0.7715344988888888,0.7889451266666667,1.0,5.0,1.0,5.0,0.0,5.0
2013-06-19,2013,13,5,3,8291,413,0.0,0.125,0.125,0.125,2.555798472708714,46.0,2.555798472708714,2.555798472708714,16.61,2.810004923625204,,,,,1.346211687494285,1.6966032107955984,2013-07-10,0.0,0.0314769975786924,0.0072639225181598,0.0121065375302663,6.025865973825314,2.6390573296152584,0.2307692307692307,0.3846153846153846,10,"After decreasing in the first quarter when payroll and income taxes increased, households' real disposable income rose in April, in part reflecting a small decline in consumer prices. Households' net worth likely increased in recent months, as equity values and home prices rose further. Moreover, consumer sentiment in the Thomson Reuters/University of Michigan Surveys of Consumers improved notably, on balance, in May and early June and was at its most upbeat level since the onset of the recession.
Market sentiment toward large domestic banking organizations appeared to improve somewhat over the intermeeting period, likely related in part to further reductions in nonperforming loans and growing confidence in the economic outlook. Equity prices for large domestic banks outperformed broad equity indexes over the intermeeting period, as did the equity prices for most other types of financial institutions. In contrast, equity prices for agency mortgage real estate investment trusts declined, reflecting the rise in longer-term interest rates, the underperformance of agency MBS, and weaker-than-expected earnings reports.
Equity prices for large domestic banks outperformed broad equity indexes over the intermeeting period, as did the equity prices for most other types of financial institutions. In contrast, equity prices for agency mortgage real estate investment trusts declined, reflecting the rise in longer-term interest rates, the underperformance of agency MBS, and weaker-than-expected earnings reports. Responses to the June Senior Credit Officer Opinion Survey on Dealer Financing Terms generally suggested little change over the past three months in the credit terms applicable to important classes of counterparties and in the use of financial leverage by most classes of counterparties covered by the survey.
Treasury securities higher, and volatility in sovereign bond markets rose, particularly in Japan. Japanese equity markets also displayed substantial volatility; equity prices fell sharply late in the period and erased the gains that had been registered since early April, when the Bank of Japan announced that it would expand its asset purchases in order to nearly double the size of its balance sheet. European equity indexes were little changed, on net, over the period, and euro-area financial conditions remained relatively stable.
Japanese equity markets also displayed substantial volatility; equity prices fell sharply late in the period and erased the gains that had been registered since early April, when the Bank of Japan announced that it would expand its asset purchases in order to nearly double the size of its balance sheet. European equity indexes were little changed, on net, over the period, and euro-area financial conditions remained relatively stable. Spreads of yields on Italian and Spanish government debt over yields on German bunds increased only a few basis points, while comparable spreads for Greek sovereign debt declined notably.
Treasury yields. Emerging market mutual funds experienced sharp outflows in recent weeks, while EME stock prices declined and EME credit spreads widened on net. The staff reported on potential risks to financial stability, including the stability of banking firms, nonbank financial intermediaries, and asset markets.
The staff reported on potential risks to financial stability, including the stability of banking firms, nonbank financial intermediaries, and asset markets. Most market-based measures of the health of the banking sector--such as banks' stock prices, credit default swap spreads, and equity correlations--pointed to an improvement in the stability of the banking sector, in part because of rising levels of liquidity and capital as well as diminished concerns about downside risks. However, a number of indicators pointed to a modest increase in risk-taking and leverage that was largely being intermediated through the shadow banking system.
However, the staff's medium-term projection for real GDP was revised up somewhat. The staff raised its projected paths for equity and home prices, which pushed up expected consumer spending over the medium term, and boosted its outlook for domestic oil production, which reduced oil imports in the forecast. These positive factors were partly offset in the staff's medium-term GDP projection by higher projected paths for both longer-term interest rates and the foreign exchange value of the dollar.
Among the factors viewed as supporting consumption were improvements in household balance sheets and in the job market, as well as low interest rates. In addition, consumer sentiment improved over the intermeeting period, which some participants attributed to rising house prices and gains in the stock market. It was noted that the mutually reinforcing dynamic of rising confidence, declining risk premiums, improving credit availability, increasing spending, and greater hiring was an important factor in the projected pickup in economic activity but also that this favorable dynamic could be vulnerable to an adverse shock.
In their discussion of financial market developments over the intermeeting period, participants weighed the extent to which the rise in market interest rates and increase in volatility reflected a reassessment of market participants' expectations for monetary policy and the extent to which it reflected growing confidence about the economic outlook. It was noted that corporate credit spreads had not widened substantially and that the stock market had posted further gains, suggesting that the higher rates reflected, at least in part, increasing confidence that moderate economic growth would be sustained. Several participants worried that higher mortgage rates and bond yields could slow the recovery in the housing market and restrain business expansion.",0.796057511,0.8082777999999999,0.784268301,0.787865034,0.8097176449999999,0.799761144,0.815842801,0.772380281,0.811011199,0.827419219,0.832219375,0.81007534,0.8193841300000001,0.8094029629999999,0.811727898,0.814464508,0.802817999,0.8094256489999999,0.8002865659999999,0.807319516,0.8050218490000001,0.793965317,0.7945441050000001,0.798251027,0.797862503,0.772715194,0.7847445860000001,0.761950597,0.793204417,2.0,2.0,2.0,2.0,2.0,2.0
2013-07-31,2013,9,7,2,7292,366,0.0,0.125,0.125,0.125,5.932327679094761,39.0,5.932327679094761,5.932327679094761,13.39,2.594508159703081,,,,,0.8581345853003006,-0.4790666811714287,2013-08-21,0.0,0.0245901639344262,0.0054644808743169,0.0191256830601092,5.905361848054571,2.302585092994046,0.2222222222222222,0.7777777777777778,7,"Real personal consumption expenditures (PCE) increased more slowly in the second quarter than in the first. However, some key factors that tend to support household spending were more positive in recent months; in particular, gains in equity values and home prices boosted household net worth, and consumer sentiment in the Thomson Reuters/University of Michigan Surveys of Consumers rose in July to its highest level since the onset of the recession. Conditions in the housing sector generally improved further, as real expenditures for residential investment continued to expand briskly in the second quarter.
Financial markets were volatile at times during the intermeeting period as investors reacted to Federal Reserve communications and to incoming economic data and as market dynamics appeared to amplify some asset price moves. Broad equity price indexes ended the period higher, and longer-term interest rates rose significantly. Sizable increases in rates occurred following the June FOMC meeting, as investors reportedly saw Committee communications as suggesting a less accommodative stance of monetary policy than had been expected going forward; however, a portion of the increases was reversed as subsequent policy communications lowered these concerns.
Market sentiment toward large domestic banking organizations appeared to improve somewhat over the intermeeting period, as the largest banks reported second-quarter earnings that were above analysts' expectations. Stock prices of large domestic banks outperformed broader equity indexes, and credit default swap spreads for the largest bank holding companies moved about in line with trends in broad credit indexes. Municipal bond yields rose sharply over the intermeeting period, increasing somewhat more than yields on Treasury securities.
The dollar was mixed against the EME currencies. Foreign equity prices generally increased, although equity prices in China declined amid investor concerns regarding further signs that the economy was slowing and over volatility in Chinese interbank funding markets. Outflows from EME equity and bond funds, which had been particularly rapid in June, moderated in July.
For the year as a whole, the staff anticipated that the rate of growth of real GDP would only slightly exceed that of potential output. The staff's projection for real GDP growth over the medium term was essentially unrevised, as higher equity prices were seen as offsetting the restrictive effects of the increase in longer-term interest rates. The staff continued to forecast that the rate of real GDP growth would strengthen in 2014 and 2015, supported by a further easing in the effects of fiscal policy restraint on economic growth, increases in consumer and business confidence, additional improvements in credit availability, and accommodative monetary policy.
Recent high readings on consumer confidence and boosts to household wealth from increased equity and real estate prices suggested that consumer spending would gather momentum in the second half of the year. However, a few participants expressed concern that higher household wealth might not translate into greater consumer spending, cautioning that household income growth remained slow, that households might not treat the additions to wealth arising from recent equity price increases as lasting, or that households' scope to extract housing equity for the purpose of increasing their expenditures was less than in the past. The housing sector continued to pick up, as indicated by increases in house prices, low inventories of homes for sale, and strong demand for construction.
Nonetheless, some participants felt that, as a result of recent financial market developments, overall financial market conditions had tightened significantly, importantly reflecting larger term premiums, and they expressed concern that the higher level of longer-term interest rates could be a significant factor holding back spending and economic growth. Several others, however, judged that the rise in rates was likely to exert relatively little restraint, or that the increase in equity prices and easing in bank lending standards would largely offset the effects of the rise in longer-term interest rates. Some participants also stated that financial developments during the intermeeting period might have helped put the financial system on a more sustainable footing, insofar as those developments were associated with an unwinding of unsustainable speculative positions or an increase in term premiums from extraordinarily low levels.",0.7869105528571428,0.7993642057142857,0.7752704257142857,0.77823959,0.8022962299999999,0.7902297728571428,0.812673712857143,0.7645449785714286,0.7995555742857142,0.8288713442857143,0.8367514614285714,0.80807346,0.8049842285714286,0.8054871071428572,0.8110400328571429,0.8029826571428572,0.7943549357142857,0.7976241871428572,0.7893629828571429,0.7960679642857142,0.8039135614285715,0.7826375271428571,0.7887906285714286,0.7920325071428572,0.78618869,0.763981677142857,0.77622638,0.7509491014285714,0.7845499142857143,0.0,7.0,0.0,7.0,0.0,6.0
2013-09-18,2013,6,4,2,8369,369,0.0,0.125,0.125,0.125,-0.5490488995725852,46.0,-0.5490488995725852,0.5490488995725852,14.53,2.676215477582192,,,,,2.15942530198228,3.855733187307241,2013-10-09,0.0,0.016260162601626,0.005420054200542,0.010840108401084,5.91350300563827,1.9459101490553128,0.3333333333333333,0.6666666666666666,5,"Staff Review of the Financial Situation Longer-term interest rates rose over the intermeeting period, while equity prices were fairly volatile but ended the period modestly higher. The move in interest rates appeared to be importantly influenced by shifting expectations about monetary policy.
In response to special questions in the survey, dealers indicated that, during the period of heightened volatility beginning in May and extending into early July, liquidity and functioning had deteriorated in a number of fixed-income markets. Stock prices for financial-sector firms underperformed the broad equity market somewhat over the intermeeting period. However, spreads on credit default swaps (CDS) for the largest bank holding companies remained stable at levels near the bottom of their range over the past few years.
On net over the period, the dollar ended little changed on a trade-weighted basis against a broad set of currencies, but it appreciated notably against the currencies of India, Indonesia, and Turkey. Equity prices in Germany increased substantially and sovereign yields in the United Kingdom and Germany continued to rise as data on economic activity in Europe generally improved over the period, while yield spreads of Spanish and Italian sovereign securities relative to German government debt declined a bit further. The staff reported on potential risks to financial stability, including those highlighted by the rise in yields and volatility on longer-term fixed-income securities since the spring.
In the economic forecast prepared by the staff for the September FOMC meeting, the projection for real GDP growth in the second half of this year was revised down a little from the one prepared for the previous meeting. The staff's forecast for real GDP over the medium term also was revised down somewhat, reflecting higher projected paths for both longer-term interest rates and the foreign exchange value of the dollar, along with slightly lower projected paths for equity and home prices. The staff still anticipated that the pace of expansion in real GDP this year would only moderately exceed the growth rate of potential output but continued to forecast that real GDP would accelerate in 2014 and 2015, supported by an eventual easing in the effects of fiscal policy restraint on economic growth, increases in consumer and business sentiment, further improvements in credit availability and financial conditions, and accommodative monetary policy.
A few others observed that the increase in longer-term yields in recent months had not seemed to leave a meaningful imprint on other asset prices, suggesting that the effects on the economy were likely to be relatively muted. While recognizing the potentially significant impact of higher mortgage rates on the housing market, these same participants pointed to higher equity prices, the further gradual loosening of terms in bank lending, and the continued availability of credit at inexpensive terms in corporate debt markets as signs that financial conditions more generally had not tightened materially. In any case, however, the assessment of the adverse effects of the increase in longer-term rates on financial conditions and ultimately on economic activity would depend importantly upon the extent to which rates stabilized at current levels or instead continued to rise.",0.781139782,0.8067317519999999,0.7753181339999999,0.7891158020000001,0.811147126,0.8006543540000001,0.83231948,0.786232026,0.8065284479999999,0.81395284,0.840967768,0.79792807,0.82498868,0.801978954,0.818439852,0.8143974719999999,0.804873988,0.8189677420000001,0.8106663279999999,0.799410296,0.793714514,0.79392637,0.7807501099999999,0.790554158,0.78967139,0.764136736,0.7953906319999999,0.76360145,0.787021884,0.0,1.0,0.0,1.0,0.0,1.0
2013-10-30,2013,6,4,0,7747,373,0.0,0.125,0.125,0.125,2.278539508167516,39.0,2.278539508167516,2.278539508167516,13.41,2.596000697293587,,,,,0.8093513639933984,1.4398574443770171,2013-11-20,0.0,0.0160857908847185,0.0,0.0107238605898123,5.924255797414532,1.9459101490553128,0.0,0.6666666666666666,6,"In September, nominal retail sales, excluding those at motor vehicle and parts outlets, increased significantly, while sales of light motor vehicles declined. Recent readings on key factors that influence consumer spending were somewhat mixed: Households' net worth likely expanded further as both equity values and home prices rose in recent months, and real disposable incomes increased solidly in August, but measures of consumer sentiment declined in September and October. The recovery in the housing sector appeared to continue, although recent data in this sector were limited.
Staff Review of the Financial Situation On balance over the intermeeting period, longer-term interest rates declined and equity prices rose, largely in response to expectations for more-accommodative monetary policy. In addition, financial markets were affected for a time by uncertainties about raising the federal debt limit and resolving the government shutdown.
These inflows to deposits were estimated to have reversed shortly after the debt limit agreement was reached. Foreign stock prices rose, foreign yields and yield spreads declined, and the dollar depreciated against most other currencies. A large portion of these asset price changes occurred immediately following the September FOMC announcement.
In the economic projection prepared by the staff for the October FOMC meeting, the forecast for growth in real gross domestic product (GDP) in the near term was revised down somewhat from the one prepared for the previous meeting, primarily reflecting the effects of the federal government shutdown and some data on consumer spending that were softer than anticipated. In contrast, the staff's medium-term forecast for real GDP was revised up slightly, mostly reflecting lower projected paths for the foreign exchange value of the dollar and longer-term interest rates, along with somewhat higher projected paths for equity prices and home values. The staff anticipated that the pace of expansion in real GDP this year would be about the same as the growth rate of potential output but continued to project that real GDP would accelerate in 2014 and 2015, supported by an easing in the effects of fiscal policy restraint on economic growth, increases in consumer and business sentiment, further improvements in credit availability and financial conditions, and accommodative monetary policy.
Consumer spending appeared to have slowed somewhat in the third quarter. A number of participants noted that their outlook for stronger economic activity was contingent on a pickup in growth of consumer spending and reviewed the factors that might contribute to such a development, including low interest rates, easing of debt burdens, continued gains in employment, lower gasoline prices, higher real incomes, and higher household wealth boosted by rising home prices and equity values. Nonetheless, consumer sentiment remained unusually low, posing a downside risk to the forecast, and uncertainty surrounding prospective fiscal deliberations could weigh further on consumer confidence.
Similarly, longer-run inflation expectations remained stable and, by some measures, below 2 percent. Financial conditions eased notably over the intermeeting period, with declines in longer-term interest rates and increases in equity values. Financial quotes suggested that markets moved out the date at which they expected to see the Committee first increase the federal funds rate target.",0.80164095,0.7955601766666667,0.783859355,0.7958460583333333,0.8006797766666667,0.7902652833333333,0.8356067466666666,0.7697184149999999,0.7842334216666668,0.8105849066666666,0.827668835,0.80941376,0.804502555,0.8083960066666668,0.8107228266666667,0.8069233233333333,0.792727695,0.8093920216666667,0.7923421749999999,0.78734732,0.8152814066666667,0.792919,0.799525795,0.8009411783333333,0.7987483083333333,0.7720292016666667,0.8041163416666667,0.763233575,0.7900986383333333,0.0,4.0,0.0,4.0,0.0,4.0
2013-12-18,2013,10,6,4,8960,400,0.0,0.125,0.125,0.125,1.6851950420826414,46.0,1.6851950420826414,1.6851950420826414,16.21,2.785628335747585,,,,,0.0346878680500477,0.5900584679106837,2014-01-08,0.0,0.025,0.01,0.015,5.993961427306569,2.3978952727983707,0.4,0.6,8,"Moreover, recent information for key factors that support household spending was consistent with further solid gains in PCE in the coming months. Households' net worth likely expanded as equity values and home prices increased further in recent months; real disposable income rose, on net, in September and October; and consumer sentiment in the Thomson Reuters/University of Michigan Surveys of Consumers improved significantly in early December. The pace of activity in the housing sector appeared to continue to slow somewhat, likely reflecting the higher level of mortgage rates since the spring.
The 30-year current-coupon yield on agency mortgage-backed securities increased a bit more than the 10-year Treasury yield. Stock prices were about unchanged, on net, over the intermeeting period, even though some broad equity price indexes temporarily touched all-time nominal highs. Corporate risk spreads narrowed somewhat.
Bank credit rose slightly in October and November, as growth in commercial and industrial loans, CRE loans, and consumer loans was partially offset by declines in the outstanding balances of closed-end residential mortgages on banks' books. Stock prices for large and regional domestic banking firms outperformed the broad equity market over the intermeeting period amid better-than-expected economic data and the settlement of mortgage-related litigation by some large banking organizations. Spreads on credit default swaps for the largest bank holding companies also moved lower, on net.
The foreign exchange value of the dollar appreciated following the October FOMC meeting and the October employment report and ended the intermeeting period higher on balance. A shift in market expectations toward easier monetary policy abroad may have also boosted the exchange value of the dollar, most notably against the Japanese yen, and equity prices in Japan rose substantially further during the period. By contrast, equity prices declined in many emerging market economies; in some cases, those declines were large and accompanied by sizable decreases in currency values and sovereign bond prices.
A shift in market expectations toward easier monetary policy abroad may have also boosted the exchange value of the dollar, most notably against the Japanese yen, and equity prices in Japan rose substantially further during the period. By contrast, equity prices declined in many emerging market economies; in some cases, those declines were large and accompanied by sizable decreases in currency values and sovereign bond prices. European equity prices were also lower over the period.
By contrast, equity prices declined in many emerging market economies; in some cases, those declines were large and accompanied by sizable decreases in currency values and sovereign bond prices. European equity prices were also lower over the period. Long-term benchmark sovereign yields in the United Kingdom and Canada increased, in line with, but somewhat less than, the rise in yields on comparable U.
In the economic projection prepared by the staff for the December FOMC meeting, the forecast for growth in real gross domestic product (GDP) in the second half of this year was revised up a little from the one prepared for the previous meeting, as the recent information on private domestic final demand--particularly consumer spending--was somewhat better, on balance, than the staff had anticipated. The staff's medium-term forecast for real GDP growth was also revised up slightly, reflecting a small reduction in fiscal restraint from the recent federal budget agreement, which the staff assumed would be enacted; a lower anticipated trajectory for longer-term interest rates; and higher paths for equity values and home prices. Those factors, in total, more than offset a higher path for the foreign exchange value of the dollar.
Participants cited a number of factors that likely contributed to the recent pickup in spending, including the waning effects of the payroll tax increase that had trimmed disposable income earlier in the year, the drop in energy costs, and the recent improvement in consumer sentiment. More broadly, spending was being supported by gains in household wealth associated with rising house prices and equity values, the still-low level of interest rates, and the progress that households have made in reducing debt and strengthening their balance sheets. These favorable trends were generally anticipated to continue and to be accompanied by stronger real disposable income as labor market conditions improve and inflation remains low.",0.79521337875,0.79713543,0.7736197875,0.78428687875,0.80335244375,0.7931203,0.81283415375,0.76374217375,0.79198099,0.8265098325,0.82877920625,0.8110158875,0.80757407125,0.79741348125,0.8062916775,0.80527540625,0.7927992125000001,0.79965479125,0.78981353375,0.7920886837500001,0.81168372,0.78941232125,0.78593165875,0.79667877375,0.79288638375,0.76679304875,0.78603127625,0.7563022025,0.78482854375,1.0,3.0,1.0,3.0,1.0,2.0
2014-01-29,2014,7,5,0,12234,712,0.0,0.125,0.125,0.125,-1.5674398932992968,39.0,-1.5674398932992968,1.5674398932992968,15.8,2.760009940032921,,,,,0.6011697991317575,0.8923476757735745,2014-02-19,0.0,0.0098314606741573,0.0,0.0070224719101123,6.569481420414296,2.079441541679836,0.0,0.7142857142857143,6,"Households' real disposable income was little changed in October and November, and the expiration of the emergency unemployment compensation program at the end of 2013 was expected to reduce aggregate income growth early this year. However, households' net worth likely continued to expand in recent months as a result of rising equity prices and home values. Consumer sentiment in the Thomson Reuters/University of Michigan Surveys of Consumers improved, on balance, in December and early January after a decline in the fall of 2013.
Financial market conditions over the intermeeting period were importantly influenced by Federal Reserve communications, somewhat better-than-expected economic data releases, and developments in emerging market economies. On net, financial conditions in the United States remained supportive of growth in economic activity and employment: Equity prices increased a bit, longer-term interest rates declined, and the dollar appreciated against most other currencies. While investors were somewhat surprised by the FOMC's decision at its December meeting to reduce the pace of its asset purchases, the policy action and associated communications appeared to have only a limited effect on market participants' outlook for the Federal Reserve's balance sheet.
M2 continued to expand moderately. Reflecting the improved outlook for economic activity and despite mixed fourth-quarter earnings results, the stock prices of bank holding companies rose notably and spreads on credit default swaps for the largest bank holding companies narrowed somewhat. According to the January Senior Loan Officer Opinion Survey on Bank Lending Practices, domestic banks continued to ease their lending standards and some loan terms on balance; they also experienced an increase in demand, on net, in most major loan categories in the fourth quarter.
S. equity price indexes edged higher, on net, over the intermeeting period, and equity issuance by nonfinancial corporations increased. Credit remained widely available to large nonfinancial corporations.
Financial market conditions in the advanced foreign economies over the intermeeting period generally became more supportive of growth. Long-term government bond yields declined and headline equity indexes increased, on net, in most of these countries, with bank stock prices in the euro area rising more than broader indexes. In addition, debt issuance by both governments and banks in the European periphery picked up, and sovereign yield spreads in those countries were flat to down, on balance, over the period.
In addition, debt issuance by both governments and banks in the European periphery picked up, and sovereign yield spreads in those countries were flat to down, on balance, over the period. In contrast, amid a ratcheting-up of financial market strains in some emerging market economies, headline stock price indexes in most emerging market economies declined, outflows from emerging market mutual funds continued, and yield spreads on dollar-denominated emerging market bonds increased. Local-currency yields rose in some emerging market economies, such as Brazil, South Africa, and Turkey, and short-term interbank rates in China were volatile and trended higher over the period.",0.7861835450000001,0.8018325866666668,0.7672382916666667,0.78166024,0.8047963233333334,0.8031001999999999,0.8238649833333334,0.7791936,0.7917296666666666,0.8326851333333334,0.8373567216666666,0.8083779983333333,0.8229045266666667,0.8017524100000001,0.8116961333333333,0.8083935250000001,0.8084716100000001,0.81053713,0.80046765,0.7921593883333333,0.7988035533333333,0.80087388,0.7773114149999999,0.7914381783333333,0.7827880866666667,0.7779275166666667,0.7839994183333333,0.7560976983333334,0.7838525966666667,0.0,3.0,0.0,3.0,0.0,3.0
2014-03-19,2014,8,3,1,8476,397,0.0,0.125,0.125,0.125,3.533096814907931,46.0,3.533096814907931,3.533096814907931,14.52,2.67552700939665,,,,,-2.1107063627798204,-0.5293543092951185,2014-04-09,0.0,0.0201511335012594,0.0025188916876574,0.0075566750629722,5.986452005284438,2.19722457733622,0.125,0.375,7,"Recent information on key factors that influence household spending, along with the expectation that the weather would return to seasonal norms, generally pointed toward additional gains in PCE in the coming months. Households' net worth probably continued to expand as equity prices and home values increased further, and consumer sentiment in the Thomson Reuters/University of Michigan Surveys of Consumers during February and early March remained above its average last fall; however, real disposable incomes only edged up, on balance, in December and January. The pace of activity in the housing sector appeared to soften.
S. financial conditions remained supportive of growth in economic activity and employment: The expected path of the federal funds rate was little changed, longer-term yields on Treasury securities edged down, equity prices rose, speculative-grade corporate bond spreads narrowed, and the foreign exchange value of the dollar depreciated slightly. FOMC communications over the intermeeting period were about in line with market expectations.
Responses to the March 2014 Senior Credit Officer Opinion Survey on Dealer Financing Terms suggested little change over the past three months in conditions in securities financing and over-the-counter derivatives markets and in credit terms applicable to most classes of counterparties. Broad stock price indexes rose over the intermeeting period, apparently boosted by a solid finish to the corporate earnings season. Equity prices were also supported by a broad increase in investors' willingness to take riskier positions, in part likely reflecting an easing of concerns about EMEs early in the period.
Broad stock price indexes rose over the intermeeting period, apparently boosted by a solid finish to the corporate earnings season. Equity prices were also supported by a broad increase in investors' willingness to take riskier positions, in part likely reflecting an easing of concerns about EMEs early in the period. Credit flows to nonfinancial corporations remained robust.
Financial market sentiment abroad appeared to improve over the period, particularly with respect to the stresses that had developed in some EMEs just prior to the January FOMC meeting. Although global equity price indexes fell abruptly on March 3 amid the deepening of the political crisis in Ukraine, most markets quickly retraced those losses. Consistent with the general improvement in financial market sentiment, most foreign currencies appreciated against the dollar as flight-to-safety flows reversed.
One notable exception was the Chinese renminbi, which depreciated against the dollar. The performance of foreign equity price indexes was mixed, on net: Stock prices rose in the EMEs, but they were flat in Europe and declined substantially in Japan. Longer-term sovereign bond yields in the advanced economies fell modestly over the period.
A couple of participants pointed to the decline in credit spreads to relatively low levels by historical standards; one of these participants noted the risk of either a sharp rise in spreads, which could have negative repercussions for aggregate demand, or a continuation of the decline in spreads, which could undermine financial stability over time. One participant voiced concern about high levels of margin debt and of equity market valuations as well as a notable shift into commodity investments. Another participant stressed the growth in consumer credit to less creditworthy households.",0.7891942685714286,0.8012449914285715,0.7809373414285714,0.7888014842857143,0.8112661328571429,0.7988470971428571,0.8184436414285715,0.7792319071428572,0.8054613242857143,0.8336564714285714,0.8351934614285714,0.80679841,0.8186947228571428,0.8103583142857144,0.8167833814285714,0.81706802,0.8036026942857143,0.8063148285714286,0.8038865257142858,0.8017164342857143,0.8097102314285715,0.8140126,0.80620762,0.8148186057142857,0.8120754285714286,0.7894496057142858,0.7973791985714286,0.7807076457142857,0.8039974157142857,1.0,2.0,1.0,2.0,1.0,2.0
2014-04-30,2014,8,6,0,6894,372,0.0,0.125,0.125,0.125,-0.141881172800043,39.0,-0.141881172800043,0.141881172800043,13.71,2.6181254935742237,,,,,0.2358348304302922,1.6798360080745276,2014-05-21,0.0,0.021505376344086,0.0,0.0161290322580645,5.921578419643816,2.19722457733622,0.0,0.75,6,"Asset prices moved in response to economic data releases that were, on balance, a little stronger than expected and to Federal Reserve communications. The anticipated path of the federal funds rate moved up somewhat, as did intermediate-dated Treasury yields, while corporate bond spreads narrowed and the S&P 500 increased slightly. The foreign exchange value of the dollar was little changed.
The seasonal paydown of short-term Treasury debt following the April tax date was accompanied by a notable pickup in participation at ON RRP operations, but Treasury repo rates generally remained very close to the ON RRP rate of 5 basis points. The S&P 500 increased a bit, on net, over the intermeeting period, but broader stock market indexes edged down. The prices of social media and biotechnology stocks, which had risen substantially faster than the broader market over the previous year, fell sharply over the intermeeting period, leaving the gains on these shares about in line with those on broader indexes over the past 12 months.
By contrast, stocks that generally have more stable dividends, such as those of utility and telecommunications companies, advanced. First-quarter earnings reports for large banking organizations were mixed, and the stock prices of such firms generally underperformed broad equity indexes. Credit flows to nonfinancial corporations remained robust, on balance, notwithstanding subdued bond issuance in April that was attributed to typical constraints on issuance during the period when many firms are reporting their earnings.
Financing conditions in the consumer asset-backed securities market remained favorable, and issuance continued to be solid. Most foreign equity indexes rose over the period despite a global selloff of technology-related stocks, and 10-year sovereign bond yields in Canada, Germany, and the United Kingdom were nearly unchanged on net. Yield spreads on peripheral euro-area debt over German bonds of similar maturity continued to narrow.
Investor sentiment toward EMEs continued to improve over the period despite incoming data that were somewhat weaker than expected. Increasing tensions between Ukraine and Russia, as well as the lowering of Russia's sovereign debt rating by Standard & Poor's, contributed to a rise in Russia's 10-year sovereign bond yield and a sharp decline in its main equity index. Outside of that region, however, these building tensions left little imprint on global financial markets.
Relatively strong capital profiles of large domestic banking firms, low levels of aggregate leverage in the nonfinancial sector, and moderate use of short-term wholesale funding across the financial sector were seen as the primary factors supporting overall financial stability. However, the staff report also highlighted valuation pressures in some segments of the equity market, continued strong demand for corporate debt instruments and associated pressures on underwriting standards, and liquidity risks associated with fixed-income mutual funds. Staff Economic Outlook",0.773709775,0.79920306,0.7638219616666667,0.7805316633333333,0.8087603133333333,0.795834535,0.8112031766666666,0.788393465,0.79081584,0.816884265,0.8264041533333333,0.7911168516666667,0.8133657,0.7938828683333333,0.8032202983333333,0.8116005883333334,0.802054565,0.803473255,0.8023611833333333,0.789431065,0.7981008016666666,0.8095875100000001,0.7862744733333334,0.802902665,0.8080630699999999,0.7896520383333333,0.7933256066666666,0.7795120400000001,0.7954887716666666,1.0,2.0,1.0,2.0,1.0,2.0
2014-06-18,2014,6,3,1,8735,417,0.0,0.125,0.125,0.125,2.8271363650504746,46.0,2.8271363650504746,2.8271363650504746,12.06,2.4898941912990398,,,,,-0.4140450242281941,0.4416011280429533,2014-07-09,0.0,0.014388489208633,0.0023980815347721,0.0071942446043165,6.035481432524756,1.9459101490553128,0.1666666666666666,0.5,6,"Recent information about key factors that influence household spending mostly pointed to gains in PCE in the coming months. Real disposable income continued to rise in April, and households' net worth likely increased as equity prices and home values advanced further; however, consumer sentiment in the Thomson Reuters/University of Michigan Surveys of Consumers moved down somewhat in May and early June. The pace of activity in the housing sector remained subdued.
Staff Review of the Financial Situation On balance, financial conditions in the United States remained supportive of growth in economic activity and employment: The expected path of the federal funds rate was slightly lower in the long run, yields on longer-term Treasury securities moved down modestly, equity prices rose, corporate bond spreads narrowed, and the foreign exchange value of the dollar was little changed. Federal Reserve communications over the intermeeting period had limited effects in financial markets.
The number of participants and the total amount awarded increased over the course of the first five operations. Broad stock price indexes rose over the intermeeting period, apparently boosted by a more optimistic assessment of near-term economic prospects and likely supported by continued low interest rates. Despite generally lackluster results for first-quarter earnings, corporate guidance for profits in coming quarters led to upward revisions in analysts' forecasts of year-ahead earnings per share for S&P 500 firms.
Broad stock price indexes rose over the intermeeting period, apparently boosted by a more optimistic assessment of near-term economic prospects and likely supported by continued low interest rates. Despite generally lackluster results for first-quarter earnings, corporate guidance for profits in coming quarters led to upward revisions in analysts' forecasts of year-ahead earnings per share for S&P 500 firms. The VIX, an index of option-implied volatility for one-month returns on the S&P 500 index, continued to decline and ended the period near its historical lows.
Despite generally lackluster results for first-quarter earnings, corporate guidance for profits in coming quarters led to upward revisions in analysts' forecasts of year-ahead earnings per share for S&P 500 firms. The VIX, an index of option-implied volatility for one-month returns on the S&P 500 index, continued to decline and ended the period near its historical lows. Measures of uncertainty in other financial markets also declined; results from the Desk's primary dealer survey suggested this development might have reflected low realized volatilities, generally favorable economic news, less uncertainty for the path of monetary policy, and complacency on the part of market participants about potential risks.
The foreign exchange value of the dollar was little changed, on balance, over the period, as the dollar appreciated against the euro but declined against the Canadian dollar and many emerging market currencies. Consistent with some improvement in investor sentiment toward risky assets, foreign equity prices generally rose over the intermeeting period, and foreign sovereign and corporate bond spreads narrowed. In addition, both bond and equity emerging market mutual funds saw net inflows over the period.",0.7886258850000001,0.7920250449999999,0.783054085,0.8029988316666667,0.81282025,0.7987107633333334,0.8244062166666667,0.7800561316666667,0.7984730400000001,0.8489676133333334,0.8374903933333333,0.8058041933333334,0.8080232183333332,0.8159370950000001,0.828129,0.8159948016666667,0.79940079,0.802023685,0.8038772983333334,0.7934044216666667,0.7933491183333334,0.7808038466666667,0.794893375,0.8068129066666666,0.8004390166666666,0.7651924416666667,0.7759122683333333,0.7680125416666667,0.782748845,0.0,4.0,0.0,4.0,0.0,3.0
2014-07-30,2014,7,4,2,8159,406,0.0,0.125,0.125,0.125,0.9838844644308352,39.0,0.9838844644308352,0.9838844644308352,13.28,2.586259144048288,,,,,0.2944451389859665,0.6821813766319711,2014-08-20,0.0,0.0172413793103448,0.0049261083743842,0.0098522167487684,6.008813185442595,2.079441541679836,0.2857142857142857,0.5714285714285714,7,"Key factors that tend to influence household spending remained positive in recent months. In particular, gains in equity values and home prices boosted household net worth, and real disposable personal income continued to rise in the second quarter. Consumer sentiment in the Thomson Reuters/University of Michigan Surveys of Consumers edged down in early July but was only slightly below its average over the first half of the year.
Financial conditions eased somewhat, on balance, between the June and July FOMC meetings, although geopolitical risks weighed on investor sentiment at times. On net, yields on longer-term Treasury securities fell, equity prices rose, and the foreign exchange value of the dollar was little changed. Market participants characterized the Federal Reserve's monetary policy communications over the intermeeting period as suggesting a slightly more accommodative policy stance than had been expected.
In TDF testing that ran from mid-May to early July, gradual increases in offer rates and in the maximum individual award amounts generally resulted in higher participation. The S&P 500 index rose about 1-1/2 percent over the intermeeting period, as earnings reports from a range of companies appeared to indicate that profits in the second quarter had increased modestly relative to the first quarter. The VIX, an index of option-implied volatility for one-month returns on the S&P 500 index, remained at low levels over the intermeeting period.
The S&P 500 index rose about 1-1/2 percent over the intermeeting period, as earnings reports from a range of companies appeared to indicate that profits in the second quarter had increased modestly relative to the first quarter. The VIX, an index of option-implied volatility for one-month returns on the S&P 500 index, remained at low levels over the intermeeting period. Credit flows to nonfinancial corporations remained strong in the second quarter.
Benchmark yields on long-term sovereign bonds in the advanced foreign economies continued the downward trend that began at the start of the year, with rising tensions in the Middle East and Ukraine during the intermeeting period likely adding some to the downward pressure. Concerns about one of Portugal's largest banks and about litigation risks facing European banks weighed on European financial markets, prompting yield spreads on peripheral sovereign bonds in the euro area to widen and equity price indexes for European banks to decline. Intermeeting data releases on euro-area industrial production came in below market expectations, also weighing on headline equity markets in the region.
Concerns about one of Portugal's largest banks and about litigation risks facing European banks weighed on European financial markets, prompting yield spreads on peripheral sovereign bonds in the euro area to widen and equity price indexes for European banks to decline. Intermeeting data releases on euro-area industrial production came in below market expectations, also weighing on headline equity markets in the region. Mixed news from emerging market economies, including better-than-expected GDP growth in China and concerns about Argentina's scheduled debt payments, generally had modest market effects.
Mixed news from emerging market economies, including better-than-expected GDP growth in China and concerns about Argentina's scheduled debt payments, generally had modest market effects. Changes in emerging market equity indexes were mixed over the period, and emerging market bond yields generally declined. The broad trade-weighted dollar was little changed, on net, over the intermeeting period.",0.7801370842857143,0.79164069,0.7717261228571429,0.7847452171428572,0.7984512857142858,0.7892520028571429,0.8212782657142857,0.7749593428571429,0.7831423285714285,0.8092052942857143,0.8229031857142858,0.7941229414285714,0.8052872614285713,0.8013106628571428,0.8055741071428572,0.8007286614285715,0.7981111142857144,0.8031707914285714,0.79402781,0.7800659857142858,0.7941538285714286,0.7894291371428571,0.7864109742857143,0.7982932871428572,0.7938613557142856,0.7700010628571429,0.7835967428571429,0.7660423657142857,0.7857346742857143,1.0,2.0,1.0,2.0,0.0,4.0
2014-09-17,2014,5,3,1,9307,428,0.0,0.125,0.125,0.125,2.727560945652685,46.0,2.727560945652685,2.727560945652685,12.73,2.543961412569315,,,,,-2.08781224269177,-5.555783450908092,2014-10-08,0.0,0.0116822429906542,0.0023364485981308,0.0070093457943925,6.061456918928017,1.791759469228055,0.2,0.6,5,"5 The components of nominal retail sales data used by the Bureau of Economic Analysis (BEA) to construct its estimates of PCE increased at a solid rate in July and August, and sales of light motor vehicles surged in August after edging down in July. Recent information pertaining to key factors that influence consumer spending were positive: Real disposable incomes continued to increase in July, households' net worth likely edged up as equity prices and home values rose somewhat further, and consumer sentiment as measured by the Thomson Reuters/University of Michigan Surveys of Consumers improved in August and early September. The pace of activity in the housing sector seemed to be picking up.
Federal Reserve communications, particularly the July FOMC minutes and the Chair's speech at the Jackson Hole economic policy symposium, were viewed as signaling slightly less policy accommodation than anticipated. Reflecting these and other developments, yields on nominal Treasury securities rose somewhat and equity prices edged up over the intermeeting period. On net, the conflicts in the Middle East and Ukraine and other geopolitical tensions had limited effects on domestic financial markets.
Measures of inflation compensation based on Treasury Inflation-Protected Securities edged down, reportedly reflecting the lower-than-expected CPI data in July and recent declines in oil prices. Broad measures of domestic equity prices were up modestly over the intermeeting period, with some reports suggesting that investors were interpreting incoming economic data as implying that the economic recovery was strengthening. Yields on corporate bonds and agency MBS rose about in line with those on comparable-maturity Treasury securities.
Sovereign yields in the European economies generally declined, and yield spreads of sovereign bonds from the euro-area periphery over German bunds narrowed considerably. Most foreign equity indexes ended the period modestly higher. Staff Economic Outlook
Bankers in one District stated that, while they had eased the terms and conditions on loans in response to competition from other lenders, they had not taken on riskier loans. Some financial developments that could undermine financial stability over time were noted, including a deterioration in leveraged lending standards, stretched stock market valuations, and compressed risk spreads. However, one participant suggested that the leveraged loan market seemed to be moving into better balance, and that market participants appeared to be taking appropriate account of the changes in interest rates that might be associated with the eventual normalization of the stance of monetary policy.",0.784334154,0.79020934,0.7673181,0.7787812000000001,0.8060399799999999,0.7889449980000001,0.8189188680000001,0.777277226,0.7879175540000001,0.823227518,0.8321576220000001,0.798486154,0.8051432399999999,0.79463621,0.806273974,0.8050687699999999,0.79312832,0.806428436,0.7940896719999999,0.784457254,0.8009803999999999,0.793971184,0.78581686,0.798589676,0.798115272,0.7731015400000001,0.802096948,0.774114474,0.792549866,0.0,5.0,0.0,5.0,0.0,4.0
2014-10-29,2014,7,2,3,8483,440,0.0,0.125,0.125,0.125,-2.505251234306585,39.0,-2.505251234306585,2.505251234306585,14.39,2.6665335208992764,,,,,0.1964890040600014,1.169692770783912,2014-11-19,0.0,0.0159090909090909,0.0068181818181818,0.0045454545454545,6.089044875446846,2.079441541679836,0.4285714285714285,0.2857142857142857,7,"Real disposable income continued to increase in August, and consumer sentiment as measured by the Thomson Reuters/University of Michigan Surveys of Consumers improved in September and early October. In contrast, household net worth likely decreased because of a decline in equity prices. Housing market conditions seemed to be improving only slowly.
S. equity prices edged down, corporate bond spreads widened modestly, and the dollar appreciated moderately against most other currencies. Federal Reserve communications were reportedly viewed as slightly more accommodative than anticipated, on balance.
Yields on agency mortgage-backed securities (MBS) declined roughly in line with comparable Treasury yields, while spreads on both investment- and speculative-grade corporate bonds widened modestly relative to Treasury securities. The S&P 500 index decreased about 1 percent, on net, over the intermeeting period. Option-implied volatility for the S&P 500 index over the next month increased moderately, on balance, ending the period below its long-run historical average, though during the mid-October volatility spike, it briefly touched high levels last seen in 2011.
The S&P 500 index decreased about 1 percent, on net, over the intermeeting period. Option-implied volatility for the S&P 500 index over the next month increased moderately, on balance, ending the period below its long-run historical average, though during the mid-October volatility spike, it briefly touched high levels last seen in 2011. About half of the firms in the S&P 500 index reported earnings for the third quarter, with the reports generally viewed as positive.
Option-implied volatility for the S&P 500 index over the next month increased moderately, on balance, ending the period below its long-run historical average, though during the mid-October volatility spike, it briefly touched high levels last seen in 2011. About half of the firms in the S&P 500 index reported earnings for the third quarter, with the reports generally viewed as positive. Overall, third-quarter earnings estimates continued to imply modest growth in earnings per share compared with the previous quarter.
As in the United States, participants in foreign financial markets became more concerned, on balance, about prospects for global economic growth. On net over the period, equity indexes were down in most advanced and emerging market economies, and measures of implied volatility rose. Benchmark sovereign yields fell sharply, with German yields reaching record lows.
The information on economic activity received since the staff prepared its forecast for the September FOMC meeting was close to expectations, and therefore, the staff's projection for real GDP growth over the remainder of the year was little revised. However, in response to a further rise in the foreign exchange value of the dollar, a deterioration in global growth prospects, and a decline in equity prices, the staff revised down its projection for real GDP growth a little over the medium term. Even with the slower expansion of economic activity in this projection, real GDP was still expected to rise faster than potential output in 2015 and 2016, supported by accommodative monetary policy and a further easing of the restraint on spending from changes in fiscal policy; in 2017, real GDP growth was projected to step down toward the rate of potential output growth.",0.7864837585714285,0.7964540485714285,0.7776233642857143,0.7992733128571429,0.7965792371428572,0.7800296385714286,0.8206041414285714,0.7725659657142857,0.7806475785714285,0.7979244400000001,0.8100709328571429,0.7867349128571429,0.7902395342857143,0.7937472285714285,0.8049443185714286,0.7992634200000001,0.7866517271428571,0.8015611485714286,0.7907915728571429,0.7777457542857142,0.7953915714285714,0.7774859814285715,0.7896885585714285,0.7996181357142857,0.7961037,0.7598493728571428,0.7957202628571428,0.7736908457142857,0.7857418714285714,6.0,0.0,6.0,0.0,7.0,0.0
2014-12-17,2014,5,1,1,7718,391,0.0,0.125,0.125,0.125,-0.2548556929012915,46.0,-0.2548556929012915,0.2548556929012915,23.57,3.15997471694804,,,,,1.772934620934747,-0.725261677403487,2015-01-07,0.0,0.0127877237851662,0.0025575447570332,0.0025575447570332,5.971261839790462,1.791759469228055,0.2,0.2,5,"The sharp decline in oil prices weighed on inflation compensation and left a mixed imprint on other asset markets. On net, yields on longer-term Treasury securities fell, corporate bond spreads widened, equity prices were little changed, and the foreign exchange value of the dollar appreciated. Economic data releases reinforced the views of market participants that the U.
S. equity price indexes were about unchanged over the intermeeting period. Option-implied volatility for one-month returns on the S&P 500 index--the VIX--rose sharply late in the period to levels close to those in mid-October.
equity price indexes were about unchanged over the intermeeting period. Option-implied volatility for one-month returns on the S&P 500 index--the VIX--rose sharply late in the period to levels close to those in mid-October. Investment- and speculative-grade corporate bond spreads widened over the period.
As German yields fell to new record lows, spreads of most euro-area peripheral bonds over those yields narrowed. Changes in stock prices abroad were mixed, on net, over the intermeeting period: There were large increases in Japan and China along with large decreases in oil-exporting countries, such as Canada, Mexico, and Russia. Late in the intermeeting period, following the sharp fall in oil prices, the Russian ruble depreciated rapidly and substantially, prompting the Russian central bank, which had already raised its policy rate in early November, to raise the rate twice more in five days, with the most recent increase following an unscheduled policy meeting on December 15.
The staff's medium-term forecast for real GDP growth was revised up a little on net. The projected path for oil prices was lower, and the trajectory for equity prices was a bit higher. And although the projected path of the dollar was revised up, the staff revised down its estimate of how much the appreciation of the dollar since last summer would restrain projected growth in real GDP.",0.777350552,0.800790868,0.767808184,0.783829792,0.801945316,0.793934708,0.8161923879999999,0.784562206,0.7857878279999999,0.793555126,0.8128070279999999,0.7874256,0.804033416,0.792256056,0.803529408,0.8068201179999999,0.792762886,0.8072472340000001,0.806050674,0.78790012,0.8070543640000001,0.798708158,0.80069275,0.8153727780000001,0.8183732020000001,0.777884694,0.8157107700000001,0.80399002,0.809548118,1.0,0.0,1.0,0.0,0.0,0.0
2015-01-28,2015,6,2,4,14678,857,0.0,0.125,0.125,0.125,-0.2041768626186403,39.0,-0.2041768626186403,0.2041768626186403,17.22,2.846071498999585,,,,,-0.1063169660924407,0.6726955682141359,2015-02-18,0.0,0.0070011668611435,0.0046674445740956,0.0023337222870478,6.754604099487962,1.9459101490553128,0.6666666666666666,0.3333333333333333,5,"Real disposable personal income increased in November; since then, continued declines in energy prices likely raised the purchasing power of households' incomes. Households' net worth likely increased as home values and equity prices advanced, and consumer sentiment, as measured by the Thomson Reuters/University of Michigan Surveys of Consumers, moved up in early January to its highest level in more than a decade. The pace of housing market activity improved somewhat but remained slow.
S. equity markets were volatile. Option-implied volatility for the S&P 500 index declined, on balance, but remained in the upper half of the range seen over the past year.
equity markets were volatile. Option-implied volatility for the S&P 500 index declined, on balance, but remained in the upper half of the range seen over the past year. Broad U.
S. equity price indexes moved higher, while stock prices for large domestic banking organizations moved lower on net. Corporate bond spreads were also volatile over the intermeeting period but were little changed, on net, for investment-grade issuers and ended the period lower for speculative-grade issuers, particularly energy companies.
yields responding to a shift in expectations toward a later start of Bank of England policy firming. Global equity markets were broadly higher, rebounding from declines in mid-December. Several central banks announced monetary policy actions during the period.",0.7897983780000001,0.791751484,0.774003586,0.782979238,0.807563498,0.79176068,0.81828042,0.786942504,0.790949354,0.811964858,0.822692962,0.801781986,0.807172842,0.802998448,0.808527998,0.8091276040000001,0.799550864,0.809706448,0.8103833120000001,0.790138622,0.821198598,0.810257432,0.816187612,0.821929272,0.828763912,0.792639168,0.8186692539999999,0.808303896,0.816141096,0.0,2.0,0.0,2.0,2.0,2.0
2015-03-18,2015,6,4,0,8706,422,0.0,0.125,0.125,0.125,2.9198479959632526,46.0,2.9198479959632526,2.9198479959632526,15.66,2.751109690562657,,,,,0.4446753955817585,1.1803909721383716,2015-04-08,0.0,0.0142180094786729,0.0,0.0094786729857819,6.0473721790462776,1.9459101490553128,0.0,0.6666666666666666,5,"The purchasing power of households' income continued to be supported by low energy prices, and real disposable income rose briskly in January. Moreover, households' net worth likely increased as equity prices and home values advanced further, and consumer sentiment in the University of Michigan Surveys of Consumers was still near its highest level since prior to the most recent recession. The pace of activity in the housing sector remained slow.
employment reports and the January consumer price index release, all of which were above market expectations; the start of sovereign bond purchases by the ECB; and the somewhat more encouraging economic news from Europe all appeared to contribute to the improved sentiment in financial markets. Equity prices were higher, on net, although they declined later in the period. Federal Reserve communications over the intermeeting period, including the minutes of the January FOMC meeting, reportedly were perceived as slightly more accommodative than expected on balance.
S. equity price indexes moved up, on balance, over the intermeeting period, and one-month option-implied volatility on the S&P 500 index moved down on net. Spreads of 10-year corporate bond yields over those on comparable-maturity Treasury securities for both BBB-rated and speculative-grade issuers narrowed notably, likely reflecting increased appetite for riskier investments.
In addition, in Sweden, the benchmark repurchase agreement (or repo) rate was reduced in February to below zero for the first time, and a further cut was announced in March. Equity prices rose in most of the advanced foreign economies, with euro-area stocks rallying both before and after the early March commencement of sovereign bond purchases by the ECB under its PSPP. Stock market performance in the emerging market economies was more varied, with net losses in some and net gains in others.
Equity prices rose in most of the advanced foreign economies, with euro-area stocks rallying both before and after the early March commencement of sovereign bond purchases by the ECB under its PSPP. Stock market performance in the emerging market economies was more varied, with net losses in some and net gains in others. Yields on German government securities declined, with negative yields extending to longer maturities than at the time of the January meeting, likely in reaction to the PSPP, and yield spreads of most other euro-area sovereign bonds over German bonds narrowed.",0.792916854,0.7923968880000001,0.774495688,0.776893288,0.815873692,0.804861242,0.81664997,0.778490332,0.79890284,0.83845894,0.834141596,0.816138302,0.8189282480000001,0.81107668,0.8127019000000001,0.8196001980000001,0.8059328000000001,0.810943114,0.807557776,0.8004654800000001,0.799286862,0.790917518,0.7877721,0.79705224,0.7966696719999999,0.7727202280000001,0.786591172,0.76270053,0.784699154,0.0,4.0,0.0,4.0,1.0,3.0
2015-04-29,2015,11,4,4,7753,414,0.0,0.125,0.125,0.125,0.9332960299921064,39.0,0.9332960299921064,0.9332960299921064,12.41,2.518502599216516,,,,,0.2334597963539329,-0.2387198725659192,2015-05-20,0.0,0.0265700483091787,0.0096618357487922,0.0096618357487922,6.028278520230698,2.4849066497880004,0.3636363636363636,0.3636363636363636,8,"Among the factors that influence household spending, real disposable income rose strongly, on net, in the first quarter, buoyed in part by earlier declines in energy prices. In addition, further gains in house values and equity prices likely raised households' net worth, and the index of consumer sentiment in the University of Michigan Surveys of Consumers remained near its highest level since prior to the most recent recession. Residential investment increased at a slow pace in the first quarter, and other indicators of housing-sector activity remained weak.
economic data releases, including the March employment report, also pushed interest rates lower. On net, measures of inflation compensation rose, equity prices increased somewhat, and the foreign exchange value of the dollar declined. The expected path of the federal funds rate moved down following the March FOMC statement and the Chair's postmeeting press conference.
S. equity price indexes rose somewhat and option-implied volatility for the S&P 500 index over the next month declined. Energy firms' stock prices retraced a small portion of their substantial drop since mid-2014.
equity price indexes rose somewhat and option-implied volatility for the S&P 500 index over the next month declined. Energy firms' stock prices retraced a small portion of their substantial drop since mid-2014. Spreads of yields on 10-year speculative-grade corporate bonds over those on comparable-maturity Treasury securities narrowed, in part because of a further decrease in spreads on speculative-grade bonds issued by energy firms.
Spreads of yields on 10-year speculative-grade corporate bonds over those on comparable-maturity Treasury securities narrowed, in part because of a further decrease in spreads on speculative-grade bonds issued by energy firms. About 40 percent of firms in the S&P 500 index had reported earnings for the first quarter, with those reports generally viewed as better than anticipated. Nonetheless, first-quarter earnings per share were expected to be lower than in the previous quarter.
Spillovers from Greek markets into other peripheral financial markets remained limited. Equity prices in most advanced foreign economies moved higher, buoyed in part by ongoing monetary policy accommodation. Equity prices also rose in most emerging market economies, with the stock market in China outperforming.
Equity prices in most advanced foreign economies moved higher, buoyed in part by ongoing monetary policy accommodation. Equity prices also rose in most emerging market economies, with the stock market in China outperforming. The staff provided its latest report on potential risks to financial stability.
However, some indicators suggested that valuations remained stretched for some asset classes. An estimate of the expected real return on equities moved down, reflecting an increase in stock prices and downward revisions to forecasts of corporate earnings, and corporate bond spreads declined somewhat. The staff also noted changes in the structure of some fixed-income markets that could increase volatility.",0.7846017075,0.80015686125,0.7728182975,0.7908314925,0.8143750025000001,0.8013605525,0.81899831125,0.78206012,0.8003492,0.82997009875,0.83322695625,0.80408122875,0.81200892625,0.80138104125,0.81909592875,0.816350615,0.80107939875,0.8084603175,0.8069177725,0.79492174,0.81502191375,0.8117240075000001,0.80833845875,0.82259372125,0.82344533125,0.79434695,0.8112998625,0.78833397125,0.80625656375,1.0,4.0,1.0,4.0,1.0,4.0
2015-06-17,2015,4,0,2,8245,433,0.0,0.125,0.125,0.125,-0.0539798922692998,46.0,-0.0539798922692998,0.0539798922692998,14.81,2.6953026282797072,,,,,0.225909969961451,2.923290577431564,2015-07-08,0.0,0.0092378752886836,0.0046189376443418,0.0,6.073044534100405,1.6094379124341005,0.5,0.0,4,"S. equity price indexes moved down a bit, on net, amid mixed macroeconomic news and little information on earnings. Option-implied volatility on the S&P 500 index over the next month increased, on balance, but remained near the lower end of its historical range.
equity price indexes moved down a bit, on net, amid mixed macroeconomic news and little information on earnings. Option-implied volatility on the S&P 500 index over the next month increased, on balance, but remained near the lower end of its historical range. Spreads on 10-year triple-B-rated corporate bonds over comparable-maturity Treasury securities widened somewhat, on net, while spreads on speculative-grade corporate bonds narrowed slightly.
The rise in yields was also supported by the release of some stronger-than-expected inflation data in the euro area and by European Central Bank communications that volatility in yields was to be expected. Against this backdrop and with a step-up in concerns about developments in Greece, equity prices declined in most countries. Stock prices in Japan and especially in China were the main exceptions.
Against this backdrop and with a step-up in concerns about developments in Greece, equity prices declined in most countries. Stock prices in Japan and especially in China were the main exceptions. The foreign exchange value of the dollar increased a bit, on balance, during the intermeeting period against the currencies of major U.",0.79537201,0.8263820775,0.793680885,0.8185688825,0.821046975,0.80505549,0.825680945,0.81057471,0.80877858,0.812895225,0.8289164474999999,0.796857295,0.821541775,0.8123420100000001,0.8302434599999999,0.8224535725,0.8117955275,0.8249952325000001,0.82909029,0.8047603175,0.8033240349999999,0.8122976375,0.8023239475,0.8246968,0.82392584,0.79179234,0.8180451075,0.8008862,0.8050427849999999,2.0,1.0,2.0,1.0,2.0,1.0
2015-07-29,2015,9,2,7,8600,442,0.0,0.125,0.125,0.125,-2.5614380312419707,39.0,-2.5614380312419707,2.5614380312419707,13.44,2.598235335095004,,,,,-2.1327330317159854,-6.923754283614732,2015-08-19,0.0,0.0203619909502262,0.0158371040723981,0.004524886877828,6.093569770045136,2.302585092994046,0.7777777777777778,0.2222222222222222,8,"Federal Reserve communications and economic data releases, including the June employment report and retail sales data, put some downward pressure on the path of expected future short-term interest rates. On net, 5-year and 10-year Treasury yields were somewhat lower, measures of inflation compensation over the next 5 years based on Treasury Inflation-Protected Securities declined, equity prices were little changed, and the foreign exchange value of the dollar rose modestly. The expected path of the federal funds rate moved down following the June FOMC statement and the Chair's postmeeting press conference.
S. equity price indexes were little changed over the intermeeting period. Option-implied volatility on the S&P 500 index over the next month increased for a time in response to foreign developments before falling back to the lower end of its range over recent years.
equity price indexes were little changed over the intermeeting period. Option-implied volatility on the S&P 500 index over the next month increased for a time in response to foreign developments before falling back to the lower end of its range over recent years. Based on reports from about 40 percent of firms in the S&P 500 index, earnings per share in the second quarter were about unchanged or slightly higher than their first-quarter levels.
Option-implied volatility on the S&P 500 index over the next month increased for a time in response to foreign developments before falling back to the lower end of its range over recent years. Based on reports from about 40 percent of firms in the S&P 500 index, earnings per share in the second quarter were about unchanged or slightly higher than their first-quarter levels. Spreads on 10-year triple-B-rated and speculative-grade corporate bonds over comparable-maturity Treasury securities widened somewhat over the period.
After having widened amid concerns about the difficult negotiations between Greece and its creditors, Greek and other peripheral euro-area sovereign spreads narrowed, on net, over the intermeeting period as news emerged of progress toward an agreement. In China, stock prices fell substantially, prompting a number of policy and regulatory actions by Chinese officials to support the stock market. While these developments attracted investor attention, reaction in asset markets outside Greece and China was limited on balance.
trading partners. Stock markets in most advanced foreign economies ended the period higher. Equity prices in emerging market economies, however, generally moved lower on net.
Stock markets in most advanced foreign economies ended the period higher. Equity prices in emerging market economies, however, generally moved lower on net. The staff provided its latest report on potential risks to financial stability.
In their discussion of the foreign economic outlook, participants generally viewed the risks from the fiscal and financial problems in Greece as having diminished somewhat, although it was observed that Greece still faced many challenges and that Greek economic progress was likely to be limited over the near term. While the recent Chinese stock market decline seemed to have had limited implications to date for the growth outlook in China, several participants noted that a material slowdown in Chinese economic activity could pose risks to the U. S.",0.78391763875,0.80578673125,0.7762795662499999,0.808167035,0.81199492875,0.79354092125,0.8245983175,0.797922,0.7945357587499999,0.80391447625,0.81560181125,0.79368856125,0.80858219375,0.80463424875,0.81658808625,0.8120512237499999,0.7995344925,0.8156496225,0.81519346625,0.78814426625,0.7996609025,0.8018342625,0.79985719625,0.81273987375,0.814259115,0.78436260875,0.8044847075,0.7951097225,0.7987447237499999,3.0,2.0,3.0,2.0,2.0,2.0
2015-09-17,2015,13,1,12,7603,423,0.0,0.125,0.125,0.125,-6.398507299645421,47.0,-6.398507299645421,6.398507299645421,21.35,3.061051739674633,,,,,0.0725122533118097,0.5165713896726105,2015-10-08,0.0,0.0307328605200945,0.0283687943262411,0.0023640661938534,6.049733455231958,2.6390573296152584,0.9230769230769232,0.0769230769230769,10,"The components of the nominal retail sales data used by the Bureau of Economic Analysis to construct its estimates of PCE increased at a strong rate in July and August, and sales of light motor vehicles moved up in both months. Household spending was supported by moderate growth in real disposable income in July and a wealth-to-income ratio that remained high even after recent declines in equity values. Consumer sentiment in the University of Michigan Surveys of Consumers decreased in early September, reportedly in part because of the recent decline in stock market prices, but it remained above its year-earlier level.
Household spending was supported by moderate growth in real disposable income in July and a wealth-to-income ratio that remained high even after recent declines in equity values. Consumer sentiment in the University of Michigan Surveys of Consumers decreased in early September, reportedly in part because of the recent decline in stock market prices, but it remained above its year-earlier level. Activity in the housing sector remained on a gradual upward trend.
economic data releases generally met market expectations, domestic financial conditions tightened modestly as concerns about prospects for global economic growth, centered on China, prompted an increase in financial market volatility and a deterioration in risk sentiment during the intermeeting period. Stock market indexes in most advanced and emerging market economies ended the period sharply lower. Tighter financial market conditions and greater volatility contributed to a reduction of the odds that market participants appeared to place on the first increase in the federal funds rate occurring at the September FOMC meeting and to a flatter expected path for the policy rate thereafter.
Data on overnight index swap rates indicated that investors marked down the expected path of the federal funds rate, on balance, over the intermeeting period. Despite the decline in global equity markets and the downward shift in the expected path of the federal funds rate, yields on nominal Treasury securities moved up modestly, with some market participants citing purported sales of Treasury securities by foreign government authorities to finance foreign exchange market intervention as a factor that likely put upward pressure on Treasury yields. Measures of inflation compensation based on Treasury Inflation-Protected Securities fell to near their historical lows.
S. equity price indexes were highly correlated with foreign equity indexes over the intermeeting period and posted net declines. Although concerns about global economic growth likely contributed to the declines in domestic equity prices, investors may also have reassessed valuations and risk in equity markets.
equity price indexes were highly correlated with foreign equity indexes over the intermeeting period and posted net declines. Although concerns about global economic growth likely contributed to the declines in domestic equity prices, investors may also have reassessed valuations and risk in equity markets. Domestic equity indexes were quite volatile in late August and early September, and one-month-ahead option-implied volatility on the S&P 500 index reached levels last seen in 2011.
Although concerns about global economic growth likely contributed to the declines in domestic equity prices, investors may also have reassessed valuations and risk in equity markets. Domestic equity indexes were quite volatile in late August and early September, and one-month-ahead option-implied volatility on the S&P 500 index reached levels last seen in 2011. Spreads on 10-year triple-B-rated and speculative-grade corporate bonds over comparable-maturity Treasury securities widened slightly over the intermeeting period.
S. economic activity was generally stronger than expected, but equity prices declined, the foreign exchange value of the dollar appreciated further, and indicators of foreign economic growth were generally weak. The staff left its forecast for real GDP growth over the second half of the year little changed but lowered its projection for economic growth over the next several years.
consumer price inflation in the near term. In the United States, equity prices fell, on balance, amid significant volatility, and risk spreads for businesses widened. Many participants judged that the effects of these developments on domestic economic activity were likely to be small, but they acknowledged the risk that they might restrain U.
net exports. Some participants commented that the recent decline in equity prices needed to be viewed in the context of overall valuation levels, which they saw as relatively high, and a couple noted that volatility had begun to subside. During their discussion of economic conditions and monetary policy, participants indicated that they did not see the changes in asset prices during the intermeeting period as bearing significantly on their policy choice except insofar as they affected the outlook for achieving the Committee's macroeconomic objectives and the risks associated with that outlook.",0.8209461259999999,0.821062038,0.805215013,0.820435993,0.821921148,0.806252317,0.837421126,0.7886835600000001,0.803767826,0.808845239,0.8352000260000001,0.812853642,0.8150952269999999,0.814609391,0.8292414530000001,0.827402732,0.8124440180000001,0.827193569,0.8118467729999999,0.8035826330000001,0.819537349,0.802052639,0.8096491029999999,0.818746265,0.8180318339999999,0.784483008,0.808443914,0.783638668,0.8016045679999999,5.0,1.0,5.0,1.0,5.0,1.0
2015-10-28,2015,5,1,2,8227,450,0.0,0.125,0.125,0.125,5.617495236249391,38.0,5.617495236249391,5.617495236249391,15.43,2.7363136663750693,,,,,-0.1127028000212078,0.2512138795644147,2015-11-18,0.0,0.0111111111111111,0.0044444444444444,0.0022222222222222,6.111467339502679,1.791759469228055,0.4,0.2,5,"Real disposable income grew at a solid pace in July and August. Households' net worth was boosted by recent gains in home values and the net increase in equity prices over the intermeeting period. Moreover, consumer sentiment in the University of Michigan Surveys of Consumers improved in early October.
S. equity price indexes fell in the first few weeks after the September FOMC meeting but subsequently more than retraced those declines. Spreads of yields on triple-B-rated corporate bonds over comparable-maturity Treasury securities changed little, on balance, and those on speculative-grade corporate bonds widened notably across sectors.
The growth of auto and student loans stayed robust. Continued concerns about the outlook for global economic growth weighed on commodity and foreign equity prices early in the intermeeting period. These declines subsequently were reversed, and foreign equity price indexes ended the period higher, pushed up by expectations of additional monetary policy accommodation in major foreign economies and some favorable economic indicators in China.
Continued concerns about the outlook for global economic growth weighed on commodity and foreign equity prices early in the intermeeting period. These declines subsequently were reversed, and foreign equity price indexes ended the period higher, pushed up by expectations of additional monetary policy accommodation in major foreign economies and some favorable economic indicators in China. The broad nominal index of the dollar's foreign exchange value ended the period little changed on balance.
Participants also discussed a range of topics related to financial market developments and financial stability. They noted that volatility in global financial markets had abated since the previous FOMC meeting, with equity prices in the United States largely retracing the declines experienced late in the summer. The U.",0.785519948,0.788185982,0.766814472,0.777620548,0.80085803,0.78999167,0.8248187359999999,0.774827756,0.7836811060000001,0.825871538,0.825301408,0.80015491,0.80528233,0.799301134,0.8110443039999999,0.803499682,0.793446652,0.8101366459999999,0.79936511,0.786500788,0.817954336,0.8109883520000001,0.805090768,0.8194560880000001,0.8129743059999999,0.787464152,0.8087647920000001,0.77641903,0.8040479680000001,1.0,1.0,1.0,1.0,2.0,1.0
2015-12-16,2015,3,1,2,7811,422,25.0,0.125,0.125,0.125,-3.302400414906358,46.0,-3.302400414906358,3.302400414906358,20.95,3.0421386463681466,,,,,-2.399156994400231,-5.157948471169595,2016-01-06,25.0,0.0071090047393364,0.0047393364928909,0.0023696682464454,6.0473721790462776,1.3862943611198906,0.6666666666666666,0.3333333333333333,2,"S. equity prices declined, with a steep selloff in energy-sector stocks, and the one-month-ahead option-implied volatility on the S&P 500 index, the VIX, climbed. In addition, strains in the high-yield bond market increased notably after a mutual fund that specialized in very low-rated and unrated bonds suspended investor redemptions and closed.
The broad nominal index of the dollar rose appreciably. Equity indexes declined in many advanced and emerging market economies amid concerns about corporate earnings and falling oil and metals prices. Short-term sovereign yields changed little in the euro area and Japan but rose moderately in the United Kingdom.",0.8239649,0.85647743,0.82687105,0.8374782199999999,0.812396125,0.80983195,0.818802895,0.79529022,0.8126150999999999,0.8020429,0.81761728,0.79561497,0.820942465,0.8067782,0.8194353,0.8231783,0.8141418,0.826476435,0.8194214,0.81583395,0.82433519,0.8337624699999999,0.815901695,0.843467205,0.84139851,0.8085285,0.8383198300000001,0.81699145,0.834739565,2.0,1.0,2.0,1.0,2.0,1.0
2016-01-27,2016,11,1,8,13893,801,0.0,0.375,0.125,0.125,-8.439700515612575,39.0,-8.439700515612575,8.439700515612575,22.5,3.1135153092103742,,,,,-0.4684851302016897,0.1486544047593953,2016-02-17,0.0,0.013732833957553,0.0099875156054931,0.0012484394506866,6.687108607866515,2.4849066497880004,0.7272727272727273,0.0909090909090909,9,"Growth in real disposable income continued to be solid in November. Households' net worth was supported by further strong gains in home values through November, although equity prices declined in recent months. Also, consumer sentiment in the University of Michigan Surveys of Consumers remained at an elevated level in early January.
Domestic financial conditions tightened over the intermeeting period, as turmoil in Chinese financial markets and lower oil prices contributed to concerns about pros-pects for global economic growth and a pullback from risky assets. The increased reluctance to hold risky assets was associated with a sharp decline in equity prices and a notable widening in risk spreads on corporate bonds. Treasury yields declined across maturities, reflecting a downward revision in the expected path of the federal funds rate and likely some increase in safe-haven demands amid the market turbulence.
S. equity price indexes declined sharply over the intermeeting period, exhibiting a high correlation with movements in crude oil prices and foreign equity indexes. Domestic equity indexes were quite volatile in January, and one-month-ahead option-implied volatility on the S&P 500 index climbed to the upper end of its range of the past few years.
equity price indexes declined sharply over the intermeeting period, exhibiting a high correlation with movements in crude oil prices and foreign equity indexes. Domestic equity indexes were quite volatile in January, and one-month-ahead option-implied volatility on the S&P 500 index climbed to the upper end of its range of the past few years. Spreads on corporate bonds over comparable-maturity Treasury securities widened over the intermeeting period, reportedly reflecting increased concerns about corporate credit quality, particularly in the energy sector, and a decline in investors' willingness to assume risk.
Global financial market conditions deteriorated sharply in January, as recent developments in Chinese financial markets and the further decrease in crude oil prices appeared to increase concerns about global economic growth. Equity prices in emerging market economies (EMEs) and in advanced foreign economies (AFEs) fell sharply, and 10-year sovereign yields in the AFEs decreased substantially. Market expectations for the policy rates of major foreign central banks, which had risen somewhat after the December FOMC meeting, ended the period lower.
However, the medium-term projection for real GDP growth was only slightly lower, on balance, than the previous forecast. The staff estimated that the negative effects of a lower projected path for equity prices and a higher assumed trajectory for the foreign exchange value of the dollar would be mostly offset by the positive effects of a lower path for crude oil prices and slightly more stimulus to aggregate demand from changes in fiscal policy than was assumed in the previous forecast. In particular, federal legislation enacted in December unexpectedly included both a multiyear extension of the bonus depreciation tax credit for business investment and a delay in the introduction of several tax increases related to the Affordable Care Act.
Because of these favorable fundamentals, many participants indicated that they still expected consumer spending to contribute importantly to economic growth in the coming year. However, several were concerned that the rise in the saving rate since the middle of 2015 might suggest an elevated degree of caution about the economic outlook or that the recent retreat in equity values, if sustained, might damp spending. Nonetheless, a couple of others pointed out that information from surveys of consumer sentiment suggested that households, to date, had not appeared to be particularly sensitive to changes in financial market conditions.
Participants also discussed a range of issues related to financial market developments. Almost all participants cited a number of recent events as indicative of tighter financial conditions in the United States; these events included declines in equity prices, a widening in credit spreads, a further rise in the exchange value of the dollar, and an increase in financial market volatility. Some participants also pointed to significantly tighter financing conditions for speculative-grade firms and small businesses, and to reports of tighter standards at banks for C&I and CRE loans.
economic developments. A couple of participants pointed out that the recent decline in equity prices could be viewed as bringing equity valuations more in line with historical norms. Additionally, a few participants cautioned that valuations in CRE markets should be closely monitored.",0.8223082488888889,0.8266408266666666,0.8066812066666667,0.81557606,0.8125907011111111,0.8053920744444444,0.8289052299999999,0.7755531855555556,0.7998729822222221,0.8062812033333333,0.8287125999999999,0.8082292888888889,0.8169454688888889,0.8106830433333333,0.8191034133333334,0.8205586911111111,0.8113962022222222,0.8206882955555556,0.8014675788888889,0.8043607033333333,0.8146828833333334,0.8075591877777778,0.8068699044444444,0.8126639477777778,0.8149526911111111,0.7846802022222222,0.80456317,0.7808215055555556,0.81043411,5.0,0.0,5.0,0.0,5.0,0.0
2016-03-16,2016,9,3,5,7918,422,0.0,0.375,0.375,0.125,6.417252408444,46.0,6.417252408444,6.417252408444,16.84,2.823757008814181,,,,,-1.205437533986788,0.7553070778517206,2016-04-06,0.0,0.0213270142180094,0.0118483412322274,0.0071090047393364,6.0473721790462776,2.302585092994046,0.5555555555555556,0.3333333333333333,7,"Gains in real disposable income picked up in December and January. Households' net worth was supported both by a rebound in equity prices following declines earlier in the year and by further increases in home values through January. Also, consumer sentiment in the University of Michigan Surveys of Consumers remained at an elevated level in February.
outlook. However, these concerns appeared to diminish beginning in mid-February, and domestic financial conditions generally eased, on balance, since the January FOMC meeting: Stock prices rose, equity price volatility declined, and credit spreads on corporate bonds narrowed. The dollar depreciated against most foreign currencies, and long-term sovereign bond yields declined amid easing by central banks in advanced foreign economies.
However, the median respondent to the Desk's March Survey of Primary Dealers and to the Survey of Market Participants expected only two increases in the FOMC's target range for the federal funds rate this year, one fewer than they had projected in January. Broad equity market indexes increased, on balance, over the intermeeting period and continued to exhibit a high correlation with crude oil prices. Reflecting the improvement in investor sentiment that started in mid-February, corporate bond spreads narrowed, with spreads on investment-grade issues finishing the period slightly lower while spreads on speculative-grade issues--particularly those for the lowest-rated bonds--declined appreciably.
During the intermeeting period, foreign financial conditions improved on net. After deteriorating further early in the period, foreign equity prices bounced back and credit spreads on emerging market bonds narrowed, in both cases returning to December levels in most countries. Since the January FOMC meeting, the dollar depreciated, on net, against most foreign currencies.
Yields on investment- and speculative-grade corporate bonds were down slightly less, leaving spreads over Treasury securities little changed over the period between mid-December and mid-March. Similarly, broad equity price indexes ended this interval only a bit lower, and one-month-ahead option-implied volatility on the S&P 500 index, the VIX, declined on balance. The broad index of the foreign exchange value of the dollar was also roughly unchanged, on net, since the December meeting.
economic forecast prepared by the staff for the March FOMC meeting, real GDP in the first half of the year was projected to increase a little more slowly than in the forecast prepared for the January meeting, although estimated real GDP growth in the fourth quarter of last year was revised up. Beyond the near term, real GDP was expected to increase slightly faster than in the previous forecast, largely reflecting a somewhat higher projected path for equity prices and a lower assumed trajectory for the foreign exchange value of the dollar. The staff continued to project that real GDP would expand at a somewhat faster pace than potential output in 2016 through 2018, supported primarily by increases in consumer spending.
Early in the intermeeting period, concerns among investors about the global economic outlook appeared to trigger a sharp reduction in their risk-taking. Financial conditions deteriorated, with equity prices falling and credit spreads on riskier corporate bonds widening. Subsequently, investor sentiment rebounded, and domestic and global financial conditions eased on net over the intermeeting period.",0.7898056314285714,0.7900767571428571,0.7716593914285715,0.7815160114285715,0.7977560485714286,0.7880008071428571,0.8208937914285714,0.7636328628571428,0.7761983128571428,0.8135783085714285,0.81688709,0.7965120371428572,0.7995144442857143,0.7942107928571429,0.7977802714285714,0.8022637142857143,0.7897194200000001,0.7965081942857143,0.7856290057142857,0.7798216757142856,0.80706059,0.79970023,0.8004402485714286,0.8034155542857143,0.8049544457142856,0.7755610928571429,0.8021326314285714,0.7745120085714285,0.7990203157142857,1.0,4.0,1.0,4.0,1.0,3.0
2016-04-27,2016,10,6,2,9491,465,0.0,0.375,0.375,0.375,2.260498155543345,39.0,2.260498155543345,2.260498155543345,13.96,2.6361960973342264,,,,,-0.3721813700802816,2.0677477509336737,2016-05-18,0.0,0.021505376344086,0.0043010752688172,0.0129032258064516,6.144185634125646,2.3978952727983707,0.2,0.6,9,"Gains in real disposable income continued to be solid in February. Households' net worth was boosted by the rise in equity prices over the intermeeting period and by further strong increases in home values through February. Also, consumer sentiment as measured by the University of Michigan Surveys of Consumers remained upbeat in early April.
S. equity price indexes moved up, on net, likely because of investors' views that monetary policy would be more accommodative than previously expected along with an improvement in risk sentiment. Stock prices increased broadly across industries, including the energy sector.
equity price indexes moved up, on net, likely because of investors' views that monetary policy would be more accommodative than previously expected along with an improvement in risk sentiment. Stock prices increased broadly across industries, including the energy sector. One-month-ahead implied volatility on the S&P 500 index--the VIX--moved down and ended the period below its historical median.
Stock prices increased broadly across industries, including the energy sector. One-month-ahead implied volatility on the S&P 500 index--the VIX--moved down and ended the period below its historical median. Spreads on 10-year corporate bond yields over yields on comparable-maturity Treasury securities for both triple-B-rated and speculative-grade issuers declined, on balance, but remained at levels near the high end of their ranges since 2012, as the outlook for corporate earnings deteriorated somewhat over the period.
Spreads on 10-year corporate bond yields over yields on comparable-maturity Treasury securities for both triple-B-rated and speculative-grade issuers declined, on balance, but remained at levels near the high end of their ranges since 2012, as the outlook for corporate earnings deteriorated somewhat over the period. In light of available earnings reports of some companies in the S&P 500 index along with equity analysts' forecasts for companies that had not yet issued reports, corporate earnings in the first quarter appeared to have decreased markedly relative to the previous quarter. Financing conditions for U.
Sentiment was also likely boosted by the release of generally favorable foreign economic data. Against this backdrop, stock prices rose in most countries, with the equity indexes of the EMEs outperforming those of the AFEs. Changes in longer-term yields in the AFEs were mixed: Ten-year sovereign yields decreased slightly in Germany and Japan but increased in Canada and in the United Kingdom.
economic forecast prepared by the staff for the April FOMC meeting, real GDP growth in the first quarter of this year was estimated to have been much slower than in the forecast prepared for the March meeting, although projected real GDP growth in the second quarter was revised up a little. Beyond the near term, real GDP was expected to increase slightly faster than in the previous forecast, largely reflecting a somewhat higher projected trajectory for equity prices and lower assumed paths for both longer-term interest rates and the foreign exchange value of the dollar. The staff continued to project that real GDP would expand at a modestly faster pace than potential output in 2016 through 2018, supported primarily by increases in consumer spending.
S. and global financial conditions improved significantly over the intermeeting period, marked by a rise in equity indexes, more positive risk sentiment, and a decline in financial market volatility. During their discussion of these developments, participants cited several factors that likely contributed to the easing in financial conditions.
They generally concurred that data releases during the intermeeting period on components of private domestic demand had been disappointing, but most participants judged that the slowdown in growth of domestic spending would be temporary, citing possible measurement problems and other transitory factors. Financial market conditions continued to improve, providing support to aggregate demand and suggesting that market participants saw some reduction in downside risks to the outlook: Equity prices rose further, credit spreads declined somewhat, and the dollar depreciated over the intermeeting period. Taking these developments into account, participants generally judged that the medium-term outlook for economic activity and the labor market had not changed appreciably since the previous meeting.",0.78072192,0.7864040044444445,0.7707178022222222,0.7823978266666667,0.8073516344444445,0.7962133566666666,0.8137984166666666,0.7749518877777777,0.7942587044444445,0.8477264377777778,0.8334100911111111,0.8070246444444444,0.8129180277777778,0.8095158100000001,0.821457428888889,0.8114653033333333,0.7993404188888888,0.7981569855555555,0.7993044444444445,0.7893647044444445,0.81581375,0.80647824,0.8085221966666666,0.8239158677777778,0.8183819911111111,0.7858898555555556,0.80354668,0.7884712811111111,0.8119492044444444,1.0,8.0,1.0,8.0,1.0,8.0
2016-06-15,2016,5,1,3,8507,445,0.0,0.375,0.375,0.375,0.1222627909513048,46.0,0.1222627909513048,0.1222627909513048,20.5,3.0204248861443626,,,,,-0.0879355147006973,2.473467637084533,2016-07-06,0.0,0.0112359550561797,0.0067415730337078,0.0022471910112359,6.100318952020064,1.791759469228055,0.6,0.2,5,"Domestic financial market conditions remained accommodative over the intermeeting period. Equity price indexes and corporate bond spreads were little changed, on net, and, in aggregate, corporations continued to tap credit markets at a solid pace. Credit also remained broadly available to households, except for higher-risk borrowers in some markets.
Measures of inflation compensation based on inflation swaps also declined, but less than TIPS-based measures, consistent with anecdotal reports suggesting that a portion of the declines in TIPS-based measures might have been driven by elevated demand for longer-term nominal Treasury securities. Broad stock price indexes moved within narrow ranges but were modestly lower, on net, over the intermeeting period. However, one-month-ahead option-implied volatility on the S&P 500 index--the VIX--rose notably from fairly low levels and ended the period close to its historical median level.
Broad stock price indexes moved within narrow ranges but were modestly lower, on net, over the intermeeting period. However, one-month-ahead option-implied volatility on the S&P 500 index--the VIX--rose notably from fairly low levels and ended the period close to its historical median level. Spreads of 10-year triple-B-rated corporate bond yields over those on comparable-maturity Treasury securities were little changed on balance.
yields in particular being weighed down following polls showing an increase in support for the ""leave"" vote in the upcoming referendum. Decreases in equity indexes in the AFEs, particularly in Europe, also reportedly reflected concerns about the possibility of a successful ""leave"" vote. Most EME equity markets also edged lower.
Decreases in equity indexes in the AFEs, particularly in Europe, also reportedly reflected concerns about the possibility of a successful ""leave"" vote. Most EME equity markets also edged lower. Staff Economic Outlook",0.80270226,0.819438556,0.791049108,0.811271348,0.815792192,0.800572224,0.82877285,0.797492046,0.791290236,0.791632728,0.8240662759999999,0.79537712,0.8265798200000001,0.805621586,0.820912424,0.818634694,0.809422814,0.8198733880000001,0.8131781979999999,0.786032858,0.8122731679999999,0.8162795559999999,0.809835738,0.8252607519999999,0.82405911,0.796227958,0.816379704,0.8043795039999999,0.8102713720000001,1.0,0.0,1.0,0.0,1.0,0.0
2016-07-27,2016,14,1,8,10514,538,0.0,0.375,0.375,0.375,4.23185664561935,39.0,4.23185664561935,4.23185664561935,13.05,2.5687881337687024,,,,,0.218898251830023,-0.3167942220580656,2016-08-17,0.0,0.0260223048327137,0.0148698884758364,0.0018587360594795,6.289715570908998,2.70805020110221,0.5714285714285714,0.0714285714285714,14,"S. equity prices declined, and the foreign exchange value of the dollar increased. However, these changes generally reversed in subsequent weeks.
However, these changes generally reversed in subsequent weeks. On balance, Treasury yields were down only slightly over the intermeeting period, equity prices were higher, and the foreign exchange value of the dollar was little changed. Al­though the expected path of the federal funds rate implied by market prices was about unchanged on net, the Open Market Desk's Survey of Primary Dealers and Survey of Market Participants indicated that the median responses for the most likely path of the federal funds rate over coming quarters had declined.
Domestic financial conditions remained accommodative over the intermeeting period. Equity price indexes increased, on net, despite an initial sharp decline following the Brexit vote, and corporate bond spreads declined on balance. Conditions in business and consumer credit markets were about unchanged.
In the days immediately following the Brexit vote, asset prices were volatile, and some financial markets, particularly certain foreign exchange markets, experienced brief periods of strained liquidity. Global stock indexes fell notably, credit spreads widened, and safe-haven assets appreciated substantially. However, broad-based market dislocations did not develop, apparently because market participants had prepared for a significant risk event.
Spreads of yields on agency mortgage-backed securities over yields on Treasury securities narrowed slightly. Broad stock price indexes increased, on net, over the intermeeting period. One-month-ahead option-implied volatility on the S&P 500 index--the VIX--fell, returning to the lower end of its distribution of the past few years.
Broad stock price indexes increased, on net, over the intermeeting period. One-month-ahead option-implied volatility on the S&P 500 index--the VIX--fell, returning to the lower end of its distribution of the past few years. U.
S. bank stock prices dropped sharply after the Brexit vote but then retraced that decrease, buoyed by better-than-expected earnings reports from some of the largest domestic banks. Declines in European bank stock prices following the Brexit vote also reversed later in the intermeeting period.
bank stock prices dropped sharply after the Brexit vote but then retraced that decrease, buoyed by better-than-expected earnings reports from some of the largest domestic banks. Declines in European bank stock prices following the Brexit vote also reversed later in the intermeeting period. Spreads of yields on investment-grade corporate bonds over those on comparable-maturity Treasury securities ended the period somewhat lower, on net, and spreads on speculative-grade corporate bonds declined notably.
long-term yields remained low on expectations of slower growth there and further monetary policy accommodation. Global equity indexes ended higher, on net, over the intermeeting period. However, European bank equities, especially those of Italian banks, underperformed, reflecting investor fears that lower interest rates will continue to weigh on profitability.
Global equity indexes ended higher, on net, over the intermeeting period. However, European bank equities, especially those of Italian banks, underperformed, reflecting investor fears that lower interest rates will continue to weigh on profitability. Emerging market asset prices were generally resilient over the intermeeting period; the dollar was weaker against most emerging market currencies, and flows into emerging market assets surged.
With the second-quarter pickup in spending, real PCE appeared to have risen over the first half of the year at a rate consistent with the positive trends in fundamental determinants of household spending. Participants cited a number of factors that had likely been supporting household spending, including solid real income growth, gains in house and equity values, low gasoline prices, and favorable levels of consumer confidence. Residential investment posted a strong increase in the first quarter of the year, but data on starts of new single-family homes indicated that outlays likely edged down in the second quarter.
S. financial conditions eased during the intermeeting period: Major equity indexes rose, longer-term interest rates fell, credit spreads narrowed, and the broad index of the foreign exchange value of the dollar was little changed. In the discussion of developments related to financial stability, it was noted that while the capital and liquidity positions of U.
S. banks remained strong, European banks, particularly Italian banks, were under pressure--as evidenced by the sharp declines in their equity prices--from a weaker economic outlook for that region, thin interest margins, and concerns about the quality of their loan portfolios. In U.
markets, overall financial vulnerabilities were judged to remain moderate, as nonfinancial debt had continued to increase roughly in line with nominal GDP and valuation pressures were not widespread. However, during the discussion, several participants commented on a few developments, including potential overvaluation in the market for CRE, the elevated level of equity values relative to expected earnings, and the incentives for investors to reach for yield in an environment of continued low interest rates. Regarding CRE, it was noted that the recent SLOOS reported that a significant fraction of banks tightened lending standards in the first and second quarters of the year and that overvaluation did not appear to be widespread across markets.",0.7850473171428571,0.8017611107142857,0.7743106871428571,0.7892771235714287,0.8119062257142857,0.7945359892857143,0.8214416542857144,0.7810289,0.7892552921428572,0.8127566028571429,0.8241104435714286,0.79359964,0.8144621657142856,0.7986766957142857,0.8072292264285714,0.8158626342857142,0.79686945,0.8105238878571429,0.8024976014285714,0.7907973757142858,0.8071724600000001,0.8116704385714285,0.7986971735714287,0.8129649878571429,0.819070275,0.7883000914285715,0.8076393357142857,0.7909592035714285,0.8073292671428571,6.0,4.0,6.0,4.0,5.0,4.0
2016-09-21,2016,2,1,0,10975,566,0.0,0.375,0.375,0.375,-1.4803900600906414,53.0,-1.4803900600906414,1.4803900600906414,15.92,2.767576180416237,,,,,-0.3113939425932624,0.2324049587876846,2016-10-12,0.0,0.0035335689045936,0.0,0.0017667844522968,6.340359303727752,1.0986122886681098,0.0,0.5,2,"Measures of forward inflation compensation based on Treasury Inflation-Protected Securities rose slightly but remained near the lower end of their historical range. Broad stock price indexes moved down, on net, since the July FOMC meeting. Realized and implied volatilities in various asset markets were relatively low during most of the intermeeting period but increased somewhat in the last few days before the meeting as market participants reacted to global central bank communications.
Capital flows to EMEs continued, and sovereign debt spreads in these economies and corporate bond spreads in both EMEs and AFEs narrowed further. European financial markets remained resilient following the Brexit vote, and European bank equity prices increased on net. Announcements by foreign central banks garnered investor attention and contributed to somewhat higher asset price volatility later in the period.",0.7770163999999999,0.8049151,0.7640933299999999,0.7883691150000001,0.818442,0.806719925,0.830854355,0.795951125,0.80011615,0.81933135,0.83229405,0.79997025,0.824103975,0.807166285,0.8153968300000001,0.8224868750000001,0.809017775,0.83098608,0.81713,0.797881725,0.8131040700000001,0.81667596,0.801470275,0.8086844,0.809955,0.7923534999999999,0.8154617799999999,0.78394097,0.80275275,0.0,2.0,0.0,2.0,0.0,2.0
2016-11-02,2016,3,1,1,9453,480,0.0,0.375,0.375,0.375,-2.404315230048286,39.0,-2.404315230048286,2.404315230048286,18.56,2.9210087273580543,,,,,0.3879348353149736,-0.6312196179832827,2016-11-23,0.0,0.00625,0.0020833333333333,0.0020833333333333,6.175867270105761,1.3862943611198906,0.3333333333333333,0.3333333333333333,3,"Nominal yields were pushed up by an increase in inflation compensation, which appeared attributable to a combination of factors, including the recent rise in oil prices and a decline in investors' concerns about the risk of very low inflation outcomes, as implied by quotes on inflation caps and floors. Broad stock price indexes were little changed, on net, since the September FOMC meeting. Realized and implied volatility in equity markets remained relatively low.
Broad stock price indexes were little changed, on net, since the September FOMC meeting. Realized and implied volatility in equity markets remained relatively low. Spreads of yields on nonfinancial investment-grade and speculative-grade corporate bonds over those of comparable-maturity Treasury securities declined a bit, with both spreads finishing the period at levels close to their medians during the economic expansions of the past two decades.
Based on available reports and analysts' estimates, aggregate corporate earnings per share appeared to continue to rebound in the third quarter, reflecting improvements across a wide range of industries, including the energy sector. Foreign equity indexes broadly increased over the intermeeting period. Nonetheless, foreign financial markets were sensitive to news about upcoming negotiations between the United Kingdom and the European Union (EU) over the U.",0.7712075766666667,0.79443108,0.7648316999999999,0.7898939866666667,0.82210121,0.8033395099999999,0.8216091,0.8102192166666667,0.79202089,0.8192837966666667,0.8236972000000001,0.7932416666666667,0.8213101533333332,0.8044882666666666,0.8278984866666667,0.8201951333333333,0.8074606766666667,0.81403946,0.8234198133333334,0.7878671833333334,0.8132965033333334,0.8131271866666667,0.8044857166666667,0.8274595033333334,0.8190503666666666,0.7934224666666667,0.80255528,0.7961181666666667,0.8024429333333334,0.0,1.0,0.0,1.0,0.0,1.0
2016-12-14,2016,9,7,1,8597,478,25.0,0.375,0.375,0.375,7.699389600131472,39.0,7.699389600131472,7.699389600131472,12.72,2.543175557911976,,,,,-0.078521417782365,0.1911928358653896,2017-01-04,25.0,0.0188284518828451,0.002092050209205,0.0146443514644351,6.171700597410915,2.302585092994046,0.1111111111111111,0.7777777777777778,9,"S. equity indexes increased considerably, and credit spreads on U. S.
Nominal Treasury yields rose across the maturity spectrum, and measures of inflation compensation based on Treasury Inflation-Protected Securities continued to move up. Meanwhile, broad equity price indexes increased, and credit spreads on corporate bonds narrowed. Most private borrowing rates increased somewhat, but financing conditions for nonfinancial firms and households remained broadly accommodative.
S. equity price indexes rose over the intermeeting period, apparently boosted by investors' expectations of stronger earnings growth and improved risk sentiment, with much of the rally coming after the U. S.
elections. Share prices for the financial sector outperformed the broader market, while stock prices in sectors that typically benefit from lower interest rates, such as utilities, underperformed. Implied volatility in equity markets decreased, and yield spreads of nonfinancial corporate bonds over those of comparable-maturity Treasury securities narrowed for both investment- and speculative-grade firms.
Share prices for the financial sector outperformed the broader market, while stock prices in sectors that typically benefit from lower interest rates, such as utilities, underperformed. Implied volatility in equity markets decreased, and yield spreads of nonfinancial corporate bonds over those of comparable-maturity Treasury securities narrowed for both investment- and speculative-grade firms. Available reports suggested that earnings for firms in the S&P 500 index increased in the third quarter on a seasonally adjusted basis, and the improvement in earnings was broad based across sectors.
Implied volatility in equity markets decreased, and yield spreads of nonfinancial corporate bonds over those of comparable-maturity Treasury securities narrowed for both investment- and speculative-grade firms. Available reports suggested that earnings for firms in the S&P 500 index increased in the third quarter on a seasonally adjusted basis, and the improvement in earnings was broad based across sectors. Money market flows continued to stabilize over the intermeeting period following outsized movements in the period before implementation of MMF reforms in mid-October.
S. markets lifted yields and equity prices in most AFEs, but higher yields in the United States seemed to weigh on investor sentiment toward EMEs, where prices of risky assets declined. On a trade-weighted basis, the dollar appreciated notably against both AFE and EME currencies.
The outlook was for further solid gains in jobs and income, and household balance sheets had improved. The personal saving rate was still relatively high, and household wealth had been boosted by ongoing gains in housing and equity prices. In the housing market, recent data on starts and permits for new residential construction suggested a firming in residential investment after two quarters of decline.
Several, however, pointed out that market-based measures of inflation compensation were still low or that downside risks to inflation remained, given the recent further appreciation of the dollar. Most participants attributed the substantial changes in financial market conditions over the intermeeting period--including the increase in longer-term interest rates, the strengthening of the dollar, the rise in equity prices, and the narrowing of credit spreads--to expectations for more expansionary fiscal policies in coming years or to possible reductions in corporate tax rates. Many participants expressed the need for caution in evaluating the implications of recent financial market developments for the economic outlook, in light of the uncertainty about how federal spending, tax, and regulatory policies might unfold and how global economic and financial conditions will evolve.",0.7817556233333334,0.8031117466666667,0.7760882122222222,0.7837902844444444,0.8163331955555555,0.80497028,0.8093553155555555,0.7803591033333332,0.8015827155555555,0.8397286122222223,0.8358362755555555,0.8053512911111111,0.8208754155555555,0.808128841111111,0.8212080444444445,0.8206050744444444,0.8060607722222222,0.8067668455555556,0.80550787,0.8012892155555555,0.8134927411111111,0.8157095111111111,0.7991772500000001,0.8206970677777777,0.8190588388888889,0.7926204655555557,0.79692849,0.7835034588888888,0.8113497455555555,2.0,5.0,2.0,5.0,2.0,6.0
2017-02-01,2017,8,3,1,12723,767,0.0,0.625,0.375,0.375,0.766619382732642,46.0,0.766619382732642,0.766619382732642,11.99,2.4840729690394228,,,,,0.0404652395916767,1.3829763275171405,2017-02-22,0.0,0.0104302477183833,0.0013037809647979,0.0039113428943937,6.643789733147672,2.19722457733622,0.125,0.375,8,"Domestic financial conditions were mostly little changed, on balance, since the December FOMC meeting. Broad equity price indexes fluctuated in a relatively narrow range and ended the intermeeting period about unchanged. Nominal Treasury yields moved up across most maturities in the days following the December FOMC meeting but subsequently reversed and ended the period little changed on net.
S. equity price indexes fluctuated in a relatively narrow range and were little changed, on net, over the intermeeting period. However, equity prices remained notably higher than just before the November elections, apparently reflecting investors' expectations that fiscal and other policy changes would boost corporate profits and economic activity in the medium term.
equity price indexes fluctuated in a relatively narrow range and were little changed, on net, over the intermeeting period. However, equity prices remained notably higher than just before the November elections, apparently reflecting investors' expectations that fiscal and other policy changes would boost corporate profits and economic activity in the medium term. Implied volatility on the S&P 500 index edged down since the December meeting and remained relatively low.
However, equity prices remained notably higher than just before the November elections, apparently reflecting investors' expectations that fiscal and other policy changes would boost corporate profits and economic activity in the medium term. Implied volatility on the S&P 500 index edged down since the December meeting and remained relatively low. Corporate bond spreads for both investment- and speculative-grade firms continued to narrow over the intermeeting period and were near the bottom of their ranges of the past several years.
Department of Justice on issues related to mortgage-backed securities, and the Italian government approved a funding package and other measures to support struggling banks. Reflecting the improved sentiment and positive economic news, global equity prices and longer-term sovereign yields in most AFEs increased moderately over the period. Yield spreads on EME sovereign bonds narrowed somewhat, and flows into EME mutual funds turned positive.
Some saw a risk that inflationary pressures might develop more rapidly than currently anticipated as resource utilization tightened, while several others thought that progress in achieving the Committee's inflation objective might lag if further appreciation of the dollar continued to depress non-energy commodity prices or if inflation was slow to respond to tighter resource utilization. Financial conditions appeared to have changed little, on net, in recent months: Equity prices had risen and credit spreads had narrowed, but longer-term interest rates had increased and the dollar had appreciated further. In their discussion, participants considered how recent developments had affected their assessment of the stability of the U.
Overall, valuation pressures appeared to have risen for some types of assets, while financial-sector leverage remained low and risks associated with maturity and liquidity transformation had declined. A few participants commented that the recent increase in equity prices might in part reflect investors' anticipation of a boost to earnings from a cut in corporate taxes or more expansionary fiscal policy, which might not materialize. They also expressed concern that the low level of implied volatility in equity markets appeared inconsistent with the considerable uncertainty attending the outlook for such policy initiatives.
A few participants commented that the recent increase in equity prices might in part reflect investors' anticipation of a boost to earnings from a cut in corporate taxes or more expansionary fiscal policy, which might not materialize. They also expressed concern that the low level of implied volatility in equity markets appeared inconsistent with the considerable uncertainty attending the outlook for such policy initiatives. Recent reforms had diminished the risk of runs on or by prime money market funds.",0.7789256375,0.80064502375,0.777293705,0.7815641975,0.82185365625,0.8084204225,0.824603455,0.79780598875,0.8098012925,0.832511095,0.8492014575,0.797804865,0.81816813375,0.80809395375,0.8260878912499999,0.8270593362499999,0.81270916,0.8164711975,0.81469540375,0.80586086375,0.81442599125,0.81142838625,0.8046633975,0.81954831875,0.81509558375,0.79106991125,0.80484075625,0.7840150575,0.8017122425,1.0,2.0,1.0,2.0,2.0,3.0
2017-03-15,2017,10,6,3,9231,479,25.0,0.625,0.625,0.375,3.918162323003221,39.0,3.918162323003221,3.918162323003221,12.3,2.509599262378372,,,,,0.1906006458118554,-0.3568290347111519,2017-04-05,25.0,0.0208768267223382,0.0062630480167014,0.0125260960334029,6.173786103901937,2.3978952727983707,0.3,0.6,9,"and global financial markets during the period since the Committee met on January 31 and February 1, 2017. Global equity prices generally increased further, credit spreads on corporate debt and emerging market bonds narrowed, and yields on Treasury securities rose somewhat. In survey responses, market participants again reported elevated uncertainty about the outlook for U.
The Committee's decision to keep the target range for the federal funds rate unchanged at the January-February FOMC meeting was well anticipated. Broad equity price indexes rose further, leaving some standard measures of valuations above historical norms. Treasury yields rose late in the intermeeting period, following monetary policy communications by several Federal Reserve officials.
S. equity price indexes increased over the intermeeting period, and some measures of valuations, such as price-to-earnings ratios, rose further above historical norms. A standard measure of the equity risk premium edged lower, declining into the lower quartile of its historical distribution of the previous three decades.
A standard measure of the equity risk premium edged lower, declining into the lower quartile of its historical distribution of the previous three decades. Stock prices rose across most industries, and equity prices for financial firms outperformed broader indexes. Meanwhile, spreads of yields on bonds issued by nonfinancial corporations over those on comparable-maturity Treasury securities were little changed.
Meanwhile, spreads of yields on bonds issued by nonfinancial corporations over those on comparable-maturity Treasury securities were little changed. Since the previous FOMC meeting, better-than-expected economic data and earnings releases abroad also supported risk sentiment: Foreign equity prices increased, flows to emerging market mutual funds picked up, and emerging market bond spreads narrowed. Consistent with improved sentiment toward the EMEs, the dollar depreciated against EME currencies.
The staff maintained its assumption--provisionally included starting with the December 2016 forecast--of a more expansionary fiscal policy in the coming years, but it pushed back the timing of when those policy changes were anticipated to take effect. The negative effect of this timing change on projected real GDP growth through 2019 was offset by a higher assumed path for equity prices and by a lower assumed path for the exchange value of the dollar. All told, the staff's forecast for the level of real GDP at the end of 2019 was essentially unrevised from the previous forecast, and the staff continued to project that real GDP would expand at a modestly faster pace than potential output in 2017 through 2019.
In their discussion of recent developments in financial markets, participants noted that financial conditions remained accommodative despite the rise in longer-term interest rates in recent months and continued to support the expansion of economic activity. Many participants discussed the implications of the rise in equity prices over the past few months, with several of them citing it as contributing to an easing of financial conditions. A few participants attributed the recent equity price appreciation to expectations for corporate tax cuts or to increased risk tolerance among investors rather than to expectations of stronger economic growth.
Many participants discussed the implications of the rise in equity prices over the past few months, with several of them citing it as contributing to an easing of financial conditions. A few participants attributed the recent equity price appreciation to expectations for corporate tax cuts or to increased risk tolerance among investors rather than to expectations of stronger economic growth. Some participants viewed equity prices as quite high relative to standard valuation measures.
A few participants attributed the recent equity price appreciation to expectations for corporate tax cuts or to increased risk tolerance among investors rather than to expectations of stronger economic growth. Some participants viewed equity prices as quite high relative to standard valuation measures. It was observed that prices of other risk assets, such as emerging market stocks, high-yield corporate bonds, and commercial real estate, had also risen significantly in recent months.",0.7767461022222223,0.7938127988888889,0.7696253244444444,0.7800189200000001,0.8279667988888888,0.80545137,0.8270604611111111,0.7888860122222222,0.8097820822222223,0.829624288888889,0.8452073544444444,0.7975092466666667,0.8152667688888888,0.7995850277777777,0.8255398544444444,0.8314036788888889,0.8056001355555555,0.8138124677777778,0.8148564822222223,0.8073715333333333,0.8080986377777778,0.8157018488888889,0.7997594133333333,0.82539398,0.8296166711111111,0.7968190977777777,0.8074810466666666,0.7875346577777778,0.8128651044444445,0.0,5.0,0.0,5.0,0.0,6.0
2017-05-03,2017,5,3,2,8780,457,0.0,0.875,0.625,0.625,0.1927092668246962,46.0,0.1927092668246962,0.1927092668246962,10.59,2.359910159613315,,,,,0.440690656252612,1.0417044336615278,2017-05-24,0.0,0.0109409190371991,0.0043763676148796,0.0065645514223194,6.126869184114185,1.791759469228055,0.4,0.6,5,"In response to political developments abroad, spreads on some European sovereign debt securities narrowed noticeably. Measures of implied volatility in equity markets declined, on net, to levels that were historically very low. Market pricing and survey evidence indicated that investors anticipated no change in the target range for the federal funds rate at this meeting but saw a substantial probability of an increase at the June FOMC meeting; market expectations for the path of the federal funds rate further ahead fell somewhat.
S. equity price indexes increased slightly, on net, since the March FOMC meeting. One-month-ahead option-implied volatility on the S&P 500 index--the VIX--rose appreciably in mid-April, reflecting in part increased investor concerns about geopolitical factors and foreign political developments, but ended the period slightly lower, as investor concerns appeared to ease after the first round of the French presidential election.
equity price indexes increased slightly, on net, since the March FOMC meeting. One-month-ahead option-implied volatility on the S&P 500 index--the VIX--rose appreciably in mid-April, reflecting in part increased investor concerns about geopolitical factors and foreign political developments, but ended the period slightly lower, as investor concerns appeared to ease after the first round of the French presidential election. Over the intermeeting period, spreads of yields on investment- and speculative-grade nonfinancial corporate bonds over comparable-maturity Treasury securities narrowed a bit on net.
Over the intermeeting period, spreads of yields on investment- and speculative-grade nonfinancial corporate bonds over comparable-maturity Treasury securities narrowed a bit on net. Private-sector analysts continued to project robust profit growth for S&P 500 firms over 2017 even as first-quarter earnings, on a seasonally adjusted basis, were estimated to be a bit lower than in the fourth quarter. Conditions in short-term funding markets were stable over the intermeeting period.
yields, contributing to a modest depreciation of the dollar against both the AFE and EME currencies. Equity indexes in most advanced and emerging economies rose. Flows to emerging market mutual funds remained strong, and spreads on emerging market debt were little changed.",0.778205462,0.795811128,0.77160677,0.7849118620000001,0.806274242,0.802120382,0.8358996920000001,0.7889714999999999,0.7835965739999999,0.813210622,0.8316646560000001,0.788306752,0.8108702579999999,0.799200846,0.8124916600000001,0.81543299,0.808505336,0.8144951819999999,0.805457524,0.777755276,0.8088616200000001,0.810165252,0.8067241239999999,0.8236261819999999,0.828570038,0.794534744,0.8141889219999999,0.8012021600000001,0.809813136,2.0,2.0,2.0,2.0,2.0,2.0
2017-06-14,2017,7,1,6,9058,480,25.0,0.875,0.875,0.625,1.5564240385273835,39.0,1.5564240385273835,1.5564240385273835,10.42,2.343727036325221,,,,,-0.9441206484948376,0.4195864974028843,2017-07-05,25.0,0.0145833333333333,0.0125,0.0020833333333333,6.175867270105761,2.079441541679836,0.8571428571428571,0.1428571428571428,7,"The manager of the System Open Market Account (SOMA) reported on developments in domestic and foreign financial markets over the period since the May FOMC meeting. Yields on Treasury securities and the foreign exchange value of the dollar had declined modestly, while equity prices had continued to rise, contributing to a further easing of financial conditions according to some measures. Moreover, realized and implied volatility in financial markets remained low.
S. equity prices increased over the period, longer-term Treasury yields declined, and the dollar depreciated. A decline in the perceived likelihood of a significant fiscal expansion and the below-expectations reading on the April CPI reportedly contributed to lower yields on longer-tenor Treasury securities.
S. equity price indexes increased. One-month-ahead option-implied volatility on the S&P 500 index--the VIX--was little changed, on net, and remained near the lower end of its historical range.
equity price indexes increased. One-month-ahead option-implied volatility on the S&P 500 index--the VIX--was little changed, on net, and remained near the lower end of its historical range. Conditions in short-term funding markets were stable over the intermeeting period.
Over the period since the May FOMC meeting, foreign financial markets were influenced by incoming economic data and by political developments both abroad and in the United States. Most AFE and EME equity indexes edged higher, supported by robust first-quarter earnings reports and generally positive data releases overseas. The broad U.
Participants agreed that the Committee should continue to monitor inflation developments closely. In their discussion of recent developments in financial markets, participants observed that, over the intermeeting period, equity prices rose, longer-term interest rates declined, and volatility in financial markets was generally low. They also noted that, according to some measures, financial conditions had eased even as the Committee reduced policy accommodation and market participants continued to expect further steps to tighten monetary policy.
Participants discussed possible reasons why financial conditions had not tightened. Corporate earnings growth had been robust; nevertheless, in the assessment of a few participants, equity prices were high when judged against standard valuation measures. Longer-term Treasury yields had declined since earlier in the year and remained low.",0.7775541757142858,0.7885415171428571,0.7665225571428572,0.7779428057142858,0.8113857971428572,0.8020344928571428,0.8326753185714286,0.8010260557142858,0.7953066185714286,0.8238237814285715,0.8466909185714285,0.7938483657142857,0.8191878614285715,0.7954638285714285,0.8194941385714286,0.81635323,0.8062096257142858,0.815473242857143,0.82105215,0.7891389414285713,0.8103880842857143,0.8211733528571428,0.8069950271428572,0.82763054,0.8259615285714286,0.8027430842857143,0.8222914257142857,0.8105321328571428,0.8153946714285715,0.0,5.0,0.0,5.0,0.0,5.0
2017-07-26,2017,12,8,0,7692,411,0.0,1.125,0.875,0.875,1.417996232649504,39.0,1.417996232649504,1.417996232649504,9.43,2.2438960966453663,,,,,-1.558473974746539,-0.9990980237497992,2017-08-16,0.0,0.0291970802919708,0.0,0.0194647201946472,6.021023349349527,2.5649493574615367,0.0,0.6666666666666666,8,"Implied volatility in fixed-income markets remained low. Equity prices rose further, with notable advances in indexes for emerging markets. The increase in the FOMC's target range for the federal funds rate at the June meeting was reflected in other money market interest rates, and the effective federal funds rate was near the middle of the new target range over the intermeeting period except on quarter-end.
S. equity prices rose, longer-term Treasury yields increased slightly, and the dollar depreciated. The Committee's decision to raise the target range for the federal funds rate to 1 to 1-1/4 percent at the June meeting was widely anticipated in financial markets, and market participants reportedly viewed FOMC communications as largely in line with expectations.
S. equity price indexes rose. One-month-ahead option-implied volatility of the S&P 500 index--the VIX--remained at historically low levels.
equity price indexes rose. One-month-ahead option-implied volatility of the S&P 500 index--the VIX--remained at historically low levels. Spreads of yields on investment- and speculative-grade nonfinancial corporate bonds over comparable-maturity Treasury securities narrowed a bit on net.
Sovereign yields increased notably in Canada, Germany, and the United Kingdom. Changes in foreign equity indexes were mixed over the intermeeting period: European equities edged lower, Japanese equities were little changed, and EME equities increased. European peripheral sovereign bond spreads narrowed over the period, reflecting in part positive sentiment related to the outcomes of the French parliamentary election, Greek debt negotiations, and bank resolutions in Italy.
A number of participants pointed to potential concerns about low longer-term interest rates, including the possibility that inflation expectations were too low, that yields could rise abruptly, or that low yields were inducing investors to take on excessive risk in a search for higher returns. Several participants noted that the further increases in equity prices, together with continued low longer-term interest rates, had led to an easing of financial conditions. However, different assessments were expressed about the implications of this development for the outlook for aggregate demand and, consequently, appropriate monetary policy.
According to one view, the easing of financial conditions meant that the economic effects of the Committee's actions in gradually removing policy accommodation had been largely offset by other factors influencing financial markets, and that a tighter monetary policy than otherwise was warranted. According to another view, recent rises in equity prices might be part of a broad-based adjustment of asset prices to changes in longer-term financial conditions, importantly including a lower neutral real interest rate, and, therefore, the recent equity price increases might not provide much additional impetus to aggregate spending on goods and services. Participants also considered equity valuations in their discussion of financial stability.
Participants also considered equity valuations in their discussion of financial stability. A couple of participants noted that favorable macroeconomic factors provided backing for current equity valuations; in addition, as recent equity price increases did not seem to stem importantly from greater use of leverage by investors, these increases might not pose appreciable risks to financial stability. Several participants observed that the banking system was well capitalized and had ample liquidity, reducing the risk of financial instability.",0.7779801425,0.79874977,0.77256097625,0.77383305375,0.82345067875,0.810836975,0.8285332175,0.798713945,0.8067276825,0.82801732125,0.8519909999999999,0.7985098575,0.82574449875,0.80109127,0.822798405,0.8269916374999999,0.81324086625,0.81927573,0.81660256875,0.80201141,0.8066258325,0.81482841375,0.7968561925,0.8192309062500001,0.82021025,0.79371661875,0.8115545525,0.7868751475,0.806641435,1.0,10.0,1.0,10.0,1.0,9.0
2017-09-20,2017,6,2,2,8925,449,0.0,1.125,1.125,0.875,0.9944146118107968,53.0,0.9944146118107968,0.9944146118107968,10.18,2.3204250111223765,,,,,-0.1717766161447279,0.2147152436303934,2017-10-11,0.0,0.0133630289532293,0.0044543429844097,0.0044543429844097,6.1092475827643655,1.9459101490553128,0.3333333333333333,0.3333333333333333,6,"The manager of the System Open Market Account (SOMA) reported on developments in domestic and foreign financial markets over the period since the July FOMC meeting. Yields on longer-term Treasury securities had fallen modestly, the foreign exchange value of the dollar had declined, and broad equity price indexes had increased. Survey responses suggested that the vast majority of market participants expected the FOMC to announce a change in SOMA reinvestment policy at this meeting and that nearly all market participants anticipated that the FOMC would also leave the target range for the federal funds rate unchanged.
S. equity prices increased, longer-term Treasury yields declined, and the dollar depreciated. Investors' interpretations of FOMC communications, market perceptions of a reduced likelihood of U.
S. equity price indexes increased over the intermeeting period. One-month-ahead option-implied volatility of the S&P 500 index--the VIX--remained at historically low levels despite brief spikes associated with increased investor concerns about geopolitical tensions and political uncertainties.
equity price indexes increased over the intermeeting period. One-month-ahead option-implied volatility of the S&P 500 index--the VIX--remained at historically low levels despite brief spikes associated with increased investor concerns about geopolitical tensions and political uncertainties. Over the intermeeting period, spreads of yields on investment- and speculative-grade nonfinancial corporate bonds over those on comparable-maturity Treasury securities widened a bit.
In contrast, longer-term German yields declined moderately, despite better-than-expected economic data releases for the euro area, as market expectations shifted toward a more gradual withdrawal of stimulus by the European Central Bank (ECB) even though the ECB kept its policy stance unchanged. Despite generally better-than-expected earnings releases, AFE equity prices were mixed over the period, with bank stocks underperforming broader indexes. Outside South Korea, most emerging market asset prices were little affected by the recent escalation of geopolitical concerns.
Several of them noted that interpreting the next few inflation reports would likely be complicated by the temporary run-up in energy costs and in the prices of other items affected by storm-related disruptions and rebuilding. In financial markets, longer-term interest rates and the foreign exchange value of the dollar declined over the intermeeting period, and equity prices increased. It was noted that U.",0.7874586033333334,0.7998479216666666,0.7823062283333333,0.7897962583333333,0.8175213083333333,0.80625285,0.8443760916666667,0.7998431466666666,0.7978774333333334,0.8201182383333333,0.8385138833333333,0.7976112766666666,0.8183790966666667,0.8086022583333333,0.8236929733333334,0.8242947049999999,0.809508015,0.8250161883333332,0.8218786733333333,0.7960426616666667,0.8116756733333333,0.813141,0.8111323516666666,0.8310929716666666,0.833285715,0.7944261733333334,0.8249036900000001,0.8089299483333333,0.8163016283333334,0.0,4.0,0.0,4.0,0.0,4.0
2017-11-01,2017,6,4,1,7772,422,0.0,1.125,1.125,1.125,2.7340856247888965,39.0,2.7340856247888965,2.7340856247888965,10.18,2.3204250111223765,,,,,0.1984395237136075,1.898101739427015,2017-11-22,0.0,0.0142180094786729,0.0023696682464454,0.0094786729857819,6.0473721790462776,1.9459101490553128,0.1666666666666666,0.6666666666666666,6,"The manager of the System Open Market Account (SOMA) reported on developments in domestic and foreign financial markets since the September FOMC meeting. Broad equity price indexes extended earlier increases, yields on longer-term Treasury securities rose, yield spreads on corporate bonds declined, and the foreign exchange value of the dollar increased. Money market interest rates suggested that market participants did not anticipate a change in the Committee's target range for the federal funds rate at this meeting but saw a high probability of a 25 basis point increase at the Committee's December meeting.
S. equity prices moved up, and the dollar appreciated. There was no discernible reaction in financial markets to the widely anticipated announcement of the FOMC's change to its balance sheet policy.
Measures of inflation compensation based on Treasury Inflation-Protected Securities declined somewhat following the slightly lower-than-expected September CPI data but were little changed on net. Broad equity price indexes rose notably, reportedly reflecting in part investors' perceptions that tax reform was becoming more likely. One-month-ahead option-implied volatility on the S&P 500 index--the VIX--remained near historically low levels.
Broad equity price indexes rose notably, reportedly reflecting in part investors' perceptions that tax reform was becoming more likely. One-month-ahead option-implied volatility on the S&P 500 index--the VIX--remained near historically low levels. Spreads of yields on both investment- and speculative-grade corporate bonds over comparable-maturity Treasury securities narrowed modestly.
EME currencies generally depreciated as well, most notably the Turkish lira and the Mexican peso, the latter of which was held down in part by uncertainty about negotiations on the North American Free Trade Agreement. Most foreign equity indexes increased. In Japan, equity indexes rose notably in advance of parliamentary elections that resulted in a strong victory for Prime Minister Abe's ruling coalition, a development seen by market participants as signaling a continuation of stimulative economic policies.
Most foreign equity indexes increased. In Japan, equity indexes rose notably in advance of parliamentary elections that resulted in a strong victory for Prime Minister Abe's ruling coalition, a development seen by market participants as signaling a continuation of stimulative economic policies. The staff provided its latest report on vulnerabilities of the U.",0.7721342433333334,0.7812068066666668,0.7677336266666667,0.7756427383333334,0.8072426016666666,0.800892035,0.811242315,0.8003070166666667,0.7904393816666667,0.8371754733333333,0.8362402733333333,0.7948805,0.811143645,0.8021370416666667,0.8256789183333333,0.8133726466666666,0.8011909883333334,0.8080516900000001,0.8187212616666666,0.786208485,0.8081493433333332,0.807878615,0.8063530999999999,0.821215785,0.8170053316666667,0.7903827266666666,0.8118903249999999,0.79801792,0.8036200083333332,1.0,6.0,1.0,6.0,1.0,6.0
2017-12-13,2017,6,3,2,7654,405,25.0,1.125,1.125,1.125,2.9260790182207024,39.0,2.9260790182207024,2.9260790182207024,9.92,2.294552921296781,0.0184621065787987,-0.0184655157019976,0.0553760974003186,0.0184621065787987,0.3982460663546167,1.261304090191856,2018-01-03,25.0,0.0148148148148148,0.0049382716049382,0.0074074074074074,6.0063531596017325,1.9459101490553128,0.3333333333333333,0.5,6,"The manager of the System Open Market Account (SOMA) reported on developments in domestic and international financial markets over the intermeeting period. Equity prices moved higher over the period, with market participants pointing to the likely passage of tax reform legislation as an important factor contributing to the rise. The narrowing of the spread between long- and short-term Treasury yields over recent months had been a focus of market attention.
S. equity prices moved up, and the foreign exchange value of the dollar was little changed. Financing conditions for businesses and households remained broadly supportive of continued growth in household spending and business investment.
Overall, market participants did not attribute any price changes in Treasury and agency MBS markets to the implementation of reductions in reinvestments of the SOMA portfolio. Broad equity price indexes rose over the intermeeting period, likely reflecting in part investors' perceptions of increased odds for the passage of federal tax legislation and an associated potential boost to corporate earnings. One-month-ahead option-implied volatility on the S&P 500 index--the VIX--was little changed, on net, at levels close to historical lows.
Broad equity price indexes rose over the intermeeting period, likely reflecting in part investors' perceptions of increased odds for the passage of federal tax legislation and an associated potential boost to corporate earnings. One-month-ahead option-implied volatility on the S&P 500 index--the VIX--was little changed, on net, at levels close to historical lows. Spreads on both investment- and speculative-grade corporate bond yields over comparable-maturity Treasury yields were about flat on net.
Issuance of asset-backed securities (ABS) funding consumer loans was robust in recent months, and ABS spreads were about unchanged over the intermeeting period. On balance, the broad index of the foreign exchange value of the dollar was little changed, longer-term sovereign bond yields in AFEs declined modestly, and most foreign equity indexes moved lower over the intermeeting period. The euro appreciated modestly against the U.
A few participants, however, noted that measures of inflation expectations had remained broadly stable this year despite the low readings on inflation and judged that this stability should support the return of inflation to the Committee's 2 percent objective. With regard to financial markets, some participants observed that financial conditions remained accommodative, citing a range of indicators including low interest rates, narrow credit spreads, high equity values, a lower dollar, and some evidence of easier terms for lending to risky borrowers. In light of elevated asset valuations and low financial market volatility, a couple of participants expressed concern that the persistence of highly accommodative financial conditions could, over time, pose risks to financial stability.",0.78265474,0.795264195,0.7779955666666667,0.7797010883333333,0.8172324816666666,0.8168001383333333,0.8211421516666667,0.8027542899999999,0.8012974833333333,0.8326235266666666,0.8425434066666666,0.8052151099999999,0.8276508783333334,0.8112718583333334,0.8274036033333333,0.8240769866666667,0.8193423666666666,0.8134771316666667,0.8195535516666667,0.79569999,0.8193992400000001,0.825111455,0.8154045566666667,0.8262763249999999,0.8275978983333333,0.8066323933333334,0.8138052833333332,0.8056200516666667,0.8142744666666667,1.0,6.0,1.0,6.0,1.0,7.0
2018-01-31,2018,7,7,0,12505,756,0.0,1.375,1.125,1.125,7.148911655702096,46.0,7.148911655702096,7.148911655702096,14.79,2.6939512767227085,0.2922376509049131,0.2283836008447592,0.2831181397043902,0.3105275457890077,0.0928693923934024,0.4305717922093068,2018-02-21,0.0,0.0092592592592592,0.0,0.0092592592592592,6.6293632534374485,2.079441541679836,0.0,1.0,7,"S. Treasury securities moved up some while corporate risk spreads narrowed and equity prices recorded further significant gains. Breakeven measures of inflation compensation derived from Treasury Inflation Protected Securities (TIPS) moved up but remained low.
S. equity prices, Treasury yields, and market-based measures of inflation compensation rose, and spreads of yields on investment- and speculative-grade nonfinancial corporate bonds over those for comparable-maturity Treasury securities narrowed further. In addition, the dollar depreciated broadly amid strong foreign economic data and monetary policy communications by some foreign central banks that investors reportedly viewed as less accommodative than expected.
On net, inflation compensation moved up at both the 5-year and the 5-to-10-year horizons, and both measures returned to levels seen in early 2017 before the string of generally weaker-than-expected inflation readings. Broad equity price indexes rose substantially over the intermeeting period, with investors pointing to a stronger global economic outlook and the supportive effect of the recently enacted tax legislation on risk sentiment. The VIX, an index of option-implied volatility for one-month returns on the S&P 500 index, increased but remained low by historical standards.
Broad equity price indexes rose substantially over the intermeeting period, with investors pointing to a stronger global economic outlook and the supportive effect of the recently enacted tax legislation on risk sentiment. The VIX, an index of option-implied volatility for one-month returns on the S&P 500 index, increased but remained low by historical standards. Spreads of both investment- and speculative-grade corporate bond yields over comparable-maturity Treasury yields declined slightly and remained well below their historical averages.
The broad nominal dollar index declined nearly 4 percent relative to its value at the time of the December FOMC meeting; the decline was most pronounced against AFE currencies, but the dollar depreciated notably against most EME currencies as well. EME equity prices registered substantial gains, in part supported by a significant rise in commodity prices; emerging market bond spreads narrowed moderately, and flows into EME equity and bond funds strengthened substantially. Market-based measures of policy expectations and longer-term sovereign yields moved up in most AFEs.
Real GDP was estimated to have risen in the fourth quarter of last year by somewhat more than the staff had previously expected, as gains in both household and business spending were larger than anticipated. Beyond 2017, the forecast for real GDP growth was revised up, reflecting a reassessment of the recently enacted tax cuts, along with higher projected paths for equity prices and foreign economic growth and a lower assumed path for the foreign exchange value of the dollar. Real GDP was projected to increase at a somewhat faster pace than potential output through 2020; the staff continued to assume that the recently enacted tax cuts would boost real GDP growth moderately over the medium term.
However, a few other participants pointed to the record of inflation consistently running below the Committee's 2 percent objective over recent years and expressed the concern that longer-run inflation expectations may have slipped below levels consistent with that objective. Many participants noted that financial conditions had eased significantly over the intermeeting period; these participants generally viewed the economic effects of the decline in the dollar and the rise in equity prices as more than offsetting the effects of the increase in nominal Treasury yields. One participant reported that financial market contacts did not see the relatively flat slope of the yield curve as signaling an increased risk of recession.",0.7774532985714285,0.7883881457142857,0.769910292857143,0.7816284742857142,0.8152039414285716,0.7975183928571428,0.8129754457142857,0.7744957585714286,0.7957721742857143,0.8389823385714286,0.8367594714285714,0.7969287757142858,0.8041226614285714,0.7944765042857143,0.8189943428571429,0.8150872757142856,0.7969247042857143,0.8032065071428571,0.7955006571428571,0.7940133585714285,0.8023705857142858,0.79104302,0.7873571528571429,0.8109739985714286,0.8088193857142857,0.77273993,0.79577685,0.7774223285714286,0.7960888614285714,2.0,6.0,2.0,6.0,3.0,6.0
2018-03-21,2018,13,3,7,7552,401,25.0,1.375,1.375,1.125,-4.1445720726304085,46.0,-4.1445720726304085,4.1445720726304085,18.2,2.9014215940827497,0.0659723882370127,0.056550425635233,-0.1226357400998266,0.0753996802543646,0.817032335519129,2.4505924954207465,2018-04-11,25.0,0.0324189526184538,0.0174563591022443,0.0074812967581047,5.996452088619021,2.6390573296152584,0.5384615384615384,0.2307692307692307,12,"The deputy manager of the System Open Market Account (SOMA) provided a summary of developments in domestic and global financial markets over the intermeeting period; she also reported on open market operations and related issues. Financial markets experienced a notable bout of volatility early in the intermeeting period; volatility was particularly pronounced in equity markets. Market participants pointed to incoming economic data released in early February--particularly data on average hourly earnings--as raising concerns about the prospects for higher inflation and higher interest rates.
Market participants pointed to incoming economic data released in early February--particularly data on average hourly earnings--as raising concerns about the prospects for higher inflation and higher interest rates. These concerns reportedly contributed to a steep decline in equity prices and an associated rise in measures of volatility. Some reports suggested that the increase in volatility was amplified by the unwinding of trading positions based on various types of volatility trading strategies.
Some reports suggested that the increase in volatility was amplified by the unwinding of trading positions based on various types of volatility trading strategies. Measures of equity market volatility declined over subsequent weeks but remained above levels that prevailed earlier in the year, and stock prices finished lower, on net, over the intermeeting period. Interest rates rose modestly over the period.
S. equity prices declined, corporate bond spreads widened, and nominal Treasury yields rose. Broad equity price indexes decreased over the intermeeting period.
equity prices declined, corporate bond spreads widened, and nominal Treasury yields rose. Broad equity price indexes decreased over the intermeeting period. Market participants pointed to a larger-than-expected increase in average hourly earnings in the January employment report as a factor triggering increased investor concerns about inflation and the associated pace of interest rate increases.
Market participants pointed to a larger-than-expected increase in average hourly earnings in the January employment report as a factor triggering increased investor concerns about inflation and the associated pace of interest rate increases. Those concerns appeared to induce a substantial decline in equity prices. The decline may have been exacerbated by broader concerns about the level of stock market valuations.
Those concerns appeared to induce a substantial decline in equity prices. The decline may have been exacerbated by broader concerns about the level of stock market valuations. On February 5, the VIX--an index of option-implied volatility for one-month returns on the S&P 500 index--rose to its highest level since 2015, reportedly driven in part by the unwinding of investment strategies designed to profit from low volatility.
The decline may have been exacerbated by broader concerns about the level of stock market valuations. On February 5, the VIX--an index of option-implied volatility for one-month returns on the S&P 500 index--rose to its highest level since 2015, reportedly driven in part by the unwinding of investment strategies designed to profit from low volatility. Subsequently, equity prices recovered about half of their decline, and the VIX partially retraced its earlier increase.
On February 5, the VIX--an index of option-implied volatility for one-month returns on the S&P 500 index--rose to its highest level since 2015, reportedly driven in part by the unwinding of investment strategies designed to profit from low volatility. Subsequently, equity prices recovered about half of their decline, and the VIX partially retraced its earlier increase. Monetary policy communications over the intermeeting period--including the January FOMC statement, the minutes of the January FOMC meeting, and the Chairman's semiannual testimony to the Congress--were generally viewed by market participants as signaling a somewhat stronger economic outlook and thus reinforced expectations for further gradual increases in the target range for the federal funds rate.
Measures of inflation compensation derived from Treasury Inflation-Protected Securities were little changed on net. Option-implied volatility on longer-term rates rose notably following the jump in equity market volatility on February 5 but mostly retraced that increase by the end of the intermeeting period. On balance, spreads on investment- and speculative-grade corporate bond yields over comparable-maturity Treasury yields widened but remained near the lower end of their historical ranges.
Auto lending continued to grow at a moderate pace in recent months; al­though underwriting standards in the subprime segment continued to tighten, there were few signs of a significant restriction in credit supply for auto loans. Since the January FOMC meeting, foreign equity prices moved notably lower, on net, and generally declined more in the AFEs than in the United States. Longer-term yields on sovereign debt in AFEs either decreased moderately or ended the period little changed, in contrast to the increase in U.
In their discussion of developments in financial markets, some participants observed that financial conditions remained accommodative despite the rise in market volatility and repricing of assets that had occurred in February. Many participants reported that their contacts had taken the previous month's turbulence in stride, al­though a few participants suggested that financial developments over the intermeeting period highlighted some downside risks associated with still-high valuations for equities or from market volatility more generally . A few participants expressed concern that a lengthy period in which the economy operates beyond potential and financial conditions remain highly accommodative could, over time, pose risks to financial stability.",0.8046173533333333,0.826355115,0.7962102708333334,0.8080465983333333,0.8219439091666666,0.8038480149999999,0.8331072525000001,0.7884663975,0.814071865,0.7992964358333333,0.8350829591666667,0.7960683708333334,0.8195536241666667,0.803087575,0.8158928625,0.8265753683333333,0.8079997508333333,0.827281675,0.8170007524999999,0.8127287241666666,0.8097435375,0.8094723066666667,0.8066664866666667,0.8208216708333334,0.82683155,0.78843481,0.8220125441666667,0.803981795,0.8252573941666667,4.0,0.0,4.0,0.0,4.0,1.0
2018-05-02,2018,10,1,4,8245,446,0.0,1.625,1.375,1.375,-0.0218536416260347,39.0,-0.0218536416260347,0.0218536416260347,15.49,2.740194654428777,0.1012099272115116,0.0460172112487507,0.2849659509868829,0.1196193528894282,-0.207676980703762,-1.0714981346717956,2018-05-23,0.0,0.0224215246636771,0.0089686098654708,0.0022421524663677,6.102558594613569,2.3978952727983707,0.4,0.1,10,"S. equity prices lower, the foreign exchange value of the dollar moderately higher, and longer-term Treasury yields up a little. Market participants pointed to a range of factors contributing to the decline in stock prices, including concerns about the outlook for trade policy both in the United States and abroad, the potential for increased regulatory oversight of U.
equity prices lower, the foreign exchange value of the dollar moderately higher, and longer-term Treasury yields up a little. Market participants pointed to a range of factors contributing to the decline in stock prices, including concerns about the outlook for trade policy both in the United States and abroad, the potential for increased regulatory oversight of U. S.
Early in the intermeeting period, uncertainty over trade policy and negative news about the technology sector reportedly contributed to lower prices for risky assets, but these concerns subsequently seemed to recede amid stronger-than-expected corporate earnings reports. Equity prices declined, nominal Treasury yields increased modestly, and market-based measures of inflation compensation ticked up on net. Meanwhile, financing conditions for nonfinancial businesses and households largely remained supportive of spending.
Option-implied measures of volatility of longer-term interest rates continued to decline over the intermeeting period after their marked increase earlier this year. The S&P 500 index decreased over the period on net. Equity prices declined early in the intermeeting period, reportedly in response to trade tensions between the United States and China as well as negative news about the technology sector.
The S&P 500 index decreased over the period on net. Equity prices declined early in the intermeeting period, reportedly in response to trade tensions between the United States and China as well as negative news about the technology sector. However, equity prices subsequently retraced some of the earlier declines as concerns about trade policy seemed to ease and corporate earnings reports for the first quarter of 2018 generally came in stronger than expected.
Equity prices declined early in the intermeeting period, reportedly in response to trade tensions between the United States and China as well as negative news about the technology sector. However, equity prices subsequently retraced some of the earlier declines as concerns about trade policy seemed to ease and corporate earnings reports for the first quarter of 2018 generally came in stronger than expected. Option-implied volatility on the S&P 500 index at the one-month horizon--the VIX--declined but remained at elevated levels relative to 2017, ending the period at approximately 15 percent.
However, equity prices subsequently retraced some of the earlier declines as concerns about trade policy seemed to ease and corporate earnings reports for the first quarter of 2018 generally came in stronger than expected. Option-implied volatility on the S&P 500 index at the one-month horizon--the VIX--declined but remained at elevated levels relative to 2017, ending the period at approximately 15 percent. On net, spreads of yields of investment-grade corporate bonds over comparable-maturity Treasury securities widened a bit, while spreads for speculative-grade corporate bonds were unchanged.
Money market dynamics over quarter-end were muted relative to previous quarter-ends. Foreign equity markets were mixed over the intermeeting period, with investors attuned to developments related to U. S.
technology sector. Broad Japanese and European equity indexes outperformed their U. S.
The foreign exchange value of the dollar rose modestly, but this move retraced only a bit of the depreciation of the dollar since its 2016 peak. With their decline over the intermeeting period, equity prices were about unchanged, on net, since the beginning of the year but were still near their historical highs. Longer-term Treasury yields rose, but somewhat less than shorter-term yields, and the yield curve flattened somewhat further.",0.798918092,0.811698711,0.789466805,0.8096563050000001,0.815569144,0.8028980880000001,0.8308350210000001,0.792493413,0.78763551,0.801959607,0.8219348459999999,0.790684133,0.811449022,0.799336916,0.816781739,0.8185693669999999,0.8076891610000001,0.821737725,0.814059029,0.787885045,0.8121385999999999,0.8140952779999999,0.8095511200000001,0.831542311,0.8341645440000001,0.796528243,0.8197090169999999,0.804782804,0.814474887,5.0,0.0,5.0,0.0,6.0,0.0
2018-06-13,2018,7,3,3,7412,393,25.0,1.625,1.625,1.375,5.428358892467418,39.0,5.428358892467418,5.428358892467418,12.34,2.5128460184772416,0.0731395168826637,-0.082345949115369,-0.0640409884199169,0.0548462761840675,0.8392914860854133,2.191760400888933,2018-07-05,25.0,0.0178117048346055,0.0076335877862595,0.0076335877862595,5.976350909297934,2.079441541679836,0.4285714285714285,0.4285714285714285,7,"On net, Treasury yields were little changed despite significant intraperiod moves, and the dollar appreciated notably as a range of AFE and EME currencies and sovereign bonds came under pressure. However, broad domestic stock price indexes increased, on net, as generally strong corporate earnings reports helped support prices. Meanwhile, financing conditions for nonfinancial businesses and households remained supportive of economic activity on balance.
interest rates since late 2017, along with political developments and other issues, intensified concerns about financial vulnerabilities. EME mutual funds saw slight net outflows, and, on balance, EME sovereign spreads widened and equity prices edged lower. In the AFEs, sovereign spreads in some peripheral European countries widened and European bank shares came under pressure, as investors focused on political developments in Italy.
In the AFEs, sovereign spreads in some peripheral European countries widened and European bank shares came under pressure, as investors focused on political developments in Italy. Broad equity indexes in the euro area, with the exception of Italy, ended the period little changed, while those in Canada, the United Kingdom, and Japan edged higher. Market-based measures of expected policy rates were little changed, on balance, and flight-to-safety flows reportedly contributed to declines in German longer-term sovereign yields.
S. equity price indexes increased about 5 percent, on net, since the May FOMC meeting, boosted in part by the stronger-than-expected May Employment Situation report. Stock prices also appeared to have been buoyed by first-quarter earnings reports that generally beat expectations--particularly for the technology sector, which outperformed the broader market.
equity price indexes increased about 5 percent, on net, since the May FOMC meeting, boosted in part by the stronger-than-expected May Employment Situation report. Stock prices also appeared to have been buoyed by first-quarter earnings reports that generally beat expectations--particularly for the technology sector, which outperformed the broader market. However, the turbulence abroad and, to a lesser degree, mounting concerns about trade policy weighed on equity prices at times.
Stock prices also appeared to have been buoyed by first-quarter earnings reports that generally beat expectations--particularly for the technology sector, which outperformed the broader market. However, the turbulence abroad and, to a lesser degree, mounting concerns about trade policy weighed on equity prices at times. Option-implied volatility on the S&P 500 at the one-month horizon--the VIX--was down somewhat, on net, remaining just a couple of percentage points above the very low levels that prevailed before early February.
However, the turbulence abroad and, to a lesser degree, mounting concerns about trade policy weighed on equity prices at times. Option-implied volatility on the S&P 500 at the one-month horizon--the VIX--was down somewhat, on net, remaining just a couple of percentage points above the very low levels that prevailed before early February. Over the intermeeting period, spreads of yields on nonfinancial corporate bonds over those of comparable-maturity Treasury securities widened moderately for both investment- and speculative-grade firms.",0.7750868042857143,0.8053452614285714,0.7727804228571429,0.787078,0.8151468171428571,0.8066133157142856,0.8197957699999999,0.7960736142857143,0.8060391671428572,0.8249305985714285,0.83480914,0.8010742857142857,0.82102866,0.8097221185714286,0.8207083614285714,0.8170140514285714,0.8112803185714286,0.8184129642857142,0.8168510928571429,0.8020701528571428,0.8087554142857142,0.8141132628571428,0.8035138928571428,0.8205414428571428,0.8165233185714287,0.7942986214285714,0.8108979457142856,0.79256738,0.8092233971428572,1.0,1.0,1.0,1.0,1.0,1.0
2018-08-01,2018,7,0,5,8532,469,0.0,1.875,1.625,1.625,0.4763710453831742,46.0,0.4763710453831742,0.4763710453831742,12.83,2.551786178627545,0.0174489618310546,0.0610580506561365,-0.087290508335977,-0.0087301909865545,-0.1748858307096749,1.7687843437822748,2018-08-22,0.0,0.0149253731343283,0.0106609808102345,0.0,6.152732694704104,2.079441541679836,0.7142857142857143,0.0,7,"Escalating trade tensions between China and the United States prompted notable market moves, particularly in foreign exchange markets. News on an agreement between the United States and the European Union to continue talks to resolve their trade disputes provided some support for global equity prices. The manager summarized recent policy announcements by the European Central Bank (ECB) and the Bank of Japan (BOJ).
Staff Review of the Financial Situation Concerns regarding international trade policy weighed on market sentiment at times over the intermeeting period, prompting notable declines in some foreign equity markets but leaving only a modest imprint on domestic asset prices on net. Meanwhile, FOMC communications were viewed by market participants as slightly less accommodative than expected, and domestic economic data releases were seen as mixed.
S. equity price indexes displayed mixed results since the June FOMC meeting. Option-implied volatility on the S&P 500 index at the one-month horizon--the VIX--was little changed, on net, and remained only a bit above the very low levels that prevailed before early February.
equity price indexes displayed mixed results since the June FOMC meeting. Option-implied volatility on the S&P 500 index at the one-month horizon--the VIX--was little changed, on net, and remained only a bit above the very low levels that prevailed before early February. Over the intermeeting period, spreads of yields on nonfinancial corporate bonds over those of comparable-maturity Treasury securities were little changed, on net, for both investment- and speculative-grade firms.
Escalating trade tensions contributed to an unusually sharp depreciation of the Chinese renminbi. Trade tensions also drove foreign equity prices lower, but there was a modest reversal late in the intermeeting period following an agreement between the United States and the European Union to hold off on tariff increases pending further negotiations. On net, equity prices were little changed in the AFEs, while they declined in the EMEs, led largely by a steep drop in China.
Trade tensions also drove foreign equity prices lower, but there was a modest reversal late in the intermeeting period following an agreement between the United States and the European Union to hold off on tariff increases pending further negotiations. On net, equity prices were little changed in the AFEs, while they declined in the EMEs, led largely by a steep drop in China. Outflows from dedicated emerging market funds slowed, and EME sovereign bond spreads narrowed slightly.
Participants remarked on the extent to which financial conditions remained supportive of economic expansion. Over the intermeeting period, only a small change in overall financial conditions occurred, with modest movements on net in equity prices and in the foreign exchange value of the dollar. The yield curve had flattened further over the intermeeting period.",0.7849816071428571,0.8016597628571428,0.7751314157142858,0.7912950357142857,0.8063854928571429,0.7978930228571429,0.8400261328571429,0.8001133771428571,0.7811833871428571,0.790414872857143,0.8225972828571428,0.7882346357142858,0.8114031642857142,0.7969704257142858,0.8095772171428571,0.80948689,0.8053491857142857,0.8201980285714285,0.8171285985714285,0.7812319971428572,0.79887993,0.8091830428571428,0.7993988857142857,0.8075423557142857,0.8057072414285714,0.7870149285714285,0.8108480842857143,0.7953104128571429,0.7949944214285714,2.0,0.0,2.0,0.0,2.0,0.0
2018-09-26,2018,10,5,2,7382,421,25.0,1.875,1.875,1.625,2.9069004200691184,53.0,2.9069004200691184,2.9069004200691184,12.42,2.519308076505333,-0.0710605821339554,-0.0977213243491922,-0.4182058860255181,-0.1421211642679051,-1.4558682356163104,-5.648026325989234,2018-10-17,25.0,0.0237529691211401,0.004750593824228,0.01187648456057,6.045005314036012,2.3978952727983707,0.2,0.5,8,"and global financial developments. In global markets, strains in emerging market economies (EMEs) contributed to volatility in currency and equity markets over the period. In addition, concerns about trade tensions between the United States and China were the focus of a great deal of attention among market participants.
S. equity markets had posted strong gains, spurred by optimism regarding the U. S.
FOMC communications over the period were largely in line with expectations and elicited little market reaction. Domestic stock prices rose, buoyed in part by positive news about corporate earnings, while foreign equity indexes declined and the broad dollar index moved up. Financing conditions for nonfinancial businesses and households remained supportive of economic activity on balance.
There were small outflows from dedicated emerging market funds, and EME sovereign bond spreads widened. Trade tensions weighed on foreign equity prices, as the United States continued its trade negotiations with Canada and placed additional tariffs on Chinese products. FOMC communications elicited limited price reactions in financial markets over the intermeeting period, and market-implied measures of monetary policy expectations were little changed.
S. equity price indexes increased about 4 percent since the August FOMC meeting, as positive news about corporate earnings and the domestic economy outweighed negative international developments. Stock prices increased for many sectors in the S&P 500 index, as the second-quarter earnings reports for firms that reported later in the earnings cycle came in strong.
equity price indexes increased about 4 percent since the August FOMC meeting, as positive news about corporate earnings and the domestic economy outweighed negative international developments. Stock prices increased for many sectors in the S&P 500 index, as the second-quarter earnings reports for firms that reported later in the earnings cycle came in strong. However, concerns about economic prospects abroad--particularly with respect to trade policy and China--appeared to weigh on stocks in the energy and basic materials sectors, which declined.
However, concerns about economic prospects abroad--particularly with respect to trade policy and China--appeared to weigh on stocks in the energy and basic materials sectors, which declined. Option-implied volatility on the S&P 500 index at the one-month horizon--the VIX--moved down but remained somewhat above the extremely low levels seen in late 2017. Spreads of investment- and speculative-grade corporate bond yields over comparablematurity Treasury yields narrowed a bit on net.
A couple of participants emphasized that because inflation had run below the Committee's 2 percent objective for the past several years, some measures of trend inflation or longer-term inflation expectations were below levels consistent with the 2 percent objective; these participants judged that a modest increase in inflation expectations would be important for achieving the inflation objective on a sustained basis. In their discussion of developments in financial markets, a number of participants noted that financial conditions remained accommodative: The rise in interest rates and appreciation of the dollar over the intermeeting period had been offset by increases in equity prices, and broader measures continued to point to accommodative financial conditions. Some participants commented about the continued growth in leveraged loans, the loosening of terms and standards on these loans, or the growth of this activity in the nonbank sector as reasons to remain mindful of vulnerabilities and possible risks to financial stability.",0.77541974875,0.7959443775,0.77187944625,0.786656475,0.81068437875,0.797938565,0.8153573875,0.79305810125,0.7989994837500001,0.83582791625,0.8322902475,0.7981599575,0.811548795,0.8078357712500001,0.8207370225,0.812455695,0.80233514375,0.8103495925,0.81180329375,0.7976801975,0.80650858125,0.8140358,0.80709728375,0.82179903,0.8180824275,0.79391397875,0.80397526375,0.79528586875,0.8090861500000001,1.0,4.0,1.0,4.0,1.0,4.0
2018-11-08,2018,20,5,7,8501,460,0.0,2.125,1.875,1.875,-5.840717554989847,40.0,-5.840717554989847,5.840717554989847,16.36,2.794839331174601,0.1002963384737442,0.0,0.2369021609102775,0.1185395201352143,0.8073986072781942,-3.951382735557689,2018-11-29,0.0,0.0434782608695652,0.0152173913043478,0.0108695652173913,6.133398042996649,3.044522437723423,0.35,0.25,18,"The manager of the System Open Market Account (SOMA) reviewed recent developments in domestic and global financial markets. The equity market was quite volatile over the intermeeting period, with U. S.
S. stock prices down as much as 10 percent at one point before recovering somewhat. Investors pointed to a number of uncertainties in the global outlook that may have contributed to the decline in stock prices, including ongoing trade tensions between the United States and China, growing concerns about the fiscal position of the Italian government and its broader implications for financial markets and institutions, and some worries about the outcome of the Brexit negotiations.
stock prices down as much as 10 percent at one point before recovering somewhat. Investors pointed to a number of uncertainties in the global outlook that may have contributed to the decline in stock prices, including ongoing trade tensions between the United States and China, growing concerns about the fiscal position of the Italian government and its broader implications for financial markets and institutions, and some worries about the outcome of the Brexit negotiations. Market contacts also noted some nervousness about corporate earnings growth and an increase in longer-term Treasury yields over recent weeks as factors contributing to downward pressure on equity prices.
Investors pointed to a number of uncertainties in the global outlook that may have contributed to the decline in stock prices, including ongoing trade tensions between the United States and China, growing concerns about the fiscal position of the Italian government and its broader implications for financial markets and institutions, and some worries about the outcome of the Brexit negotiations. Market contacts also noted some nervousness about corporate earnings growth and an increase in longer-term Treasury yields over recent weeks as factors contributing to downward pressure on equity prices. The volatility in equity markets was accompanied by a rise in risk spreads on corporate debt, although the widening in risk spreads was not as notable as in some past stock market downturns.
Market contacts also noted some nervousness about corporate earnings growth and an increase in longer-term Treasury yields over recent weeks as factors contributing to downward pressure on equity prices. The volatility in equity markets was accompanied by a rise in risk spreads on corporate debt, although the widening in risk spreads was not as notable as in some past stock market downturns. On balance, the turbulence in equity markets did not leave much imprint on near-term U.
The volatility in equity markets was accompanied by a rise in risk spreads on corporate debt, although the widening in risk spreads was not as notable as in some past stock market downturns. On balance, the turbulence in equity markets did not leave much imprint on near-term U. S.
In China, investors were concerned about the apparent slowing of economic expansion and the implications of continued trade tensions with the United States. Chinese stock price indexes declined further over the intermeeting period and were off nearly 20 percent on the year to date. The renminbi continued to depreciate, moving closer to 7.
Overall consumer spending rose steadily in recent months, and light motor vehicle sales stepped up to a robust pace in September and edged higher in October. Key factors that influence consumer spending--including solid gains in real disposable personal income and the effects of earlier increases in equity prices and home values on households' net worth--continued to be supportive of solid real PCE growth in the near term. Consumer sentiment, as measured by the University of Michigan Surveys of Consumers, remained upbeat in October.
Staff Review of the Financial Situation Concerns about ongoing international trade tensions, the global growth outlook, and rising interest rates weighed on global equity market sentiment over the intermeeting period. Domestic stock prices declined considerably, on net, and equity market implied volatility rose.
Concerns about ongoing international trade tensions, the global growth outlook, and rising interest rates weighed on global equity market sentiment over the intermeeting period. Domestic stock prices declined considerably, on net, and equity market implied volatility rose. Nominal Treasury yields ended the period higher amid some moderate volatility, and the broad dollar index moved up.
S. equity price indexes declined considerably, on net, amid somewhat elevated day-to-day volatility. Various factors appeared to weigh on investor sentiment including news related to ongoing international trade tensions and investors' concerns about the sustainability of strong corporate earnings growth.
Various factors appeared to weigh on investor sentiment including news related to ongoing international trade tensions and investors' concerns about the sustainability of strong corporate earnings growth. Stock prices in the basic materials and industrial sectors underperformed the broader market, reportedly reflecting an increase in trade tensions with China. More broadly, investors seemed to reassess equity valuations that appeared elevated.
Investors also reacted to some large firms raising concerns about the effect of rising costs on their future profitability in their latest earnings reports. Option-implied volatility on the S&P 500 index at the one-month horizon--the VIX--increased, though it remained below the levels seen in early February. Despite the considerable declines in domestic stock prices, spreads of investment- and speculative-grade corporate bonds over comparable-maturity Treasury yields widened only modestly.
Option-implied volatility on the S&P 500 index at the one-month horizon--the VIX--increased, though it remained below the levels seen in early February. Despite the considerable declines in domestic stock prices, spreads of investment- and speculative-grade corporate bonds over comparable-maturity Treasury yields widened only modestly. FOMC communications over the intermeeting period were viewed by market participants as consistent with a continued gradual removal of monetary policy accommodation.
S. equity prices and interest rates, ongoing trade tensions between the United States and China, and uncertainty regarding budget negotiations between the Italian government and the European Union. Foreign equity prices posted notable net declines; option-implied measures of foreign equity volatility spiked in October but remained well below levels seen in February and subsequently retraced some of those increases.
equity prices and interest rates, ongoing trade tensions between the United States and China, and uncertainty regarding budget negotiations between the Italian government and the European Union. Foreign equity prices posted notable net declines; option-implied measures of foreign equity volatility spiked in October but remained well below levels seen in February and subsequently retraced some of those increases. Ten-year Italian sovereign bond spreads over German equivalents widened significantly, and there were moderate spillovers to other euro-area peripheral spreads.
The unemployment rate was projected to decline further below the staff's estimate of its longer-run natural rate but to bottom out in 2020 and begin to edge up in 2021. The medium-term projection for real GDP growth was only a bit weaker than in the previous forecast, primarily reflecting a lower projected path for equity prices, leaving the unemployment rate forecast little revised. With labor market conditions already tight, the staff continued to assume that projected employment gains would manifest in smaller-than-usual downward pressure on the unemployment rate and in larger-than-usual upward pressure on the labor force participation rate.
In general, participants agreed that risks to the outlook appeared roughly balanced. In their discussion of financial developments, participants observed that financial conditions tightened over the intermeeting period, as equity prices declined, longer-term yields and borrowing costs for most sectors increased, and the foreign exchange value of the dollar rose. Despite these developments, a number of participants judged that financial conditions remained accommodative relative to historical norms.",0.809472021111111,0.8325526111111111,0.8064621222222222,0.8277004083333334,0.82411733,0.8069640377777777,0.835301175,0.7885783311111111,0.8096140327777778,0.8001001144444444,0.822229863888889,0.8004423077777778,0.8229632883333333,0.820811936111111,0.8238402466666668,0.8293117766666667,0.8144928383333334,0.82841438,0.8152465794444445,0.8094624538888888,0.8098913777777779,0.8140844544444444,0.8175786027777777,0.82663721,0.8285840344444444,0.7964292794444444,0.8134950077777777,0.7977379055555556,0.8193167527777778,6.0,1.0,6.0,1.0,7.0,1.0
2018-12-19,2018,11,1,9,8670,473,25.0,2.125,2.125,1.875,-9.076083946390025,38.0,-9.076083946390025,9.076083946390025,25.58,3.241810796150697,0.1640214560399871,0.1061622451683823,-0.1933114849045193,0.1640214560399871,0.4442487949804695,1.1516595459798815,2019-01-09,25.0,0.0232558139534883,0.0190274841437632,0.0021141649048625,6.161207321695077,2.4849066497880004,0.8181818181818182,0.0909090909090909,10,"S. stock prices were down nearly 8 percent on the period. Risk spreads on corporate bonds widened appreciably, with market participants reportedly focusing on the potential implications of downside risks to the U.
The pace of light motor vehicle sales edged down in November but stayed near its recent elevated level. Key factors that influence consumer spending--including ongoing gains in real disposable personal income and the effects of earlier increases in equity prices and home values on households' net worth--continued to be supportive of solid real PCE growth in the near term. Consumer sentiment, as measured by the University of Michigan Surveys of Consumers, remained relatively upbeat through early December.
S. equity prices declined notably over the period. Financing conditions for businesses and households tightened a bit but generally remained supportive of economic growth.
S. equity prices. The declines were largest in the technology and retail sectors.
The declines were largest in the technology and retail sectors. One-month option-implied volatility on the S&P 500 index--the VIX--increased over the period and corporate credit spreads widened, consistent with the selloff in equities. Over the intermeeting period, foreign financial markets were affected by perceived increases in downside risks to the global growth outlook and ongoing uncertainty about trade relations between the United States and China.
Investors also focused on the state of negotiations over Brexit and the Italian government budget deficit. Equity markets in AFEs posted notable declines, and Europe-dedicated bond and equity funds reported strong outflows. Equity declines in EMEs were more modest, and emerging market funds received modest inflows on net.
In many cases, nonfinancial firms' earnings reports suggested that tariffs were a salient concern in the changed outlook for corporate earnings. The pace of gross equity issuance through both seasoned and initial offerings moderated, consistent with the weakness and volatility in the stock market. In the commercial real estate (CRE) sector, financing conditions remained accommodative.
Staff Economic Outlook With some stronger-than-expected incoming data on economic activity and the recent tightening in financial conditions, particularly the decline in equity prices, the U. S.
Recent readings on household and business spending, inflation, and labor market conditions were largely in line with participants' expectations and indicated continued strength of the economy. By contrast, financial markets were volatile and conditions had tightened over the intermeeting period, with sizable declines in equity prices and notably wider corporate credit spreads coinciding with a continued flattening of the Treasury yield curve; in part, these changes in financial conditions appeared to reflect greater concerns about the global economic outlook. Participants also reported hearing more frequent concerns about the global economic outlook from business contacts.
Although a few participants pointed to anecdotal and survey evidence indicating rising input costs and pass-through of these higher costs to consumer prices, reports from business contacts and surveys in some other Districts suggested some moderation in inflationary pressure. In their discussion of financial developments, participants agreed that financial markets had been volatile and financial conditions had tightened over the intermeeting period, as equity prices declined, corporate credit spreads widened, and the Treasury yield curve continued to flatten. Some participants commented that these developments may reflect an increased focus among market participants on tail risks such as a sharp escalation of trade tensions or could be a signal of a significant slowdown in the pace of economic growth in the future.",0.8201919309999999,0.8342276209999999,0.810867518,0.830235551,0.8146297130000001,0.8106594429999999,0.8285327,0.785013271,0.7986223210000001,0.806412025,0.827651676,0.8070457340000001,0.822540319,0.815345823,0.8246720890000001,0.821491443,0.8190670409999999,0.821354232,0.806181924,0.799280986,0.814570239,0.8182566330000001,0.81148339,0.8220204640000001,0.822646579,0.8018424660000001,0.8114645749999999,0.792582208,0.817280659,5.0,1.0,5.0,1.0,5.0,1.0
2019-01-30,2019,9,1,5,14465,850,0.0,2.375,2.125,2.125,6.65247519930154,39.0,6.65247519930154,6.65247519930154,19.13,2.9512577834521614,0.0269215239208373,-0.0808080852053544,-0.2066394877511541,0.0358961705501464,-0.3598422750498923,0.2292462873865915,2019-02-20,0.0,0.0105882352941176,0.0058823529411764,0.0011764705882352,6.746412128573375,2.302585092994046,0.5555555555555556,0.1111111111111111,8,"Early in the new year, market sentiment improved following communications by Federal Reserve officials emphasizing that the Committee could be ""patient"" in considering further adjustments to the stance of policy and that it would be flexible in managing the reduction of securities holdings in the SOMA. On balance, stock prices finished the period up almost 5 percent while corporate risk spreads narrowed, reversing a portion of the changes in these variables since the September FOMC meeting. The deputy manager reported results from the Open Market Desk's latest surveys of primary dealers and market participants.
The staff planned to solicit public feedback on this effort later this year and initiate publication of these averages by the first half of 2020. Following the briefing, participants raised a number of questions about market reports that the Federal Reserve's balance sheet runoff and associated ""quantitative tightening"" had been an important factor contributing to the selloff in equity markets in the closing months of last year. While respondents assessed that the reduction of securities held in the SOMA would put some modest upward pressure on Treasury yields and agency mortgage-backed securities (MBS) yields over time, they generally placed little weight on balance sheet reduction as a prime factor spurring the deterioration in risk sentiment over that period.
A variety of factors--including FOMC communications, weaker-than-expected data, trade policy uncertainties, the partial federal government shutdown, and concerns about the outlook for corporate earnings--were cited by market participants as contributing to a deterioration in risk sentiment early in the period. During this time, broad equity indexes declined substantially amid a sharp rise in financial market volatility, and corporate bond spreads widened notably. Subsequently, positive signals regarding trade policy, robust economic data releases, and communications from FOMC participants led to an improvement in risk sentiment.
Subsequently, positive signals regarding trade policy, robust economic data releases, and communications from FOMC participants led to an improvement in risk sentiment. On net, the S&P 500 index rose, option-implied volatility--the VIX--fell, Treasury yields declined, and corporate spreads narrowed over the intermeeting period. Despite the intermeeting moves in financial markets, financial conditions remained notably tighter than in September 2018.
S. risky asset markets, the S&P 500 equity index was down as much as 8 percent at one point during the period but ended the period notably higher. On net, the VIX fell substantially while corporate bond spreads narrowed a bit.
Foreign financial markets followed the same general pattern as those in the United States. On balance, foreign equity prices moved up moderately and sovereign credit spreads in EMEs narrowed. Moreover, inflows to dedicated emerging market funds resumed after two quarters of outflows.
S. economic forecast prepared by the staff for the January FOMC meeting was revised down a little, on balance, primarily reflecting somewhat lower projected paths for domestic equity prices and foreign economic growth. The staff estimated that U.
The potential that various sources of uncertainty might abate more quickly than expected was mentioned as a potential upside risk for the economic outlook. In their discussion of financial developments, participants noted that although financial market conditions had not changed much, on net, over the intermeeting period, prices had been volatile and financial conditions were materially tighter than they had been several months ago, with lower equity prices and wider corporate risk spreads. Several participants also noted that the slope of the Treasury yield curve was unusually flat by historical standards, which in the past had often been associated with a deterioration in future macroeconomic performance.",0.79316018,0.80783740625,0.7869062325,0.80309571,0.81333224375,0.795738815,0.8345693825,0.78013322625,0.7957226712500001,0.8206165,0.83258425375,0.794958645,0.8117740075,0.8068362087500001,0.8140054087499999,0.818370385,0.80306034875,0.815820655,0.8047746675,0.79514759875,0.79539116625,0.7983475575,0.8008495025,0.80409389125,0.813606685,0.7807824375,0.81412417,0.78902076625,0.804017055,5.0,1.0,5.0,1.0,6.0,2.0
2019-03-20,2019,12,3,5,9878,481,0.0,2.375,2.375,2.125,4.353035321394501,46.0,4.353035321394501,4.353035321394501,13.56,2.6071242825122494,-0.0432582089195843,-0.0346050699880365,-0.1211701723465836,-0.0432582089195843,-0.0027083139109361,0.3771700715959811,2019-04-10,0.0,0.0249480249480249,0.0103950103950103,0.0062370062370062,6.1779441140506,2.5649493574615367,0.4166666666666667,0.25,10,"The manager of the SOMA discussed developments in global financial markets over the intermeeting period. In the United States, equity indexes moved higher and credit spreads tightened. Market participants attributed these moves largely to a perceived shift in the FOMC's approach to policy following communications stressing that the Committee would be patient in assessing the need for future adjustments in the target range for the federal funds rate and would be flexible on balance sheet policy.
Market participants attributed these moves largely to a perceived shift in the FOMC's approach to policy following communications stressing that the Committee would be patient in assessing the need for future adjustments in the target range for the federal funds rate and would be flexible on balance sheet policy. In Europe, measures announced by the European Central Bank (ECB) in March, including an extension of forward guidance on interest rates and the announcement of another round of targeted long-term refinancing operations, were followed by a decline in euro-area equity markets, particularly bank stocks, as well as declines in euro-area rates. Market contacts attributed the price reaction to a perception that the measures were not as stimulative as might have been expected, given downward revisions in the ECB's growth and inflation forecasts.
Market participants cited accommodative monetary policy communications and optimism for a trade deal between the United States and China as factors that contributed to the improvement. Broad equity price indexes increased notably, corporate bond spreads narrowed, and measures of equity market volatility declined. Meanwhile, financing conditions for businesses and households improved slightly and generally remained supportive of economic activity.
S. equity price indexes increased over the intermeeting period, with broad-based gains across sectors. Improved prospects for a trade deal between the United States and China and accommodative monetary policy were cited as driving factors that outweighed weaker-than-expected announcements of corporate earnings for the fourth quarter of 2018 and earnings projections for 2019.
Improved prospects for a trade deal between the United States and China and accommodative monetary policy were cited as driving factors that outweighed weaker-than-expected announcements of corporate earnings for the fourth quarter of 2018 and earnings projections for 2019. Consistent with reports about a potential trade deal, stock prices of firms with greater exposure to China generally outperformed the S&P 500 index. Option-
Option- implied volatility on the S&P 500 index at the one-month horizon--the VIX--declined and reached its lowest point this year. Spreads on investment- and speculative-grade corporate bonds narrowed, consistent with the gains in equity prices, but were still wider than levels observed last fall.
implied volatility on the S&P 500 index at the one-month horizon--the VIX--declined and reached its lowest point this year. Spreads on investment- and speculative-grade corporate bonds narrowed, consistent with the gains in equity prices, but were still wider than levels observed last fall. Conditions in short-term funding markets generally remained stable over the intermeeting period.
Communications by major central banks, which were, on net, more accommodative than expected, along with optimism regarding trade negotiations between the United States and China, contributed to the upward price moves and more than offset the effects of continued concerns about foreign economic growth. In particular, global equity prices generally ended the period higher, and dedicated emerging market funds continued to see inflows. At the same time, long-term AFE yields declined somewhat, on net, on communications from major foreign central banks and investors' concerns about foreign economic growth.
Private-sector analysts revised down their projections for 2019 and year-ahead corporate earnings a bit. The pace of gross equity issuance was sluggish in January but ticked up in February, consistent with the uptick in the stock market. In the commercial real estate (CRE) sector, financing conditions continued to be generally accommodative.
economic projection prepared by the staff for the March FOMC meeting was revised down a little on balance. This revision reflected the effects of weaker-than-expected incoming data on both aggregate domestic spending and foreign economic growth that were only partially offset by a somewhat higher projected path for domestic equity prices and a lower projected trajectory for interest rates. The staff forecast that U.",0.785178555,0.7951744059999999,0.775834854,0.79705151,0.8099889389999999,0.8015429199999999,0.843200822,0.7822717189999999,0.781713555,0.825247639,0.836741083,0.794671441,0.815898099,0.802571936,0.8168482340000001,0.814718791,0.806335622,0.817105548,0.8035900650000001,0.7816193069999999,0.8055313350000001,0.804766187,0.8043363210000001,0.816254672,0.815811818,0.790897057,0.809092001,0.791525808,0.801009442,0.0,4.0,0.0,4.0,0.0,4.0
2019-05-01,2019,9,1,6,9652,503,0.0,2.375,2.375,2.375,2.786040220264391,39.0,2.786040220264391,2.786040220264391,13.12,2.574137783515943,-0.01748710330591,-0.104968519085369,0.0087424050411891,0.0087378192623285,-1.2049527857720317,-2.439021130420497,2019-05-22,0.0,0.0178926441351888,0.0119284294234592,0.0019880715705765,6.222576268071369,2.302585092994046,0.6666666666666666,0.1111111111111111,7,"The manager of the SOMA reviewed developments in financial markets over the intermeeting period. In the United States, prices for equities and other risk assets reportedly were buoyed by perceptions of an accommodative stance of monetary policy, incoming economic data pointing to continued solid economic expansion, and some signs of receding downside risks to the global outlook. Treasury yields declined over the period, adding to their substantial drop since September, and the expected path of the federal funds rate as implied by futures prices shifted down as well.
Investor sentiment continued to improve over the intermeeting period. Broad equity price indexes rose notably and corporate bond spreads narrowed amid a decline in market volatility, and financing conditions for businesses and households also eased. Market participants cited more accommodative than expected monetary policy communications coupled with strong U.
S. equity price indexes increased over the intermeeting period, with the S&P 500 equity index returning to the levels it reached before its decline in the last quarter of 2018. Following the March FOMC meeting, bank stock prices declined, reportedly on concerns about the potential effects of a flat or inverted yield curve on bank profits; bank stocks subsequently retraced this decline partly in response to strong first-quarter earnings at some of the largest U.
equity price indexes increased over the intermeeting period, with the S&P 500 equity index returning to the levels it reached before its decline in the last quarter of 2018. Following the March FOMC meeting, bank stock prices declined, reportedly on concerns about the potential effects of a flat or inverted yield curve on bank profits; bank stocks subsequently retraced this decline partly in response to strong first-quarter earnings at some of the largest U. S.
banks, ending the period a bit higher, on net. Option-implied volatility on the S&P 500-the VIX-decreased to a low level last seen in September 2018. Yields on corporate bonds continued to decline and spreads over yields of comparable-maturity Treasury securities narrowed.
Treasury yields following the March FOMC meeting. Foreign equity prices increased, on balance, amid optimism around trade negotiations between the United States and China, stronger-than-expected Chinese data, and accommodative communications from some foreign central banks. Pronounced political and policy uncertainties led to a significant tightening of financial conditions in Turkey, Argentina, and, to a lesser extent, Brazil, but spillovers to other EMEs were limited, and EME credit spreads were generally little changed on net.
Real GDP growth was forecast to slow in the near term from its solid first-quarter pace, as sizable contributions from inventory investment and net exports were not expected to persist. The projection for real GDP growth over the medium term was revised up, primarily reflecting a lower assumed path for interest rates, a slightly higher trajectory for equity prices, and somewhat less appreciation of the broad real dollar. The staff's lower path for interest rates reflected a methodological change in how the staff sets its assumptions about the future path for the federal funds rate in its forecast.",0.78233656,0.7914469071428571,0.7671022799999999,0.7843723542857143,0.8086905485714285,0.7988441357142857,0.8380951728571429,0.7784055185714286,0.7848398857142858,0.8317695385714285,0.8383947,0.7949138785714285,0.8131513100000001,0.7980072528571428,0.8126750514285714,0.8117814271428571,0.8002083714285714,0.8161730357142857,0.8001723085714286,0.7828556028571428,0.8031634142857144,0.8056892942857142,0.8015111385714285,0.8176325685714286,0.8169818714285714,0.7860642471428572,0.81941855,0.7877140957142857,0.8018440271428571,2.0,3.0,2.0,3.0,2.0,3.0
2019-06-19,2019,7,0,6,8538,451,0.0,2.375,2.375,2.375,-1.250213439072959,46.0,-1.250213439072959,1.250213439072959,15.15,2.7180005319553784,0.0749656442587761,0.0249947928816263,-0.1667917991542257,0.0916295336491144,0.2223715469359508,-0.3299173918553605,2019-07-10,0.0,0.0155210643015521,0.0133037694013303,0.0,6.113682179832232,2.079441541679836,0.8571428571428571,0.0,7,"economic outlook. Equity prices and interest rates fell noticeably after the announcement of higher tariffs on Chinese imports in early May and then again after news that tariffs might be imposed on Mexican imports. In response to these developments, markets appeared to become more sensitive to incoming news about the outlook for global growth and inflation, including data that pointed to a continued subdued inflation environment and to slower economic growth in the United States and abroad.
Nominal Treasury yields posted notable declines and the expected path of policy shifted down considerably over the period. Equity prices declined, on net, and corporate bond spreads widened. However, financing conditions for businesses and households generally remained supportive of economic growth.
S. equity price indexes declined, on net, over the intermeeting period. Equity prices fell notably over the first few weeks of the period, primarily in response to the escalation of trade tensions with China and Mexico.
equity price indexes declined, on net, over the intermeeting period. Equity prices fell notably over the first few weeks of the period, primarily in response to the escalation of trade tensions with China and Mexico. Firms with high China exposure and those in cyclical sectors-such as energy, information technology, industrials, communication services, and banks-posted particularly large losses.
Firms with high China exposure and those in cyclical sectors-such as energy, information technology, industrials, communication services, and banks-posted particularly large losses. However, later in the period, stock prices regained a significant portion of their losses amid an easing of trade tensions with Mexico and expectations of a more accommodative stance of policy. One-month option-implied volatility on the S&P 500 index-the VIX-increased over the period, and corporate credit spreads widened.
However, later in the period, stock prices regained a significant portion of their losses amid an easing of trade tensions with Mexico and expectations of a more accommodative stance of policy. One-month option-implied volatility on the S&P 500 index-the VIX-increased over the period, and corporate credit spreads widened. Conditions in short-term funding markets remained stable over the intermeeting period.
Escalation of trade tensions and soft economic data also weighed on foreign financial markets. Most major global equity price indexes declined, on net, and EME sovereign spreads widened modestly. In the AFEs, policy expectations and sovereign yields declined notably, in part reflecting more-accommodative monetary policy communications by major central banks.",0.8182609557142857,0.8343303828571429,0.8053063628571427,0.8254370985714286,0.8113504671428571,0.8094015257142857,0.8486894414285714,0.7839403285714285,0.7928715000000001,0.8021589157142858,0.8272198742857143,0.7994855742857142,0.82440996,0.8066316242857142,0.82194519,0.8166776857142857,0.8129474028571428,0.8319545985714285,0.8050306742857142,0.7942356928571429,0.8134785128571428,0.8251894514285715,0.8101053128571428,0.8280499742857143,0.8288331614285714,0.8035326357142857,0.8279465871428571,0.7973492671428571,0.8227935714285713,4.0,1.0,4.0,1.0,4.0,1.0
2019-07-31,2019,8,3,2,11019,531,-25.0,2.375,2.375,2.375,2.011188830104515,39.0,2.011188830104515,2.011188830104515,13.94,2.6347624053323777,-0.1197707389305063,0.0512864358621658,0.0854627861606524,-0.1026723375893759,-0.0559079671607307,-1.2928196415832776,2019-08-21,-25.0,0.0150659133709981,0.0037664783427495,0.0056497175141242,6.2766434893416445,2.19722457733622,0.25,0.375,8,"Yields on nominal Treasury securities were little changed on net. Equity prices increased, corporate bond spreads narrowed, and inflation compensation rose modestly. Financing conditions for businesses and households were little changed over the intermeeting period and remained generally supportive of spending.
More-accommodative-than-expected Federal Reserve communications, stronger-than-expected inflation data releases, and rising oil prices-amid increased geopolitical tensions with Iran-contributed to the upward pressure on inflation compensation. Broad stock price indexes increased, on net, over the intermeeting period, with notable increases following the June FOMC communications, the Chair's July Monetary Policy Report testimony, and announcements regarding trade negotiations following the G-20 meeting. Additionally, there was a slight positive reaction to news of an agreement on the federal budget and debt limit.
Additionally, there was a slight positive reaction to news of an agreement on the federal budget and debt limit. Equity price increases were broad based across major sectors, with technology, financial, and communication services firms outperforming broad indexes. One-month option-implied volatility on the S&P 500 index-the VIX-decreased slightly, on net, and corporate credit spreads narrowed.
Equity price increases were broad based across major sectors, with technology, financial, and communication services firms outperforming broad indexes. One-month option-implied volatility on the S&P 500 index-the VIX-decreased slightly, on net, and corporate credit spreads narrowed. Conditions in domestic short-term funding markets remained fairly stable.
Accommodative central bank communications, both in the United States and abroad, and some easing of trade tensions generally supported foreign risky assets over the intermeeting period. Global equity indexes increased modestly, while emerging market sovereign spreads narrowed. On balance, the broad dollar index ended the period modestly lower.
Even so, real GDP growth was still forecast to rise more slowly in the second half of the year than in the first half, primarily reflecting continued soft business investment and a slower increase in government spending. The projection for real GDP growth over the medium term was a little stronger, supported by the effects of a higher projected path for equity prices and a lower trajectory for interest rates. Real GDP was forecast to expand at a rate a little above the staff's estimate of potential output growth in 2019 and 2020 and then slow to a pace slightly below potential output growth in 2021.
Continued weakness in global economic growth remained a significant downside risk, and some participants noted that the likelihood of a no-deal Brexit had increased. In their discussion of financial market developments, participants observed that financial conditions remained supportive of economic growth, with borrowing rates low and stock prices near all-time highs. Participants observed that current financial conditions appeared to be premised importantly on expectations that the Federal Reserve would ease policy to help offset the drag on economic growth stemming from the weaker global outlook and uncertainties associated with international trade as well as to provide some insurance to address various downside risks.
Recognizing risks to the outlook from the crosscurrents emanating from trade policy uncertainty and weaker global activity, President George would be prepared to adjust policy should incoming data point to a materially weaker outlook for the economy. President Rosengren dissented because he did not see a clear and compelling case for additional accommodation at this time given that the unemployment rate stood near 50-year lows, inflation seemed likely to rise toward the Committee's 2 percent target, and financial stability concerns were elevated, as indicated by near-record equity prices and corporate leverage. Consistent with the Committee's decision to lower the target range for the federal funds rate to 2 to 2-1/4 percent, the Board of Governors voted unanimously to lower the interest rate paid on required and excess reserve balances to 2.",0.77509306375,0.7915505975,0.7666116125,0.7852419675,0.8089434424999999,0.800455255,0.8342631225,0.77731105375,0.7917385775,0.82320254125,0.84107389625,0.7953843887500001,0.81692065625,0.79947791625,0.816565475,0.8086039425,0.8047715375,0.81296843,0.796357925,0.78679857125,0.8033686475,0.80850812125,0.7969331225,0.8161171225,0.80757754375,0.78885339375,0.80509125875,0.78114741,0.80446042625,1.0,4.0,1.0,4.0,1.0,4.0
2019-09-18,2019,11,4,4,10974,538,-25.0,2.125,2.375,2.375,1.2473197240470009,46.0,1.2473197240470009,1.2473197240470009,14.44,2.67000213346468,-0.0085620103652606,-0.0770844969864372,0.0513566732164363,0.0085598114384021,0.634972295972781,2.3475162879483733,2019-10-09,-25.0,0.020446096654275,0.0074349442379182,0.0074349442379182,6.289715570908998,2.4849066497880004,0.3636363636363636,0.3636363636363636,11,"These price moves reversed to some degree in September as developments on trade and economic data turned more positive. On net, Treasury yields remained substantially lower, while the S&P 500 and corporate credit spreads reversed most or all of their earlier losses to end the period little changed. Even after the partial rebound in September, market- and survey-based indicators of policy rate expectations suggested that investors viewed it as very likely that the Committee would ease policy further at this meeting.
The market-implied path of the federal funds rate shifted down on net. Broad equity price indexes were down as much as 6 percent in early August but almost fully recovered by the end of the intermeeting period. Spreads on investment-grade corporate bonds widened modestly, while those on speculative-grade corporate bonds were little changed on net.
Measures of inflation compensation derived from Treasury Inflation-Protected Securities declined on net. Broad stock price indexes decreased slightly, on net, over the intermeeting period amid heightened volatility. The escalation of trade tensions between China and the United States weighed on equity prices, but investors' expectations that major central banks would shift toward more accommodative monetary policies provided some support.
Broad stock price indexes decreased slightly, on net, over the intermeeting period amid heightened volatility. The escalation of trade tensions between China and the United States weighed on equity prices, but investors' expectations that major central banks would shift toward more accommodative monetary policies provided some support. Equity prices were also boosted by better-than-anticipated corporate earnings and retail-sector data.
The escalation of trade tensions between China and the United States weighed on equity prices, but investors' expectations that major central banks would shift toward more accommodative monetary policies provided some support. Equity prices were also boosted by better-than-anticipated corporate earnings and retail-sector data. Stock prices of firms with high exposure to China underperformed the broader market somewhat, as did bank stocks amid downward revisions to banks' earnings forecasts.
Equity prices were also boosted by better-than-anticipated corporate earnings and retail-sector data. Stock prices of firms with high exposure to China underperformed the broader market somewhat, as did bank stocks amid downward revisions to banks' earnings forecasts. Conversely, the stock prices of utilities and real estate firms increased noticeably, reportedly benefiting from demand by investors reaching for less cyclical and higher-yielding assets.
Stock prices of firms with high exposure to China underperformed the broader market somewhat, as did bank stocks amid downward revisions to banks' earnings forecasts. Conversely, the stock prices of utilities and real estate firms increased noticeably, reportedly benefiting from demand by investors reaching for less cyclical and higher-yielding assets. One-month option-implied volatility on the S&P 500 index-the VIX-was little changed, on net, over the intermeeting period and remained at the lower end of its historical distribution after retracing a sharp increase in early August.
Conversely, the stock prices of utilities and real estate firms increased noticeably, reportedly benefiting from demand by investors reaching for less cyclical and higher-yielding assets. One-month option-implied volatility on the S&P 500 index-the VIX-was little changed, on net, over the intermeeting period and remained at the lower end of its historical distribution after retracing a sharp increase in early August. Despite the volatility in many domestic and global financial markets over the intermeeting period, conditions in domestic short-term funding markets remained stable until the Monday before the September FOMC meeting, when flows associated with a combination of corporate tax payments and Treasury coupon securities settlements led to significant tightening of conditions, particularly for overnight funding.
14 percent over the current intermeeting period, with the spread to the IOER rate down a bit relative to the previous intermeeting period. Early in the intermeeting period, bond yields in the advanced foreign economies (AFEs) plunged and foreign equities declined notably following an increase in U. S.
Some weakness in foreign economic data, growing concerns about global growth, and the prospect of more monetary policy accommodation abroad contributed to further declines in yields. Later in the period, AFE yields partially rebounded and foreign equity prices fully recovered on some easing of U. S.
Some participants judged that a prolonged inversion of the yield curve could be a matter of concern. Participants also noted that equity prices had exhibited volatility but had been largely flat, on balance, over the intermeeting period. Several participants cited considerations that led them to be concerned about financial stability, including low risk spreads and a buildup of corporate debt, corporate stock buybacks financed through low-cost leverage, and the pace of lending in the CRE market.",0.7953537463636363,0.8156550745454545,0.7860217281818183,0.8050860163636364,0.8233535272727273,0.8049274909090909,0.8412598518181817,0.7860863218181818,0.7978881700000001,0.8118221345454546,0.8322971681818182,0.7988758,0.8180631090909091,0.8083351372727272,0.8188542336363637,0.8265493745454545,0.8071758063636364,0.8279201318181818,0.8084050772727273,0.7983119218181819,0.8074252300000001,0.8078285000000001,0.799501230909091,0.814105510909091,0.8205944672727273,0.787650349090909,0.8072273118181819,0.7837736845454546,0.8038366972727272,4.0,0.0,4.0,0.0,4.0,1.0
2019-10-30,2019,3,0,2,12908,603,-25.0,1.875,1.875,2.125,0.8963428400446505,39.0,0.8963428400446505,0.8963428400446505,13.2,2.580216829592325,-0.0403274595133547,-0.0483949033481447,0.1208848920227563,-0.0806549190266956,-0.1626197867011425,1.4128362849510048,2019-11-20,-25.0,0.0049751243781094,0.0033167495854063,0.0,6.403574197934815,1.3862943611198906,0.6666666666666666,0.0,3,"Investor sentiment weakened over the early part of the intermeeting period, reflecting a few weaker-than-expected domestic data releases, but later strengthened on increased optimism regarding ongoing trade negotiations between the United States and China and positive Brexit news. On net, equity prices and corporate bond spreads were little changed, and the Treasury yield curve steepened a bit. Financing conditions for businesses and households remained generally supportive of spending and economic activity.
Measures of inflation compensation over the next 5 years and 5 to 10 years ahead based on Treasury Inflation-Protected Securities inched down and remained near multiyear low levels. Broad stock price indexes fell by as much as 4 percent during the first half of the intermeeting period but recovered afterward, ending the period roughly unchanged. Option-implied volatility on the S&P 500 index declined slightly and ended the period below the middle of its historical distribution.
Broad stock price indexes fell by as much as 4 percent during the first half of the intermeeting period but recovered afterward, ending the period roughly unchanged. Option-implied volatility on the S&P 500 index declined slightly and ended the period below the middle of its historical distribution. On net, corporate credit spreads were little changed.",0.7801516666666667,0.8019619966666666,0.77723327,0.7960411566666666,0.82402254,0.7961329433333333,0.8240663566666666,0.7977610066666667,0.7821777833333333,0.8073503799999999,0.8136368333333334,0.7915221333333333,0.8190766333333332,0.8113315466666666,0.8160326699999999,0.8195682333333334,0.7994838233333333,0.8090078466666667,0.8089013466666666,0.7781161999999999,0.8045867666666666,0.8031034666666667,0.8086392533333333,0.8117417466666667,0.8150459933333334,0.78329481,0.8019117433333333,0.7935336366666667,0.7908920166666666,0.0,0.0,0.0,0.0,1.0,1.0
2019-12-11,2019,5,4,0,8707,484,0.0,1.625,1.875,1.875,3.023718257214977,39.0,3.023718257214977,3.023718257214977,15.68,2.7523860149222616,0.0308665794564238,-0.0694846582675801,-0.0231561885948443,0.0077103908615678,0.3404679440847906,0.909590207403551,2020-01-03,0.0,0.0103305785123966,0.0,0.0082644628099173,6.184148890937483,1.791759469228055,0.0,0.8,5,"Investor sentiment fluctuated over the intermeeting period largely in response to ongoing trade negotiations between the United States and China. On net, equity prices increased moderately while corporate bond spreads narrowed slightly. Yields on nominal Treasury securities were little changed.
Measures of inflation compensation over the next 5 years and 5 to 10 years ahead based on Treasury Inflation-Protected Securities increased slightly from near multiyear low levels. Broad stock price indexes increased moderately over the intermeeting period amid movements largely attributed to trade-related developments and stronger-than-expected U. S.
employment reports. Option-implied volatility on the S&P 500 index increased modestly but remained near the low end of its historical distribution. On net, corporate credit spreads narrowed slightly.
-China trade negotiations. Most foreign equity price indexes and long-term sovereign yields in Germany, the United Kingdom, and Japan increased modestly on net. The broad dollar index ended the period little changed.
Even with this upward revision, real GDP was forecast to rise more slowly in the second half of the year than in the first half, mostly because of continued soft business investment and slower increases in government spending. The forecast for real GDP growth over the medium term was also revised up a bit, on balance, primarily in response to a somewhat higher projected path for equity prices. Nevertheless, real GDP growth was still expected to slow modestly in the coming years, largely because of a fading boost from fiscal policy.",0.761947658,0.777395988,0.756673258,0.7832007080000001,0.8057329320000001,0.793108056,0.81012036,0.785041964,0.776969294,0.808915332,0.817220674,0.788648352,0.798926848,0.7968990739999999,0.8183339079999999,0.802137468,0.795048384,0.797395296,0.8005220879999999,0.769238016,0.8119212819999999,0.80275958,0.8084186259999999,0.827268582,0.8251286,0.790279342,0.814330884,0.8071641680000001,0.8067067299999999,0.0,1.0,0.0,1.0,0.0,3.0
2020-01-29,2020,10,4,2,13468,807,0.0,1.625,1.625,1.875,2.1485559840748008,46.0,2.1485559840748008,2.1485559840748008,16.28,2.7899373605743945,0.0073754471398179,0.0147503503475701,0.044244525461827,-0.0073770792570806,-0.3865283181422186,-8.331118449247006,2020-02-19,0.0,0.0123915737298636,0.0024783147459727,0.0049566294919454,6.694562058521095,2.3978952727983707,0.2,0.4,9,"S. equity prices. On balance, U.
S. financial conditions became more accommodative over the intermeeting period, with equity prices rising notably. Despite signs of reduced risks to the outlook and of some stabilization in economic activity abroad, financial market participants' views on the likely course of U.
Late in the period, concerns about the spread of the coronavirus and uncertainty about its potential economic effect weighed negatively on investor sentiment and led to moderate declines in the prices of risky assets. On net, equity prices increased notably over the intermeeting period, while corporate bond spreads were little changed and yields on nominal Treasury securities declined. Financing conditions for businesses and households eased a bit further and generally remained supportive of spending and economic activity.
Measures of inflation compensation over the next 5 years and 5 to 10 years ahead based on Treasury Inflation-Protected Securities decreased, on net, but remained above their October 2019 lows. Broad stock price indexes increased notably, on balance, over the intermeeting period, with gains largely attributed to improved market sentiment about trade negotiations and a perceived lower probability of a disorderly Brexit. Late in the period, equity prices retraced some of their gains, as concerns about the spread of the coronavirus weighed negatively on risk sentiment.
Broad stock price indexes increased notably, on balance, over the intermeeting period, with gains largely attributed to improved market sentiment about trade negotiations and a perceived lower probability of a disorderly Brexit. Late in the period, equity prices retraced some of their gains, as concerns about the spread of the coronavirus weighed negatively on risk sentiment. Overall movements in stock prices varied widely across economic sectors, with stocks of firms in the information technology and utilities sectors significantly outperforming aggregate indexes, while stock prices of firms in the energy sector declined markedly.
Late in the period, equity prices retraced some of their gains, as concerns about the spread of the coronavirus weighed negatively on risk sentiment. Overall movements in stock prices varied widely across economic sectors, with stocks of firms in the information technology and utilities sectors significantly outperforming aggregate indexes, while stock prices of firms in the energy sector declined markedly. Option-implied volatility on the S&P 500 index increased a bit, on balance, while corporate credit spreads were little changed.
Overall movements in stock prices varied widely across economic sectors, with stocks of firms in the information technology and utilities sectors significantly outperforming aggregate indexes, while stock prices of firms in the energy sector declined markedly. Option-implied volatility on the S&P 500 index increased a bit, on balance, while corporate credit spreads were little changed. Conditions in domestic short-term funding markets, including in secured financing, were stable over the intermeeting period, even over year-end.
The Desk's open market operations proceeded smoothly. For most of the intermeeting period, foreign equity prices rose amid progress on U. S.
Late in the period, however, concerns about the coronavirus outbreak in China weighed on risk sentiment. On balance, most major foreign equity indexes increased modestly, and AFE long-term sovereign yields ended the period somewhat lower. U.",0.7942904733333334,0.8141271444444445,0.7880435722222222,0.8011586755555555,0.8250447166666667,0.8111751966666667,0.82790212,0.7998161144444444,0.8081179155555556,0.8293442266666666,0.83229535,0.8082411044444444,0.8297377822222223,0.8228143055555556,0.8285173566666667,0.8254763700000001,0.8157722566666666,0.8195731333333334,0.8235930822222222,0.8076400866666666,0.8128932088888888,0.8256211688888889,0.8185038222222222,0.8335352655555556,0.8362494022222222,0.8058483888888889,0.8098446244444444,0.8026369822222222,0.8193381077777777,3.0,5.0,3.0,5.0,3.0,7.0
2020-03-15,2020,8,0,8,10262,558,-100.0,1.125,1.625,1.625,-19.30679872098346,43.0,-19.30679872098346,19.30679872098346,57.83,4.057507672170127,0.0462641692267511,0.3049487185073076,0.912070443538214,0.1110280147619357,1.4377442906439066,1.7815212584803208,2020-04-08,-100.0,0.014336917562724,0.014336917562724,0.0,6.326149473155099,2.19722457733622,1.0,0.0,6,"Financial markets remained exceptionally volatile amid the global spread of the coronavirus and uncertainty regarding its effects. Since the meeting of the FOMC in late January, the S&P 500 index declined 18 percent, nominal U. S.
Concerns about the coronavirus outbreak dominated financial market developments at home and abroad over the intermeeting period. Equity prices, sovereign yields, and the market-implied expected trajectory of the federal funds rate all plummeted, and the volatility of asset prices soared. Late in the intermeeting period, short-term funding markets showed signs of stress, with elevated demand for repo funding and increased short-term spreads.
Market depth was extremely thin, and bid-ask spreads widened sharply. Broad stock price indexes plummeted because of a flight to safety amid escalating concerns about global economic activity. Although the declines were broad based, the airline, energy, and bank sectors were among the worst performers.
Although the declines were broad based, the airline, energy, and bank sectors were among the worst performers. Stock price indexes were extremely volatile, and the one-month option-implied volatility on the S&P 500 index soared, sometimes reaching levels not seen since the fall of 2008. Corporate bond spreads over comparable-maturity Treasury yields widened significantly, and spreads on speculative-grade energy bonds widened especially sharply amid plunging oil prices.
Over the intermeeting period, foreign risk asset prices plummeted amid a rapid deterioration of investor sentiment due to the global spread of the coronavirus. Major foreign equity indexes dropped sharply over the intermeeting period, while option-implied volatility measures climbed to their highest levels since the Global Financial Crisis. EME fund outflows accelerated late in the period as emerging market bond spreads widened notably.
S. and global equity indexes were lower than at the time of the Committee's meeting in January and implied equity market volatility had risen to levels not seen since 2015. The deterioration in risk sentiment had also been reflected in a significant widening in U.",0.8138145,0.8447763783333334,0.8189658949999999,0.8275411500000001,0.8066745766666666,0.7951731316666667,0.8286061,0.7878384,0.8097602733333332,0.7760706883333333,0.7988583183333334,0.7872653233333334,0.8200461383333333,0.8122923083333333,0.8039751566666666,0.823399785,0.8058293216666667,0.8258347616666667,0.8140596633333333,0.8245806666666667,0.8045335066666667,0.8270950483333334,0.8124168933333333,0.8178511916666666,0.829042125,0.7996282883333333,0.8295121516666667,0.8137611166666666,0.8370296316666667,3.0,0.0,3.0,0.0,4.0,0.0
2020-04-29,2020,11,1,7,9554,517,0.0,0.125,0.125,1.125,18.74563559498336,42.0,18.74563559498336,18.74563559498336,33.57,3.513632810991944,0.0337552745821115,-0.0422101226139611,-0.0928857993741124,-1.139803316860255e-05,-0.7807255981186563,1.9341899330837284,2020-05-20,0.0,0.0212765957446808,0.0135396518375241,0.0019342359767891,6.249975242259483,2.4849066497880004,0.6363636363636364,0.0909090909090909,9,"Financial conditions had shown notable improvement over recent weeks. Equity price indexes were up substantially from the lows of late March, safe-haven demands for the dollar had receded, and measures of realized and implied volatility across markets had diminished. Market participants pointed to swift and forceful actions taken by the Federal Reserve, coupled with strong fiscal measures, and some indications of a slowing in the spread of the coronavirus (COVID-19) in major economies as factors contributing to these developments.
However, following the announcement and subsequent launching of a number of Federal Reserve emergency liquidity programs, the passage of the Cares Act (Coronavirus Aid, Relief, and Economic Security Act), and early signs of a decline in outbreak intensity in the United States and many major foreign economies, the extreme volatility and illiquidity subsided and prices of most risky assets increased notably. Over the intermeeting period, on net, the S&P 500 index rose, option-implied volatility fell, and Treasury yields declined, while corporate bond spreads widened somewhat. Financing conditions for businesses, households, and state and local governments were strained over the intermeeting period.
However, market conditions for agency MBS improved significantly in the second half of March, supported by the Federal Reserve's additional purchases of these securities. Stock price indexes were exceptionally volatile early in the intermeeting period, and one-month option-implied volatility on the S&P 500 index reached a record high. Equity market volatility moved down substantially over the remainder of the intermeeting period but remained elevated, and equity prices more than retraced their earlier declines to end the intermeeting period notably higher.
Stock price indexes were exceptionally volatile early in the intermeeting period, and one-month option-implied volatility on the S&P 500 index reached a record high. Equity market volatility moved down substantially over the remainder of the intermeeting period but remained elevated, and equity prices more than retraced their earlier declines to end the intermeeting period notably higher. Broad stock price index increases over the intermeeting period were led by the energy, consumer discretionary, basic materials, and health-care sectors.
Equity market volatility moved down substantially over the remainder of the intermeeting period but remained elevated, and equity prices more than retraced their earlier declines to end the intermeeting period notably higher. Broad stock price index increases over the intermeeting period were led by the energy, consumer discretionary, basic materials, and health-care sectors. Broad equity price indexes remained, however, markedly below peaks registered earlier this year.
Broad stock price index increases over the intermeeting period were led by the energy, consumer discretionary, basic materials, and health-care sectors. Broad equity price indexes remained, however, markedly below peaks registered earlier this year. Corporate bond spreads over comparable-maturity Treasury yields widened sharply in the beginning of the intermeeting period, and they subsequently retraced most of their increases to end up only somewhat higher on net.
Early in the period, cascading shutdowns in many countries weighed heavily on risk sentiment abroad. Many foreign financial markets experienced severe illiquidity and substantial volatility, and foreign equity indexes posted large declines. However, extraordinary monetary and fiscal policy actions in the United States and abroad helped improve market sentiment, and most major foreign equity indexes subsequently rebounded notably.
Many foreign financial markets experienced severe illiquidity and substantial volatility, and foreign equity indexes posted large declines. However, extraordinary monetary and fiscal policy actions in the United States and abroad helped improve market sentiment, and most major foreign equity indexes subsequently rebounded notably. That said, compared with early this year, foreign equity indexes stayed sharply lower, and option-implied equity volatility abroad remained elevated.
However, extraordinary monetary and fiscal policy actions in the United States and abroad helped improve market sentiment, and most major foreign equity indexes subsequently rebounded notably. That said, compared with early this year, foreign equity indexes stayed sharply lower, and option-implied equity volatility abroad remained elevated. Advanced-economy sovereign yields were also volatile, but most sovereign yields ended the period somewhat lower.",0.7807047211111111,0.8086479366666667,0.7726196355555556,0.7828991222222222,0.8144001288888889,0.8014334977777778,0.8283563522222221,0.7870328333333334,0.8038207288888889,0.8315248811111111,0.8317200211111111,0.7964407344444445,0.8227378477777778,0.8050050077777777,0.8125114566666666,0.8178706688888888,0.8057297211111112,0.8230430644444444,0.8108765333333333,0.8087101744444445,0.8119598177777778,0.8196848711111111,0.8017787366666667,0.8121682777777779,0.8123882777777778,0.7940426966666667,0.8139572155555556,0.7963777777777777,0.8178166933333333,1.0,1.0,1.0,1.0,1.0,2.0
2020-06-10,2020,5,3,2,10328,525,0.0,0.125,0.125,0.125,10.409357713788122,39.0,10.409357713788122,10.409357713788122,27.57,3.316728225035705,0.0,0.1126035669531312,0.0563176329298414,-0.0644018698800982,0.4527134860378558,1.1516311377257211,2020-07-01,0.0,0.0095238095238095,0.0038095238095238,0.0057142857142857,6.26530121273771,1.791759469228055,0.4,0.6,5,"and global policy measures taken since mid-March as laying a foundation for the improvement in risk sentiment. Against this backdrop, staff analysis suggested that equity prices had been supported by expectations for a strong rebound in earnings next year, low risk-free rates and positive risk sentiment. Despite this improvement in risk sentiment, market participants expected weak overall growth in 2020, and elevated uncertainties in the outlook remained.
Over the intermeeting period, risk sentiment improved, on net, as optimism over reopening the economy, potential coronavirus treatments, the unexpectedly positive May employment situation report, and other indicators that suggest that economic activity may be rebounding more than offset concerns arising from otherwise dire economic data releases, warnings from health experts that openings may have been premature, and renewed tensions between the United States and China. Equity prices rose, and corporate bond spreads narrowed notably. The Treasury yield curve steepened, and the market-implied expected path of the federal funds rate declined somewhat.
At the end of the intermeeting period, both measures stood roughly halfway between their mid-March lows and typical levels seen in recent years. Broad stock price indexes moved higher. One-month implied volatility on the S&P 500 index declined somewhat but still stood at the 85th percentile of its distribution since 1990.
Broad stock price indexes moved higher. One-month implied volatility on the S&P 500 index declined somewhat but still stood at the 85th percentile of its distribution since 1990. Spreads on investment- and speculative-grade corporate bonds over comparable-maturity Treasury yields narrowed considerably but remained at levels similar to those in other periods of notable economic or bond market stress, though well below financial crisis levels.
Liquidity in global dollar funding markets continued to improve, helped in part by the Federal Reserve's liquidity programs, and prices of foreign risky assets increased. In the AFEs, option-implied volatility measures declined and long-term sovereign bond yields rose moderately, while fiscal stimulus in Japan and Europe boosted prices in their respective equity markets. Euro-area peripheral bond spreads narrowed after the European Commission proposed that the European Union be given the authority to borrow €750 billion to assist the recovery and the European Central Bank (ECB) increased the size of its Pandemic Emergency Purchase Programme.",0.76291531,0.788583354,0.761116692,0.778265106,0.817819192,0.7926856019999999,0.819228652,0.775646676,0.802438016,0.841366416,0.837221732,0.786187406,0.8152665960000001,0.801781604,0.8193014099999999,0.8184797939999999,0.795140136,0.8105747319999999,0.8009706400000001,0.7981365300000001,0.796608014,0.8010788480000001,0.798456252,0.812525616,0.814233902,0.781461392,0.7998207340000001,0.784030408,0.8014632479999999,0.0,2.0,0.0,2.0,1.0,2.0
2020-07-29,2020,10,1,8,9229,513,0.0,0.125,0.125,0.125,7.589732604042245,46.0,7.589732604042245,7.589732604042245,25.44,3.2363227384719213,0.014736221659448,0.0515672780221599,-0.3469278253594069,0.0221046039344532,0.3150641069715996,3.029582326139824,2020-08-19,0.0,0.0194931773879142,0.0155945419103313,0.0019493177387914,6.2422232654551655,2.3978952727983707,0.8,0.1,10,"Over the intermeeting period, overall financial conditions eased slightly. Broad equity price indexes were roughly flat even as concerns about the resurgence in the coronavirus (COVID-19) in the United States grew. At the same time, Treasury yields and other sovereign yields declined, and the U.
Overall, volatility remained subdued relative to recent periods. While the S&P 500 index was little changed, the effect of renewed outbreaks was evident in the differentiated performance across S&P industry sectors. Virus-sensitive sectors and firms with weaker fundamentals underperformed over the period, as they had over the broader pandemic episode.
Airline and hotel share prices declined sharply, and share prices of banks-which faced earnings pressures from large loan loss provisions and compressed net interest margins-continued to underperform. As the SOMA manager highlighted, the S&P 500 index has been supported by its significant share of technology firms, many of which have been relatively resilient to virus containment measures. In contrast, smaller firms not well represented in the S&P 500 may be experiencing greater effects on their businesses due to the virus-a possibility consistent with the underperformance of the broader Russell 2000 index over the intermeeting period.
As the SOMA manager highlighted, the S&P 500 index has been supported by its significant share of technology firms, many of which have been relatively resilient to virus containment measures. In contrast, smaller firms not well represented in the S&P 500 may be experiencing greater effects on their businesses due to the virus-a possibility consistent with the underperformance of the broader Russell 2000 index over the intermeeting period. The market-implied path of the federal funds rate shifted down modestly over the intermeeting period.
However, the boost to sentiment appeared to have been offset by concerns about the domestic spread of the coronavirus and its uncertain effects on the future course of the economy. On balance, broad equity price indexes were roughly unchanged, Treasury yields declined and the yield curve flattened, corporate and municipal bond spreads narrowed, and the dollar weakened somewhat. Liquidity conditions continued to normalize but had not returned to their pre-pandemic levels in several markets.
Market-implied forward rates referring to 2021 and 2022 remained slightly negative; however, market commentary suggested that investors generally did not expect the FOMC to lower the federal funds target range below zero. Broad stock price indexes fluctuated substantially, largely in reaction to news about the pandemic and economic activity, and ended the intermeeting period roughly unchanged. Technology stocks continued to outperform the broader market, whereas equity prices in the bank and energy sectors fell notably over the period.
Broad stock price indexes fluctuated substantially, largely in reaction to news about the pandemic and economic activity, and ended the intermeeting period roughly unchanged. Technology stocks continued to outperform the broader market, whereas equity prices in the bank and energy sectors fell notably over the period. One-month option-implied volatility on the S&P 500 index-the VIX-rose markedly earlier in the period but subsequently declined and ended the period lower.
Technology stocks continued to outperform the broader market, whereas equity prices in the bank and energy sectors fell notably over the period. One-month option-implied volatility on the S&P 500 index-the VIX-rose markedly earlier in the period but subsequently declined and ended the period lower. Equity market volatility remained elevated relative to its normal range over the past several years.
One-month option-implied volatility on the S&P 500 index-the VIX-rose markedly earlier in the period but subsequently declined and ended the period lower. Equity market volatility remained elevated relative to its normal range over the past several years. Spreads of investment- and speculative-grade corporate bond yields over comparable-maturity Treasury yields narrowed somewhat and had retraced most of their pandemic-related surge.
Risk sentiment abroad fluctuated over the intermeeting period as market participants weighed increasing coronavirus cases in a number of countries against improving economic data releases and ongoing fiscal and monetary policy support. Foreign equity prices generally declined on net. A resurgence of geopolitical tensions between the United States and China weighed on investor sentiment late in the period and prompted a partial retracement of earlier gains for the Shanghai Composite Index.",0.7913624450000001,0.812213925,0.7880373119999999,0.805402368,0.811963621,0.797490679,0.828941313,0.800303276,0.78915764,0.793918436,0.813065503,0.791178696,0.8125607970000001,0.806641469,0.812489837,0.813455894,0.8056344440000001,0.8136544029999999,0.812486199,0.790324146,0.810978021,0.8165395350000001,0.8150771349999999,0.823740613,0.828778056,0.7959512710000001,0.818466879,0.810533114,0.818983521,1.0,0.0,1.0,0.0,1.0,0.0
2020-09-16,2020,10,5,3,10268,542,0.0,0.125,0.125,0.125,4.129646562312915,46.0,4.129646562312915,4.129646562312915,25.59,3.242201650171697,0.044052864148557,0.0660720209038247,0.2347246731620093,0.0881057282971123,0.7975473168841889,2.0024596438531934,2020-10-07,0.0,0.018450184501845,0.0055350553505535,0.0092250922509225,6.297109319933935,2.3978952727983707,0.3,0.5,7,"On net, financial conditions eased over the intermeeting period. Equity prices rose and the broad dollar continued to depreciate from its crisis-driven peak in March. Yields on Treasury inflation-protected securities fell, while longer-dated nominal Treasury yields increased modestly.
Financial market sentiment improved over the intermeeting period, boosted by declines in the number of new COVID-19 cases in the United States and stronger-than-anticipated corporate earnings reports and domestic economic data releases. Broad stock price indexes rose, on net, despite notable declines late in the intermeeting period. Inflation compensation increased further, reaching pre-pandemic levels.
However, market participants suggested that building expectations that the Committee would move to a form of flexible average inflation targeting under the revised consensus statement had been a factor boosting TIPS inflation compensation over recent months. Broad stock price indexes rose, on net, during the intermeeting period, consistent with generally better-than-expected news on both the economy and second-quarter corporate earnings. One-month option-implied volatility on the S&P 500-the VIX-was roughly unchanged, on net, al­though measures of longer-term downside risks in equity markets, such as the option-implied cost of insuring against a 10 percent decline in the S&P 500 index in three months, increased somewhat.
Broad stock price indexes rose, on net, during the intermeeting period, consistent with generally better-than-expected news on both the economy and second-quarter corporate earnings. One-month option-implied volatility on the S&P 500-the VIX-was roughly unchanged, on net, al­though measures of longer-term downside risks in equity markets, such as the option-implied cost of insuring against a 10 percent decline in the S&P 500 index in three months, increased somewhat. Spreads of investment- and speculative-grade corporate bond yields over comparable-maturity Treasury yields narrowed somewhat and remained near their historical medians.
Foreign asset price movements were generally muted, with market participants likely weighing concerns over rising infection rates in some countries against the prospect of a COVID-19 vaccine. In emerging market economies (EMEs), Asian equity markets significantly outperformed Latin American counterparts, with Chinese equities showing particular strength. In most AFEs, equity indexes rose modestly and long-term sovereign yields edged higher.
In emerging market economies (EMEs), Asian equity markets significantly outperformed Latin American counterparts, with Chinese equities showing particular strength. In most AFEs, equity indexes rose modestly and long-term sovereign yields edged higher. In line with the modest improvement in risk sentiment, the staff's broad dollar index declined moderately, on net, with the dollar depreciating more against EME currencies.
Gross institutional leveraged loan issuance picked up slightly in July but remained below the levels observed during the same period last year. Amid notable equity market gains in August, gross equity issuance was robust, as seasoned offerings strengthened to about double their typical pace. Commercial and industrial loans outstanding declined in July and August, but at a slower pace than in June, with declines in large part reflecting continued credit-line repayment.",0.7715884128571429,0.7873755942857142,0.76290914,0.7804155771428573,0.8117570814285714,0.79602769,0.8160079114285714,0.7844621828571429,0.7948696157142857,0.8458037028571429,0.8349943942857143,0.7954634,0.8135152942857143,0.7992657914285715,0.8189628014285714,0.8130774728571428,0.80081945,0.805928557142857,0.8056161342857143,0.7895114414285713,0.8076545085714286,0.8131540385714285,0.7979246171428571,0.8202962728571429,0.8205909171428571,0.7959551971428571,0.80074315,0.7963150314285714,0.8079363185714286,0.0,4.0,0.0,4.0,1.0,4.0
2020-11-05,2020,7,6,1,9672,509,0.0,0.125,0.125,0.125,0.3483962171310573,47.0,0.3483962171310573,0.3483962171310573,29.57,3.3867603338643857,-0.0137854976783025,-0.0413621955435155,-0.0758437654862041,0.0137797977894711,0.2389179519051821,1.014187144403759,2020-11-25,0.0,0.0137524557956778,0.0019646365422396,0.0117878192534381,6.234410725718371,2.079441541679836,0.1428571428571428,0.8571428571428571,7,"S. fiscal policy as well as stronger-than-expected economic data and corporate earnings reports helped support equity prices. Later in the intermeeting period, however, rising COVID-19 cases in Europe and the United States weighed on the outlook, and equity prices reversed some of their earlier gains.
fiscal policy as well as stronger-than-expected economic data and corporate earnings reports helped support equity prices. Later in the intermeeting period, however, rising COVID-19 cases in Europe and the United States weighed on the outlook, and equity prices reversed some of their earlier gains. Implied volatility in the equity market moved higher during the intermeeting period, reflecting uncertainties associated with the U.
Later in the intermeeting period, however, rising COVID-19 cases in Europe and the United States weighed on the outlook, and equity prices reversed some of their earlier gains. Implied volatility in the equity market moved higher during the intermeeting period, reflecting uncertainties associated with the U. S.
election and fiscal outlooks, as well as rising COVID-19 cases in the United States and Europe. On net, the Treasury yield curve steepened modestly, corporate bond spreads narrowed somewhat, and broad equity price indexes increased. Inflation compensation increased a little further, remaining close to pre-pandemic levels.
Survey-based expectations favored the first increase in the federal funds rate to occur in 2024. Broad stock price indexes increased, on balance, over the intermeeting period amid volatility associated with market participants' reactions to news on the U. S.
election, the pandemic's trajectory, and the fiscal policy outlook. One-month option-implied volatility on the S&P 500-the VIX-increased some, on net, after briefly rising sharply late in the intermeeting period. Spreads on corporate bond yields over comparable-maturity Treasury yields narrowed across the credit spectrum and stood somewhat below their historical median levels at the end of the intermeeting period.
presidential election also caused some asset price volatility abroad. On net, most foreign equity indexes declined, option-implied volatility in the euro area increased a bit, and most AFE long-term sovereign yields fell. Overall, the broad dollar index was little changed over the intermeeting period.",0.77757855,0.8039460442857143,0.7738696542857143,0.7876090714285714,0.8125832142857143,0.8007756500000001,0.8265813771428572,0.7904896028571429,0.8001739642857143,0.8136546114285714,0.8339559414285714,0.7925578942857143,0.8146219257142857,0.8066054571428571,0.8180492728571428,0.8147130057142858,0.8050946185714285,0.8197272785714286,0.8094512114285715,0.7983340142857143,0.8196520371428572,0.8204119585714286,0.8144073628571429,0.8359972628571429,0.8368810157142857,0.8049227985714286,0.82066043,0.80918663,0.8297702357142857,2.0,3.0,2.0,3.0,2.0,3.0
2020-12-16,2020,8,3,4,8480,482,0.0,0.125,0.125,0.125,3.849102256140097,38.0,3.849102256140097,3.849102256140097,22.89,3.130700133964476,0.0729177056603365,0.046408327812749,-0.4919241456273018,0.0397557090042425,1.473579435432831,1.6311363918381054,2021-01-06,0.0,0.0165975103734439,0.0082987551867219,0.0062240663900414,6.180016653652572,2.19722457733622,0.5,0.375,7,"S. equity price indexes reached all-time highs, with the largest gains registered in sectors that have underperformed during the pandemic. Corporate credit spreads tightened, most notably among lower-rated firms and in sectors most affected by social distancing measures resulting from the pandemic.
Longer-term Treasury yields rose modestly, driven by increases in inflation compensation. The positive vaccine news also supported risk sentiment abroad, leading many global equity price indexes to advance and the U. S.
election that outweighed concerns regarding the continued rise in COVID-19 cases and the potential effects of ensuing restrictions. Corporate bond spreads narrowed, and major global equity price indexes rose on net. The prospect of additional fiscal stimulus likely contributed to a steeper U.
Survey-based measures indicated that market expectations regarding the federal funds rate target range did not show a tightening until 2024. Broad stock price indexes increased over the intermeeting period, led by steep stock price gains in cyclical sectors and buoyed by the prospect of successful vaccines and lower post-election uncertainty. One-month S&P 500 option-implied volatility-the VIX-declined, reversing a pre-election increase.
Broad stock price indexes increased over the intermeeting period, led by steep stock price gains in cyclical sectors and buoyed by the prospect of successful vaccines and lower post-election uncertainty. One-month S&P 500 option-implied volatility-the VIX-declined, reversing a pre-election increase. Consistent with the optimism driving stock prices, spreads of corporate bond yields over comparable-maturity Treasury yields narrowed markedly across the credit spectrum, most notably for debt securities of the lowest credit quality firms.
One-month S&P 500 option-implied volatility-the VIX-declined, reversing a pre-election increase. Consistent with the optimism driving stock prices, spreads of corporate bond yields over comparable-maturity Treasury yields narrowed markedly across the credit spectrum, most notably for debt securities of the lowest credit quality firms. Conditions in short-term funding markets remained stable over the intermeeting period.
However, participants underlined important differences in credit availability across borrowers. Financing conditions eased further for large corporations that were able to access capital markets, as equity prices rose and corporate credit spreads continued to narrow, but smaller firms and some households reliant on bank lending continued to face tight lending standards. Participants noted that the financing conditions for small businesses were especially strained, with a few participants pointing out that a sizable fraction of small businesses had permanently closed or were in the process of transitioning to closure.",0.7751870528571428,0.80249474,0.7715511757142857,0.7793926285714285,0.8150037699999999,0.8028401942857143,0.8090430771428572,0.7845207571428572,0.7956289942857142,0.84059885,0.8348870457142857,0.79470599,0.8214836485714285,0.80868628,0.8177301885714287,0.8178259142857144,0.8027000642857143,0.7996719800000001,0.7994097842857143,0.7944389085714285,0.8180576271428571,0.8305135285714286,0.8162118471428571,0.8340801071428572,0.8327517799999999,0.8092073371428572,0.8118984171428572,0.8110519214285714,0.8322737057142857,0.0,4.0,0.0,4.0,0.0,4.0
2021-01-27,2021,7,4,0,12903,807,0.0,0.125,0.125,0.125,3.4979670186014724,39.0,3.4979670186014724,3.4979670186014724,23.02,3.1363634032937364,0.0510594854085132,0.1339755854487008,0.0319152334116766,0.0574433470085617,-0.4426710117654261,-0.1509052221777844,2021-02-17,0.0,0.0086741016109045,0.0,0.0049566294919454,6.694562058521095,2.079441541679836,0.0,0.5714285714285714,7,"S. equities again centered on cyclical sectors and smaller-capitalization firms most sensitive to growth. Credit spreads narrowed further, especially for riskier borrowers.
Investor sentiment improved and risk asset prices moved higher over the intermeeting period on greater prospects for additional fiscal stimulus. Domestic and foreign equity prices increased notably, and spreads on corporate and municipal bonds narrowed. The nominal Treasury yield curve steepened, partly reflecting an increase in inflation compensation.
Measures of inflation compensation based on Treasury Inflation-Protected Securities increased moderately, on net, continuing the upward trend observed over recent months, with the increase over the intermeeting period reportedly reflecting greater prospects for additional fiscal stimulus and an associated improvement in the longer-run economic outlook. Broad stock price indexes increased, on net, over the intermeeting period, boosted by gains in the share prices of banks and companies in more cyclically sensitive sectors, reportedly reflecting, in part, increased expectations of fiscal stimulus. One-month option-implied volatility on the S&P 500-the VIX-was little changed, on net, remaining modestly elevated relative to its range over the past several years.
Broad stock price indexes increased, on net, over the intermeeting period, boosted by gains in the share prices of banks and companies in more cyclically sensitive sectors, reportedly reflecting, in part, increased expectations of fiscal stimulus. One-month option-implied volatility on the S&P 500-the VIX-was little changed, on net, remaining modestly elevated relative to its range over the past several years. Consistent with the optimism driving stock prices, spreads on corporate bond yields over comparable-maturity Treasury yields narrowed somewhat.
One-month option-implied volatility on the S&P 500-the VIX-was little changed, on net, remaining modestly elevated relative to its range over the past several years. Consistent with the optimism driving stock prices, spreads on corporate bond yields over comparable-maturity Treasury yields narrowed somewhat. Spreads on municipal bond yields narrowed notably in January, reportedly reflecting increased expectations of additional fiscal stimulus and aid to state and local governments.
fiscal stimulus and the passage of key risk events such as the Brexit trade agreement largely outweighed investor concerns around new virus strains and the sluggish global vaccine rollout. On balance, foreign equity prices increased moderately, with notable outperformance in some Asian indexes, and capital inflows into mutual funds dedicated to emerging markets continued at a robust pace. Longer-term sovereign yields in most advanced foreign economies rose slightly on improved investor sentiment even while several major central banks reaffirmed their commitment to continue or possibly expand accommodative policies.
Financing conditions in capital markets remained broadly accommodative, supported by low interest rates and high equity valuations. Gross corporate bond issuance was fairly strong in November and December, and seasoned and initial public offerings in the equity markets were robust. Gross institutional leveraged loan issuance was also strong in December, as issuance volumes excluding refinancing topped their averages for previous months of 2020 and were above those observed during the same period of 2019.",0.76253762,0.78662704,0.7587283628571428,0.7730526714285714,0.8202836785714285,0.8049187642857143,0.807242752857143,0.7817758014285714,0.8014670328571428,0.8500370885714286,0.8432358342857142,0.7971292185714286,0.8200515528571428,0.8055086757142857,0.8227362014285714,0.8226345957142858,0.8068761057142858,0.8041982900000001,0.80097647,0.7998414328571428,0.8110549971428572,0.8214109514285715,0.8095670714285715,0.8252086571428572,0.8311105714285715,0.8082565914285713,0.8115017028571428,0.8047353228571429,0.8210885914285715,1.0,5.0,1.0,5.0,1.0,5.0
2021-03-17,2021,6,5,1,8952,489,0.0,0.125,0.125,0.125,4.676882796618454,46.0,4.676882796618454,4.676882796618454,19.79,2.9851767596144745,0.0,0.030724798226163,0.0614401592195621,0.0061457149022227,0.4211202995386295,1.0895072941433577,2021-04-07,0.0,0.0122699386503067,0.0020449897750511,0.0102249488752556,6.194405391104672,1.9459101490553128,0.1666666666666666,0.8333333333333334,5,"S. equity price indexes increased moderately, with the largest gains in cyclically sensitive sectors. The rise in U.
The nominal Treasury yield curve steepened markedly, largely because of increases in longer-term real yields, al­though measures of inflation compensation also increased further. Despite the spikes in equity market volatility early in the intermeeting period, spurred by heavy trading concentrated in a few specific stocks and subsequent concerns over the rapid rise in longer-term interest rates, broad equity price indexes rose on net. Consistent with the stronger outlook, spreads on high-yield corporate bonds narrowed.
The expected path for the federal funds rate over the next few years, as implied by a straight read of overnight index swap quotes, rose substantially since the previous FOMC meeting and moved above 25 basis points in the first quarter of 2023, about three quarters sooner than expected at the time of the January meeting. Broad stock price indexes increased, on net, over the intermeeting period, consistent with increased investor optimism about the economic outlook and the enactment of the ARP. Stocks in cyclically sensitive industries such as energy, banking, and small caps recorded sizable gains, while other sectors experienced mixed performance.
Stocks in cyclically sensitive industries such as energy, banking, and small caps recorded sizable gains, while other sectors experienced mixed performance. One-month option-implied volatility on the S&P 500-the VIX-fluctuated over a wide range during the intermeeting period but moved lower on balance. Spreads of corporate bond yields over comparable-maturity Treasury yields were roughly unchanged on investment-grade corporate bonds but narrowed for speculative-grade bonds.
However, flows into dedicated EME equity funds remained strong. Overall, foreign equity indexes increased slightly in most major markets. Financing conditions for nonfinancial businesses in capital markets remained broadly accommodative over the intermeeting period, supported by low interest rates and high equity valuations.",0.75984073,0.788119648,0.753665102,0.768087716,0.82008244,0.806878476,0.806382492,0.791025908,0.8004744259999999,0.845107008,0.841283402,0.79738916,0.81880091,0.800593252,0.82281354,0.819120288,0.8089796180000001,0.803194514,0.8101251079999999,0.795124322,0.813950228,0.8253477,0.806328036,0.8318627839999999,0.83261358,0.807498724,0.8115393080000001,0.809101566,0.8203116420000001,0.0,4.0,0.0,4.0,0.0,4.0
2021-04-28,2021,12,5,4,8983,501,0.0,0.125,0.125,0.125,6.717611257885417,39.0,6.717611257885417,6.717611257885417,17.56,2.8656235882069705,0.061009092246817,-0.2321746017592081,0.1646392030175715,0.0854171958583525,1.049915536190568,1.9322785136828884,2021-05-19,0.0,0.0239520958083832,0.0079840319361277,0.0099800399201596,6.218600119691729,2.5649493574615367,0.3333333333333333,0.4166666666666667,10,"Financial conditions eased modestly as market participants continued to focus on progress toward economic reopening as well as supportive monetary and fiscal policy. Equity prices rose, with the S&P 500 index reaching a record high, while Treasury yields, the dollar, and credit spreads declined modestly. The equity gains were broad based across sectors, though shares of small caps, as captured by the Russell 2000 index, declined.
The equity gains were broad based across sectors, though shares of small caps, as captured by the Russell 2000 index, declined. News regarding losses associated with a highly levered family investment office affected the equity prices of some large financial firms, but the broader financial market effects appeared limited. After rising sharply in recent months, longer-term Treasury yields declined modestly over the intermeeting period, even as market expectations for U.
Investor sentiment improved over the intermeeting period, reflecting a pickup in the pace of vaccinations, prospects for infrastructure spending, and stronger-than-expected labor market and retail sales data. Domestic equity prices increased notably amid declining equity market volatility, and corporate bond spreads narrowed. The nominal Treasury yield curve was little changed, as were measures of inflation compensation.
Despite recent improvements, lending standards for commercial and industrial (C&I) and consumer loans remained tighter than pre-pandemic levels. Broad stock price indexes increased over the intermeeting period, with outperformance by technology stocks and stocks sensitive to consumer discretionary spending. One-month option-implied volatility on the S&P 500-the VIX-declined, approaching the median level observed in the decade before the pandemic.
Broad stock price indexes increased over the intermeeting period, with outperformance by technology stocks and stocks sensitive to consumer discretionary spending. One-month option-implied volatility on the S&P 500-the VIX-declined, approaching the median level observed in the decade before the pandemic. Spreads of yields on investment- and speculative-grade corporate bonds over comparable-maturity Treasury yields narrowed moderately.
interest rates, resurging COVID-19 cases, and renewed lockdowns in a number of countries-appeared less concerning to global investors over the intermeeting period. Most AFE equity indexes rose modestly, and most AFE sovereign bond yields were little changed. In emerging market economies (EMEs), market optimism was tempered in part by rising COVID-19 cases.
In emerging market economies (EMEs), market optimism was tempered in part by rising COVID-19 cases. The broad EME equity price index was little changed, while credit spreads widened somewhat in the most vulnerable EMEs. After robust inflows earlier this year, flows into EME-dedicated funds continued at a moderate pace.
The broad dollar index fell modestly. Financing conditions for nonfinancial businesses in capital markets remained highly accommodative over the intermeeting period, as reflected in low corporate bond yields and high price-to-earnings ratios in equity markets. Gross corporate bond issuance and gross leveraged loan issuance were robust in February and March.
The staff noted that corporate bond spreads had declined notably since late last year and were at the lower ends of their historical distributions. In addition, measures of the equity risk premium declined further, and nonprice measures, such as high IPO volume, also indicated elevated investor appetite for risk in the equity market. Valuation pressures for CRE remained high, although information related to CRE continued to be noisier than usual due to pandemic-induced declines in transactions.
Leverage among hedge funds was elevated and increased in the third quarter of last year for the most highly leveraged funds. Leverage in hedge funds' prime brokerage accounts rose notably through the fourth quarter of last year, reflecting elevated hedge fund leverage related to their stock market activities. The staff highlighted recent episodes underlining the opacity of risk exposures among some leveraged entities.",0.7806984370000001,0.803925872,0.777842141,0.7863445280000001,0.814613475,0.8040404349999999,0.8186861719999999,0.787420358,0.8030355690000001,0.8278538369999999,0.834544757,0.793863246,0.819171846,0.803289497,0.813959462,0.820766802,0.810447589,0.804757013,0.8035805570000001,0.7998100960000001,0.8160724309999999,0.8283170739999999,0.809896176,0.825556437,0.8287930939999999,0.812789545,0.80897933,0.801817589,0.8195290959999999,2.0,4.0,2.0,4.0,2.0,4.0
2021-06-16,2021,6,2,2,9782,535,0.0,0.125,0.125,0.125,1.0294124912812683,46.0,1.0294124912812683,1.0294124912812683,17.02,2.834389123145228,0.0115088042479473,0.1610028523284812,0.0747835626074376,0.0115088042479473,-0.8599250872570093,0.3692738041248313,2021-07-07,0.0,0.011214953271028,0.0037383177570093,0.0037383177570093,6.284134161070802,1.9459101490553128,0.3333333333333333,0.3333333333333333,6,"Lower term premiums appeared to be a significant component of the declines, as reflected by lower implied volatility on longer-term interest rates. Equities rose slightly, the broad dollar weakened, and credit spreads were little changed at historically tight levels. Over the period, market participants focused on data showing lower employment growth and higher inflation readings than had been expected.
Overall financial conditions eased during the intermeeting period as market participants appeared to remain confident that the economic recovery was broadly on track, that inflation over the medium term would stay contained, and that monetary policy would remain accommodative. Domestic equity prices edged up, and corporate bond spreads narrowed a little. Yields on nominal Treasury securities declined modestly since the previous FOMC meeting.
Market expectations for the federal funds rate path over the medium term, as implied by OIS quotes unadjusted for term premiums, declined moderately. Broad stock price indexes increased slightly over the intermeeting period, with stocks in cyclically sensitive sectors generally outperforming. One-month option-implied volatility on the S&P 500-the VIX-reached its lowest level since February 2020 and remained a bit below the middle of its historical distribution.
Broad stock price indexes increased slightly over the intermeeting period, with stocks in cyclically sensitive sectors generally outperforming. One-month option-implied volatility on the S&P 500-the VIX-reached its lowest level since February 2020 and remained a bit below the middle of its historical distribution. Spreads of yields on corporate bonds over those on comparable-maturity Treasury securities narrowed a little for all credit ratings.
In emerging markets, credit spreads narrowed a bit, and capital flows into EME funds continued at a moderate pace. Equity indexes increased somewhat in both emerging and advanced foreign economies. Financing conditions for nonfinancial firms through capital markets remained highly accommodative, as reflected in historically low corporate bond and leveraged loan yields as well as high price-to-earnings ratios in the equity markets.
Equity indexes increased somewhat in both emerging and advanced foreign economies. Financing conditions for nonfinancial firms through capital markets remained highly accommodative, as reflected in historically low corporate bond and leveraged loan yields as well as high price-to-earnings ratios in the equity markets. Gross issuance of corporate bonds and leveraged loans was solid.",0.77700491,0.8001277666666667,0.7638956766666666,0.7887574316666667,0.81768909,0.802819665,0.8323577466666666,0.7923257583333334,0.7868712716666666,0.8252007116666666,0.8412127050000001,0.7882516733333333,0.8273828183333333,0.7926629666666667,0.8173895966666667,0.8219924833333333,0.80825952,0.80974054,0.8068361566666667,0.7857401166666667,0.8057022766666666,0.8335266866666666,0.7988313083333334,0.8229077516666666,0.8225884316666666,0.809046865,0.8108227683333333,0.7993487066666667,0.80681879,0.0,3.0,0.0,3.0,0.0,4.0
2021-07-28,2021,8,2,6,10802,538,0.0,0.125,0.125,0.125,4.633031545878721,39.0,4.633031545878721,4.633031545878721,19.36,2.963209081848431,0.0169037893063432,0.1801599406337198,-0.0112707805134838,0.0394415401342196,0.125398544793774,2.1554040377619703,2021-08-18,0.0,0.0148698884758364,0.0111524163568773,0.0037174721189591,6.289715570908998,2.19722457733622,0.75,0.25,8,"Longer-dated Treasury yields fell, largely reflecting declines in real yields, while longer-horizon forward measures of inflation compensation also declined. Domestic equity prices rose moderately, and corporate bond spreads remained near the low end of their historical ranges. Short-term funding markets were stable, while participation in the ON RRP facility increased further, to its highest level since the facility was put in place.
On net, the market-implied path of the policy rate was little changed for horizons up to late 2023, while it shifted lower beyond those horizons. Broad stock market prices rose moderately over the intermeeting period, supported in part by some strong second-quarter earnings reports that bolstered investor risk sentiment. However, some prices declined for stocks that historically have moved more closely with economic conditions-such as stocks for smaller companies and for firms in cyclical industries-as did stock prices for firms in sectors such as airlines and hotels that were negatively affected by the pandemic.
Broad stock market prices rose moderately over the intermeeting period, supported in part by some strong second-quarter earnings reports that bolstered investor risk sentiment. However, some prices declined for stocks that historically have moved more closely with economic conditions-such as stocks for smaller companies and for firms in cyclical industries-as did stock prices for firms in sectors such as airlines and hotels that were negatively affected by the pandemic. Bank stock prices also fell.
However, some prices declined for stocks that historically have moved more closely with economic conditions-such as stocks for smaller companies and for firms in cyclical industries-as did stock prices for firms in sectors such as airlines and hotels that were negatively affected by the pandemic. Bank stock prices also fell. One-month option-implied volatility on the S&P 500-the VIX-spiked to reach a two-month high.
Bank stock prices also fell. One-month option-implied volatility on the S&P 500-the VIX-spiked to reach a two-month high. For the intermeeting period as a whole, however, the VIX was little changed, on net, and remained somewhat above its average pre-pandemic levels.
Concerns about the worldwide spread of the Delta variant weighed somewhat on risk sentiment in global financial markets over the intermeeting period. The dollar broadly appreciated, longer-term yields in major advanced foreign economies decreased notably, and most major foreign equity indexes declined moderately. Equity markets in China and Hong Kong underperformed notably amid increased regulatory uncertainty in China.
The dollar broadly appreciated, longer-term yields in major advanced foreign economies decreased notably, and most major foreign equity indexes declined moderately. Equity markets in China and Hong Kong underperformed notably amid increased regulatory uncertainty in China. In addition, EME sovereign credit spreads widened slightly, but capital flows into dedicated EME funds remained modestly positive.
The staff judged that asset valuation pressures were elevated. In particular, the forward price-to-earnings ratio for the S&P 500 index stood at the upper end of its historical distribution; high-yield corporate bond spreads tightened further and were near the low end of their historical range; and house prices continued to increase rapidly, leaving valuation measures stretched. That said, the staff did not see signs of loose mortgage underwriting standards or excessive credit growth that could potentially amplify a shock arising from falling house prices.",0.79599465125,0.82273207125,0.7897411925,0.81285514625,0.82081778125,0.80237384625,0.82312002,0.79152428,0.81315431375,0.8101573525,0.8231916137499999,0.79862138875,0.8201376425,0.8138184475,0.81623812875,0.8246932325,0.80569646875,0.81999853875,0.81199461625,0.8108074775,0.81011087375,0.81517427125,0.8052252799999999,0.81527118,0.82423904,0.79174246875,0.81275781125,0.7950906275,0.81333232125,2.0,3.0,2.0,3.0,2.0,3.0
2021-09-22,2021,6,6,0,9036,481,0.0,0.125,0.125,0.125,-1.4071350286967688,53.0,-1.4071350286967688,1.4071350286967688,24.36,3.192942442841696,0.0172339509259027,0.0229779412775659,-0.0172369215284963,0.0459555526398529,1.6917792422697868,3.873438409380329,2021-10-13,0.0,0.0124740124740124,0.0,0.0124740124740124,6.1779441140506,1.9459101490553128,0.0,1.0,5,"The incoming domestic economic data were generally viewed as mixed. Yields on Treasury securities of intermediate maturities increased modestly, the market-implied path of the federal funds rate steepened, domestic equity prices were unchanged, and speculative-grade corporate bond spreads narrowed modestly. Short-term funding markets were stable.
The market-implied level of the effective federal funds rate for the ends of 2023 and 2024 rose 12 and 17 basis points, respectively. Broad stock market prices were about unchanged, on net, over the intermeeting period. Early in the period, concerns over the Delta variant were a headwind for stock prices.
Broad stock market prices were about unchanged, on net, over the intermeeting period. Early in the period, concerns over the Delta variant were a headwind for stock prices. Prices recovered following the FDA's first full approval of a COVID-19 vaccine and signs that the Delta variant surge was starting to abate.
Investment-grade corporate bond spreads were little changed, on net, and spreads of municipal bond indexes increased slightly but remained well below pre-pandemic levels. On September 20, stock market prices fell notably and speculative-grade yield spreads widened amid rising concerns about the creditworthiness of a Chinese property developer, but these moves were mostly reversed during the following day, particularly in the stock market. Short-term funding markets were stable over the intermeeting period.
Concerns about a potential default by a heavily indebted Chinese property developer and risks of a downturn in the Chinese real estate sector intensified later in the period, but effects on broader financial markets were limited. On balance, major foreign equity indexes were mixed, the broad dollar appreciated a touch, and sovereign yields in most major AFEs increased moderately. In the euro area and the United Kingdom, higher-than-expected inflation data contributed to the rise in yields and inflation compensation measures.",0.774534618,0.8075972339999999,0.772016646,0.78951404,0.8113004979999999,0.79140326,0.8212542199999999,0.79999575,0.801274574,0.80190512,0.819123076,0.79142328,0.815103704,0.8079389559999999,0.809062202,0.81434433,0.79983192,0.8140826560000001,0.8152717380000001,0.797440224,0.81109607,0.8145509479999999,0.805596278,0.813826344,0.8177826899999999,0.797213686,0.808561954,0.789225962,0.80789189,1.0,1.0,1.0,1.0,1.0,1.0
2021-11-03,2021,7,4,0,8545,460,0.0,0.125,0.125,0.125,3.629686853369575,39.0,3.629686853369575,3.629686853369575,16.03,2.7744619666214616,0.0586275832915547,-0.0053314850864383,-0.1280341599282397,0.0586275832915547,-2.299029883055404,-2.682033603857442,2021-11-24,0.0,0.0152173913043478,0.0,0.008695652173913,6.133398042996649,2.079441541679836,0.0,0.5714285714285714,6,"S. equity indexes rose and the one-month option-implied volatility on the S&P 500-the VIX-fell to post-pandemic lows. Continued strong earnings underpinned the rise in equity prices, with firms posting profits near historical highs.
equity indexes rose and the one-month option-implied volatility on the S&P 500-the VIX-fell to post-pandemic lows. Continued strong earnings underpinned the rise in equity prices, with firms posting profits near historical highs. Despite signs of robust risk appetite, market participants continued to note prominent risks to the outlook, including ongoing challenges in the Chinese property sector.
Long-term sovereign yields in AFEs also increased notably. Despite these pressures, broad domestic equity indexes increased, on net, supported by strong earnings reports. Spreads of corporate bonds were little changed overall.
Those risks also contributed to increases in Treasury yields, with 2-, 5-, and 10-year yields rising notably on net. Broad equity indexes increased, on net, over the intermeeting period. Perceptions of increased risks related to inflation were more than offset by a short-term resolution of the debt ceiling, a decrease in perceived risks related to the effect of the pandemic on the pace of the economic recovery, and stronger-than-expected third-quarter earnings.
Market concerns about risks of a downturn in the Chinese real estate sector remained elevated, and inflows into funds investing in China slowed, but the effects on broader financial markets were limited. On balance, major foreign equity indexes increased moderately, and the broad dollar appreciated a touch. In domestic credit markets, financing conditions faced by nonfinancial firms in capital markets remained highly accommodative over the intermeeting period.
The staff noted that asset valuations remained generally high relative to historical norms. In particular, bond and leveraged loan spreads remained narrow, while equity prices continued to increase, supported by strong earnings expectations, still-low Treasury yields, and high risk appetite. House prices rose rapidly, outpacing rents, but the staff did not see signs of loose mortgage underwriting standards or excessive mortgage credit growth that could potentially amplify a shock arising from falling house prices.",0.77465727,0.8001983250000001,0.77294354,0.7787524333333332,0.8160922083333334,0.8010005333333333,0.8080122466666667,0.78608125,0.8148025366666666,0.8459137733333333,0.8473029166666667,0.7985447933333334,0.8142637333333332,0.7986783283333333,0.8219795833333333,0.8215081866666667,0.8039611016666667,0.8022194983333333,0.8061112783333333,0.80827246,0.8173755633333334,0.8198328833333334,0.7999640600000001,0.830020975,0.8262577733333334,0.7991172833333332,0.7957913333333333,0.7939762966666667,0.8242479866666667,0.0,6.0,0.0,6.0,0.0,6.0
2021-12-15,2021,8,0,4,9630,515,0.0,0.125,0.125,0.125,-0.2430410169318006,39.0,-0.2430410169318006,0.2430410169318006,21.89,3.086029911534772,-0.0262281324450606,-0.1259578207886799,-0.5153295308282091,-0.047210088040298,-0.0966699493605645,0.5447059134407304,2022-01-05,0.0,0.0155339805825242,0.0077669902912621,0.0,6.246106765481563,2.19722457733622,0.5,0.0,6,"Expectations for an earlier reduction in Federal Reserve policy accommodation lifted short-term interest rates and supported the dollar. While prices of equities that are sensitive to COVID-19 risks declined significantly, the S&P 500 index was little changed. Over the period, market participants considered potential drivers of the notable decline in far-forward sovereign yields in the United States and other advanced economies.
Pandemic-related fears as well as concerns about inflation and tighter monetary policy apparently weighed on risky asset prices despite continued robust economic data. In domestic markets, broad equity price indexes were little changed, equity market volatility increased markedly, and spreads on corporate bonds widened moderately. In AFEs, sovereign yields declined, and major equity indexes edged down.
In domestic markets, broad equity price indexes were little changed, equity market volatility increased markedly, and spreads on corporate bonds widened moderately. In AFEs, sovereign yields declined, and major equity indexes edged down. Short-term funding markets were stable, while participation in the ON RRP facility increased further.
Renewed concerns about the course of the pandemic also contributed to a decline in the 10-year Treasury yield, on net, over the intermeeting period despite stronger-than-anticipated data on economic activity and surprisingly high inflation. Broad equity indexes were little changed, on net, since the previous FOMC meeting, as strong economic data appeared to offset concerns regarding monetary policy, inflation, and the pandemic. Spreads of both investment- and speculative-grade corporate bonds widened moderately, and spreads of municipal bonds were little changed.
Foreign asset prices fluctuated over the intermeeting period in response to central bank communications, headlines regarding COVID-related restrictions in some countries, and the spread of the Omicron variant. On net, AFE sovereign yields declined, major foreign equity indexes generally edged down, and the broad dollar index increased modestly. Emerging market economy (EME) sovereign spreads widened, and capital flows into EME-dedicated funds turned slightly negative in the second half of November, partly in response to concerns about the Omicron variant.
The credit quality of large nonfinancial corporations remained solid amid strong earnings growth. S&P 500 firms' earnings reports for the third quarter again exceeded analyst expectations. In November, the volume of upgrades outpaced that of downgrades for both investment- and speculative-grade nonfinancial corporate bonds.",0.7927594216666667,0.8090741383333334,0.78367108,0.79558611,0.8104443016666667,0.800265565,0.8255958116666666,0.7925094883333333,0.7906713,0.8082398883333334,0.8309296166666668,0.7984535633333333,0.8145652083333333,0.8044638266666667,0.814141625,0.8166643416666667,0.8075130433333334,0.81811895,0.8088071316666667,0.7929002783333333,0.8193792950000001,0.8216419666666667,0.807492855,0.8200758116666668,0.8199024416666667,0.8039461433333334,0.8209936666666667,0.79390912,0.812605095,2.0,0.0,2.0,0.0,2.0,0.0
2022-01-26,2022,7,2,2,13801,829,0.0,0.125,0.125,0.125,-5.707921584406794,39.0,-5.707921584406794,5.707921584406794,31.16,3.439135221002548,0.2871704442603195,0.180281738969403,0.7191850303879155,0.2364075902979023,-2.141118906844349,-4.260455775928071,2022-02-16,0.0,0.008443908323281,0.0024125452352231,0.0024125452352231,6.721425700790643,2.079441541679836,0.2857142857142857,0.2857142857142857,6,"Expectations for tighter monetary policy ahead, as well as an easing of COVID-related concerns, were cited as contributing to the increase in yields. The S&P 500 index declined around 5 percent, with sharp moves toward the end of the period, reportedly prompted by concerns about the implications of a tighter path of monetary policy and rising geopolitical risks. Regarding the monetary policy outlook, with data showing continuing tightening of labor market conditions and elevated inflationary pressures, policymaker communications were perceived as pointing to an earlier and faster removal of accommodation than market participants had previously expected.
Long-term sovereign yields in AFEs also rose notably. Broad domestic equity indexes decreased markedly, and spreads of corporate bonds widened modestly. Short-term funding markets were stable, while participation in the overnight reverse repurchase agreement (ON RRP) facility increased further.
Inflation compensation implied by Treasury Inflation-Protected Securities rose slightly, on net. Broad equity indexes decreased markedly, on net, particularly in the latter part of the intermeeting period, as shifts in expectations about the pace of monetary policy tightening, global inflationary pressures, and escalating tensions between Russia and Ukraine weighed on equity prices. The one-month option-implied volatility on the S&P 500-the VIX-increased considerably, on net, to above the 90th percentile of its historical distribution.
Broad equity indexes decreased markedly, on net, particularly in the latter part of the intermeeting period, as shifts in expectations about the pace of monetary policy tightening, global inflationary pressures, and escalating tensions between Russia and Ukraine weighed on equity prices. The one-month option-implied volatility on the S&P 500-the VIX-increased considerably, on net, to above the 90th percentile of its historical distribution. Spreads of investment- and speculative-grade corporate bonds widened modestly.
Some market participants also pointed to rising geopolitical tensions related to Russia as contributing to the moves. On net, AFE sovereign yields increased notably, most major foreign equity indexes declined moderately, and the broad dollar index decreased modestly. EME sovereign spreads widened, and capital flows into EME-dedicated bond funds remained slightly negative, while flows into EME equity funds turned positive.
The staff judged that asset valuation pressures remained elevated. In particular, the forward price-to-earnings ratio for the S&P 500 index stood at the upper end of its historical distribution; high-yield corporate bond spreads and the excess loan premium for leveraged loans remained at low levels; and house prices grew strongly, with price-to-rent ratios that were at elevated levels. The staff noted that the market capitalization of crypto-assets had grown significantly over the past decade and had experienced considerable volatility, including sizable declines since late last year.",0.8027859133333334,0.8281421266666666,0.7929752533333333,0.807431645,0.8166166316666666,0.803609965,0.826587335,0.7865231016666666,0.8085389166666667,0.8006442583333334,0.8385578133333333,0.7976513483333333,0.8199935166666666,0.8015114,0.8209257183333333,0.8215993716666667,0.8097588099999999,0.8248226399999999,0.8093360833333333,0.8074460550000001,0.8203811966666666,0.8137669000000001,0.8057604783333333,0.8259097783333335,0.8292712633333333,0.79681898,0.8250010849999999,0.8057995099999999,0.8334350216666667,5.0,2.0,5.0,2.0,6.0,2.0
2022-03-16,2022,10,3,4,8873,477,25.0,0.125,0.125,0.125,-3.651437450153861,46.0,-3.651437450153861,3.651437450153861,29.83,3.395514598526657,0.1117880614988579,0.3126921973811213,-0.3305047402537855,0.150928099461139,0.42260093876537,-0.7877555435514987,2022-04-06,25.0,0.020964360587002,0.0083857442348008,0.0062893081761006,6.169610732491456,2.3978952727983707,0.4,0.3,9,"Following the Russian invasion of Ukraine and the subsequent imposition of an array of sanctions, the ruble depreciated roughly 40 percent against the dollar. Prices of dollar-denominated Russian bonds plunged 80 to 90 percent, and local trading of Russian equities was suspended after a precipitous decline in Russian stock price indexes. Global financial conditions tightened, reflecting declines in equity prices, increases in sovereign yields and credit spreads, and-for the United States-an appreciation of the dollar.
Prices of dollar-denominated Russian bonds plunged 80 to 90 percent, and local trading of Russian equities was suspended after a precipitous decline in Russian stock price indexes. Global financial conditions tightened, reflecting declines in equity prices, increases in sovereign yields and credit spreads, and-for the United States-an appreciation of the dollar. Prices of commodities that Russia exports, particularly oil and natural gas, soared over the period.
Alongside the rise in commodities prices, measures of near-term inflation compensation increased sharply across advanced economies. In Eastern European countries, currencies depreciated notably and equity prices declined, but most emerging market currencies outside of Eastern Europe depreciated only modestly or rose. Sovereign spreads for emerging market economies (EMEs) widened, but the moves outside of Eastern Europe were relatively modest.
Nominal Treasury yields and the expected path of policy rose during the intermeeting period, driven by economic data releases and FOMC communications that were viewed as implying a more rapid removal of monetary policy accommodation than previously expected. Domestic equity indexes declined modestly, while those in Europe fell noticeably. Financing conditions remained accommodative, although borrowing costs increased further.
Spreads of municipal bonds also widened significantly across credit categories. Broad equity indexes declined modestly, on net, amid significant fluctuations. Equity prices increased early in the period because of stronger-than-anticipated corporate earnings and economic data releases, but they retraced these gains as investor risk sentiment deteriorated following the Ukraine invasion.
Broad equity indexes declined modestly, on net, amid significant fluctuations. Equity prices increased early in the period because of stronger-than-anticipated corporate earnings and economic data releases, but they retraced these gains as investor risk sentiment deteriorated following the Ukraine invasion. The one-month option-implied volatility on the S&P 500-the VIX-surged briefly immediately following the invasion but ended the intermeeting period slightly lower on net.
Equity prices increased early in the period because of stronger-than-anticipated corporate earnings and economic data releases, but they retraced these gains as investor risk sentiment deteriorated following the Ukraine invasion. The one-month option-implied volatility on the S&P 500-the VIX-surged briefly immediately following the invasion but ended the intermeeting period slightly lower on net. Foreign asset prices were highly volatile over the intermeeting period in response to geopolitical developments, central bank communications, and rising inflation concerns.
Foreign asset prices were highly volatile over the intermeeting period in response to geopolitical developments, central bank communications, and rising inflation concerns. News related to Russia's invasion of Ukraine, in particular, contributed to decreases in major foreign equity indexes, especially in Europe, and a moderate increase in the broad dollar index. Despite downward pressure from the geopolitical events, AFE sovereign yields increased notably, on net, on higher-than-expected inflation readings and central bank communications that were perceived as less accommodative than expected.
Bid-ask spreads did not increase notably in most markets. However, investors reported that strained liquidity at times amplified the volatility of price moves and may have contributed to the particularly large swings in Treasury yields and equity prices late in the intermeeting period. Short-term funding markets were mostly stable over the intermeeting period, although spreads in some segments widened.",0.8024103177777778,0.8274990311111111,0.7948128355555556,0.7972834633333333,0.8156546,0.81109935,0.8272393066666667,0.7869263611111111,0.8060901544444444,0.8057083977777777,0.8340236777777777,0.7993001655555555,0.8248257244444444,0.8046970666666666,0.8124518599999999,0.8223788422222222,0.8143734255555555,0.82195896,0.8139985677777778,0.8092327111111112,0.8088579822222223,0.81877741,0.7968269222222222,0.8133520944444445,0.8147861677777777,0.7931574733333333,0.8118721822222222,0.7961063933333333,0.8183594533333333,3.0,2.0,3.0,2.0,4.0,2.0
2022-05-04,2022,8,6,0,8053,467,50.0,0.375,0.125,0.125,-6.071100198893482,46.0,-6.071100198893482,6.071100198893482,29.25,3.375879573677865,0.1771703829674729,0.2593214824089794,0.6187279035266035,0.2151618986526944,1.96593988844332,4.835186494590943,2022-05-25,50.0,0.0171306209850107,0.0,0.012847965738758,6.148468295917647,2.19722457733622,0.0,0.75,6,"Longer-term private borrowing rates also moved higher, with 30-year fixed-rate mortgage rates rising above 5 percent to the highest levels in over a decade. Equity indexes ended the period substantially lower, on net. These indexes moved up earlier in the period in connection with a perceived reduction in tail risks stemming from the war in Ukraine but then moved lower, reportedly because of increased caution regarding the economic outlook amid the expected tightening in U.
Sovereign yields in advanced foreign economies (AFEs) also increased notably. Broad domestic equity price indexes declined on net, and the one-month option-implied volatility on the S&P 500 index-the VIX-remained elevated. Short-term funding markets were stable, while participation in the ON RRP facility increased further.
Alongside moves in shorter-term Treasury yields, the expected federal funds rate path-implied by a straight read of overnight index swap quotes-rose notably since the March FOMC meeting. Broad equity indexes decreased over the intermeeting period. Early in the period, equity prices increased, supported by the robust pace of economic activity and reduced market concerns about the implications for the global economy of Russia's invasion of Ukraine.
Broad equity indexes decreased over the intermeeting period. Early in the period, equity prices increased, supported by the robust pace of economic activity and reduced market concerns about the implications for the global economy of Russia's invasion of Ukraine. The initial sharp gains in stock prices were followed by larger declines later in the period, as longer-term interest rates rose substantially and as some disappointing earnings reports toward the end of the intermeeting period weighed on equity prices.
Early in the period, equity prices increased, supported by the robust pace of economic activity and reduced market concerns about the implications for the global economy of Russia's invasion of Ukraine. The initial sharp gains in stock prices were followed by larger declines later in the period, as longer-term interest rates rose substantially and as some disappointing earnings reports toward the end of the intermeeting period weighed on equity prices. The VIX declined substantially early in the period but ended the period little changed on net, remaining at elevated levels.
Prospects of tighter monetary policy and COVID-related lockdowns in China weighed on prices of risky assets, but investor concerns surrounding the economic effects of the war in Ukraine seemed to abate partially. On balance, major foreign equity indexes registered mixed and relatively modest changes. The U.",0.809184845,0.8256983916666667,0.7950818233333333,0.8092851816666666,0.8194408266666667,0.8061262166666667,0.83551801,0.7918652083333333,0.8041015866666666,0.8209846116666667,0.8438163783333333,0.8012958766666666,0.8227062749999999,0.8044866066666666,0.8235555933333334,0.822638,0.80987723,0.82129677,0.8138450566666666,0.8032189000000001,0.8262391433333334,0.8334493516666667,0.8176508083333333,0.8406703716666666,0.8365553383333334,0.8129469533333333,0.8269880566666666,0.8086340883333333,0.8350338116666668,4.0,2.0,4.0,2.0,4.0,2.0
2022-06-15,2022,9,0,5,8220,452,75.0,0.875,0.375,0.125,-10.185909178114285,39.0,-10.185909178114285,10.185909178114285,32.69,3.487069220736119,-0.1174168432355361,-0.032601962926919,0.3189380124076905,-0.071791944285371,1.480303824942354,-1.170202978640276,2022-07-06,75.0,0.0199115044247787,0.0110619469026548,0.0,6.115892125483034,2.302585092994046,0.5555555555555556,0.0,9,"Market participants reported that while liquidity conditions in the market for Treasury securities had been affected by the elevated volatility in rates and larger trades were having an increased effect on pricing, overall market functioning had held up. Responding to higher interest rates and some concerns about the growth outlook, equity prices moved substantially lower over the period. The manager turned next to a discussion of developments related to foreign central banks.
Treasury yields and the market-implied federal funds rate path moved substantially higher on net. Broad domestic equity price indexes declined considerably, on balance, amid elevated market volatility. In most advanced foreign economies (AFEs), sovereign yields also increased further, and foreign equity price indexes moved lower.
Broad domestic equity price indexes declined considerably, on balance, amid elevated market volatility. In most advanced foreign economies (AFEs), sovereign yields also increased further, and foreign equity price indexes moved lower. Despite further increases in borrowing costs, financing conditions in domestic credit markets remained generally accommodative.
Real yields increased more than their nominal counterparts, while inflation compensation implied by Treasury Inflation-Protected Securities declined. Broad equity price indexes fell sharply over the intermeeting period on net. The stock price declines were largely associated with mixed corporate earnings news early in the period and increasing concerns about the economic outlook amid global policy tightening.
Broad equity price indexes fell sharply over the intermeeting period on net. The stock price declines were largely associated with mixed corporate earnings news early in the period and increasing concerns about the economic outlook amid global policy tightening. One-month option-implied volatility on the S&P 500 index-the VIX-increased moderately, on balance, remaining elevated relative to its historical distribution and significantly above average pre-pandemic levels.
The stock price declines were largely associated with mixed corporate earnings news early in the period and increasing concerns about the economic outlook amid global policy tightening. One-month option-implied volatility on the S&P 500 index-the VIX-increased moderately, on balance, remaining elevated relative to its historical distribution and significantly above average pre-pandemic levels. Spreads on investment-grade and, to a greater extent, speculative-grade corporate bonds widened notably, on net, reaching levels comparable with those at the end of 2018.
Interest rate volatility in AFEs increased, consistent with increased uncertainty about the path of policy rates. Concerns about the global growth outlook weighed on equity prices, and the broad dollar edged up. Implied equity price volatility remained at elevated levels.
Concerns about the global growth outlook weighed on equity prices, and the broad dollar edged up. Implied equity price volatility remained at elevated levels. Japanese yields and equity prices, however, ended the period about unchanged, as the BOJ reaffirmed its accommodative monetary policy stance.
Implied equity price volatility remained at elevated levels. Japanese yields and equity prices, however, ended the period about unchanged, as the BOJ reaffirmed its accommodative monetary policy stance. Sovereign bond spreads over German bund yields for euro-area peripheral countries widened further.",0.8089020499999999,0.8423437055555555,0.802389851111111,0.8184773399999999,0.8244685266666667,0.8127862211111112,0.8358431033333333,0.80471098,0.8164865833333333,0.8083370599999999,0.8387845922222222,0.8048497622222223,0.8360060666666667,0.81360287,0.8262956011111111,0.8290482744444445,0.8204580555555556,0.8348179600000001,0.8247105588888889,0.8208902544444444,0.8282832966666667,0.84116938,0.8201878677777779,0.8391819255555555,0.8431106922222222,0.8164407066666667,0.8395484522222222,0.8115218477777778,0.8381303344444445,5.0,0.0,5.0,0.0,5.0,0.0
2022-07-27,2022,7,2,4,8790,488,75.0,1.625,0.875,0.375,7.656593909553768,39.0,7.656593909553768,7.656593909553768,24.69,3.206398303357088,-0.046775420369895,0.2043856006536288,0.4549173831642378,-0.046775420369895,0.2196030702275208,-3.218652643214961,2022-08-17,75.0,0.0143442622950819,0.0081967213114754,0.0040983606557377,6.192362489474872,2.079441541679836,0.5714285714285714,0.2857142857142857,7,"The market-implied federal funds rate path for the next few meetings rose but moved down noticeably at longer horizons. Broad equity price indexes were higher, on net, while credit spreads widened. Major foreign equity price indexes edged higher, on net, and the exchange value of the dollar continued to appreciate.
Broad equity price indexes were higher, on net, while credit spreads widened. Major foreign equity price indexes edged higher, on net, and the exchange value of the dollar continued to appreciate. Amid the decline in Treasury yields, longer-term borrowing costs declined for households and businesses with higher credit ratings, and while credit availability remained generally available, it appeared to tighten for most businesses and some households.
Amid the decline in Treasury yields, longer-term borrowing costs declined for households and businesses with higher credit ratings, and while credit availability remained generally available, it appeared to tighten for most businesses and some households. Broad equity price indexes were higher over the intermeeting period, amid heightened volatility. Declines in interest rates likely supported stock prices over the period, while some positive earnings releases suggested to investors a less pessimistic corporate outlook.
Broad equity price indexes were higher over the intermeeting period, amid heightened volatility. Declines in interest rates likely supported stock prices over the period, while some positive earnings releases suggested to investors a less pessimistic corporate outlook. One-month option-implied volatility on the S&P 500 index-the VIX-decreased but remained significantly above its pre-pandemic levels.
Declines in interest rates likely supported stock prices over the period, while some positive earnings releases suggested to investors a less pessimistic corporate outlook. One-month option-implied volatility on the S&P 500 index-the VIX-decreased but remained significantly above its pre-pandemic levels. Yields on corporate bonds declined notably across the credit spectrum, but corporate bond spreads ended the period slightly wider.
In the euro area, peripheral sovereign spreads were little changed following the widely anticipated announcement by the European Central Bank of its Transmission Protection Instrument that could be activated to counter disorderly conditions in euro-area bond markets. Major foreign equity price indexes were volatile but generally edged higher, on net, supported by declines in sovereign yields. The dollar appreciated somewhat further against most currencies and particularly against the euro as yield differentials between the United States and the euro area widened.
Leverage at hedge funds and life insurance companies remained relatively high. Market liquidity had deteriorated in the oil and equities markets since January, but market functioning continued to be orderly. Yields offered by MMMFs were well above those offered by banks, and the staff noted that this yield differential would attract inflows to MMMFs.",0.7868926171428571,0.8131838285714286,0.7767925,0.78916762,0.8168382685714286,0.8096377485714286,0.8279310514285714,0.78058799,0.8010293471428572,0.8240090557142857,0.8384509485714285,0.8008072471428571,0.8335890714285714,0.80904619,0.8154883,0.8218385085714287,0.8103789414285715,0.8167039228571429,0.8069603214285715,0.7983462842857143,0.8108991385714285,0.8255767585714285,0.7987746757142856,0.8192072857142857,0.8187565957142857,0.7932056642857143,0.8175960428571428,0.7900742714285715,0.8133078457142858,1.0,2.0,1.0,2.0,1.0,2.0
2022-09-21,2022,5,4,0,8044,473,75.0,2.375,1.625,0.875,-4.728850791825261,53.0,-4.728850791825261,4.728850791825261,27.16,3.3017453026904957,-0.0903687802628055,-0.0208470866951462,0.4160316637161796,-0.1320673005695641,2.553672506105579,3.178248293738272,2022-10-12,75.0,0.0105708245243128,0.0,0.0084566596194503,6.161207321695077,1.791759469228055,0.0,0.8,5,"Treasury yields climbed substantially, with most of the upward move reflected in real yields. Equity prices initially rose amid second-quarter earnings reports that were better than feared but later retraced those gains in response to the shifting policy outlook. Regarding international developments, yields in most advanced foreign economies (AFEs) also rose sharply as a number of other central banks lifted policy rates and indicated in their communications that they would likely continue to tighten monetary policy in order to address inflation pressures.
Treasury yields and the market-implied federal funds rate path moved higher. Broad domestic equity price indexes decreased slightly, on balance, but market volatility remained elevated. Credit remained widely available to most types of borrowers, but increases in borrowing costs appeared to damp the demand for credit in some markets in recent months.
The increases in nominal Treasury yields were primarily accounted for by rising real yields, while inflation compensation measures declined substantially at short horizons and remained relatively little changed at medium- and longer-term horizons. Broad equity price indexes decreased slightly, on net, as substantial early gains arising from investors' improved perceptions about the inflation outlook and better-than-feared second-quarter earnings were more than offset by later losses arising from expectations that the Committee would follow a more restrictive policy than previously expected. One-month option-implied volatility on the S&P 500-the VIX-increased somewhat, on net, and remained elevated by historical norms, partly reflecting investor uncertainty and risks associated with higher inflation and the expected move to a restrictive policy stance.
Broad equity price indexes decreased slightly, on net, as substantial early gains arising from investors' improved perceptions about the inflation outlook and better-than-feared second-quarter earnings were more than offset by later losses arising from expectations that the Committee would follow a more restrictive policy than previously expected. One-month option-implied volatility on the S&P 500-the VIX-increased somewhat, on net, and remained elevated by historical norms, partly reflecting investor uncertainty and risks associated with higher inflation and the expected move to a restrictive policy stance. Corporate bond spreads narrowed slightly, on net, and remained roughly at the midpoints of their historical distributions.
The dollar's strength largely reflected increasing investor concerns about the global growth outlook as well as widening interest rate differentials between the United States and Japan. Growth concerns also weighed on foreign equity prices, which declined moderately. Outflows from funds dedicated to emerging markets continued at a modest pace, and credit spreads in emerging market economies narrowed somewhat on net.",0.79579238,0.8269478620000001,0.787514986,0.8018305,0.82191723,0.80603505,0.829644894,0.786987168,0.804835668,0.82039371,0.8446765299999999,0.7991134,0.82472013,0.804967806,0.823795512,0.822530684,0.810694522,0.822394678,0.8081560059999999,0.802525678,0.81162741,0.8149695339999999,0.800668892,0.8196574200000001,0.822180636,0.795469454,0.819105668,0.7870758139999999,0.8158736579999999,3.0,0.0,3.0,0.0,2.0,0.0
2022-11-02,2022,6,5,1,8249,497,75.0,3.125,2.375,1.625,2.605464816532983,39.0,2.605464816532983,2.605464816532983,25.81,3.2507620137305224,-0.1742811346150028,0.4281864496109506,0.3414561753104895,-0.2116015306443705,-0.0513769193709328,1.1240403865303543,2022-11-23,75.0,0.0120724346076458,0.0020120724346076,0.0100603621730382,6.210600077024653,1.9459101490553128,0.1666666666666666,0.8333333333333334,5,"Treasury yields and the market-implied federal funds rate path moved substantially higher. Broad domestic equity prices were little changed, on net, amid high market volatility, while corporate bond yields increased notably. The rise in borrowing costs appeared to have slowed the volume of financing in many credit markets.
The increases in nominal yields at medium- and longer-term horizons were primarily accounted for by higher real yields, though inflation compensation measures rose as well. Broad equity price indexes fell significantly early in the intermeeting period, with inflation news and monetary policy expectations likely being the main drivers of stock price movements. However, equity prices later rebounded and ended the period essentially unchanged on net.
Broad equity price indexes fell significantly early in the intermeeting period, with inflation news and monetary policy expectations likely being the main drivers of stock price movements. However, equity prices later rebounded and ended the period essentially unchanged on net. One-month option-implied volatility on the S&P 500-the VIX-declined slightly, on net, but remained at the upper end of its range since mid-2020.
However, equity prices later rebounded and ended the period essentially unchanged on net. One-month option-implied volatility on the S&P 500-the VIX-declined slightly, on net, but remained at the upper end of its range since mid-2020. Conditions in short-term funding markets remained stable over the intermeeting period, with the September increase in the target range for the federal funds rate and the associated increases in the Federal Reserve's administered rates passing through quickly to overnight money market rates.
Fiscal and political developments in the United Kingdom added to market volatility but left little net imprint. On balance, sovereign bond yields in most advanced foreign economies rose modestly and equity prices were mixed. The U.",0.786579128,0.81431647,0.773627308,0.782897048,0.8213268340000001,0.8093343620000001,0.8291761440000001,0.811204156,0.7981949779999999,0.805745926,0.83644628,0.800941842,0.8323813339999999,0.805125336,0.8199779680000001,0.8191245699999999,0.813609388,0.825610412,0.827008274,0.795794308,0.828219604,0.836365642,0.8107369959999999,0.826444036,0.827241626,0.812832688,0.830443348,0.8116100420000001,0.826195928,1.0,0.0,1.0,0.0,1.0,0.0
2022-12-14,2022,6,2,3,7958,482,50.0,3.875,3.125,2.375,6.577045295685347,39.0,6.577045295685347,6.577045295685347,22.55,3.1157350659486878,0.2059865549712932,-0.219326626432159,-0.7243128089849838,0.2188731529272745,-1.1834691054265376,2.895867678262125,2023-01-04,50.0,0.0124481327800829,0.0062240663900414,0.0041493775933609,6.180016653652572,1.9459101490553128,0.5,0.3333333333333333,6,"Consistent with the decline in volatility, model-based measures suggested that a drop in term premiums accounted for much of the decline in Treasury yields over the period. Equity markets moved higher. However, equity market contacts noted risks to growth ahead, and earnings expectations for coming quarters had been marked down.
Equity markets moved higher. However, equity market contacts noted risks to growth ahead, and earnings expectations for coming quarters had been marked down. In foreign exchange markets, moderating concerns about the potential for highly elevated U.
Over the intermeeting period, Treasury yields and measures of inflation compensation declined, on net, and the implied path of the federal funds rate in 2023 ended modestly lower. Stock market indexes rose, on balance, likely reflecting reduced concerns about the inflation outlook, and market volatility declined notably. Borrowing costs declined, on net, over the intermeeting period.
In line with those developments, inflation compensation measures based on inflation swaps declined notably, especially for shorter maturities. Broad stock price indexes increased, likely reflecting reduced concerns about the inflation outlook and the associated implications for the future path of policy. On net, the one-month option-implied volatility on the S&P 500-the VIX-decreased notably and was around the middle of its range since mid-2020.
Broad stock price indexes increased, likely reflecting reduced concerns about the inflation outlook and the associated implications for the future path of policy. On net, the one-month option-implied volatility on the S&P 500-the VIX-decreased notably and was around the middle of its range since mid-2020. In line with reduced investor concerns about the inflation outlook, spreads of interest rates on corporate debt, mortgage-backed securities, and municipal bonds to comparable-duration Treasury yields all narrowed over the intermeeting period.
Recent data suggested that real GDP growth in the second half of 2022 was stronger than previously expected, but economic growth was still forecast to slow markedly in 2023 from its second-half pace. Broad financial conditions were projected to be somewhat less restrictive than previously assumed, as the effects of a higher path for equity values and a lower path for the dollar more than offset a higher medium-term trajectory for interest rates. Nevertheless, the forecast for U.",0.7920453966666666,0.797450355,0.7736495516666667,0.8093657833333333,0.8192236666666667,0.7926346866666667,0.8382753416666667,0.7821526950000001,0.7974085783333332,0.8321269333333333,0.839367105,0.7945697683333334,0.812292545,0.8019454,0.8261970633333333,0.8179713416666666,0.79567917,0.81256925,0.8013350899999999,0.7878063933333334,0.8218598466666668,0.819295865,0.8177019516666667,0.8424642766666667,0.8371958183333333,0.8015238483333333,0.8284587266666666,0.8108982183333334,0.8236816033333333,0.0,2.0,0.0,2.0,0.0,2.0
2023-02-01,2023,4,0,4,9269,1180,25.0,4.375,3.875,3.125,2.5257798164174163,46.0,2.5257798164174163,2.5257798164174163,19.4,2.9652730660692823,-0.0747058492068492,0.0311109730910523,-0.2866760033873219,-0.0684828802263395,0.5186237167347317,-1.0892183330876777,2023-02-22,25.0,0.0033898305084745,0.0033898305084745,0.0,7.074116816197362,1.6094379124341005,1.0,0.0,4,"compensation measures fell notably. Stock market in- Central Bank and the Bank of Japan’s decision to widen dexes were slightly higher, and market volatility declined its yield curve control target band, respectively.
Yields for Broad stock price indexes ended the intermeeting period corporate bonds declined, while borrowing costs for lev-
on municipal bonds declined during the intermeeting pe- option-implied volatility on the S&P 500-decreased riod but remained above their historical average.
termeeting period. Home equity line of credit (HELOC) price-to-earnings ratio for S&P 500 firms remained balances at banks continued to grow through the fourth above its median value despite the decline in equity",0.77665568,0.7890978875,0.7570795525,0.7873030225,0.8060049125,0.778219,0.8097300700000001,0.7789299,0.770922385,0.77548813,0.7962407,0.7769345750000001,0.7985086450000001,0.781589885,0.793199065,0.802357075,0.781513785,0.79915082,0.791448685,0.7708533575000001,0.8170927975,0.825532145,0.8106025125,0.82753826,0.8430541375,0.80806595,0.828931885,0.815529825,0.8207738124999999,3.0,1.0,3.0,1.0,3.0,1.0
2023-03-22,2023,12,2,6,7702,483,25.0,4.625,4.375,3.875,-6.204536146166191,46.0,-6.204536146166191,6.204536146166191,21.38,3.062455905596899,0.0301304651410286,0.0421801096910837,-0.2957599862292537,0.0482098336176688,1.3042085840297302,1.4220217258243977,2023-04-12,25.0,0.0248447204968944,0.0124223602484472,0.0041407867494824,6.182084906716632,2.5649493574615367,0.5,0.1666666666666666,11,"financial market developments over the intermeeting period. Early in the period, firmer-than-expected data and policy communications pushed interest rates higher and equity prices lower. Developments in the banking sector later in the period were met with sharp reductions in Treasury yields, particularly at shorter tenors.
Market contacts observed that the recent developments in the banking system will likely result in a pullback in bank lending, which would not be reflected in most common financial conditions indexes. Following the banking-sector developments, equity prices for large U. S.
S. banks underperformed the broad market; equity prices for U. S.
Staff Review of the Financial Situation Over the first several weeks of the intermeeting period, incoming economic data and FOMC communications appeared to refocus market participants on upside risks to inflation and policy rates, with the market-implied policy rate path steepening, nominal Treasury yields rising, near-term inflation compensation measures increasing, and broad stock market price indexes declining. Financing conditions for businesses, households, and municipalities had tightened during this period and were moderately restrictive overall, as borrowing costs increased notably with the expected path of policy rates and Treasury yields and as some lenders appeared to tighten nonprice borrowing terms.
Pricing in financial markets changed notably in the latter part of the intermeeting period, amid developments in the banking sector. Treasury yields and policy rate expectations moved down significantly, while broad stock price indexes rose somewhat. The market-implied policy rate path shifted down sizably, with the federal funds rate expected to peak in May before decreasing afterward.
S. bank stock prices declined notably. Regional banks with unusually large reliance on uninsured deposits and holdings of securities with significant unrealized mark-to-market losses experienced larger declines in stock prices.
bank stock prices declined notably. Regional banks with unusually large reliance on uninsured deposits and holdings of securities with significant unrealized mark-to-market losses experienced larger declines in stock prices. Broad equity prices rose somewhat after the closures of Silicon Valley Bank and Signature Bank, reportedly driven by investors' reassessment of the outlook for interest rates, and after the announcement that UBS had agreed to buy Credit Suisse.
Regional banks with unusually large reliance on uninsured deposits and holdings of securities with significant unrealized mark-to-market losses experienced larger declines in stock prices. Broad equity prices rose somewhat after the closures of Silicon Valley Bank and Signature Bank, reportedly driven by investors' reassessment of the outlook for interest rates, and after the announcement that UBS had agreed to buy Credit Suisse. The VIX-the one-month option-implied volatility on the S&P 500-increased to about 26.
Broad equity prices rose somewhat after the closures of Silicon Valley Bank and Signature Bank, reportedly driven by investors' reassessment of the outlook for interest rates, and after the announcement that UBS had agreed to buy Credit Suisse. The VIX-the one-month option-implied volatility on the S&P 500-increased to about 26. 5 percent following the closures of Silicon Valley Bank and Signature Bank, but it subsequently declined to 21 percent-around the 70th percentile of its historical distribution.
Some of the pricing moves in asset markets may have been amplified by impaired liquidity conditions. Despite deteriorating liquidity conditions in Treasury, bond, and equity markets, market functioning remained orderly. Over the intermeeting period, foreign financial markets were volatile as investors' focus shifted from resilience in economic activity and stubbornly high core inflation across advanced economies earlier in the period to stresses in the global banking sector more recently.
Later in the period, developments in the banking sector led to large declines in advanced-economy yields, and, on net, AFE yields declined slightly. Additionally, for the intermeeting period overall, the staff's dollar index rose moderately, corporate and emerging market economy sovereign credit spreads widened, and foreign equity indexes generally moved lower, with bank equities falling notably. U.",0.8040059436363637,0.8293801990909091,0.7948523972727273,0.8100200427272728,0.82410367,0.8076605400000001,0.8315650118181818,0.7947790345454546,0.8107658981818182,0.8070168545454546,0.828156219090909,0.8022115663636363,0.8328951472727273,0.8092897727272728,0.8150790254545455,0.8280271563636364,0.8107907745454545,0.8291201836363636,0.8173233172727272,0.8108447490909092,0.8022038090909092,0.8212306563636363,0.7939380863636363,0.8039548881818182,0.8209458227272727,0.7933569545454545,0.8157892127272728,0.7921350454545455,0.8155950509090908,4.0,1.0,4.0,1.0,4.0,1.0
2023-05-03,2023,10,0,10,8473,512,25.0,4.875,4.625,4.375,4.881469132982449,39.0,4.881469132982449,4.881469132982449,17.78,2.8780742300857587,0.0181713559359995,-0.1030334343702336,-0.2061731371278395,0.0363427118720078,0.8576716352984485,2.423987101356089,2023-05-24,25.0,0.01953125,0.01953125,0.0,6.240275845170769,2.3978952727983707,1.0,0.0,7,"Asset prices were less volatile and financial market conditions eased somewhat over the intermeeting period as investor sentiment around the banking system stabilized. On net, nominal Treasury yields declined, equities appreciated, credit spreads tightened, and the trade-weighted value of the dollar depreciated. Measures of implied volatility declined across markets.
Deposit outflows from small and mid-sized banks largely stopped in late March and April. Al­though equity prices for regional banks fell further over the period, for the vast majority of banks these declines appeared primarily to reflect expectations for lower profitability rather than solvency concerns. Market participants remained alert to the possibility of another intensification of banking stress.
The market-implied path for the federal funds rate in 2023 increased modestly over the period. Broad equity price indexes increased, al­though equity prices of some regional banks were lower, and equity market volatility declined. Financing conditions continued to be restrictive, and borrowing costs remained elevated.
Measures of uncertainty about the path of interest rates declined modestly but remained substantially elevated by historical standards. Broad stock price indexes increased moderately, and the VIX-the one-month option-implied volatility on the S&P 500-decreased notably over the intermeeting period. However, market participants remained attentive to developments at regional banks.
However, market participants remained attentive to developments at regional banks. Equity prices at such banks broadly declined over the intermeeting period in part because of higher funding costs, as well as concerns about profitability and a possible deterioration in the performance of commercial real estate (CRE) loans. Risk sentiment in foreign financial markets also improved, on net, over the intermeeting period amid reduced investor concerns about the banking sector, leading to moderate increases in broad equity indexes and declines in option-implied measures of equity volatility.
Equity prices at such banks broadly declined over the intermeeting period in part because of higher funding costs, as well as concerns about profitability and a possible deterioration in the performance of commercial real estate (CRE) loans. Risk sentiment in foreign financial markets also improved, on net, over the intermeeting period amid reduced investor concerns about the banking sector, leading to moderate increases in broad equity indexes and declines in option-implied measures of equity volatility. That said, equity prices for euro-area banks declined somewhat, on net, and remained significantly lower than their levels before the onset of banking stresses in early March.
Risk sentiment in foreign financial markets also improved, on net, over the intermeeting period amid reduced investor concerns about the banking sector, leading to moderate increases in broad equity indexes and declines in option-implied measures of equity volatility. That said, equity prices for euro-area banks declined somewhat, on net, and remained significantly lower than their levels before the onset of banking stresses in early March. Market expectations of policy rates and sovereign yields were little changed in most AFEs but rose notably in the U.",0.7950134085714285,0.8193952628571429,0.7876032528571428,0.8015065842857142,0.8171052471428571,0.8046194114285715,0.8427799442857143,0.7888629128571428,0.8007945528571428,0.8172971971428572,0.83501152,0.78759303,0.8281062571428571,0.8012484628571429,0.8170854099999999,0.82485247,0.8115610385714286,0.8260031585714286,0.8087629757142858,0.7970034457142857,0.8085855857142857,0.8273584514285715,0.8093726928571429,0.8153795185714285,0.8273759628571428,0.8018883971428572,0.8192058685714285,0.7903421314285713,0.8091811585714286,2.0,1.0,2.0,1.0,1.0,1.0
2023-06-14,2023,11,7,1,7297,455,0.0,5.125,4.875,4.625,6.063975282786163,39.0,6.063975282786163,6.063975282786163,14.61,2.681706225762608,0.0278652438618579,-0.0111482720293801,-0.1394428092193685,0.0111423697182523,-0.809680090192216,0.4679614146615222,2023-07-05,0.0,0.0241758241758241,0.0021978021978021,0.0153846153846153,6.1224928095143865,2.4849066497880004,0.0909090909090909,0.6363636363636364,10,"The increase in nominal yields primarily reflected higher real rates rather than inflation compensation. Broad equity prices rose, al­though the outperformance was concentrated in a handful of companies with a large market capitalization. Cyclical sectors fared better than sectors that tend to appreciate in a downturn, suggesting some reduced investor concern about downside risks to growth.
Investor sentiment about the banking sector improved as perceived tail risks regarding regional banks appeared to have receded. Equity prices for regional banks rose over the intermeeting period but were still well below early March levels. Financial conditions indexes were roughly unchanged, as higher rates and a stronger dollar were offset by higher equity prices and narrower credit spreads.
Equity prices for regional banks rose over the intermeeting period but were still well below early March levels. Financial conditions indexes were roughly unchanged, as higher rates and a stronger dollar were offset by higher equity prices and narrower credit spreads. The vast majority of respondents to the Open Market Desk's Surveys of Primary Dealers and Market Participants expected no rate change at this meeting.
As a result, Treasury yields and the expected future path for the federal funds rate shifted upward significantly. Meanwhile, broad equity prices also increased notably. Financing conditions remained moderately restrictive, but credit availability generally remained solid.
Measures of uncertainty about the path of interest rates remained very elevated by historical standards. The S&P 500 stock price index increased sizably, on net, over the intermeeting period, led by technology-related stocks. The VIX-the one-month option-implied volatility on the S&P 500 index-edged down, on balance, and ended the period near the 30th percentile of its historical distribution.
The S&P 500 stock price index increased sizably, on net, over the intermeeting period, led by technology-related stocks. The VIX-the one-month option-implied volatility on the S&P 500 index-edged down, on balance, and ended the period near the 30th percentile of its historical distribution. Bank equity price indexes moved up notably, on net, over the intermeeting period.
The VIX-the one-month option-implied volatility on the S&P 500 index-edged down, on balance, and ended the period near the 30th percentile of its historical distribution. Bank equity price indexes moved up notably, on net, over the intermeeting period. Stock prices for large banks were only somewhat below their levels before the failure of Silicon Valley Bank (SVB), while those for regional banks remained below their levels in early March.
Bank equity price indexes moved up notably, on net, over the intermeeting period. Stock prices for large banks were only somewhat below their levels before the failure of Silicon Valley Bank (SVB), while those for regional banks remained below their levels in early March. Market-based policy rate expectations rose notably in most advanced foreign economies, as core inflation data surprised to the upside in some countries and central bank communications were perceived as pointing to more restrictive policy than expected.
Market-based policy rate expectations rose notably in most advanced foreign economies, as core inflation data surprised to the upside in some countries and central bank communications were perceived as pointing to more restrictive policy than expected. Notwithstanding the rise in global yields, foreign equity prices, credit spreads, and risk sentiment in foreign markets were little changed over the intermeeting period. The staff's trade-weighted broad dollar index was also little changed, on net, but the exchange value of the dollar appreciated significantly against the Chinese renminbi amid increased investor concerns over China's economic growth prospects.
In their discussion of the household sector, participants generally noted that consumer spending so far this year had been stronger than expected. Several participants noted that aggregate household wealth remained high, as equity and home prices had not declined much from their recent highs. A few participants mentioned that while, overall, the household sector still retained much of the excess savings it had accumulated during the pandemic, there were signs that consumers were facing increasingly tighter budget constraints, given high inflation and, especially for low-income households, depleted savings.",0.773944562,0.801286663,0.766634528,0.773538677,0.816997859,0.795363372,0.808850462,0.792535021,0.8035782530000001,0.8310337170000001,0.8365487850000001,0.79909618,0.816114683,0.799964077,0.8198080300000001,0.815892305,0.798358446,0.8065796540000001,0.809839616,0.798281123,0.809316727,0.8150838090000001,0.8005229890000001,0.818276593,0.81732983,0.788849303,0.8041862639999999,0.791379217,0.813148744,0.0,4.0,0.0,4.0,1.0,4.0
2023-07-26,2023,8,4,0,7156,448,25.0,5.125,5.125,4.875,2.3126105893465296,39.0,2.3126105893465296,2.3126105893465296,13.86,2.6290069937617573,-0.0787534495335469,-0.185732429922872,0.0843099282720366,-0.0675080179782636,-0.7887742884378396,0.6152858687216711,2023-08-16,25.0,0.0178571428571428,0.0,0.0089285714285714,6.107022887742255,2.19722457733622,0.0,0.5,7,"The market-implied peak for the federal funds rate rose in response to data pointing to a robust economy but retraced part of that move after the June consumer price index (CPI) release was interpreted by market participants as softer than anticipated. Even as market prices shifted to indicate a slightly more restrictive expected policy path, broader financial conditions eased a bit, reflecting in large part gains in equity prices and tighter credit spreads. Notably, share prices for bank equity also appreciated over the intermeeting period as concerns about the banking sector continued to dissipate.
The market-implied path for the federal funds rate rose modestly, and nominal Treasury yields increased somewhat at shorter maturities. Meanwhile, broad equity prices increased, and spreads on investment- and speculative-grade corporate bonds narrowed moderately. Financing conditions continued to be generally restrictive, and borrowing costs remained elevated.
Measures of uncertainty about the path of the policy rate derived from interest rate options remained very elevated by historical standards. Broad stock price indexes increased and spreads on investment- and speculative-grade corporate bonds narrowed moderately over the intermeeting period. The VIX-the one-month option-implied volatility on the S&P 500-edged down and ended the period near the 25th percentile of its historical distribution.
Broad stock price indexes increased and spreads on investment- and speculative-grade corporate bonds narrowed moderately over the intermeeting period. The VIX-the one-month option-implied volatility on the S&P 500-edged down and ended the period near the 25th percentile of its historical distribution. Bank equity prices increased and outperformed the S&P 500 modestly.
The VIX-the one-month option-implied volatility on the S&P 500-edged down and ended the period near the 25th percentile of its historical distribution. Bank equity prices increased and outperformed the S&P 500 modestly. Stock prices for the largest banks fully recovered from their declines in the immediate wake of the failure of Silicon Valley Bank, while those for regional banks remained below the levels seen in early March.
Bank equity prices increased and outperformed the S&P 500 modestly. Stock prices for the largest banks fully recovered from their declines in the immediate wake of the failure of Silicon Valley Bank, while those for regional banks remained below the levels seen in early March. Short-term interest rates in the AFEs increased modestly, on net, over the intermeeting period as foreign central banks continued to raise policy rates and signal the potential for further tightening.
Increases in yields were tempered, however, by downside surprises to both inflation and PMIs from some economies. Risk sentiment in foreign markets improved somewhat, with most foreign equity indexes increasing and foreign corporate and emerging market sovereign bond spreads narrowing. The staff's trade-weighted broad dollar index declined moderately, with the largest moves following releases of weaker-than-expected U.",0.7682294585714285,0.7994764471428571,0.7628066071428572,0.7803254285714285,0.8159990542857143,0.7958208428571429,0.8233490285714286,0.7876349685714287,0.7981883428571429,0.8261578985714285,0.8363761585714286,0.7876741985714286,0.8170471071428571,0.7956159471428571,0.8146745742857143,0.81532768,0.7982505057142857,0.8128988814285715,0.8077335985714286,0.7938038585714285,0.8053806057142857,0.8189666285714285,0.7993947371428571,0.8150260328571429,0.8236293842857142,0.79268006,0.8209697214285715,0.7999855885714285,0.81601089,1.0,4.0,1.0,4.0,1.0,4.0
2023-09-20,2023,8,6,2,6816,445,0.0,5.375,5.125,5.125,-2.635491551002436,53.0,-2.635491551002436,2.635491551002436,14.11,2.646883765864722,0.0798084639328239,0.0342114269501661,0.1880181734978623,0.0912135734342396,-0.6412326310517932,-1.5373015880935283,2023-10-11,0.0,0.0179775280898876,0.0044943820224719,0.0134831460674157,6.100318952020064,2.19722457733622,0.25,0.75,6,"Policy-sensitive rates rose moderately, and longer-dated forward rates displayed larger increases. Ten-year Treasury yields ended the period more than 40 basis points higher, and broad measures of equity prices fell. Bank equity prices underperformed over the period, but taking a somewhat longer view, investor sentiment toward the banking sector appeared to have largely stabilized, with less differentiation of equity price movements across bank types.
Ten-year Treasury yields ended the period more than 40 basis points higher, and broad measures of equity prices fell. Bank equity prices underperformed over the period, but taking a somewhat longer view, investor sentiment toward the banking sector appeared to have largely stabilized, with less differentiation of equity price movements across bank types. The dollar broadly appreciated against advanced-economy currencies over the period, as stronger U.
S. financial conditions tightened, with higher longer-term rates, lower equity prices, and a stronger dollar contributing roughly equally to the increase in various financial conditions indexes. In addressing the increase in nominal yields on longer-run Treasury securities over the intermeeting period, the manager noted that the rise in real yields exceeded that of nominal yields over the period, implying a small decline in inflation compensation.
Yields on medium- and longer-term nominal Treasury securities rose more substantially, mainly reflecting higher term premiums and higher real yields. Stock prices declined somewhat, but spreads on investment- and speculative-grade corporate bonds were little changed. Financing conditions tightened somewhat, and borrowing costs increased moderately.
The market-implied path for the federal funds rate in the near term was up slightly since the July FOMC meeting, and the expected path further out, implied by overnight index swap contracts, rose moderately. Broad equity price indexes declined somewhat, and the one-month option-implied volatility on the S&P 500 index edged up slightly, on net, and stood near the 25th percentile of its historical distribution. Conditions in domestic short-term funding markets remained stable over the intermeeting period.
yields and, to a lesser extent, the increase in Japanese yields following the decision by the Bank of Japan to effectively widen its target range for the 10-year Japanese yield. Global equity prices declined moderately, reflecting higher long-term yields and increased concerns about the foreign economic outlook. Bond and equity funds focused on emerging markets saw moderate outflows.",0.7922323216666666,0.8238695633333334,0.7851614783333334,0.7989658833333334,0.8219961733333333,0.8095034966666667,0.82587827,0.79311571,0.7999797216666668,0.8124112733333333,0.8402154666666667,0.7932057183333333,0.82433055,0.7978092383333334,0.8163823433333334,0.8210431033333334,0.8131326733333334,0.8173872000000001,0.8097365333333334,0.7992908133333333,0.8054488083333333,0.8225322216666666,0.7897471483333334,0.8121994166666666,0.8191820566666667,0.795532845,0.81689099,0.7833702833333334,0.8090216583333333,5.0,0.0,5.0,0.0,5.0,1.0
2023-11-01,2023,11,6,4,7115,454,0.0,5.375,5.375,5.125,-4.411522180090532,39.0,-4.411522180090532,4.411522180090532,18.14,2.8981194446869907,-0.0274702636125699,0.0219707789524847,-0.0109871999231523,-0.0109917268693448,0.3908795505272228,0.1570582889049447,2023-11-21,0.0,0.0242290748898678,0.0088105726872246,0.013215859030837,6.12029741895095,2.4849066497880004,0.3636363636363636,0.5454545454545454,10,"The manager turned first to a review of developments in financial markets over the intermeeting period. Financial conditions continued to tighten, driven by higher yields on Treasury securities as well as by lower equity prices and a stronger dollar, which themselves partly reflected higher interest rates. Because earnings expectations had held up well in recent months, the effect of higher interest rates on equity prices likely took place largely through valuations.
Financial conditions continued to tighten, driven by higher yields on Treasury securities as well as by lower equity prices and a stronger dollar, which themselves partly reflected higher interest rates. Because earnings expectations had held up well in recent months, the effect of higher interest rates on equity prices likely took place largely through valuations. The rise since July in yields on longer-dated nominal Treasury securities was mostly attributable to increases in real yields.
The increase in longer-term Treasury yields appeared to be mostly attributable to higher term premiums, as stronger-than-expected economic data seemed to increase the uncertainty regarding how long policy rates might need to remain high. Meanwhile, equity prices decreased, and spreads on investment- and speculative-grade corporate bonds widened. Financing conditions tightened further, and borrowing costs continued to rise.
Short-term inflation compensation fluctuated notably over the intermeeting period, largely following the changes in energy prices, but ended the period modestly lower. Broad stock price indexes declined over the intermeeting period. Equity prices in interest rate-sensitive sectors, such as real estate and utilities, underperformed the broader market.
Broad stock price indexes declined over the intermeeting period. Equity prices in interest rate-sensitive sectors, such as real estate and utilities, underperformed the broader market. Stock prices of banks also declined more than broader equity indexes.
Equity prices in interest rate-sensitive sectors, such as real estate and utilities, underperformed the broader market. Stock prices of banks also declined more than broader equity indexes. The one-month option-implied volatility on the S&P 500 index increased notably over the intermeeting period but remained below the peaks observed in the first quarter of 2023.
Stock prices of banks also declined more than broader equity indexes. The one-month option-implied volatility on the S&P 500 index increased notably over the intermeeting period but remained below the peaks observed in the first quarter of 2023. Over the intermeeting period, foreign asset prices were largely driven by spillovers from the rise in longer-term U.
Treasury yields. Longer-term sovereign bond yields for advanced foreign economies rose, foreign equity prices declined, foreign credit spreads generally widened, and investors continued to withdraw from emerging market economy funds. Stronger-than-expected U.
The staff characterized asset valuation pressures as notable. In particular, the staff noted that valuations in equities, housing, and CRE were high. The forward price-to-earnings ratio for S&P 500 firms increased to the upper quartile of its historical distribution.
In particular, the staff noted that valuations in equities, housing, and CRE were high. The forward price-to-earnings ratio for S&P 500 firms increased to the upper quartile of its historical distribution. House prices increased to the upper end of their historical range, relative to fundamentals, despite tight credit conditions in the mortgage market.",0.804182967,0.8353201880000001,0.7948627370000001,0.8084383669999999,0.828415491,0.8120725780000001,0.8189746660000001,0.7944726830000001,0.813225135,0.8094830740000001,0.839918681,0.8044043679999999,0.833473054,0.8007903909999999,0.823475249,0.830261009,0.8136343650000001,0.821368931,0.816838233,0.813467867,0.82334967,0.839113034,0.8052612,0.8346107979999999,0.84310961,0.811102215,0.8248084840000001,0.801169274,0.831132262,4.0,0.0,4.0,0.0,4.0,1.0
2023-12-13,2023,7,0,6,7085,428,0.0,5.375,5.375,5.375,6.255803319654673,39.0,6.255803319654673,6.255803319654673,12.07,2.4907230351094403,-0.0262611939848021,-0.1313749893360641,0.1731511307021135,-0.0367648440128403,-0.3577833307153045,1.5571476731195968,2024-01-03,0.0,0.0163551401869158,0.014018691588785,0.0,6.061456918928017,2.079441541679836,0.8571428571428571,0.0,7,"The manager turned first to a review of developments in financial markets over the intermeeting period. Financial conditions eased, driven by a decline in interest rates, an increase in equity prices, and a depreciation in the dollar. The rise in equity prices was supported by the decline in Treasury yields and by earnings growth that exceeded consensus expectations.
Financial conditions eased, driven by a decline in interest rates, an increase in equity prices, and a depreciation in the dollar. The rise in equity prices was supported by the decline in Treasury yields and by earnings growth that exceeded consensus expectations. Implied volatility for equities diminished notably.
The rise in equity prices was supported by the decline in Treasury yields and by earnings growth that exceeded consensus expectations. Implied volatility for equities diminished notably. The easing in financial conditions reversed some of the tightening that occurred over the summer and much of the fall.
As a result, nominal Treasury yields declined significantly and the expected market-implied path for the federal funds rate beyond the next few months shifted downward. Meanwhile, broad equity price indexes were boosted by many of the same factors that lowered Treasury yields, and spreads on investment- and speculative-grade corporate bonds narrowed. Financing conditions remained moderately restrictive, as borrowing costs remained elevated despite declining over the intermeeting period.
Measures of uncertainty about the path of interest rates decreased notably, consistent with the tempering of concerns about inflation, but remained elevated by historical standards. Broad stock price indexes increased markedly over the intermeeting period, and spreads on investment-grade bonds narrowed moderately, while those on speculative-grade corporate bonds declined more notably. The one-month option-implied volatility on the S&P 500 decreased moderately and reached its lowest level since January 2020.
Broad stock price indexes increased markedly over the intermeeting period, and spreads on investment-grade bonds narrowed moderately, while those on speculative-grade corporate bonds declined more notably. The one-month option-implied volatility on the S&P 500 decreased moderately and reached its lowest level since January 2020. Spillovers from falling U.
yields, below-expectations readings on global inflation, and oil price drops led to large declines in foreign yields. These declines were accompanied by an improvement in market sentiment, with foreign equity prices increasing, foreign credit spreads narrowing, and outflows from funds investing in emerging market economies slowing notably. The improvement in sentiment and declines in U.",0.7968785428571429,0.8041239485714285,0.7756505385714286,0.7944750828571429,0.8172883385714286,0.80940405,0.8411583771428571,0.7744964614285713,0.7879724771428572,0.8337135028571429,0.8420914471428571,0.7978189685714285,0.8298493057142856,0.8000761285714286,0.8129068257142856,0.8236938699999999,0.8087427028571429,0.8185635728571429,0.8036297914285715,0.7946330985714286,0.82049314,0.8358491857142857,0.8093638942857143,0.8338206285714286,0.8354836099999999,0.8115245457142857,0.8300528142857143,0.8040638928571429,0.8288405799999999,0.0,3.0,0.0,3.0,0.0,3.0
2024-01-31,2024,5,5,0,6724,308,0.0,5.375,5.375,5.375,3.6615937297733945,46.0,3.6615937297733945,3.6615937297733945,13.31,2.58851563240702,-0.0602924200548569,0.0652757925314425,-0.1256502565233244,-0.0552696922103111,2.07593270225678,1.6494529432969127,2024-02-21,0.0,0.0162337662337662,0.0,0.0162337662337662,5.733341276897746,1.791759469228055,0.0,1.0,5,"Pricing of inflation derivatives continued to suggest a near-term path of in- flation consistent with a return to 2 percent later this year. Broad equity prices reached new highs over the intermeeting period, but they were driven mostly by the strong gains of large-capitalization technology compa- nies; broader measures of equity valuations were more subdued. Still, equities appeared priced for continued economic resilience.
Broad equity prices reached new highs over the intermeeting period, but they were driven mostly by the strong gains of large-capitalization technology compa- nies; broader measures of equity valuations were more subdued. Still, equities appeared priced for continued economic resilience. The manager turned next to expectations for monetary policy.
Market-based measures of interest rate uncertainty remained highly elevated by historical standards. Broad stock price indexes increased, and spreads on in- vestment- and speculative-grade bonds narrowed mod- estly over the intermeeting period. The one-month op- tion-implied volatility on the S&P 500 increased some- what over the period but remained low by historical standards.
Broad stock price indexes increased, and spreads on in- vestment- and speculative-grade bonds narrowed mod- estly over the intermeeting period. The one-month op- tion-implied volatility on the S&P 500 increased some- what over the period but remained low by historical standards. Movements in foreign markets over the intermeeting pe- riod were modest, on net, with most foreign asset prices and the exchange value of the dollar little changed.
while longer-term foreign yields were little changed. Ma- jor AFE equity indexes increased slightly. Conditions in short-term funding markets remained sta- ble over the intermeeting period, with typical dynamics observed surrounding year-end.",0.764280874,0.78750317,0.758241486,0.777103126,0.819903738,0.8015988760000001,0.81483566,0.8101462079999999,0.811774778,0.8372262239999999,0.850479466,0.795938924,0.8222774659999998,0.799061578,0.831875882,0.8232294360000001,0.8059548400000001,0.813031992,0.8269995079999999,0.80442497,0.81817315,0.83434766,0.8115496719999999,0.839566466,0.8412570580000001,0.814242806,0.818883866,0.8250115320000001,0.8265712260000001,1.0,1.0,1.0,1.0,1.0,1.0
2024-03-20,2024,7,6,0,7526,479,0.0,5.375,5.375,5.375,4.178257495449124,46.0,4.178257495449124,4.178257495449124,13.82,2.626116818339524,,,,,0.7273386366904081,-2.819741052494197,2024-04-10,0.0,0.0146137787056367,0.0,0.0125260960334029,6.173786103901937,2.079441541679836,0.0,0.8571428571428571,7,"S. financial conditions had eased modestly since the January FOMC meeting, with higher equity prices more than offsetting increases in interest rates. Nominal Treasury yields had risen over the intermeeting period.
Balance sheet runoff was expected to continue for some time thereafter, and survey responses suggested a slightly smaller balance sheet size at the end of runoff than respondents had previously assessed. The manager noted that broad equity prices had reached new highs over the intermeeting period. This growth was again driven primarily by the strong increases in valuations of large-capitalization technology companies, while broader equity price gains were more measured.
The manager noted that broad equity prices had reached new highs over the intermeeting period. This growth was again driven primarily by the strong increases in valuations of large-capitalization technology companies, while broader equity price gains were more measured. Recent bank equity price behavior reflected renewed market attention on the challenges faced by the regional banking sector, particularly that sector's exposures to commercial real estate (CRE).
This growth was again driven primarily by the strong increases in valuations of large-capitalization technology companies, while broader equity price gains were more measured. Recent bank equity price behavior reflected renewed market attention on the challenges faced by the regional banking sector, particularly that sector's exposures to commercial real estate (CRE). In global financial markets, the expected policy rate path in most advanced foreign economies (AFEs) shifted up over the intermeeting period.
Market-based measures of near-term interest rate uncertainty for shorter-term yields remained elevated by historical standards, in part reflecting investors' continued uncertainty about the path of policy rates. Despite the rise in interest rates, broad stock price indexes increased notably amid upbeat corporate earnings reports, particularly for the largest firms. Yield spreads on investment-grade corporate bonds were little changed, and those on speculative-grade bonds narrowed slightly.
Yield spreads on investment-grade corporate bonds were little changed, and those on speculative-grade bonds narrowed slightly. The one-month option-implied volatility on the S&P 500 index increased slightly over the period but remained low by historical standards. Changes in foreign financial asset prices over the intermeeting period were largely driven by spillovers from U.
financial markets. Risk appetite generally improved, leading to increases in foreign equity indexes and a narrowing of EME credit spreads. Short-term yields in the AFEs were also boosted by less-accommodative-than-expected communications by European Central Bank officials.",0.7719796028571428,0.7982206585714285,0.7634437257142856,0.7742095542857143,0.8199419042857142,0.8077610785714285,0.8172180471428572,0.7937240514285715,0.8117178957142857,0.8363963985714286,0.8533061857142857,0.8005859157142857,0.8256811957142858,0.7982140457142857,0.8211810942857143,0.8245093499999999,0.8102642957142857,0.8121030685714287,0.8140439714285714,0.8092175728571428,0.8087701842857143,0.8252256614285715,0.79591773,0.82033535,0.8275673157142858,0.8026338742857143,0.8048123914285714,0.7933060714285715,0.8170072471428572,0.0,2.0,0.0,2.0,0.0,3.0
2024-05-01,2024,5,4,0,7366,458,0.0,5.375,5.375,5.375,-2.980468016904972,39.0,-2.980468016904972,2.980468016904972,15.65,2.750470916986162,,,,,-0.7551997899910289,-1.4722619791135507,2024-05-22,0.0,0.0109170305676855,0.0,0.0087336244541484,6.129050210060545,1.791759469228055,0.0,0.8,5,"Longer-term inflation expectations appeared to remain well anchored. Broad equity prices fell over the period, as higher interest rates weighed on valuations, while recent earnings reports, which were generally solid, provided some support. The dollar strengthened as several foreign central banks were expected to start easing policy before the Federal Reserve.
The dollar strengthened as several foreign central banks were expected to start easing policy before the Federal Reserve. Overall, higher yields and lower equity prices, together with the stronger dollar, resulted in a tightening of financial conditions over the period. The manager then discussed expectations regarding balance sheet policy.
Market-based measures of interest rate uncertainty remained elevated by historical standards. Broad stock price indexes declined moderately, on net, over the intermeeting period. Yield spreads on investment-grade corporate bonds were about unchanged, and those on speculative-grade corporate bonds increased moderately.
Yield spreads on investment-grade corporate bonds were about unchanged, and those on speculative-grade corporate bonds increased moderately. The one-month option-implied volatility on the S&P 500 increased significantly over the period, apparently reflecting rising geopolitical tensions, but remained at moderate levels by historical standards. Over the intermeeting period, incoming foreign economic data and central bank communications were largely consistent with market participants' expectations that most AFE central banks will lower policy rates at coming meetings.
In addition, elevated housing costs were adding to financial strains for lower-income households. A couple of participants noted that financial conditions appeared favorable for wealthier households, which account for a large portion of aggregate consumption, with hefty wealth gains resulting from recent equity and house price increases. Business contacts in many Districts reported a steady or stable pace of economic activity, while contacts in a couple of Districts conveyed increased optimism about the outlook.",0.7876624440000001,0.810199362,0.778534072,0.7932321200000001,0.8091348039999999,0.796602048,0.82362881,0.785311626,0.7991366440000001,0.8120622900000001,0.839982448,0.796445574,0.8119645820000001,0.8014585779999999,0.815921028,0.811457328,0.801314484,0.8148530660000001,0.801451378,0.799731958,0.819042664,0.81833748,0.808290882,0.82164138,0.81958013,0.7952315759999999,0.8189879899999999,0.783147332,0.819575848,2.0,1.0,2.0,1.0,2.0,1.0
2024-06-12,2024,4,1,2,6779,440,0.0,5.375,5.375,5.375,5.130250058983746,39.0,5.130250058983746,5.130250058983746,12.85,2.553343811341229,,,,,0.5146851073298307,0.7398769909210118,2024-07-03,0.0,0.009090909090909,0.0045454545454545,0.0022727272727272,6.089044875446846,1.6094379124341005,0.5,0.25,4,"The manager turned first to a review of developments in financial markets. Financial conditions eased modestly over the intermeeting period mainly because of higher equity prices. Taking a somewhat longer perspective, the manager noted that financial conditions had changed little since March but eased notably since the fall.
Taking a somewhat longer perspective, the manager noted that financial conditions had changed little since March but eased notably since the fall. The main drivers of that easing were again higher equity prices, which appeared to respond to the reductions in the perceived odds of a recession, and a consensus among market participants that the federal funds rate has reached its peak. Nominal Treasury yields declined moderately across the curve, on net, but continued to be very sensitive to incoming data surprises, especially those pertaining to inflation and the labor market.
Market-based measures of interest rate uncertainty ticked down but remained elevated by historical standards. Broad stock price indexes increased substantially, on net, amid a positive investor outlook on corporate profits and economic activity. Yield spreads on investment- and speculative-grade corporate bonds were little changed, remaining at about the lowest decile of their respective historical distributions.
Yield spreads on investment- and speculative-grade corporate bonds were little changed, remaining at about the lowest decile of their respective historical distributions. The one-month option-implied volatility on the S&P 500 index remained low by historical standards, suggesting that investors perceived only modest near-term risks to the economic outlook. Changes in AFE yields were mixed, as spillovers from declines in U.",0.77948665,0.795233635,0.772797065,0.7928097199999999,0.8205845,0.799697,0.8345990375,0.7988033775000001,0.7965529925,0.8210177750000001,0.8364749,0.7929570125000001,0.8199427275,0.8094769125,0.8201381974999999,0.8232156225,0.808789475,0.8154798,0.8160790875,0.79341021,0.8098623375,0.823613025,0.8124083725,0.8226744125000001,0.8245061,0.80503419,0.8187443750000001,0.80399964,0.8106709249999999,0.0,3.0,0.0,3.0,0.0,3.0
2024-07-31,2024,5,1,1,6934,457,0.0,5.375,5.375,5.375,-0.1107106366835336,46.0,-0.1107106366835336,0.1107106366835336,17.69,2.872999508171694,,,,,-0.9110476503232562,-0.6073964679213351,2024-08-21,0.0,0.0109409190371991,0.0021881838074398,0.0021881838074398,6.126869184114185,1.791759469228055,0.2,0.2,5,"The manager turned first to a review of developments in financial markets. Financial conditions eased modestly over the intermeeting period, reflecting lower long-term interest rates and higher equity prices. The manager noted that current financial conditions appeared to be providing neither a headwind nor tailwind to growth.
Policy expectations, however measured, pointed to a first rate cut at the September FOMC meeting, at least one more cut later in the year, and further policy easing next year. In the equity markets, the high perceived likelihood of a September cut in the target range for the policy rate induced a notable appreciation in the stocks of firms with small and medium capitalization, which tend to be more sensitive to interest rates. Stocks of larger companies, especially those in the technology sector, underperformed.
Consistent with the downward shift in the implied policy path, nominal Treasury yields moved down, on net, with the most pronounced declines at shorter horizons driven largely by decreases in inflation compensation. Broad stock price indexes rose slightly on net. Yield spreads on investment- and speculative-grade corporate bonds were little changed and remained at about the lowest decile of their respective historical distributions.
Yield spreads on investment- and speculative-grade corporate bonds were little changed and remained at about the lowest decile of their respective historical distributions. The one-month option-implied volatility on the S&P 500 index rose moderately and was somewhat elevated by historical standards, suggesting that investors perceived some, but not outsized, risks to the economic outlook. Market-based measures of the expected paths of policy rates and sovereign bond yields in most AFEs fell notably, largely in response to declines in U.
Several participants cited reports that consumers, especially those in lower-income households, were shifting away from discretionary spending and switching to lower-cost food items and brands. A couple of participants remarked that spending by some higher-income households was likely being bolstered by wealth effects from equity and housing price appreciation. Participants noted that residential investment was weak in the second quarter, likely reflecting the pickup in mortgage rates from earlier in the year.",0.800804412,0.804242092,0.7859414339999999,0.808858504,0.821597504,0.8027877959999999,0.837956714,0.797036128,0.79285543,0.8040251599999999,0.8306149740000001,0.805445274,0.815190662,0.8105581260000001,0.8198650260000001,0.82412279,0.806895348,0.820382858,0.810695218,0.78939073,0.8106338259999999,0.7958338,0.798697744,0.80240353,0.8099468379999999,0.781245052,0.8128209160000001,0.78269188,0.792614524,2.0,3.0,2.0,3.0,2.0,3.0
2024-09-18,2024,5,1,4,6937,426,-50.0,5.375,5.375,5.375,2.7356950767003108,46.0,2.7356950767003108,2.7356950767003108,17.61,2.8684669225081145,,,,,-0.219665206762632,0.7800080425286492,2024-10-09,-50.0,0.0117370892018779,0.0093896713615023,0.0023474178403755,6.056784013228625,1.791759469228055,0.8,0.2,5,"The decline in nominal yields over the period was primarily attributable to lower expected real yields, but measures of inflation compensation declined as well. Broad equity prices finished the period modestly higher, while credit spreads had come off the very tight levels seen earlier this year but were still narrow by historical standards. Overall, risky asset prices were compatible with continued economic expansion.
S. and foreign equity indexes, equity-implied volatilities, the dollar-yen exchange rate, and Treasury yields. These sharp moves appeared to be the result of a rapid unwinding of some speculative trading positions induced by unrelated events-such as the unexpectedly inflation-focused communications from the Bank of Japan (BOJ) in late July and the weaker-than-expected U.
Market-based measures of interest rate uncertainty in the near term rose notably, reportedly reflecting in part increased concerns among investors about downside risks to economic activity. Broad stock price indexes increased, on net, despite a sizable but temporary drop in early August. Yield spreads on investment- and speculative-grade corporate bonds were little changed, on net, and remained in the bottom quintile of their respective historical distributions.
Yield spreads on investment- and speculative-grade corporate bonds were little changed, on net, and remained in the bottom quintile of their respective historical distributions. The one-month option-implied volatility on the S&P 500 index ended the period roughly unchanged, on net, after a large but temporary spike in early August. Overnight secured rates were largely unchanged, and conditions in U.
employment report and the policy rate increase by the BOJ, which led to the unwinding of some speculative trading positions. However, declines in equities mostly retraced over the following weeks, and moves in foreign risky asset prices were mixed over the intermeeting period. In domestic credit markets, borrowing costs remained elevated despite modest declines in most credit segments.",0.787538206,0.80442406,0.7790058660000001,0.793410296,0.8189515719999999,0.7988185800000001,0.82439605,0.7984538280000001,0.7991866080000001,0.8008111080000001,0.826846804,0.7948460479999999,0.821365768,0.8051530999999998,0.81450686,0.8224680879999999,0.8045252279999999,0.815536328,0.820101166,0.8029113259999999,0.807635104,0.816622014,0.80103423,0.8195880680000001,0.8277238820000001,0.793587192,0.81918761,0.803829932,0.814703444,1.0,0.0,1.0,0.0,1.0,0.0
2024-11-07,2024,5,4,1,7541,471,-25.0,4.875,5.375,5.375,0.6219968059305512,47.0,0.6219968059305512,0.6219968059305512,16.27,2.7893229212309465,,,,,-0.3929029028783191,0.9751714255744408,2024-11-26,-25.0,0.0106157112526539,0.0021231422505307,0.0084925690021231,6.156978985585555,1.791759469228055,0.2,0.8,4,"The rise at short maturities reflected increases in both real yields and inflation compensation, while the rise at longer maturities was primarily driven by increases in real yields. Broad equity prices also rose over the period, likely reflecting in part the solid incoming data and consequent lower odds of a weakening in the economic outlook. The VIX, which measures 30-day option-implied volatility of broad equity prices, had moved higher in the period leading up to the November elections and then decreased following Election Day.
Broad equity prices also rose over the period, likely reflecting in part the solid incoming data and consequent lower odds of a weakening in the economic outlook. The VIX, which measures 30-day option-implied volatility of broad equity prices, had moved higher in the period leading up to the November elections and then decreased following Election Day. The manager noted that the federal funds rate path had shifted up notably over the period, as measured by both the options-implied modal path and the futures-implied average path.
These measures continued to suggest an expectation that inflation would return over time to the Committee's 2 percent objective. Despite higher yields, and amid greater confidence about the growth outlook and somewhat better-than-expected corporate earnings reports, broad equity price indexes increased notably, on net, over the intermeeting period, and credit spreads for both corporate and municipal bonds narrowed. The VIX rose appreciably, reportedly reflecting uncertainty about the outcome of the U.
In China, the announcement of new policy stimulus measures boosted domestic risky asset prices, with limited spillovers to other markets; the announcements also drove notable flows into China-focused investment funds. Most European equity price indexes decreased somewhat, while Japanese and Canadian equity markets rose moderately. In domestic credit markets, borrowing costs for households and most businesses rose over the intermeeting period from already elevated levels, primarily reflecting increases in longer-term Treasury yields.",0.7742796750000001,0.7957412875000001,0.762402135,0.77273419,0.8151836625,0.80760349,0.8119827625,0.78634274,0.799763315,0.846689375,0.84415695,0.800617965,0.81927585,0.803810615,0.8292807875,0.8158273475,0.80507626,0.808953685,0.80820865,0.7932620175,0.8052235,0.8084327925,0.793479635,0.8150003625,0.808399585,0.787214965,0.7961505,0.78146614,0.80140338,4.0,4.0,4.0,4.0,3.0,3.0
2024-12-18,2024,7,5,0,7106,460,-25.0,4.625,4.875,5.375,0.8467408795732383,38.0,0.8467408795732383,0.8467408795732383,15.87,2.7644305345383176,,,,,-1.5762322581740222,0.2296014663991786,2025-01-08,-25.0,0.0152173913043478,0.0,0.0108695652173913,6.133398042996649,2.079441541679836,0.0,0.7142857142857143,6,"With near-term measures of inflation compensation a little higher over the intermeeting period and longer-term measures little changed, the manager noted that there were few signs of concern about persistent inflationary pressures in market prices. Equity prices largely sustained the gains that they had experienced in anticipation of, and immediately following, the U. S.
Measures of near-term inflation compensation moved up, while those of longer-term inflation compensation were little changed. Broad equity prices rose, with more pronounced increases in stock prices in cyclical sectors amid increased investor optimism for corporate profits, and high-yield bond spreads narrowed. The VIX-a forward-looking measure of near-term equity market volatility-fell notably and remained well below pre-election levels.
Broad equity prices rose, with more pronounced increases in stock prices in cyclical sectors amid increased investor optimism for corporate profits, and high-yield bond spreads narrowed. The VIX-a forward-looking measure of near-term equity market volatility-fell notably and remained well below pre-election levels. Foreign financial market pricing reflected weaker-than-expected foreign data releases, expectations of further policy easing by foreign central banks, and potential changes in U.
counterparts, contributing to dollar appreciation against most foreign currencies. Foreign equities generally underperformed U. S.
S. equities, in part reflecting investors' expectations of economic growth diverging further between the U. S.
With regard to the business sector, several participants noted that favorable aggregate supply developments-including increases in labor supply, business investment, and productivity-continued to support a solid expansion of business activity. A majority of participants remarked that the behavior of equity markets reflected positive sentiment on the part of investors. Many participants also remarked that District contacts generally reported greater optimism about the economic outlook, stemming in part from an expectation of an easing in government regulations and changes in tax policies.",0.7840926983333333,0.7920212166666666,0.7814802266666666,0.7897468550000001,0.8206707683333333,0.8105236233333333,0.8038526383333333,0.7854549583333333,0.7954218816666666,0.8477037216666666,0.8359955933333333,0.8038683083333332,0.811061805,0.8095540783333334,0.8331062183333332,0.8220286033333334,0.8100897666666667,0.8060298316666666,0.8073086216666666,0.7947979033333333,0.8176042966666667,0.8141600833333333,0.813379935,0.8377554933333333,0.8371271349999999,0.8051952166666667,0.8056449899999999,0.8082747100000001,0.8226186016666667,0.0,3.0,0.0,3.0,0.0,3.0
