passage_id,source_record_id,meeting_date,order,text_sha256,labeled
ff4c73569e47a8ae1d5f06dc,9efa148e7a2e72f67761__original,2000-02-02,0,124d8e38de857742c6c586c24f929553a4e418cbec338afef6f4ee8d81ba2ba7,False
f1a8c08fe68a0e8d755baee4,b15e1b7af3146dac930d__original,2000-02-02,1,7bc4378061dfca04df61f063e49d054bacd2a548801c3b5cd8e53c8f97e9b387,False
2d22ee76c6867c3e97105056,54f36276fe2c57feb91e__original,2000-02-02,2,9781dbfc2d8f3c4f0943d8aaf2c50747be9d89ee13b9210ef2e7e5150578e7da,False
aa424facda9ff61b9402db19,0b3581cfd6b428f6f2f2__original,2000-02-02,3,81e94b27d5ee470b9d4d6a45254ec937a29a6dbd32f40d5bc4d2193b827fb803,False
85fc0ac1f3354a698ff6c5cd,9b6dbe1713ad9063cc51__original,2000-02-02,4,d902b05a19312c7271fef29f3e091e172e99942d3cc51b80775fc7dee9c7c76a,False
66a9d2c28bb3b82a12a0d850,010a2da363e77e0624df__original,2000-02-02,5,7d090212c5b367f3378ea7b4c1da36b8fd4537a61e7191e4348fe0aba1e0a5c8,False
9896262b9c1e1a717d78760d,3761774de4b0f33fe65e__original,2000-03-21,0,6eb7efcbc1778d66e57d09831405a050f0d4e72f559b5bce42803366de5876c0,True
5e6ea03379551a2e4054b6e2,d2495adc5ff4d212a9ac__original,2000-03-21,1,7b260ffa143ca06b6df31a6fb5a0ba419822ba0ae159d140039f76037c1cdcac,True
c351cf3d26a252f80bbed228,640987f8751517ae5500__original,2000-03-21,2,1ea21fb93219810d7bfc1958905404a9579ab43ca4bc1d967c71c254bfb6c681,True
dcdbdde92d853002bd6ef935,aa687f0ee0fa379c02f0__original,2000-03-21,3,8279e153792c6f6fbf8525798fa881e77aa7cdc1a06a6bd7bed367592f8b7cb0,True
9fb407ddae7ca33763baca37,f3e129ab4da2750a4f13__original,2000-03-21,4,1b2aa9d0f8a5013f788efb2e3fd3aca53753a4b0efb118825714026208f07757,True
5dedbd8f5aecbcfdd77fc072,b6f71d83a6c33250b73f__original,2000-03-21,5,71541d586038f29063b1d0bb4446e2020fbc3757c722f5070d0a0b2107ee0cdf,True
c53a9249ca41ec12e7a9ead2,5896bb6b7691d55e1955__original,2000-03-21,6,7a2513bc298259bd389b5f054638eb26e178ecae25532114b8369af197cf83c7,True
efc8a7e8b8f752208feea6c3,4205df932af80c70fcbc__original,2000-03-21,7,d3d18e58b79f480b0048a5f042815d10f8c2f411393386a19395d263c62a3632,True
afd521c25a9e3f5c505f907d,a86791bf2277af31d811__original,2000-03-21,8,bf2000216faeb90db370943c2ecae19544c8c5c409c54663cffb5474f4c990f5,True
488a12a602bc24068e48083b,c354e4c2e2ea09618b86__original,2000-05-16,0,9991eb2d86d40eace17776525089d12afdfe463aee6c2effafbfa90e6aad7dcc,True
52de61ca3f095aec27a5571e,9a8b13a2d5e4427c57a9__original,2000-05-16,1,311845e3d1b1375b46bc033a2b6d2cdb7f70899d466c9a29a71cef98bb9bb51a,True
628f7d01cad2e9007cf8e624,18829437dc80612565e5__original,2000-05-16,2,9318fa7cf32be043f0a59c6d3d2c219607eb05e0b4dc36ae3c7ca52eda8a8d3c,True
936ba52a3d9a02dda93212cf,5fce122d7db07cd85920__original,2000-05-16,3,72cc3249739db8c89388e6e57fd69cbfda16196e5ce127ad1510796955cff6d5,True
0c9ebd2e50a6cf291dbc25d9,1892ff74cbb068bf111b__original,2000-05-16,4,652fea9986d356a581306769fcae09bc5df1834ec09c05cbe7ed4358aea84296,True
10c69b79abad195ac0a7c7b0,b054587be718c68a5074__original,2000-05-16,5,4b03804087be8e3647242f53145bcdcdac7677eb807639d8b21036fcb93a45bb,True
75b96ab554b4b9f6bf66ee1e,9b6cac77253f610d89ba__original,2000-05-16,6,ffdb34b84119ed884227dd81f78315742fd4cc80bb99657869f5a86bd820ec90,True
38be832b4d7c99705a0b4d9b,3614e545db868bc65293__original,2000-05-16,7,156a97451499ae0e8e25891658584ccff181e94d8eaf4068ac5e28ec39a3a779,True
d1bd8eacf145beb0365639dc,6f3882f41c11f61b61d6__original,2000-05-16,8,d163577181c5aebf7478f6b8b8a371540386fa5dc9c546e76190ee5b5b1335c8,True
7b6cb4df74bb08a36e89230a,73838fa3a4803cc09619__original,2000-06-28,0,a08be5b48caa2902d3a68800c6a01e9bc16597d513dcbdb81043c30355d15c59,True
6495f93bb38864957b997a76,247c746e258fbf97af97__original,2000-06-28,1,4c478f1b7d54f5f27b474f83fd7269b2445bf99a1b5ce1af71ddb75c958f6c23,True
5de1df0b906bd80cd8a6fd8f,c314ac622fe68c0697b3__original,2000-06-28,2,8e4c5bd1d16bbd9ed29ab73914b6bb56e3d072fa36c04be15db5cfdda928ab65,True
3448c677c1e29c73782c5367,e3c59ac6c670ddf3639a__original,2000-06-28,3,baf468a99914223c418508b5952031d4dba222683c0f6b9070cd8992b5505227,True
a58e64c50fd25a3ea05ce201,46a93efbe99c8a5a6891__original,2000-06-28,4,200d1630b54f5f9604ea535af7b4e807960565203e1ce603db9afbdd77cc29ee,True
50c9e3462bfb37c5d781ef66,b7ec1e7cd44a1da1e63f__original,2000-06-28,5,53b39f3a62af902f77efee4dcd9f650e5e68122d1d5bbdb2ab95accc6b6b0bab,True
b289c57b70444f338cd1d6a3,fc41fac32a4d5c274a8d__original,2000-06-28,6,9c303d36a0a226478c44d72c5a91cc59f96ec3bd86f25b9e10101abcbeac035e,True
8f0e8eadcfa2512f7214f1bc,0fb41f8b7191ec00599f__original,2000-06-28,7,265f3953b6d0daf862eb83eef7c8c9bb69ac5c1c7a37a5cdcdb78ec0363ba1da,True
8fd1c86a253a06b0b500021f,d6a90c4fb68f474a5a81__original,2000-06-28,8,963d83435e4b36ed06367c3bf6cd4e785270e48107f4ca7c6222aba35bca47ef,True
33517bcb64983ed66e7ab3d1,42280675d95b25fec932__original,2000-08-22,0,e85c425be2db5ba1846dca71a1a949630612c74300f7605f3fbcae709f3a035d,True
70f00c0afe033ab63af2c44a,f457fb8bb31fdddebb52__original,2000-08-22,1,5cc272eef135e05f6a66f7e97610d6d074bf4da07c6b5542d4a99657c6087d92,True
c6985a4261e1067891598060,65b0d1f75da4717db70d__original,2000-08-22,2,ed1ca77671f7eb0c3034e0b68e622b1805750c6eba9aebd4d93ff93b7c77ab2d,True
20f27f83790450d01e696d02,c61dfa5b9da7783a3fd4__original,2000-08-22,3,a6a5aec2d26ba13a0b8e46f608f9a8b6b4bb036cc4ba0d03fa30a32f1c0b5225,True
e512020f76ffd1fdbb8b6e87,e276b2726bf7f24321fb__original,2000-08-22,4,91ff6d9458636d5bb0eb0992f529c925f76221c2f1c68ea29146842b5177b5a0,True
b79d4356b3081b29728e6134,914063fc32ed6d6f30dd__original,2000-08-22,5,a5990f97fe2fbc30c9050bcde87f24b66f8113a57bd5a80ef6f92556cacfa51d,True
4cd3663527414b78d2951247,9a55ea5528d5de808359__original,2000-08-22,6,a324fabb5623a99fd7319d5f34a827e0bd93a91abc1d70588ce360f8f8652945,True
c09b561edd6cfb6e7f6d93cf,4d2ddad271660db7c29a__original,2000-08-22,7,e7e7cbe7465b14a679e902086d8053012934a592a61c24d5c4ea3c9129e2be93,True
023be5a5393172981db407d3,d4cd39ba2f3fe5a8589c__original,2000-08-22,8,7aeb772cb73904a4199daa2134bd27e3371ec34c7fdef350d3272875931b70f5,True
c444d24eb3ef34060f636ef3,c6c50c350e2aa3fd4d82__original,2000-10-03,0,1e5b2f867a280540d5d5b1368f21f5d07009b532e9ff6b831422bf00b931827f,True
503de6e82f61ecab6cffd9c3,a8ccb6e7a2278641c75b__original,2000-10-03,1,dda75653aad317e0e1cb6b45752ad397fed15b20d62c7b667d261d12200fb172,True
26b6f3db741ab7f8300a864d,72030ded7e59d72c7f33__original,2000-10-03,2,463d857ea374519ecbe646475ceae8acc89bb6805f0c3acd60f5e844b8f251ca,True
a0f2c4a9b1be00b26ef4fee1,24a99b2f162029e5be48__original,2000-10-03,3,72d880565c67d93439636717d95e334782d73db3172c20300da38b9c1bfe3432,True
50892fc7af9dd513ef572858,685416aa4744c8423b27__original,2000-10-03,4,74b36e855ca1bee8df3cec1620ec926723f7be022856bdfe07fcd33962b080f8,True
b4387940a0d75d4aa70116cd,4052ac05f5f1b54756a4__original,2000-10-03,5,5988c15e3187c9cbb00a250fd34ace8220785c401b43d65ddc9fffe9660acecc,True
c2f5e1a72bb6c0dc01e2b2dc,d9ccbb50045491c949a2__original,2000-10-03,6,10149da65defa3e4c50273efa790357cf68501038d31df89c7e5c65a23e99f03,True
5ddee02ef4ef770bd2b9f203,0f42ad371308c23670f4__original,2000-11-15,0,9bab524806b1f66fb72a337d9d1c76389606f4d8adaa2b211206446e8d90d481,True
ae066c1a717e18a3491a4f8e,55c3c7d1fd925d5e01fa__original,2000-11-15,1,34dad52425c1cd403d2c9624ba664fa621e58cd6f911e66f4ca93a36a66cac74,True
594f0a6316bf62f092f1f641,5efda7320c1cf126dfa1__original,2000-11-15,2,7cbe97a8034f7dc5f05e2b39b905ffe63c56aa8e9b19d1db24036362c4e05805,True
0fb27cb94024ebbc8fa44088,b8203e37ea740e199aa3__original,2000-11-15,3,653241629bd83f688642291318ec121979c6c670eced89974f1baae5b540731d,True
4ea48071ec7ccef62e9205a4,e93087955c210f137db9__original,2000-11-15,4,d219ac4b719dc325376ce34b38fee1e52e84ae3b04cbd1baaf6c5cc75bbcaf36,True
34de87cca0517c0b5f7a6bb7,510c80835f588d017622__original,2000-11-15,5,31e31451a06c14e10168040f0ae335317bb7609fec981f64774dd3e33ddb1555,True
75f3c9786ab6f0e08770e691,4c8606e5b51597052f4a__original,2000-12-19,0,1e38a4e2a669769cbe05f008fc2ca4b8222eb66f07d2062a8d2a204f2045ae21,True
a7d7eb8afe8f36469538330c,eb24c6eebb3c1d3de20d__original,2000-12-19,1,f319981b4a4d35d0196175a66b58e5ec5f1818e860b8be977f18a57e3401ff43,True
6ecf33fa65b9f8f49d93f3cb,def63b5a74d3d1a6acb8__original,2000-12-19,2,13dcd67192d69f89dcb0cf9b3f831e55194a1dda8bd7892191d83b5991c1b9de,True
4a9ac6103b3efca0ef26c4fe,42d80cb1c21230e17169__original,2000-12-19,3,26643681d66aab272e406699d1b3fe3fd316cc8d10771b9d270e92dcd215308a,True
eed1c4ce7f91362074426aff,49dc08d90d1d485913f4__original,2000-12-19,4,700473fa6db9c33bf6f0bdebb1fe42eb309eef711bb28ee7599ba66299b55ce9,True
40cb59abcf8540bf29d7c888,d0909af2057b4c2d85de__original,2000-12-19,5,351aceeaabb219aabf10df1a09d3dd5c79aabd712bb6f837aa582b3c4d8f0208,True
84bec25f87ea1aa8ef4cedc1,a114e56f3daa3a578b85__original,2000-12-19,6,19f35a504856284f84e2a85c7ce89f77884b585e3580675ab2c8f4d19c2f379a,True
62682ec20a7c45716a521bdd,d1e3f36927061e7b2847__original,2000-12-19,7,6ca6044cdff315b179cd997036e281bdd0a06d043cf599265c1daed9627dea38,True
aa0ae74ff85e5e6a78ad91df,c6f1056592bd7ec667a2__original,2000-12-19,8,ec3f2c27b215f8e534653c26fb9f8784f21541fc9c46baabb9297f6f5c7e6d3b,True
69339535afabfa66e168ec0f,6c98b0fb0a26a7b436b8__original,2001-01-31,0,3326d55cf8aefbdba572fdd55e660cd882d09cc11ec2fb162f3e5fef791124c6,True
9dc55fc2caeabaa98f21bffe,bddf4e6036c385a2a534__original,2001-01-31,1,db109ad5b75da3df880ff97f6fe2bf1d86eea3fcf1cf55b2e5b976b84c53376d,True
75563e6633fe17587cafee96,53dfade5ed51b7d4a8d2__original,2001-01-31,2,67171e5a710f575e1b2d782f2ffc4fadf765108876a5b478a474131c869f1353,True
b609b226bc6329d92cee33c2,b25e0edf28bd0105df7f__original,2001-01-31,3,0613b45e5d57fdc911b2f75c66126a90fbb4ec5741207cf5c1ed0f8b9b2d961f,True
0fd18ba11558f8982e35949d,1a0ce24e90f7b0118a35__original,2001-01-31,4,d7235c7fa80fd0db236b2d7437f41c13d58c51acc64573474d090ed354d0add5,True
5d3893b62ab1366a043fe9bd,6ba9992563c1ca5cca76__original,2001-03-20,0,14cbb7c3636bf0f68642140d1e689b5a2ef5200bb9c2f595767f0a1cd74f59c1,True
e6a3525fef74370aec004a6f,5b3f7620612f7149c6b9__original,2001-03-20,1,7664d1bfd02df8b7d71bce05f1e3c977bd6501eb4408c9332a45caf281a79e08,True
109d6965c10e593a8582bff8,62e5d32cb730926ad543__original,2001-03-20,2,72f85d86d7e122bbd7f6cc0e407653e6dae359af2f5437e2696cace1144a3187,True
dd0892a055f7aeec8b08676d,32a47831d7bbe5b368c9__original,2001-03-20,3,cb167a2feaee84d2b1adafa6ec866534478954c5355171eeb152d1c278e0e119,True
b5fe6436478389835893a278,461162da0be77d7514f2__original,2001-03-20,4,764cf1d76e9756677aacafd8f2419c5710a28b9cc492701cd84cf79632c6d157,True
6039d0e9220a89fa3e9cec3a,67e4c4a9f4e7d1f334e7__original,2001-03-20,5,37f95f5da99a58693d69623026a358c20f5cddc6a95dbdce6d74c6ae18ed0a5b,True
e2a15c0cd73595da7ddd84b8,676c63e15d0629cbb99e__original,2001-03-20,6,98f30f5032d95d7c2c2fbaff66b185a96202bb4764cf12b6710dc563c1d8461f,True
d5f8714533c0853d6de259b4,0a33c6e5be2ecc0c0433__original,2001-03-20,7,2a094534490b9a9eaa5121110260c11a92b47fd0b3a70f840b3b897e6f11af19,True
f655a6ef64a040bebefa13c9,c693557306bb04eab87b__original,2001-03-20,8,447dc6ce9a8bbe0d84197d553ff36ad8a80f4cf4d63d358effa4483039fe7bb7,True
f3b30a8e172d1554a95740ac,7cb3f54bebcb123b356b__original,2001-03-20,9,aa621ca1b7d815fb13fa18a8c0e973790f2fa5475b5d97c29a6ebd44d7900fdd,True
2988e0239e2852c153bf6545,e7dfa2c1fa2eec72509e__original,2001-03-20,10,a83f179e10484b68347069a5eecd73c02102c6fb732fe8c25d40dc6e3592e1ab,True
6a160f0913af0dbbe6e4e43d,d9efc84c2621977449d9__original,2001-05-15,0,3e47fa09bbca714159f8233faaa4fc264f94a633d94b7e50c71411cbd46c0fc8,True
25e53ed88a533a2acef90767,e7a2830c6380646c4160__original,2001-05-15,1,e0b0490ba891c4831984990ede37d80fbcd3d8131c1016c4b61456eeea0c96ea,True
d5213dda8b7d5625dcc8f1d4,5a7ab968edd687d10457__original,2001-05-15,2,4941aef81138a6ee911c705f65f91728b6ff1344a88730525f8a93589a28739a,True
309979563bda4ca253f62f1c,b2d7032c41d1ad3d14d5__original,2001-05-15,3,fe23d33ea3c41390965ab49bebd2e1fc237316e0ca60e087d968f9d000e273f1,True
826d8c12a3b61a135de33a8c,2adf270c57c588683954__original,2001-05-15,4,435fca6b63371a0e237e023495beb70a4ebea564554b11e1c1051dee2169b424,True
9fbadbc4f179f2023c3e4fb6,731e2308132cc884d56a__original,2001-05-15,5,ddce61b1b6d4d9c86f678e6373fdf9abf31cbbbb8f2ac463843e8f8ad68c85c6,True
8a6d93fdbdfda5c1713647b9,5e5846f78f47c7760eeb__original,2001-05-15,6,b66a517890919422ee8b2ce7f9f29c6f74be2fab0f81b8095525c1d4bc352425,True
93cf1000791925a3acbf2429,3d8eae22ba8b37349830__original,2001-05-15,7,713392a79b86d8679d543a984a1b5bd52145cbe32188d05728d8e6946fc5ab48,True
ce0ae53972d360119a010cb3,9ff2a78f666493f64ee3__original,2001-06-27,0,dc936cdeed88b18ec098edc98099fe9fca65e19584479115fbdaf3fd6e42d8c2,True
ddf0c6b338d9f0d40b27134b,6443f93c0e86c6ad505d__original,2001-06-27,1,3a298de1e0134f270bf8c1f268b58210aa32cfcf9dd046cd45daac24a482fc39,True
5379d381a435b4e0ab73574a,b5d354351098464d426c__original,2001-06-27,2,41711c4989f437737c621edf4186e1828f223c3120700a122844fa6edef08909,True
4213b5a8d70c1903c10171a7,e309a4076fd135591cb9__original,2001-06-27,3,8dc05d098bd248546085d012fde90ad5ad16bb511914e096b8bb1443b3da5e8d,True
71563a624b328fbf733c2f1f,13562382d71e99dca3e3__original,2001-06-27,4,4b371c945c20579fb333fb4d21f264c1a44cd692ab6059c166ac34a58c539209,True
03dc416caa5ac8d855ffd3f7,ac8f00e81b3c20f24b79__original,2001-06-27,5,8258c887df6049ddb4a4d77a1de79257a03a8a0a2d39dd67df2256768736313f,True
985b4be173900e248db6911a,a85465424322d11b18fe__original,2001-06-27,6,df8c2e74af7153e1d8965e3ea0ec0512e885704bcdd931b84a301ff68aab1631,True
909379e64ffc9266623e2627,7420fcebd20a6e34f0ad__original,2001-06-27,7,94b068a23fd475c0b8f68d2bcbbc8d4d337bceb55d6c2c29573985e959621735,True
b5d6317b33e7e606ed639607,692efbe983f318da68ce__original,2001-08-21,0,db0fa3035c1696f37b59363b758777c0994129a12842392e06fce7527acc6a6f,True
b07970a247f8a1ec960ca94a,2e8fbfecff90cb561394__original,2001-08-21,1,d1b39ec9e833d76f000bc8823b4cc5a1443b879ca32018b0aa2810b3e6de94c2,True
d174442cb85b637bc4b38a14,780f28e025a07c1432bf__original,2001-08-21,2,e2b3066f59c69e359bf7a48c97171f380d5cadfb2368d24efaa8892609d9da44,True
f0273f9c82eac0f99300d289,12dcc18ab6a2423185c5__original,2001-08-21,3,091a802c78df388e1b6a3dcdcb471acf8b68045997afba04a1d87c729df4e2d2,True
133b1181c87354e07bf028f4,1a01bcbc7ced8e0d3f98__original,2001-08-21,4,d74d78a55222020d1b758a47137893abb80f8d88de0fca162f9a3d078db2788a,True
da730e21a6e70716c334b751,83fcd86f72b5ec621649__original,2001-08-21,5,acd81698c82ebab5dcdaf93f7adf05346dee80a0c57820e873d97891dd491ec5,True
cce3ffd9bd25923c4ea7c4e9,170d6dd3e540efbbcc76__original,2001-10-02,0,8db8928f226ab136004dd300f0a3c864a95515eab8b80a86ae110a3b90a70bd0,True
37ec208b52c64b32362169c5,c8234e1e89a2ef35fa6b__original,2001-10-02,1,6ee6ba9e1fa0f1c3a8a6f6f2c18d2ccc4213da6b102a9e0e5e02dac0c9aed5e5,True
e291392b0960187895c8ba31,16daf84bb39a4331de2e__original,2001-10-02,2,e14364c00af1b69c0212e02c0587734e4376f62a93f24aef424c5bff970bc079,True
efd647dfafc73d329eb3c84d,5ce0e41ad1d833fe1f2a__original,2001-10-02,3,f5db6a7a035021cc641d799f55c5f36ce716ac859a63c35081bfc545e94f1528,True
f1e14c7c2683d0d105364244,c476de3d748062726e55__original,2001-10-02,4,61baaedc1c5c2093610f217e404fecf29dd68329ccaecfee4e5e651117726254,True
4bab6b7b415e6d218360883d,a7694b57cb8c320ddf5f__original,2001-10-02,5,04783ee8fc52b68cad2ac5e4ae6e458800024b16c55a23486962a2e2d6ff54e3,True
44026580b8df45ed31708980,8ea4b0ee060be5bbfa21__original,2001-10-02,6,6c6c9bd21e0165d6e090495a17bfe730619bd07a40e941d3cee47a0721b4209f,True
6922845db9b658fc8fd2669c,2e3e5a453f62d2409394__original,2001-10-02,7,838b0cf6cf3cd2c3703d191a15ecfc661089ca3fd51022ee411ea4c12c0aab2f,True
ebb5344ad1863ff6b980578d,5c7f569ca9e1fcd85a06__original,2001-10-02,8,28aeaa011ce4cdb649aff4eb631cf41ad20bb04e378ef48dbad35c97db5d9687,True
9b8c6011b5ad3ccd706d3a48,6b1d6a1eaa6264d49b08__original,2001-11-06,0,645a3ae2a645bf569eddee7b9321b056ab35b604445cd19da104d233e79910ee,True
2a89abc7bef43077a8af2e32,e19ca89d4f3840b8e4a9__original,2001-11-06,1,72ecb46f102999f4553481b304df698b13b9ddf42c7a65cdbfe886e7ab6196e9,True
39a2e986eb5c96e0fca48cac,a66c28592c4fd354dea5__original,2001-11-06,2,f8acc1254e17e1796449ee24941cebdafbae559cabdb3038a52ee74e02f63476,True
40d63b0e77a9ea0bb1dcf870,2f703fe048d2a7156e1d__original,2001-11-06,3,b669c64426b18d38b69418a46ffd5366de869c58440d627b774e7a2bd207f389,True
cdc1440b16bc682dd08114aa,44f9b7c19fd0cd416683__original,2001-12-11,0,0a8929bdaa573014fc9c385dd21738ea6c1750c2d267fc72644673d68d763cf3,True
98ccd59d804c2088668b5cf4,de5de681e25a5d08240e__original,2001-12-11,1,71948abc979d1d26c6ce1fc59e2dce944c019d9a9c6b7ad4560589f7d5f77ae7,True
5ff8b99ca1877f86b1abedd2,3c5f428ca43dd9459008__original,2001-12-11,2,6b1a4933b07eec953023f7a021e84333c74ed14913c504739c2379b446502083,True
8c42d6e5fe0b1d9ce2c317d6,8069b8f43b7d203ab40c__original,2001-12-11,3,e576b683805ca27399c9f97e8b26ba99a5feb81948c6cd687cbbc317970ba76f,True
a71adbbb13f4bd2d4a7cea34,d9a07c1f1631c57dc5c2__original,2001-12-11,4,b444b9453cbef6df5c7f3c59d38a18d918f8f524a105bbabaefcd8b0e4e55ff4,True
dc2cb28d0e4146b355665cfb,38d9f1c1c6afcbc3f775__original,2002-01-30,0,ef737838579e4f6a0438a5b734a94f61dced9ac777405424fba845b398915a3c,True
80b8d498a12d019f23a4992b,870558bcedd5ae9bf259__original,2002-01-30,1,472a4df1c7f76180c4ee6792019334592ef4c045c4cac8741735d771f42705ff,True
c93f6ea0b5af43f1dadfd521,3294f3000221026a4e87__original,2002-01-30,2,9767548e7a165934021764d3524a3b4d07c453a72faca8812a1baa82a491f546,True
c6739000ae115ae5dd124c02,0e5f4dc7f9d30a864a21__original,2002-01-30,3,ee7484a99a568f26202942e28345136475ded2ce740b9fdfee0107036659fdb8,True
281a99bc1413207af9b06c0a,3ebc1d2cfa57e903f222__original,2002-01-30,4,94d3cc587da5a976bb910b43e573d1378060d13b3c106e1b6deed699e04622ae,True
ceaf536bc5563b645b94e2aa,1539bdbb6e5545dd3261__original,2002-01-30,5,800a4bcaa621f173613aa10cf24de441f91ffe8e279421adc29c4d9015866526,True
bcd5a3dc65ea18fc25608957,78bb25f9fe66e1c2579f__original,2002-01-30,6,323189959ecfc9e151b1b02135b6f4840f990ce5837adf19fd95ebc75172d250,True
f6c97984bb086bfcf21dc747,33f1318a24c829a90450__original,2002-01-30,7,134e031588fabbc9cb1dc8b211140c55d9f91a0b42333bc545c1bf7792884db2,True
23a1946b74c10c736efdf519,c97a6a3a7a00a4032cbc__original,2002-03-19,0,9d86d0d838722a544fe80e5f0c8ac915e0ba37ef31d8962fe734767aafdba624,True
68a7445f077f84d4cf8ce6f7,778caf86ad025ee18dc3__original,2002-03-19,1,883dccc111ac0fdab9819d709a4c1442e4c67e507668a159a83b0b42131c9555,True
2b9a182dbc115892f81fc457,b675bed9ffcc5c63bbc7__original,2002-03-19,2,c8b3ce918ebd37e8d89e5198cf2b3d18cf77aa8a415092c627ecf2c2abf15b43,True
2eecf940d682585ea489b410,35f0d941b2c7161dcd6e__original,2002-05-07,0,a2c88380e03c3e442ddf91326bc868424ac1de69dc3775fbb97c7ec504cb5400,True
c9ec3d9a879318578d9bdbad,7b6e46e6a8148b51dc6b__original,2002-06-26,0,5495f065541fe4c801ecd70175fab39bd785880131a5d574d46a8ed291ae581f,True
0c041797e31fd62176b23e8b,aca8132e5a6bec1e73ad__original,2002-06-26,1,0fbbf123c36d8ab4bf4a9bd38e42f7cb3794cb5b5f16bfeeb28534ded0cee76c,True
d0c6460bfb16f14c28f06165,37ad5f96987e909f5a29__original,2002-06-26,2,bf0f74cd8781cded73e16496a6ceafb3ef6e2d088d4c123155fb0243ec12eaac,True
4712876848dd19514099b9ae,e5306c3018b8ff929bcb__original,2002-06-26,3,c1baf3f2f447b00f4c7f110366a104d30a789b3df94b3fb67810da8873f07ad6,True
2d3806f07981cba88bcfe27f,38b283ff8da31dd2fb91__original,2002-06-26,4,5f48d39f1c523e2e3a0c8a23883c5213686129205ca7705bade60d12ca47b7af,True
b2520fb09f1525e0e7ac8daf,5a63e1abebd15714dea5__original,2002-08-13,0,73703d006f515961500ebb741a5c760b45829bf6d61b9ab6daa60323766c4c54,True
3bda4d71392eb8f858d29118,241a8ab74f311400b0b5__original,2002-08-13,1,92af193f154f6b74b5d58004ab3f2d1b3140b990c144bd31c816997a3b6d7126,True
7001886096a33f02efd9e6ab,bcdf9337aaa45fd1d304__original,2002-08-13,2,9cc0ad7a5d4aa659d88ea9ce8a5d1beb358a844b47643fffeab7e0f06a956746,True
eadc8f316840f91d7bb486de,e6b48311fc976486116e__original,2002-08-13,3,dfe98f3f0bf13460ece5e972bb91e27bc7a2a192eaf2af631de878d5e46fcf5d,True
d60427588ca7868411636a80,1091679620b7fa45e0b4__original,2002-08-13,4,086a00bc1a5e71292c288db3da77f756908634a5d60362f04e59bd3c9af41344,True
487c2671f2afe91e524f4e2a,0befb2e532f572bb8138__original,2002-08-13,5,f2aa18f3d583b4969fce57313ce616b11f345a96bda15ebdf9acf93c7422bb17,True
ff74df9640b41657bf087dd3,dcc92871a2f0d074ca63__original,2002-08-13,6,c2c0372994747192f75121f0974f9296cbd9e82d3b94dc26585a81f517842a4f,True
6eb2f46451018a0e538d9107,51b8b748cb0ae036f9f5__original,2002-08-13,7,e2ed3bf051f1a2b10a06f78a4454f2dfcff19d7f75dae8ff248daf287dfce883,True
af5b38f99e3f1bc732413519,9629a59c9bdc52b4c921__original,2002-08-13,8,da9bc42589c8915d917f4f23220298c12a427cead2ac281ee7fcf6ee6eab7639,True
6fd0ecae2cdb22c82cf6ae5f,51366a64852f32360435__original,2002-09-24,0,5799f1bb42ad20d514c24fdc084a7418f7db39c44f49831718af68cda52bf3a2,True
5db14d1f59dd85dd65d30f14,0fd5524500692c893124__original,2002-09-24,1,df138de808da1ebc7662a1c467f34b94993fe111fb4cef361bc29a9d255f8a36,True
255f16a5b1a23bc6d2301437,5e10cbd0781aa24cd49c__original,2002-09-24,2,5ac72d8c6de45a604ba55951c0f4017b21451a782918bd7eff559a891f0e5af0,True
3658bbd2d2dc374a5590b8dc,e40b03ea76c17c5c2f0d__original,2002-09-24,3,d5dde98adb4cb89478cc10ca779828eb9b846d1089146edd189fe22c3fad5b4a,True
4f70e64445a814a2dbf0ac92,e84215f3c8652088f430__original,2002-09-24,4,b136643686fcd0acee314dd5dee3d39b267d292750edccd25bc99cefc85aba69,True
34154b5b1baf14c1c877a1c2,80dda11495bac3c4842f__original,2002-09-24,5,8206d7e603845b30e5c4f828aa0d1e85b92500c86b283a3ae79ef243abff53b2,True
a299b175f5c951ed399389e8,17998b59cdead91371fc__original,2002-09-24,6,08ea0b80b6b112596cd048974a1ed6b4ccf0d0b2b441cd2b0d55661f81c5de21,True
ac03a8bca6adcbb3b636f283,061240f5484213cbb395__original,2002-11-06,0,33f823fa65da765d8a990425ff2da6fb04b024e5c1289ba36a60ac366c0f2f94,True
a921de199631925d015ae766,5dfccfd4963b562e3564__original,2002-11-06,1,9f2212553fd77c4c94a830dadc772aaeb7588e64ac07ecdf5e960466047da131,True
11aab74e9f0ae626fe887df7,8571b0e119fcbc77d707__original,2002-11-06,2,748cadf20bfb8d9788d21695ab73c9082664542cd32337415ade1b0bd0e5b7e8,True
28af19fe012bdd32e102442b,449b4fe35a5aedd9dd64__original,2002-11-06,3,e668fff61dfaf7fd9fbb946b83e56bb13f9426bf5eec73186ac0d742fad2d7b2,True
e24a31ff13820ca2699c6295,99e7e764e221625bc157__original,2002-11-06,4,1820a4e1615f9bad7b89fcbdc3341f075fab89f53fe36221d48d5e7f21519a7a,True
b01df1a9c72de3c7a14e784f,9afff496f16efb9827cf__original,2002-11-06,5,308a84dc5901e08a5451675f7c04d1284db9bf159153ba68ea1ff83e777d1174,True
f571758cb29799d10bd4dde8,a3b44cec616e1140dcc0__original,2002-12-10,0,ca4e0bee7555f911c34b7786062d5f5d986c0209eb7d228a1d46e1139f9b8cfd,True
e1cd05505271e3eb656c7fc8,37c1fa9b4ff92f455a3f__original,2002-12-10,1,6a911efadcc62b599b7aacfc571f84c4111f86d5d7df15aa1a40b109ccde0705,True
a175224905131987b2d606fd,950c473f890844f10ef9__original,2003-01-29,0,ba2e05d553f9feeddd7b0644b45a4f416a4234c708f297d1ad89efe763c7711b,True
98c881b150b281c428147caa,aeeb1decfb8a89d42b2a__original,2003-01-29,1,8b1101dab39abb7e250cb857624fc7eb54eaf30e41ef0bb9628f961f03d3fc7e,True
a92f19ad3c5643216483a006,90c0184c0ce3b3aea5c6__original,2003-03-18,0,3c8475a02da2256993aa3b23eea395bcdf25f81bb3ee88f1bb27454b75af97de,True
5db6cf93ecec8408e2fa3fec,4c1826730fdd01dbc6c0__original,2003-03-18,1,ca057cb0014f8a434dc944c418e94b1c45b1bef2008c2e826369de86b2824c95,True
9553e4d2e0c70cee1d5cbfb7,1506fc98e64958d4475e__original,2003-03-18,2,947e78769906b4d9abe09671aa61da754553f40845e328e5dc5ced68364b6454,True
623c9f0b6572d6b4e34947ce,4e10b32bb9bb1d1f984f__original,2003-03-18,3,317cfa4d1297e39a3c6ad7c6a8e008ce4193429340928f1d970a411e994eae70,True
ff6cef0e0194b98fa15e6b1c,3839b240f4771ada4b07__original,2003-03-18,4,c67db4c31b355e9c8a34d33f18af150615590c8fa96e4354ebd16c04cbcfac6d,True
486fbf591f67642161286e55,fcad91512851dfc75452__original,2003-03-18,5,5cc1729afb69644f1ada12a487a8f4907c7c729e6291e844e3081555a16bf417,True
610e843395b34e103cc00a40,c5e54ed75e4c708cb68e__original,2003-05-06,0,021790e6006dc40c14dad8b300b10f7ab24608047a7d85d4b9abbb670c940092,True
fa836306434c50b7912f28e3,117f5c79db6cac3d3ffb__original,2003-05-06,1,5224c9afd606987401aa7204a6610a784c16902fd52928945282b7e54a2585f0,True
26457475ff1cec2116a127dd,3f3cb3e4e2b8ebbed037__original,2003-05-06,2,544768fdbdc5a852853021db19a6cc7f3e667e1ef704e6433827814306be9181,True
49b808a46c6737c9517a3ad2,87b5c6107fcfbc15982f__original,2003-05-06,3,25449a65605afa46c188ccaf33e9bd88bb0e3ecbff11eaa94f91a5b2e7d4265e,True
720ccf3b02e506d344ac2cc7,9b463e97e40b2082459f__original,2003-06-25,0,7f69f44dea50ff8f16f8d7f25db44ae5b2aa44314d98afc5dfcc51ec67b9b209,True
651a7cd6c9e5f077559bc92b,a55e64f4ae26c0705e38__original,2003-06-25,1,811b6c738fcfb36dc5c41707e18b9ff1c60faaefba3cfc808640fd8df6ba42bd,True
4aa4ff91da6dfbe8d0985950,f299141221f3a0575be9__original,2003-06-25,2,bebfcc32f15aa3e791cebb7a6199dd62df34ec6d3c6dea558d9b77c41e7fb3b8,True
c86675a382154af605276615,794f50e4cadcc18f1be2__original,2003-06-25,3,67a47941ff2eb4c1172c14dc497a70ac6453f08c859cc95f9c641e099324f9a2,True
0a65ac3033f629737ba47324,833f4e04fbefcbc78ee6__original,2003-06-25,4,2bccfd150dac6ebf5a8558eafc8a03cef89adfa3642a0fd1a86ac16123c9186a,True
bf4ad5c6d7aa1ab8831649fb,344f75de1ddaedfcd7cd__original,2003-06-25,5,91026a78f8a7267fd991e297d2026861d7dbb173af4671faf5ed99cf0e43588b,True
12f3068d169c76019118aea7,52212604fa756c98b758__original,2003-08-12,0,874dc9ff92993ef574ed27a42d91be37186206cc483af186ae2f83d8d3aafcf0,True
2c1f2b32ea54abb6919f20f5,f219516ee10181c68089__original,2003-08-12,1,7eb4ebb87a11c523480bcf562b3913de5a83cf682873922a3a96506f57cd3fdb,True
0b6db65c9fcf118f124b5355,4378296e21e45523d189__original,2003-08-12,2,3b9f9bed91d29d09ed3e41844bd19283cd1fd096089a36fdf736ddc4ca55b5e4,True
47959f762153b5832c92b43b,dc47e808377f9c55b1e9__original,2003-08-12,3,abda55af5f1894fa0676cf16a140433908312899a330867192002a91c5c23ac3,True
df4abf541372f6c6eaa8b24f,3e010bc9caa28872bc78__original,2003-09-16,0,02956d6efe5a270ce482936a87ce2d581b15fc6b1124701e5220a18195ada9a7,True
7568a9bf5147fc0ddd70334b,2becc350d679a0002236__original,2003-09-16,1,67706a9d498b2ca5fd1cc1c33d218f5b5234a84d3dba271bf459a5d9598ed3d8,True
19b97efff1f0e51baa4ca5a6,8a85a95bdc9301584682__original,2003-10-28,0,d5ff719abd3331b9297c3648b69d0fca3f52c9d8ca1b15609c5d1e38fad39059,True
fd601450184555508d6a5c77,39f21b9356c7ef4dee7f__original,2003-12-09,0,dc07029e5c4e42f07fac0178a9378740f37252a41f5e95af8710d2b05ac50e41,True
adf1cdc89b48336c8658c261,efc5d45b6d39540fec88__original,2003-12-09,1,50fce413024bf50e74948960781ca5bb0a827213b88a86f8fa2a643aee82c6eb,True
b9be646569961ce16b29426c,968841756afd62fc4ae0__original,2003-12-09,2,4321975f2f5b76077a7dd74e51db4353a45819d47a4ec9163ba2bdcb248519ec,True
fd1f441699c751cd962cc065,66700b7a286e699d9f6c__original,2004-01-28,0,290be98bbbcb757027fb7fd00aa8a4db947cbae19c29ec32be445d184e8cde4c,True
7f0cfd1990f95a8aca1e033c,92635e480a18d8ac44b7__original,2004-01-28,1,2365e7b18d5870b198828ab554f4cd1d9484c7f2d1ee6db0caa2bef64f14aee6,True
cc6f75d1120a843765d06308,a1fa551f1305ab4ab3c7__original,2004-01-28,2,b860d28c6c340690699e30f46d7df5dd7fe3a5d55cd3959ef61b42b172e80d15,True
0523053f8ff8d8051168fff9,99a49bc9d8562ebaeedf__original,2004-01-28,3,d04de915587d33b2655f9acf6a339ec73b4068ecaf64b0d88297a1415cf0c7ce,True
d670c2657088cec90c20afca,fb931b33eba278600b2d__original,2004-03-16,0,e04de43b5101083e23fa7d69d6b8a53d880aa066977695ea2ef6fa9fb025a051,True
5bbc127a7fa33f7da0272920,4640d3a511ea41c7125b__original,2004-03-16,1,d73a4bcdcfcc676a05b7d8b59d64489647cf1ae46a749b0262acfc72e6bc2117,True
6821fe85eeaf79bd4a0ceb5f,66267230e3ed905a946e__original,2004-03-16,2,f68525c5083f41c00751ede457046a6e2459b884a0de365e81a5461ba68b3df4,True
d448f6ad7933b4c4ebcff62e,a7237710cde10e836c24__original,2004-03-16,3,1879c5c5080e9263dfc2e1725d4fd8a1789fe7242c096d458677ddb5cc6a74f0,True
f310797ee990aea27b7afe2e,46c12ea8eeaea97ee64f__original,2004-05-04,0,179f278e3613bf2754ca3c05c3bb230b9f6b6ac7eaa5bfca058a7f3ee17d3fff,True
bd07d874c5142e230f06c8ed,e56a2c1686de3e1c1696__original,2004-06-30,0,a456cbdd6b690ffc09663c66c4eabfa37ff5707db2acfee5b396a7c90d888d4a,True
8151a78700fd04d10a360653,9869a2aa986e0089a3e6__original,2004-06-30,1,3855b6e53255d6ff06beef72418c42857726498394a231d9be0fdfd1b259b08c,True
95f848269a52ca91603a75a3,98f28e7275f397d50a99__original,2004-08-10,0,c427492d30771f7fded285515c4602bb666e3b184de4fb62173a396af23ff6d6,True
0d182cc21e780dafb921e209,c50f81561f04195e4dbd__original,2004-08-10,1,2d16d061195de3a142e862169d16c432d29e8d6637458350b66a01abe6ae1feb,True
9829e985999e07ffe11e7094,9d1ca9e6fe7cdad7d9a6__original,2004-09-21,0,f5cef7dd8cbe809a1a6b9d28ad8e2e76e79b97c3ca37770c71332f909989a5ad,True
514f41dbe42c28b7033d4d77,b282aab2cea1b8e0568d__original,2004-11-10,0,dea4aba86d20db32aaba49201651d8b5fd8eaecab27b338c43834f06fa35a7c9,True
21da65461883a3ed5b0ae60f,aab5a039a68ef678f6b5__original,2004-12-14,0,9e909905dab6132daebee417c2a011bbf205e2611becf0e1458c08ee59f7792d,True
1be5c94d5656caa31ff60648,74be149a395f58fec72e__original,2004-12-14,1,6732344034bd04a909b8ac4c5dc514c8624370a2443d0dfe07c42bec7578571d,True
62020e06d74fe1cdfe85e1d8,d3bebf89c89f26b05fb3__original,2005-02-02,0,3a9683bf50edee5452cc2bd29f481d7bfae3340394326216088da05a84f1acc8,True
661d3c73f760ecdc73bbec56,98c1f130cc7d4e330925__original,2005-02-02,1,bdc665d08c70aa1310f80f26811a71b4acc1bc1db3119b6051fa04517f112975,True
edb78a44071a96544855f276,e70a3edc79d42835bc48__original,2005-02-02,2,458d96ffa3da9acc39b7513e155c9fb3bae5c73dc1f2cfe319e176750d8cb012,True
64f55f0a52413f93f560da22,2de850e192df21b30cee__original,2005-03-22,0,907685ede12199b40f355ad7821bae9ea15c2ffd4cc5f13308996eb02ecee892,True
bedf1791485e07ecf53c64d7,7b86e6919f9191d2f188__original,2005-03-22,1,8bbec6fc3849ef70077b2ff0e8d5aacc8266256169c2d6b6c101117db12e33e0,True
67f60e1fb2c1ae9a9919ae0f,c619467be672c72465a8__original,2005-05-03,0,4d55c6ad812ea1e1cb005bc5395c467f3c4cfbb30195d03fd6a3a897c1d45875,True
73b7feb678d837484c6c29c4,dcdd3503090a3c55e837__original,2005-05-03,1,d6db526fd258b47afbcdd1e8ce61007d82482a127c136185b45030ba6d987da4,True
1d83dcf321f7a8f60674b38e,9215020b60c50b5c7e53__original,2005-05-03,2,858d37d4d4cdfb7f63e4b3625bb255d3c75cc3509169fb7f7fa996443d04bd31,True
6d0aaddb3f1191e7b66eb953,2200bea8c27465e8bb28__original,2005-06-30,0,64c49d35f846727304df926e3155d603bc5b3d18a568bb8cdbf17fe01d8c8b13,True
33933191e5ce1de5b066a411,1afcbdee92bf5e599345__original,2005-06-30,1,8e7cc851e00712b69bd96592a15ebd0f97d94a87d16d5d6b4b1547ba2ce2dad7,True
161939a74974720e912242b4,16a3191a68ac3b191ce7__original,2005-06-30,2,b2cc6dbc22d1c922422ad4631efaf43599183ce2a86122a5969d5a1c6ffa8507,True
ed2fc3d229d55c8803c31a71,58678588376c43b4c6e5__original,2005-06-30,3,57771c6c9d46ff34c47dc3cc5199ffdeb667d479b312a57de1139b1575c1bc09,True
28b85eac7e142a060f123d0b,d4dc21e0f3f859beac36__original,2005-08-09,0,beafc48958e22d1cda1264859426364a1c706de7306af68ccd7a3fd91c458ab5,True
58fa9a996f306ce2c5343556,e1d88fb5f90684b79a73__original,2005-09-20,0,48da11d3fbaa25615316b841e1d77e5c1dcc1ac9125f280d82ab58c3e397c74b,True
46023b6d7631e56c593bbe72,01cb6c3051f178af3981__original,2005-11-01,0,d56699545906abc298176e2b189aed751f39ca3ad8f862047a2f3bba70906a7f,True
c332ed06d7215f97c356dde1,627d2d92aef9c12688b2__original,2005-12-13,0,69e013439485c59c9b431a132a0c1e72c142c99b113382f3f307f6bc4137b871,True
71b5adc32db2f2199c843583,c6cfcbdb1272cb88a3f9__original,2005-12-13,1,16c71180341a66d4bae16461ea47c79673a4d7068dd39ba88e25e8f37ac1c802,True
2243a08827d912982fc52e25,160c8d1c26f038716562__original,2005-12-13,2,226d1c0f79efbc1c9671de0ee93283d5ba5ad0a96c08730d580797c99aef2b59,True
d493232208eb65b96b76a5c4,570140caddb14384dfc0__original,2006-01-31,0,045b322285564f7ff81f33f2518c6d64fca048395965ba03bb3d6184e736d875,True
a9c51930144791a0ca0544bb,bc066bf9351a7e7e2124__original,2006-01-31,1,7f75928c909cb428fb3687b37305dcb43e52a7b1c96108e951ac87115878e7b6,True
c12bc495b3183dc869ab2027,bdd89e6ad8386f07a963__original,2006-01-31,2,ac751d896766e64a528bfb001eef48ce0492470d04ce1cb5dd2f0584331e37bb,True
65b12397bfdea4f857285ab7,cc965953ef0c9646339b__original,2006-01-31,3,0a3f674c8c633b1e4312c7d21d11303b3a76438f8f4a30961153c9344cb66e1a,True
b3d57224cefb72838d02953c,5f6cdb96ee028aaa8838__original,2006-03-28,0,df244a465da622bbe12fb0ce40d99be3091389fca47e33814c3a87a572cc004e,True
e56ca77eeb88dfc96ebe0815,6ded19c7099d9de461eb__original,2006-03-28,1,ad98f2cfc72575c8f303c93aa9befba19dd867d62583359c9ce2714497e3e978,True
9c2cdab5b96a179d6f1c2bce,a97a861a7972161dbb1e__original,2006-05-10,0,12212e0de6984bd08c597c0d46def7857788ece41d296e504b8a7dea55739f59,True
9f4927484d7479d6c2ccc70a,b168cdb3a692531ad3df__original,2006-05-10,1,55d02aa60c41c26cf46fe7333ab13395cfa0128415e437574c4a97428f43373d,True
654677332f44d6789bc8db28,edf5ff7f3b256fa8fbdb__original,2006-06-29,0,f33087b9fd4ddd2c4cf0104eebb98a5a2d9a139f993b76d84d79f7a0c24b4627,True
39c729dc670cf419e82852d9,5be9222668a4159de8bf__original,2006-06-29,1,dc94b7170930f9642b5bea9432670278d0fe8d8d8727a8a4dd304e9af5490098,True
5218ee984c16b89ea98c0b28,f8b70c4d99ae268412d9__original,2006-06-29,2,e6e729dc4381d523a9facacf0a6c8b58e8a04765ba66fab0ef810ddf124e1b84,True
18e7fbd3cf8281fd70046d64,58e8075a141a1e72690e__original,2006-08-08,0,ac213e19803e9e57f3c8ec55cda4c7308a52809a6ca30e88b12e9bb8eab87c4c,True
b71d4b4ba0d3813f225e53b8,1029ba46a5c3c553bf61__original,2006-09-20,0,e0c73df6e09c59edd6e5820075186405c21c3505b098d6fd5b12eb7aaaaa115e,True
52737ade4848dbacc58bc980,c1ea9742743e62f853d0__original,2006-10-25,0,f9dd6de57abdd1330ebe1600f8a5ea2cf4394362728a114a5b90db55433661c4,True
bada0cb89fce5b58e41ea1d4,c582b662c2fb00824e32__original,2006-12-12,0,4d8d625347d41c89ff49f736326096f51131392206218136597cc7eaf33ac281,True
d44d5524cb5f376b69377e7d,32681f95229f61785776__original,2006-12-12,1,c4414b7a821c6c50080112cc0bbf40b231a35e31f20e7fe52798f85f43bc0d02,True
81fce9ef14a59bce46431023,cc34b554768c05cace7a__original,2007-01-31,0,0e90302e9dfae59bb7e89e85ecde91ea30a6512f5cf019f558db394d0ccfe5f0,True
0b54f6ad73e59383bdf420d1,ca910b2c8f43f54f706f__original,2007-01-31,1,80ec12f1ea6ada8ae9b080a7525690cf3ea1c1a5f3e5339b9ab2823075a7493c,True
4082bd80a5e299384c7406a7,a2f5c32cb29ab19af98a__original,2007-03-21,0,e3e6729891afe26bcab165ad469ed495d3bdb4b1b0dd24e7b8f941cdefe7ce12,True
8407d16a8795ef9788680c23,106dc935a50aa10b62c8__original,2007-03-21,1,b5b14fedfd21bc5b0774fbb782892dbf3353f630f3ffad33944bbacf87561a26,True
b84df2cacf07e3ce03a85c1f,103b2394ff5b120f9ba7__original,2007-03-21,2,845b5813660f9cc09723a872250c746942f34f6f55e40dcd021a2e1b5dca02f6,True
a74b39efeb2c26077dcdd07f,32eef0b96904a4cc6ad7__original,2007-03-21,3,c315ccc6deb8bb664ec86667971750f62df5b043d172954e5d8c1dd11d61eb17,True
ee41615d47245b2cbdff05a2,b0d4fa5ae8060bca8941__original,2007-03-21,4,a321c5506b8e66b395bd48e9ce08ffa9d1aeefd11d79057c1e0a6fac10d03b4a,True
c2ca950c1657fcaa338f9e3c,bc47597f63e492f0f779__original,2007-05-09,0,57f226b2caab8c50bf477504963efd5e9ee7c332155e75cf90983f8a3da10970,True
b5a9dc9ca0f05da10f5c7b2d,23fcb7a30557c6199d28__original,2007-05-09,1,9efbcfeec5180e46eeabf41c4664ed182cdc2a7351e4aec8f24109831abf4ac0,True
3157c9c0b3e4d6d1321880d6,68145e12d9f1f72c0eed__original,2007-05-09,2,cbf44c161c1868715d7b2971a38ed732196dfc6acaedef8df3451d1908b75640,True
8900eebfee40fc04681ffa20,b2d9c62e4d4f25ca6afa__original,2007-05-09,3,a027131fc2f8e9b0924eaaa1e4dd091c2c0ca7b002d94c62b23fad87d426eed0,True
f36bc3e1c45af3c45a8f81d9,3e34bd22b60f4e2a17f0__original,2007-06-28,0,edfc2ad72fe5d060af042ebd6b65be9fc82c9b7668fa5e723b686c1fd90ccfae,True
e79df5bca5633a589cd5b5df,a48bd54ab4e49c8e3178__original,2007-06-28,1,2269716d48d4edff875b9bec7f005e8ebd4019b0103dd46730719003d662ef9e,True
ed20974cd2b3afe932fda60d,da485dd2b687558f5474__original,2007-06-28,2,92dadd8959f65b9dcc94e9ddf89e9a801c61ba014ff61cd99769175b76a49219,True
5f7684ff4f4d0f095e65eb67,bdd556ebc465edfed39d__original,2007-06-28,3,b1eee18f92007f57b1be9b36663ce0de147d4b816c9ff3441b5d56f244ad2063,True
d8278493fe7187802392942d,2481027a5294bd2a0ac0__original,2007-08-07,0,3c4d8c3b689d9857a73be5ccb0e2189d1e79716bfa0b1893cb62abd98e8d69ad,True
efc84f6efca07d2feb9654a3,33700bed3f1fee1be584__original,2007-08-07,1,b35df45e9159808179eb4d270ca51cb0b5ca9c973a214fe03b3ae68f6925b8f5,True
12a8b3c2b66d91b14e8fce41,c311f112a8c52aa754cc__original,2007-08-07,2,3f22fdda8de887806ba51e01bc2861b1e77dba51033cd8db810ba38cf131db0b,True
9adbcbb954a0d674a9efecd4,5c1f451b9bffd533f309__original,2007-08-07,3,67cfe32cb7017b917697b7278037839a49630f3d06329fb4961b3d9a360270a9,True
25e09883654fee0698db8cde,9dfdd1f9f477c4901e42__original,2007-09-18,0,01e35bd4a5a21209987235d3fb41b63a82b49e635c87a92823ffd3a99ab5b82a,True
d805ac6fc8d1889fff861744,1809b2b7c8123b757466__original,2007-09-18,1,c2424f447926c98aaee15d7e615ec86cf563958ff82c39f17f83c919ac7336b9,True
df116f60a1b516718d37f806,7349d031127fbc3ce3a5__original,2007-10-31,0,278de9e7bb4f75c4d28f47f183d5a41b5a719950465b4c934f58ff9e3cba290f,True
1b68492a0d55815558d0ffd2,ae40f069bdef59f6d921__original,2007-10-31,1,991748686b74dffa51858aa108f5f5f1bec11a58d6ebc3a2001ec69b0d8bf789,True
df8905856cee940ea1e78a3e,69b06e53f784a4aeda8b__original,2007-12-11,0,42fc46b2c68a7df66de06d19ffdc3c094bc06f39b7bc2221a68e5af71f64c891,True
9adb08b1f297f9c1a6faa3c4,b8e330b100d02af9a2fa__original,2008-01-30,0,03baaad9ccccdc2a437f2346cb808bef547e31c4e46eeb3cb2a4e9de2b692b59,True
b872474e3cadb8d7c7a12dc4,78bab2b26805757bc2ad__original,2008-01-30,1,7636d324bdd4dfaeaac546859fdda117c2d74ac2875842ba2418c98dadf20995,True
48474b0b63d353a90ddf056f,3355ebcf73312233a375__original,2008-01-30,2,e7c3866f294eeece00526ded5696373746bf44b959ba82c26c307ff4622ec238,True
b157ac5cb19ce50404effbf7,2637bb9bcf95fcd0323b__original,2008-01-30,3,2b9a12a5ffab0964c991f7134fcab79701136d02605055c1e9b6faa4c16bcdd4,True
8c5e3210ffbc1741179fe4fc,9812c9d5f02636783297__original,2008-01-30,4,6d557d98b779f2b3ce767883774f19eae31b13b092ca0c8fdd5287cbcd79ba77,True
69e8fb778819c94132039679,6bde1bc198e829f2609b__original,2008-01-30,5,369a4bf03685b9aff9a732a75c7d86ed042d0dc6a682ce395945de3d03dc01e7,True
1e6b865b7afedf7f708cf43e,f82a0e2a77b2c61d45df__original,2008-01-30,6,38c20a346a84023d661c83bf4af459032080a3a7bd0bcb0edf9de7bc2eefa97f,True
ecfd7f9ee3f64b5686b694f3,0f98f58245f4a5f9c8a4__original,2008-03-18,0,edc486ee1c933025147f95faeba7b728b75cedd7cecf4fc742798f17a837d6df,True
ee35742532eb4501f8dc9db8,c1dca657353a1a49feaa__original,2008-03-18,1,108bc7dcd780d1a4d51e45617e157c7107e79e5188a7424b05cb1f792c15b454,True
750c3d17b7ce84a720fe797f,c9720c619eba890e3f90__original,2008-03-18,2,3c2b5a09b2fe4dd6062f71016dd6df3c319da46a522676413da085bbb9a8137d,True
6bc2780e6afb8a30892acb17,aa248b4c56dec7129c53__original,2008-04-30,0,4e6622e498c0fdca22b33333a53a03899852a69e9ccbbca87ea38d477a303abd,True
19cf7ec0c95884f76b2149fa,d4d2551b908b3867504f__original,2008-04-30,1,c01a4e33ae8a0ede4e6e1a82e476c697882b4593b01b755a075e32d980fcc6c6,True
54a2c7e01f7c534dfda6390f,8800f2a1d274f417ec8d__original,2008-04-30,2,d0360405133cc950957fad5ec7cdb0766d64ee0a644be6cb820a9adb6c847c8b,True
638f764c516b25c219162538,d47a7e4605afb5a32698__original,2008-06-25,0,7c1979937f89f8af252a242f987260734849792c52ef0531a0f183b678fca773,True
c56f6b57a6bf0e1f663b34e8,f6f2db3eb45d8bda6c9e__original,2008-06-25,1,364f3f24a0b8497d1fc6aaba7d6c0a28aceb53f701f80f65577acabea661ba0f,True
e3201c446bfdab3b6f1d48c8,0fda13bd1b8ed7803046__original,2008-06-25,2,8e660bf87c38635626f2884ab97f2963e5438c9e4d1ec59e2b7ffe32f6c966ba,True
05582dbe9980f0f33883b2af,7270aa8e1f085b16e1e0__original,2008-06-25,3,de2ad09b01b6a9b8519e8f2d0b4bc753a59d86acb3a55a1787c072e515e29fe0,True
00f43c4c3e7e98dce8618cef,7b14e4168ede0eecd240__original,2008-06-25,4,d40bfec1b6cced5aec795e0d69c2f0dad89ca327a259732d69a40dc6f3424c28,True
c3ce34a9a4215c3eae71d9cf,92ed8fdf55d7debd3ab2__original,2008-08-05,0,45f9160f45a08df5a8786904d20e44c47fa29651a7879ab9f258c646bae9385a,True
24ec2f5063912668dd009657,4dce25ea87dd8e2fd572__original,2008-08-05,1,1b129e94fa0f1f28630504f653123d47bbfc7e54cb48101dec1d6039b1b12d22,True
5c09030be47b45e6c0e53135,97038f855bf82fc7bdc8__original,2008-08-05,2,0207c993f3007c506c12cb98604b0a548ec75ed5201f143f65ee70f3fd24827a,True
45944ae40f8ccb4e8992e585,37e6faaf861d1dfaf340__original,2008-08-05,3,a5b480b1b1b188a16aaba6b91914a392495bae0fa5869efe0b2732e4f43d646e,True
9c80775b9a859af44f335232,d727a54d773689b3db94__original,2008-08-05,4,47c5fc40bdb98bfd4f3442a73985d29fa62fcedb44ba41bb6d1d78b92a04f60e,True
5b4d0b463ee74b17b0e30940,b48163f6e04bc6cfa78f__original,2008-09-16,0,17aabb66a531dea66c84583fa462338774e875ead092f0465b28ab36f2186410,True
8c9b95b8b64b7253b113cba8,284889f68c0faa8d3ac2__original,2008-09-16,1,fbbe60e1952982aa3ff0206d9b32e8e091454fa74e99a8b04e99ad3e7de3c0ac,True
5f33f220db5451d199d1bdfa,67f2c2fbfbd1d67e569c__original,2008-09-16,2,f497d300fd72da1c294ca56906a7a7f068f947e92e8242129ab9363dd49e0ceb,True
a46057cecc80f3114b3a2629,04b9636f079ca3fe7ed4__original,2008-10-29,0,8a3ecaf415993301891a08ccef3dca73596db62425b76cc2786b9f472987e1e7,True
b7768f130f5b19fca64de301,1e638ea2e18ffcf99856__original,2008-10-29,1,05961022859d040e838115d7e47ad28cfc30c1c75e85a313898eb914b6241f4f,True
fdf18d4dfaa58511ede42e0b,1f4570601071e3b0220a__original,2008-10-29,2,3aa1e8e892ea6e66ea56510e7263451bf0f7b50171df4af72c32d29031442c74,True
692caa1c4186b75ecee1e9be,a2618439657e32fd02ea__original,2008-10-29,3,bba5df6e817f34a5a4abfb46cad34e029617f896ff5f868df9a2a84aa048c4a5,True
fbdd3acb567a979625265e6e,7a443708577b7a6c6493__original,2008-10-29,4,46411c23d40c84048b40f20385e0132dc42cf3ad18925362e0aa4664a66064f3,True
a018fce0416996beb2a6c872,ff7b7e499096445e9416__original,2008-12-16,0,4f11474cd720b37534af1451e87a60a7735646981a96f82058fc4b1f89a4a579,True
f388e02044eca97757a6427a,b451bbc61717b2cfed83__original,2008-12-16,1,7306495b1e393060aa71420f7ff9544ce518f123761c3b1b1e32de699c06e212,True
a695ee4a331f20dd29857950,4d209525f4dc4474992a__original,2008-12-16,2,abaf9dee8a95252aa952222043417aca2c2307c8bda859f34fb899d667aff2d0,True
ac0c1cb20d003dc1e0cbc4d3,68b63f6d11b12375073e__original,2008-12-16,3,9bd1f20281ef9537578e4172f5e3381f95aefbfaab0abaa1449e783ebf1f0e1b,True
4f17020eba124ed12d60face,e9b508e35d9b09f77e87__original,2008-12-16,4,3b6d951e7e36e6effb03f71a2963fb9a7dd18b1e1348507a11aacb124b83b8e4,True
9ec2648b41df1a0c87ddfcdf,1d9dfb51aed6ac63bcfb__original,2008-12-16,5,e752500a5432c874937870e6623b730a9a305b4197f1eeb3bf54ca6e47f57a4b,True
ef8d3eb60ff77edcf6eacb00,d16d6c66cf35f25b5f25__original,2008-12-16,6,4997cbe313e5fddf23f893cb9e30d0e2453b4f53edb511e3f9d471fe2a345a2d,True
aa667edc2e5e98b73951661e,3b38e326f33c142078ff__original,2008-12-16,7,90efbdf60a9f300af93951426ecfe179a27d132e7074895cfef322a2ed8b88a6,True
2e079b9f4e96d3e5a34d5ff3,f5f95334fa8833846730__original,2009-01-28,0,270d6e0cf5faaf862f360f5cf33acb5497fdddc85698965079964bb5ef514f64,True
023661f0f409cf363f79590c,3728838129cff283bf02__original,2009-01-28,1,0e5e9c034b78e57efe37586d78b0af92b1d87e15cca3083882c006fb5650bd18,True
0e1543e170813bdc92cea8fd,6fc40eb61c0bc40478bf__original,2009-01-28,2,f2ef3e945e828f958d89bec4f36fd184631140431ba985ccc60c4627a436c623,True
55ebe662538a0746219e83bc,3709c4582cff75777c52__original,2009-01-28,3,ea8ce21c718d26fa38d9f0ac0ed989cebe51533b243f41bad25af5ce0301ee18,True
52002f1b9005b2688d57deee,58e63719bef420b30b90__original,2009-01-28,4,1836d45d484975734231b3399dd56fe98a487cfbc5c2c898efb1fa454fd0d08d,True
4dd5456a0e8f37456f236243,7f1852017c95c8ab7d33__original,2009-01-28,5,4605889d394ff8ecffa194b07a2e9b2030d342c2afb5455699df125c560dd271,True
1768891dbcc638bbfedf9d8a,13dde2c9c318f9ceb76e__original,2009-03-18,0,b993257644726cebc49caf4f653b0e78b8cef38eb43b57cdaa9d9454b54bdeb3,True
2280071d7210f739e2ff05f8,ce5e2d61366ed70eaf40__original,2009-03-18,1,ea80140f065f7a990a7d62dee6492d20db1997ec00b8fb16396348a689578fc4,True
fa4ea8008abc4f3a375376ae,5e77d3818fd52d97b2a7__original,2009-03-18,2,a21e1057470aed8eb85964abfe29f85f4b8f0b6f22bed92567d9a9093678808f,True
c44be202c57406ab6d7fbbe9,723f1d324162ab506b2a__original,2009-03-18,3,c42f47a2f4681e405c35be6b85830a511cc413a309cbb0fe464a68900727e71b,True
6f4761dda9410cde8920991b,195b309312af880091f1__original,2009-03-18,4,ba68022957b583a8ea3ab8646fea6e9e528716cb06f0486a992b3be521ef9cd3,True
b536b6f35875ee415ae8cf11,e52439a948a09163633a__original,2009-03-18,5,df273a8fc57872cbe46b9f5dcd8086bb8ad60fd92f47247f5352849678f0a916,True
9cc6c3e9b22fa464378e367e,4599c4454d5fc35be4ee__original,2009-03-18,6,dbfa719afd867f45b58bc6bd806efcac5e15d8ce5316b6ba789f290e3aa324a6,True
5b7d9ae67dac8b838030c8bd,8def0c2deb9252ac9f2a__original,2009-03-18,7,d3f9393042c408541cc1c3cc750116a1294445f9415b69d1d67b168d6c0eac12,True
44ebfbb3a061087eadca428e,6c9cf4b5f9298f2119f7__original,2009-03-18,8,7402227263f635a77b9680c20381eaa8063ed5b0c238acda7b6b4a44a9c2a82e,True
204255102a197bb73a354a2a,cb1cc26b5e93a901ea18__original,2009-03-18,9,f94c1ce1af2402cdd0cd9a3530c1016ecd67eeb806148163889e394729c974d3,True
622e4d825fe1ca5b7e75e500,8081d0790f8890359678__original,2009-04-29,0,4e7d99b66c4876082d803cbc62755d95d7e73ec1013b272605124826edbe274c,True
054655e5abc9a376a6afd557,cab06d6178a0e525c8b9__original,2009-04-29,1,6b2c7765b1414685bf947f0025a2348ad743eec10ce19cb5da6b9e8340955a0c,True
86668eb24b1b7b69c487204b,3935350b63643fc3e8ed__original,2009-04-29,2,04e03f411f466076bb20329cc895c3d8feb2efc18a817ae6ae70a9ecb5a00277,True
6cc12da65f36bf54ba93b5e3,3542f928b8108e2690e7__original,2009-04-29,3,f9c65c56b2b5817345c4aa1dda9d7e8a2731d451cfb8c1843b06e84e94975c88,True
8bc21baf267c7c9171356404,0137ff52c41df25b71f1__original,2009-04-29,4,62b187dd5a65551a2079d7ca1778708171a31e0658dd63a9d579817e436a6f26,True
0ae81e6ca3370a4ed03d4fa2,99012ccb8e8c2f68a137__original,2009-04-29,5,c62c3b00e3eef55c6e7369b87ba3819549440901b0709e10b7de4975d8a5f635,True
40b75464644a9c3cd1570ddb,765deff2d8a72c93068c__original,2009-04-29,6,f3b7a7244d31ddc5d74d8914a39717ff95f424d288e5592a74e42e4e07fb4914,True
4bf7e5149a3a66790a6f9c3d,bbd36ec48d9d6ffe4d0d__original,2009-04-29,7,e48f64799b8f49fe36ffd7344d819fd6eb811dbf9fbafd4c16a37d737012c16a,True
86528d0521b3e3d11f724ffd,6f7bfbf32e7643b7ca90__original,2009-06-24,0,4d8c03d52c13c3d95513fa0f681707db549cf4be97312c1761a2cacdb57a8d40,True
fd3a4fe2bb6fb6d30d272db5,7eb07aa2b832bb838b40__original,2009-06-24,1,d39566e4fbf43e50802c947fea8c311fe919f839045d8c15e1f59d11ee15fe65,True
afdc0ab174f4287db7dbb796,47fc4a04d776cb917d69__original,2009-06-24,2,c2cdd98bfbdeb921cc05ed8b65680b98850e2a4cfae631de7f8ac3dc2680144c,True
4c13e7d0c10267b23710e509,f2381c27b3a2bd89b5b8__original,2009-06-24,3,84f0ebc9e0685c5aa9761885a0881e8cf931fb0d4413a3239bbc3b933fafd5e0,True
9d8a2fb8c772e63831f000af,b26198f887aca8760c78__original,2009-06-24,4,b4f9a0b8e69d2fb73cc51f6220b89c8733f0daec798f7cf2769ac0f347b17289,True
e66dad2f9bb23f58d7266970,213b228cc5257a8b51bf__original,2009-06-24,5,3c60b0d3d699724a46af95209034d2ddd916b321ed5cf5a90aec2706eab8c61d,True
79a304be8e343ac4f8be5993,827afaa1747b6135fc05__original,2009-06-24,6,688ecc95c721db6b89062b62bb3df265bc336fd0f933568e7340e83dce8c549c,True
0483fb382ed25c851f14dd63,27d515904d29b2eea3d3__original,2009-06-24,7,b5beff997d6ad9e2aa85449900099ac9304d6c2fa85a74367056677087fa0c7d,True
d35e8af9008e53d687797963,51fd87cba3a6d84c226a__original,2009-06-24,8,d5b2e2b857a30017847dcc22c240155e353d5e123b31dc8a20130d65425b8192,True
87e40a040918458dfed30e85,bce7200210f9df018f43__original,2009-08-12,0,79977693feefc004041b16a924609875b1be3362861d0b17c6d2c1e5bc78750b,True
bc71ff9e3f85693ccb24392a,e5df7f1169c0b2392f07__original,2009-08-12,1,08f6e030aab65f1007a3bd6a214e46f1816d746277446aefdafc84d446a2e0c7,True
5443cd750d3e6242f3e676a3,280c37c656f98b9f716a__original,2009-08-12,2,5697c3a63cd883448ab5f214b3e2f92b46a6c8a7e8e1910867d6ad3a774210ea,True
cc4fe532ae198046601fb809,6ade75aee0e5bfa4821d__original,2009-08-12,3,fdfcd7409b7ff89f12d88d3911a8bd273d63505be911dc5657457c297c2ac1cc,True
7c8bcbb3942bdc1bfda679b6,903502e535cdf59342df__original,2009-08-12,4,5b0e8507627cf754cc8be5808470ec84b11257416a78a538e8d85746a528df5f,True
069a0927cf649e2e1a71b0f4,89883de7e90154e147f8__original,2009-08-12,5,00edabbd9e641afc69e1c9700adcfc4c66730977e5ff5e1e2af3170f5d34c9ae,True
63d2cf52fbf6b88416f55cc3,c2bc2e5f3d3470a78403__original,2009-08-12,6,f61d79ad5d381f2f73f7576746c266eca8ddad25155a996d824f6fb1a54f4a52,True
3e5927b4073b1e523aafef66,c67a8e22b56a44a86842__original,2009-08-12,7,501d83517f3bdbaf786e8fc384b0ff3c1e1d008b473a17b889c7b5958729167d,True
2aa378ad2a0406af7ecd9542,58f772430b7c32dd3bd4__original,2009-08-12,8,4c291bf13009cf6b683ae166be5e627102a4926edf1fbfbacb0825ab4c8b1ce5,True
46473ed8067e774796767ad7,5cc8737f27e55f636d85__original,2009-08-12,9,3a85489ae1e195686336cfabbaecb48ba541425ba7b09b693dcfdd39a0b0be85,True
89a7235d3e407993ef4646b5,dcb1b86d56d912c8e597__original,2009-09-23,0,bc358d2fae74a646080bac6ee50e07d6dcadc1252b87a0cd67390007c36789f5,True
50dc1389583dfcecb857b898,3d0987797ae4a56e8762__original,2009-09-23,1,d5345fc81d5fa020faecd25b38ba74fcbf098c56a6ba3b4ad2ab1d538aa600dc,True
0ba2052a4dbfa97f5d4da637,f81a4b6de12e9d2eff91__original,2009-09-23,2,9f13fe690fa40f75e598509b1d5e7e2547c2e9c1ef1820450638bee4723f75c2,True
26cd69f5508d5783c188c470,5d71b82692a5564cdee4__original,2009-09-23,3,db8af8b4e71ceb02417aaf56cb59f415e847e1beabc616cfae16dd06dd71e357,True
3e4bc3d91253d8acf66723ab,57d780e9fb4ff75370ce__original,2009-09-23,4,18ec56fbcffbc64a2ae06be7307eb2d0d15246ac98ddf96f934f58e29144717b,True
82aa7bbe29323f069352f6c6,e1b9ac94510d75908a99__original,2009-09-23,5,b24b0eed35523c64ab62813b208301c5524aa3a79319f0c4419afcfad4bc6975,True
c57a31078b12b83b138e0d4b,51bedc557b625797c40b__original,2009-09-23,6,8d8e174563d42f5063ae9239c5156ce72606f37bf589dd392efd4e1d3afe2548,True
7243646e43f523c789ef783c,0d2ad5726e1496a7d85e__original,2009-09-23,7,a225e5b979d1aeae61cc1144da3fd68959ac635e4cd19a94ab755076b73de540,True
66341e6dea70165c6c74791d,4196afdeaecf6043d51c__original,2009-09-23,8,3462adebc5080a4653076b446f0e0068ba8ed2e6e74a577bdd6d9609b2ff4025,True
4ba85c1fc3af6851f4d21c10,d27b251e232b84d0ef3c__original,2009-09-23,9,00e79c79330321cba9d4f5a6c034dfad788b38b79b9f06986df04402d6b6fd2a,True
7e8bb423301b7f61fb6d568f,cd01e3c343218156078f__original,2009-11-04,0,b66af5ab8b87c1f6caa3b8bf397f17530e86057eb922ed863f928b019cf692ea,True
9811c1b3dcecaef97f8e7429,8076b4101cfa0c12248e__original,2009-11-04,1,d74945a67a439eb0a2f9224a128695beb13694f4665018d9f705bf59e7a6aa05,True
05b0609ac67589d4ac85f200,4b68a70caa7cba031989__original,2009-11-04,2,0f9aca1b86cbae7855f59d8c67652e35f9fe3342c11d7f29c82c3f07bd71d1dc,True
8d5156bd5884c0181f3b8d1a,b1dbb4ac35c19157e7ad__original,2009-11-04,3,9a1d3c342c297056ca7c6be4d5e9dcc22c3e5797f489469808241e65a07c8f1c,True
ccffdce4a41b9e9343d2d344,32572d737982f7180599__original,2009-11-04,4,dd2f8cd573525f23a6c317febc1c68df7146869cf77f3deba870a6366d776257,True
6424e47d9699bee993793e3a,9f0904b74179c592c541__original,2009-11-04,5,8c4814861b094737bd098a8aae9b64a3763809e2cacd1a5d19aeefb08cb8f345,True
0a6b10a37bad26746e0177ab,9bfd4de606599d34530e__original,2009-11-04,6,f148673be4031d8c9d451235b9b4b8e4095bb45275bb1f94ef3110d32bce27b2,True
1be177f72b8d25a96b7007b8,513e02d70d95777d12b9__original,2009-11-04,7,7ff3b410440a0816d5e2657d81d28156bae01cbad2643387f343b6d82693fc3c,True
f01956e0299d2af10fe2bfc1,4116a04caac8403d9ea1__original,2009-11-04,8,adba6f99d33edb647e680ef68956d1b0f4d6463377280e15161ba5a0f7b36d0e,True
d79a7657c3d785c2c399eb03,a295ef22ee0805e9ae00__original,2009-12-16,0,779b4a24937f67fc49841568050eef748541619462655d7e568f6cbbdf000680,True
4329b3b71b29ac7ffa19807c,0e9bdbaab71bb6b59414__original,2009-12-16,1,b28c020678b1611460e1d54d6d67222e8f52c016b8c037709615ab24467ba6e3,True
5e4562e05ea1b89b5ce9e23b,92b87b496dcec3a1e7ba__original,2009-12-16,2,2214893f82b313c134cbf8f33443314294315e10a34e2be84e05511067ee1b8d,True
9fdc7681de18b5a5c039476d,6df53a5f7be260679f53__original,2009-12-16,3,26becc1e704e9ccdcb83e00f963499435b9f650451cd7833f16ff5d189d91e1e,True
c70fc8963c82ae6857291a3f,5192461256397611b969__original,2009-12-16,4,100e92783af373c80e36f192d0ba44aaead2af970c70eb3caeca9f14fe2b65d7,True
b547710753d784d1e0e1e0ec,1a2cc934bc3ab0c4eb8e__original,2009-12-16,5,077d314365f8b514ac581b8bb2e2af910ceccfdd3add3105588b07d8c71bacce,True
cc16473eb38f4fa4bbbd66db,c0129b21be15467fd3bf__original,2009-12-16,6,1d74a1d10f22a44e05877021b26f810da9ad2b5527130b9d6503d8e6c551d7ae,True
2df1367de1412880a7e0eb0c,b833cbc74cad1a760aa0__original,2010-01-27,0,1c2b3b8c7ac8e850614eedccb5486a992f924ce3cb1427602089ef4c4e5d56a2,True
77ccccccefae728565c74b3c,a30b64919610350fbf5d__original,2010-01-27,1,340649cc587acca6b09cd5407f465e004f948a1a8f5094a0c17a4fef9f88075e,True
501a498dea8546bd15fcaff8,8ea694d9619b7ba22ed8__original,2010-01-27,2,b2ffa8aa5eb52a277a9b58d17cba596c572ee056fd8f26fbb1b79572c4749829,True
5fbff413ee80d4269bd3f5ca,1d086522a8f795518eca__original,2010-01-27,3,8602979ac6bb062b136d3393e7172bcdfe7717154658517231b4344f45a15767,True
28546a3829712959a9fa8250,2caf1df665a586dd0c56__original,2010-03-16,0,d602675d0abeb62355242e6ee5a976bd1764f6bec40b116b9e3f23d942df8c2f,True
7a3846a4e2151fffda1e65c6,0435dd06716f6c009bc7__original,2010-03-16,1,0d9e7aa28ac0f2716226e5d8efd18318fb8f6e0f1c37ce3b65fca0e1a0919ef5,True
33278d31134fb5e803f5e0e7,51a5f993adf318e30742__original,2010-03-16,2,de6cad94f33fd19d9a5da06690f35f98e99edc170a0092b485b6af973915f7d2,True
0810dd4beb0e91ae5e504dc6,a75db3497aad0aff9b11__original,2010-03-16,3,729da6fd5ad76e9be8c35707df0fd1c337272958b61d3d8756855b95b1f8b475,True
e5eb3e7cee3e5cba5efccb22,bdbd3925cbb2ade0d442__original,2010-03-16,4,7b9a8e6a1c70163b03f83d7c00ef1f8417dd342255e414d4228b80da73b67548,True
2a9d936145053d9cc4e683cf,2845df7b476e9c944ef9__original,2010-03-16,5,904ebcfb29e01442d896e8496cc7acec55c51e413db42c52899e7b90cccc41a9,True
19028f4e0926e9015c8b19d1,b91628b5d50049e1b84c__original,2010-04-28,0,bd9f5f75d64b0cc9061d64e4188827143afd927a727d4399bb8e8fb57c769e96,True
a1d3c33de56ee97d954be723,be6549798405cc7ad71c__original,2010-04-28,1,5e1d867b338b6d99989d174b17f6844e3e21fbae4a65bbaf106b76830837a3bf,True
f287d77571c99ffcfaa6e086,45f9625ba8a93eba2136__original,2010-04-28,2,049bf2195d9d4a9b212142f5d4300694b1ec50a35949a6792a032210648cf59e,True
ca48e7ca4b6906ca2d57bb53,37f8c28e618a60c83104__original,2010-04-28,3,ea0eb81b7f257f807d8f81ed71ba024451442248dbcebc7bb35fa4eab2d8ad4c,True
fac2731c7f309ee316e54e62,64bb9a5b0b1be74a7fa3__original,2010-04-28,4,d0e9d195a228bd63427a14b2a71069a613c674bb5bcd957c4cdab883dbefc3b5,True
8d505f97e2bf7538daafbcbe,615cdefde23c67be7e27__original,2010-04-28,5,b8762d3099db5893b17c02590ac1217173d6d1c3740817ff62510131a95f79de,True
fa34653ac2cd6d3da3066746,c96e6d0b54fca083797b__original,2010-04-28,6,c1cbe20369072b4217eabfa7fc8a26eb3407df5afcc951c18c58beea9e540460,True
c9143c2d6491742540d7d871,a6b3a1eedf43e6e615c8__original,2010-06-23,0,752b87a1daba64bf0a1f960e022ba5722811e21d846c045e88c2cbbddd764732,True
02eda2fe8b4495cb1afe6a4e,5ffd3777fa3e92bfac0a__original,2010-06-23,1,ffb85e30c3b2f902d38ca6016619d7ff9df96ef65576c61026675fd5b3a89d63,True
f97539b0923ce5a026cfcdc5,b71f36f58ad7042219a3__original,2010-06-23,2,478a452668e255903c48a9b7d88cfc46cb9d3d8f3f834c44c128c03a476eded3,True
d35b9b8db3578dfa88e5ce4d,90c1477937179f1cb6fc__original,2010-06-23,3,2572a10a6717e0c5071e2dc792bcaf6f00ba8f08883d4841c1b89143ab58bd28,True
f7e2e915c65e10a3889d6073,2f3a93ffa8f94a5bd941__original,2010-06-23,4,ab57b6146086a6c143239edf6778a336d1008fadcacb2e71ae88c8ff41fc9f77,True
40e9c0da2932555df0472b85,be70e107f6ac95184735__original,2010-06-23,5,cb971500a0c39cd570d5dd47d04ee4242214ede6e033e9c513bdef705f364d24,True
112a64d819d00826c3cfadd5,7867901d24c3d88c0a01__original,2010-06-23,6,d2312e780352446974fe7934f497ffa230504549ea863ef33133418ea0c99973,True
d10e49f5f6038e4617a006a5,cfe71aa51562f4c4e523__original,2010-06-23,7,fcdd465c7bf4eb0018aa7da211956d2a140273d2a8ff137141cf83813e88f11c,True
52e6493f4f300588f01a0631,338fa1433e320d8e7165__original,2010-06-23,8,c4cdfb790b824fce63384163de105a3ccdd7d0bfe61397e80e4db5208c705391,True
a8da66da8ed21efbb5520e4d,7ff4a289757f3f6e396a__original,2010-06-23,9,da45ad1ce09fa79247e11df951406a0423e2b90baf3efa7edcac11d0f32a81af,True
1bb41c7a8b77e1e7d7e8fb89,be8b76dace2ba0eaf22b__original,2010-06-23,10,661a45307f88294dbd314796ddae56fddea0808053c1d9bbdb231d89c8789c57,True
b0655501fed97baeccc7ecf3,91f5a7579a9eaddd64ec__original,2010-08-10,0,9d7d394d7cb4533d8f50220a7295408e39d49d85e2d66471558b0db023beb254,True
63d2730147e9b73bd210e080,570b149632411e1af429__original,2010-08-10,1,657a2b3e9206a82f2e798a951bdc7dc88705699c7e7a5cf6d6b66ad50aede820,True
8a49ad8e348c62767066fc4e,357293581b0e2509d24b__original,2010-08-10,2,1a62083a28613659b43e7dd11ce27c7b37f18ce305bb281588a7e5c9e6131fc1,True
4bf7eac0e78412174a0e6733,b024cf3363afc1e652e1__original,2010-08-10,3,338c1794759d3ee14ac4f8502e75f8926ad2b09f3e759bfb7e81ab85dc725998,True
a14e3541a6eab1586211760e,42ec78d04ffe7ed29514__original,2010-08-10,4,da430c71bb3a9a9c0c4e8aa84fab1e5d19ff51342ebc4f076e118f8826af0aef,True
21f8d80301c7ba22a13c5758,af5ec33787616276819a__original,2010-08-10,5,e81be9b3ad647d9407e6b404349bccffcb7f0f1faa9a1ee0ee2be9b2ad2f8cc2,True
29c52141c602d0233dba0ebc,f91eb61b0932e8521f0d__original,2010-08-10,6,91f9b4d6025439decb306a6d3b88c5fa05e65b2f8266ae816dd56990f94e1900,True
625c189aca784179d9771706,fa2f78a79481155caa9e__original,2010-08-10,7,4620963860ec15929d59f78673005b5d25adc834d8804bd42334392a9a982cb1,True
933dadeedabc0ab25de9f42a,9b65affabe5ac374a968__original,2010-08-10,8,233aa746210d164ba39783cb2a9004f1656bacbfe22a7f640131d2143209375a,True
e8240fbedd141ab618b49ce7,2e8bb3fc163378041e70__original,2010-09-21,0,92682dd448ae31bc1adfce022375e51791176a240fe97dd3a04a00c52709122e,True
4598393f4995a6e6e978aaac,7893ae84f5292a61b503__original,2010-09-21,1,7a5f1c381b51566b367d6c6019841948b0b6a9ed586b754f32a805b86ecde621,True
856940498841bd41b92bf027,d56119c348d3addf3a86__original,2010-09-21,2,199621bb212e81a06c1ef3b3d5ad6ce0dd20257e9be0def7bbe53f76e81d8966,True
a02680397c1ffd7053ee2797,cd0aa78cd7ccaf3facf5__original,2010-09-21,3,6c70519ccd11935abea83d63575e520bc48ccd4b5c6df4935e309750cd5b0b2a,True
11f2d04c032c0bdd8b70710f,b3fdfdbdcb678c41164a__original,2010-09-21,4,b247d5586e672ee9fb53488c3be06af71fc3be82b33a66b1e1304d73c012fa83,True
bf76734c9883cbc7684b314a,ee97b0c03c69891adfdc__original,2010-09-21,5,ef250a8e2cb83b30aec0ad37478e098eeb0f84927df2ebf148e065fdd179ce34,True
510684b4d28db22402c79def,1ba15b1ce6eeccbd6051__original,2010-09-21,6,7f7e0682d47cc00127a0263d6e98aeebc4258ace270032d8bc71286433efd6d1,True
7fbb12ceb002bd691834126d,6f4bc34f28e278f833c8__original,2010-11-03,0,dd63ffb62a00934306c2c3aa5483b78c4d1572da0401cf49871b7f8936e7f347,True
75adfecc41f51cefa5dc5981,4d60b8afd0d369adc347__original,2010-11-03,1,f3b73839cb1fc328c091114bd90f058d625cd4e7375cb103969886a69fb250a5,True
3789a1ddd83257c569639489,6e90449f6d553728ca78__original,2010-11-03,2,a2fb7b67754644219cd40f9af939c54f6faff8b7b91b6ab72068cf9b900f7af1,True
3fa99ec44188c36d8d1404ae,af62584964dd909f8ad1__original,2010-11-03,3,dcb0ecddeda4e48b582bc829844488fbf9a8369b89f413310bc01aeab7a562d3,True
9a78310d554d7eb143f4015d,a307559590434678e684__original,2010-11-03,4,433db2fef9d8881513162e76c69457d823e170405b5aaf753ba488b4f5398269,True
9f4485929642d7ce1b8dda39,184ca3246c6bed43f032__original,2010-11-03,5,8d0e14af8f5bdbb76e055d2e56719d03a9eea98e1e4828a4cc42ddc0a89c7117,True
5a13f85748b7ec8fee52d189,3cf335f7bcbbb9a8ddf2__original,2010-12-14,0,5f80894505ae9d479e1ae86d6eb82137435ccc2c2d575ec71567e4f547127425,True
b565453dd0a00e9952444ca7,70f55ee9bd23e1005844__original,2010-12-14,1,14e7ff32999c5d2e10a01577a5d9eae930a754a043093a36664945bbea269380,True
086ce6ce65c749de920f6da2,c970cc223ffb700e6cef__original,2010-12-14,2,4a6b6adbee4880123f39355c523dbf529e228f8b07dcd1eeb43fee859040cc52,True
15691299d54e075bfce56c97,61f6d35114b330de384b__original,2010-12-14,3,c24d9acaf5af3d4730c7aae11e185cfb9fb2aeae9f4c0b26992810c9f370d049,True
335bb40e97ce6877bdd4c614,7e9238aa4c236ebfa443__original,2010-12-14,4,823f9f2d2ed79802eb029e08d65c3572037d8da619a8b8df500f1bc34bc832dc,True
d58c2691808530725b46257c,e6d89b6617f5a3a6d303__original,2010-12-14,5,d674df4004833ecb23bd01e19d49236ba46dd6f77335cfd0ecadd452087fa222,True
6a68d9aa845815a33ad5b3bf,d55cf9cc4ecffac11e20__original,2010-12-14,6,72575aaf26aa56e0e17c146ae6af0ea229a7ebb11b1da513edf245db8ba0fa28,True
23ac2ecf6ed1edf904a5b593,7b77f37bf366f93e3ca9__original,2011-01-26,0,72a33f8f3031dfd8b35114f6367026d0a0d4ee22ff84524c25d09edee284cf02,True
898908d5598a5425a64fa51f,f843920714bfbf82af25__original,2011-01-26,1,b52ac22b84332c87dfee572628a5056a91f91bcd6c4c769e7228fbc3b8bc3c6e,True
7aaa08b1fbcace4ff886b199,8b981dbcf5a1be91643c__original,2011-01-26,2,e1d1b707b3274982470be6761c3dc1456f78209771accb5a20d944d0df329f35,True
fe48eb09a098fb74a3cbbaa5,dfbacf0196d7693c91ac__original,2011-01-26,3,06e9a27ade047e64f5e20f6882c9c66be0b8e181c7036dc55a193333100381a5,True
3416a848c504be2cc865a856,f296dfaa382536d8cf39__original,2011-01-26,4,5df96b6d2a3549e464d49602a67812cb43bb851e0ce890764f65d842f123a1f7,True
cde8cda20e6ab24ae85e1b36,093a305cc7868c4a8367__original,2011-01-26,5,ead0f66e94e59639eedc3237be32e5ac7de36cd5ded131af03e90cfabb3c217c,True
129591033e2a364cc9e97520,6707ea8d4bcc1d7b573d__original,2011-01-26,6,63ae2dab6f7bcbec5fff84fe6055ed4b1a5077cb62904de71c2f252438490250,True
157a628d62d0ec9d36706167,a0ce275b6362f619f223__original,2011-01-26,7,b782b7aa66c64b878a437a4df717f2ff5d1704f0cc0ab107cafd077a8c3d9f2a,True
6f2f5516b481135248b51c28,7e9acbf921cbfdacc014__original,2011-03-15,0,31702babec3d782e321daf1a91744c0e5d2aa626af3403aac16a7e033a4788bf,True
3ccbf8fe44513e8b525a733c,dbd9fad5a64ecb3c52c5__original,2011-03-15,1,202359bda8f8cf6ec0546ed1bd3ee206ec0ed9b3a9c768df76da264c83b1197d,True
4861dd22909ec5510288ce33,9f1e77a4b03e48942a58__original,2011-03-15,2,384a599b005a1cfdf8fce486b9e23c70e3c9904a51a1b78f73748e09d1ab0675,True
782fdfa2743b5eab4cd29354,8762863ae8a547174c45__original,2011-03-15,3,e2315432c1eda23539f1f5a1e37cdafb0a45154cbfc3d302afff748d160cbfbc,True
ca18287c957b8bd5dd290e3f,5950efff4e10d7405cb0__original,2011-03-15,4,7088d28d0cb86337bba0edf69368e5eb7d3890ab1b08738298f830e91fac86a4,True
3a84dd484b2fcb8992c81946,8b273738d308bae08053__original,2011-03-15,5,8e1e2564478ccdb35eac9bc5be0aab7ca3b6ab2f7011ff72f587d6e7c2d5961b,True
ec581754eaf3041bc4abe5a8,62f8a110a53db4af8934__original,2011-03-15,6,1da2eddef030deaa9bb429f36a2325fd78115cc4c8c4704aca86a388a49322e0,True
01e600d3b9c8c9a16ad0b31a,bd497a5f94501161994b__original,2011-03-15,7,83a7555d9abba43aa06de9d0c87221f8bba0c7193122199995af6ce8efc3e4d5,True
76eea5880a844ced500b446c,478648ba3a617f3e2355__original,2011-04-27,0,34ca5d599de39f27c31354d792f04ea7a6d31de0a592c5d54bc53ef338041494,True
5c353d3cbdc938062e56e998,d33972d9770abe134165__original,2011-04-27,1,0577c1d0326e65108697e173229b5c1820a7997d990e15547fa9ad0123c19ddd,True
56b2e58af009163981e94fd6,6f8a03ca212c0a23d335__original,2011-04-27,2,b665600302e3900afe592c8baaab2c2fd15e3cb37b44bd62def0abbabde3d9b2,True
0199bb4afb7da02ef4f9b90d,5337118cd5c7bd1299c2__original,2011-04-27,3,982d847cd538936d71383b9db2caf5c2aac65439942b96c877743f88f423629c,True
bb9d2750b6642a5b3c2daa27,e9d8853a9f84bb52ac7a__original,2011-06-22,0,65d61de7fc8b0dae74784e881d35f16931285f6a1f659f3f16aca55173a1efe1,True
9a4e2b9f41743ae017d20cf1,8b2c086c81071d67f1d9__original,2011-06-22,1,1915c9355aa64b4c1fa98ad75bec6f35c5e9d5083bd2ea15482eb6b078bbf5dc,True
d1632735f756f1b10e351da3,d7af105a1132da39dd09__original,2011-06-22,2,4420bf23b8818cebc94d1c64c82746c69687464e06ab702ba11e36edcb30f5e0,True
63aee301678efb7011f7726e,9843e9ba1a9389b53b45__original,2011-06-22,3,1b0eb05974e1a77c098ff5d6526a59fb6b3f8b342bed700eed3c84f5408248ec,True
bebc2737b2a5ec4448990377,77f96eb534c1d1b1b38b__original,2011-06-22,4,cd162e81a2fa101f8df8516f8c5aa037249a6915be946b1ffe5badeef3f430c8,True
ce1a4d027901191fbef81189,6c9bcf8e171139b6febc__original,2011-06-22,5,dadec862dcdef57d03346d1b7649a2d90453e4ac5138ac9387b0070edabd433b,True
2654473ddac4c63749a6e6bb,0fd0887c35276a2dbe53__original,2011-08-09,0,04d3c2818d85a0776e8d7bd373cee5d9746df367e14751b763609bebcf078657,True
02e65a4245ab397f69a5801b,e24bc656ba66944e9928__original,2011-08-09,1,0e8eca78fa42b8265c94581bb5044ba3a22a5d3a218dec9c11985faab0781547,True
4866cbcf4fdca259e7a45550,8256c7f751c72b1f2d7b__original,2011-08-09,2,c6c8fe1af30b512420f2dad57db6e6a935fa973cea7c5a003474ef679e2b8c9c,True
7bd03b57219e88a5e9818231,d6a0fa7f46fd721f6172__original,2011-08-09,3,b58c2e4b07037f3e7a7a870cd326ff6f45a2f9e3a2a7317cee82f8f63dae42e8,True
cc3200a026e1ba7ca71ae99a,80ca5d97df89f761302a__original,2011-08-09,4,94a7e40821bac07bd5d7a3aa1273c4aa83fcea268b714750d585b8061594a8f0,True
e2ca21707588d390859fd399,2dc61c0153dacef95871__original,2011-08-09,5,fb63065651c846a27c1d4bc2c2b63bc692d845e88c2b2f788bbecd3639b9d004,True
7ff192edb63fe4a50a9d9085,9a730740db2d7cf1f775__original,2011-09-21,0,e5b4c7ffe11b5629749ac592470ee30d2f210effbe1ff5e391a988e53793026c,True
121dd2b40e8cdd8f9354d250,b75e13b9159c757723a9__original,2011-09-21,1,cb6e7db218582fc40136465c9c11a4d5e0f68ac4941a8e47ea33855e4d8fe391,True
5d7700700477d1596a4176fc,1f035035c13122784472__original,2011-09-21,2,fdb0a09cca65febd314d300345324dbb754e2a98a438ac201394568379286476,True
3cf9d5388a1cde0a04e1a62b,a1cd5c201c5cc6fc2114__original,2011-09-21,3,1e5d282afa5d4b3a79ca32f73b938b6173c0dc74a6a923cdc835f2a290cf1c30,True
74d77ec53beede0d330a9f6d,3dcf78ff2dec25bb1769__original,2011-09-21,4,9f6ba607c984e79ed903eff58fa90aba79394b6abab1340b3bfe019dfb3f30fb,True
d78cffdcbddac9da1083fc89,d9182466fe4617bc6acd__original,2011-09-21,5,3cb1d0c10da8c9d843e4a350292542e071dd5e37c9dbdc729ecd8d4d4b208469,True
8e7eb9ef72e67da9eded3ad7,4520bac51ea3b58a8d5a__original,2011-11-02,0,1535d4aebf4cdd6307ad9580661631342fec89996385d5fbca66590fa96e5bc8,True
9d8025f1751dd9ea17334992,0165ab8d53b4f7786e9c__original,2011-11-02,1,20d003c51b14c83fd3f2ecb8298151861ff76d157d1c16d7a19af961e6436700,True
31eb49d851573accb866d62f,4067344992ee7e865199__original,2011-11-02,2,954d8f3ee1dd71cd5b26eb2d139036a002b01190696ca8d886ff994c2d0c5f2d,True
cdaa5a792c04f58284c2640a,066258acb9c3ab4ff109__original,2011-11-02,3,e53d7a7faf8e17d5c53b157a94f938ec31a59becd65c5afdeff0791a5cdd7675,True
aa8aa5b280c9872647784f69,a476ab8c66c5488bc083__original,2011-11-02,4,3cb185f61bea28d387f9775c24f07294fc78bd3964f049d2430c7e82f609bd4c,True
179056fcdc3aff619ca45587,7b9e1c386d18851abc0c__original,2011-11-02,5,54dcd96319590c991bd49804429a1abc9e1716367518f8d8b1de8aa6bc0584ea,True
4c6f14a59c296d41f63d6ce3,d5138fef97b139c7dad5__original,2011-11-02,6,2f513268721bece6b6020fa1137f97ac6f4a50ac75323ce564deffb9bd665b71,True
e84a8937fd7ddafc4bd54992,8f863525d727e6fbad51__original,2011-11-02,7,b1c3ded9b1cf068ccc90bf381cfdb82e7431f2dc21169a826d1b8072039ab869,True
5d91f2f52cb115bade298c84,900aec6fd16f296cd9a0__original,2011-12-13,0,ef4043f349b4ae08f9912a67fdf3fe81e8cc6b08387248766b6f0dfab3d917c7,True
521706f23f5b56501fe28fc0,efc8af052586955be65a__original,2011-12-13,1,1a624e4bfbb5c2fb48d8c78e61fda0f5383096aedf86906429fa01853dbfba4e,True
91160f78945f010c3dbe132a,bd567fbb354209836eda__original,2011-12-13,2,660f1383703a8b4e3ffab48d053a69da3f7afc3e7965b3f44f16b5651fbb946b,True
67139e4fb9d0f3c15658eee4,779a7d8fdfe2b9c604f3__original,2012-01-25,0,69623c76d6389a1f1bc3c5e6f79d8763f02c3e2d96cc2f7e31f416e724982b67,True
c16372a5792dee140d0bfbe1,6cde932e33000249163d__original,2012-01-25,1,22dc626cbdcea6cbd972302202765e9630625d6a624cfa83a9e72629348347cb,True
7f46c6607f0a3cf87634e817,b1d7bfbb83d49d3aacbc__original,2012-01-25,2,fcc100fe12ebab6cc26a83b1e7ec7dbf2461f126125ec5aaae906ff24a94480f,True
2836578e9685d8e0d794ec12,a864f0b1b6416647ecf0__original,2012-01-25,3,d67d8b072f5caef101d0d64ea2eef4344c21e95a35587fb04cf7b4cd48f16372,True
2102c8a01682379ce209b9d0,bd95b8c424ef2ad9b684__original,2012-03-13,0,67e2161c4424ec3bafc35204dd172b4778ab2ee8a6c4931f08c3a4c9331c8714,True
dee3704d3af48ba5f7a729bb,65d028b2e21535f646ba__original,2012-03-13,1,f0125dad2e5a9f72a2440c9da36a26c1e9c1e39e241ec3bb5e39d110f6ac81d5,True
f87814f729e97a26ef39eee1,28d5c25d649a88ae009b__original,2012-03-13,2,62ee3a95174c20c820bbbd1cceb9125ecea0ce38ac071d351d5a44c578263681,True
342cb6b7367e2b71ce6370e8,d89cf215c4d25ee1ad69__original,2012-03-13,3,aa04722f60bd3e9ade649a78497d9b1a167d15ed453a1c3b732608f5b4bde793,True
74aef2e686e1185a16497a6f,442c4f1e31da59fc1f62__original,2012-03-13,4,96364b8f95e17c45d73ccbd0f7b6bbf2e32d02e9237e5be8642d18e163caa4f3,True
c7bc7c705844c245438ca6db,996f64a8508a684d230b__original,2012-03-13,5,6448d048e30982d408b5c678e318e9b2c65699c5a70f9b7d7146abfaf7e54f2a,True
956ec04164eb3f16c8b621f1,fe7fca1c7356307bc36a__original,2012-04-25,0,c6ec99cd030fdb349d943d352d3ff8cb1e8d472325ce8121d14509fec7bb80d2,True
e18eb68c7bb7f8d0444ad8d5,5b6fa7873b75d7f9b1de__original,2012-04-25,1,a178f99275478825447537c9a3f3daf9b8f6f40bf0adb44739f78b0b4201a0e5,True
dc29694cd4e8cdf8ca909385,ba5d992cef54733a0514__original,2012-04-25,2,0a724a77240f828a52bde47c31c53cab8daea62f616b30397b39ead641ea9415,True
3ee591316f355b94c02571ec,1842e0b9d3aeb52b682f__original,2012-04-25,3,1718d7e9f846aeb37f36f77b20dd2ad54a83147adcc8ec16cbde7041992401fc,True
5e0cec6a6c74fcac12a4b459,75e1a14dd4dec622d26a__original,2012-04-25,4,58628ab09ec77dfe83c2dea600901a040c91cb4633c6c7dc4091b7a89b85824a,True
95aabf7772f519629e1cd528,8db8e854a1bf65311ae6__original,2012-04-25,5,576612140cc39d47129117402fabf09683a44ef9c65f967a93e922aec4d9a185,True
23225b1709e41fc88525c040,344cdcb6eff2e500f018__original,2012-06-20,0,fc298fa15e090709007cf550370bc41bb42428fe493a9e2405e64deffa9bd7bd,True
e27c16b6d76ef2dba07c909f,37b7c9a4b9d2047d404c__original,2012-06-20,1,7650e3d94f750f661ca1094e0275355d78d57c5468d4eea8570c1287a163939d,True
a742f9d060da335c0441dfdc,783817ca8d6e3e72d8a3__original,2012-06-20,2,3fdc544e704c227b14daf6856f4322bc752a4b6393a587dfff7c9efab6ead576,True
2ca1c60dec5d03d014f31889,664a613ddb75246806d9__original,2012-06-20,3,169c006215ced6a4fcd1f5e1cfdef37e5e848b93ad442d2eb848721a80085015,True
ee4db75eb0503b9aee6ee013,4e2df990dcf8210d5dbc__original,2012-06-20,4,7212f6a2d4b0dd8d4b1fa8eddd7585a3807f1150a02bad33694164b8a7d91816,True
c24b389bb914a2393b561896,56244144083bce7f2a75__original,2012-06-20,5,4e5d773280696387ee56508303de0234e83360ec245e78f681e2fef6e100751d,True
a91ea5093e4ea80a0941ab2a,68dfc924ed64858ec12c__original,2012-08-01,0,8914a3827862751a7739fe643c72a1a937b5b13e641d3fbb2d1f5a1e73b93926,True
4dfb6e0e49c034f2e0b9daec,31036419d4e674e8425f__original,2012-08-01,1,f5cc19b10886195abf183de6b1695f316051d2dc9344667a2558ef04064fbcd7,True
fd938ffac9f2af2e1c9c5ba1,93af93f5afd7c53d8518__original,2012-08-01,2,4eb3734397a01523c3c36bfea414c392ebc4133992ba512547791f1ca6ccff0c,True
c45ba39527510bc047394080,d29f3536b152e9233729__original,2012-08-01,3,c928224a48bfabf728a78d46c6706ad19f3507d4e292e83cc8b3afe28c4944d2,True
2959a8a063eeaa9a5977b624,97d5ca3f7e697607221e__original,2012-08-01,4,c1d7990cd06b7103c3a29d5a97ec8f33b7966ee5df30be0c86ca78fc53e57252,True
f78615483256e97d5f16b8c9,275abd7f9da203edf079__original,2012-08-01,5,d9faea99767b6ccfdda94a8dfabfd7120b22a7d6d5660458b73e3b814de31946,True
53164563fc4c422e2b206fd7,19b598644c5c43d50c08__original,2012-09-13,0,4f5b3b745dadd9f40f0ec90fe5d13cf10dd24896e946852c43e34ba9c7805f7a,True
aa77f9d0f7800b11eb093e45,1ba9c25d5321e8574258__original,2012-09-13,1,5493732752ebd56c4401e735f588d7ff2e8d0b9f0408767e50484ed8dbd3555a,True
cbf5972765ec0916600bcd3b,01087ccd96081665bcea__original,2012-09-13,2,e20245e9783e640a07afe6707f9979d225e577ad4442b26cc8ed82e9beca5962,True
74ff6c9cf1c22f329976e825,c28f4e8c4cdc4c8387ac__original,2012-09-13,3,6cd395f3f715bb7e1b0f1a6ad220e0d9e699d6ce5109bd9be1f5b2a52d5b04b0,True
1b6ea6f3cc41f46fd33603a8,6b6d73426e85139c2c24__original,2012-09-13,4,997542c92718ccb866ffce0f551a64e416caf5054beabc5285c9f3aea930514e,True
a93d968f26c2dc848feaf14f,29c51f67eb6799f9695b__original,2012-09-13,5,c2345e91e4ff0d6d920d96feeceb4d0bc5579dc7093a6b53289c89eea01b4ca3,True
1c53fb1a5cd048f711e0c5ee,c405ee16093bef0764b2__original,2012-09-13,6,cae387bdf0260522997b6daa941fadeefc778c5b5dfc9cdcf83ffc187eb2bd40,True
b6bdd11a434823ec8ee0792e,aa17188de04a3b960206__original,2012-10-24,0,0f970c996a63efa2ae6ebee91cd6edd9a7e4e7b32206cf58bb2707724e4ad65d,True
37eaf6f59786f9240d6c2104,937a17751e7d959bf983__original,2012-10-24,1,a2b3ced363e7ca37491cd453a5ae8cc340f357a04ab7d9bd0e4f4f4c9b485173,True
a72102881cde7cb541fa0d90,71588f4ed08dafbf0457__original,2012-10-24,2,89ba2d810afb00745df2e88754ae2b5805567e0efe35ed75537c8d6df45a56b8,True
dd473a80242fcc311caeba78,af74baf030958bb78d4e__original,2012-10-24,3,76a20b412d50474b13a425897328a9fc6d8e23e41798fc920dfd1ee4f702512b,True
a571ce75fbc5c5aa0abf0a11,dce56379bbc99e6081ff__original,2012-10-24,4,d03858bfa723173e111339adcc183d7dfac0e7b1ee50b0ee89f13ac73f926ba1,True
91462f126e5aac62e6402801,0c1101162edfcffb5041__original,2012-10-24,5,282c5dba6191b02beff0e81d97106cefcedf50d1a90b154276f6e8b33cd65286,True
d545f313afdc6924f002f480,42bc3041d5b60da9f14c__original,2012-12-12,0,4b27d1939744ac2fe351c6dd7722db424a2db2cd6cac53472fa2c211ddef158e,True
019edc51b345a7ee3e5a1805,e36f65a7409112a653bc__original,2012-12-12,1,3dd31a0db25f9e4ba12f74774d726be8c29c533bd8b6e692110a4e64b6c396a0,True
49d653ecd97d1da7eb9bbc98,7dbe85aae5d5f1eeb9e8__original,2012-12-12,2,d98e1e20c83a738128e9e409721a889d8a5a3191020697306504606c0abe13e8,True
e6cc41d8786ad21243e5fbe0,8eb6d14de209e8a81ad1__original,2012-12-12,3,b8873b572ae5ec2b56ba0db284b32c089125aa49705aca5b66a17c8eda9fd57a,True
6ba0d08f46ed6684c010d8e7,0dfb4bfa93c7220ceb4d__original,2012-12-12,4,3c95a272fa71dfeb2dde5c1d0e791e7f1261fc6f81585ac69af0ab572cc3a869,True
2f94abf9914d23b2de0102c1,1819b884234608f978db__original,2013-01-30,0,93996a4b21fa0e881fb066d0af085de2074a69c1078356f7a43e17cdb4cb1fc1,True
5a542e6c87b6e308493424c4,34ad48500b36f477ee6b__original,2013-01-30,1,5ccdc114b16aa7e83bdb1616004d635920249de5dbce379a6c66b3b46012d0ea,True
a91f98f66b976be89b5faf01,41607df37d9015915fc5__original,2013-01-30,2,71875c5d776128976506a8b534c0699827e04fbc6b181c08184ab5dfa29b80df,True
be2393c5f3669fa3e67585dd,297b3039fa445ebd216f__original,2013-01-30,3,fc578a08b3176dc80d9b0c7124cfe9cae1c58248cbae347f56381f63eef9585e,True
32e557eeca8dfb2f8e831c54,abe5b89f179c1896f0d9__original,2013-03-20,0,52963af5938e55323b7f2688c5ddaa5c3729b05b6defbeff090ab54f70e6df9e,True
e077ebe1ed369f624823df4d,5f48180c28da775bb5d5__original,2013-03-20,1,3a2e4f38e8fd58f40d28bfd3210771a7035c675e325a217a77f41fa7f22a2741,True
1fab2bc69a7c468262fa1fa2,6db6c6433b921a2bac00__original,2013-03-20,2,130cfd3f2c90276b7756e50541e195277968e94279ea6dcb3899f12f3be79b78,True
7d3b643e3245277fc4a5d9cb,5e9df7f7e26054208c2f__original,2013-03-20,3,fd01f5c2853d5f65f699186e08e54724af31e18d032569b4750a48ff50dcb374,True
b90475f6b8077a28d4ca9148,dd19cdbf64dc372dc609__original,2013-03-20,4,16024356a1f08d191f71fd806f62e4edd127cf8ee6bcb9d8a96187427c7c5aca,True
7278919ad90ffe170590710d,057551c73aa0ef84769f__original,2013-03-20,5,0142bfbcf911d2c679b055901757f1fe0d645b0fe62c281e0209b34ff1415d42,True
5ce2044bc8c0fb6d862c16d2,8a017ac1e2ef5990b71d__original,2013-03-20,6,4d9c2032702a01f8a2e5556a64221e29614b5da25a5207253ed2ec92c46443de,True
33ab03d43794a5f883c92608,645316885a4e8e4bfa2a__original,2013-03-20,7,c1174520a2fa7170434c3368a4e879a0c0dfd3a9f89ab8a4935f9031ae06b24e,True
e52e8896065ab6adf8e9c649,217bd71ee689b1471635__original,2013-05-01,0,8068477ea3b7d646d31e857c630d66769ca22c8481aeab08ba2ca293ded8a7bc,True
bfc64646954d12fd71019e51,60508cefe20065a5de36__original,2013-05-01,1,e6088f8b4ce168f0a14ad5f0348a5651b71beb5125d8a1a18f979764d53df7ad,True
2e89499da4a8e90253c0809f,f2a0fcea423e4c007eae__original,2013-05-01,2,52241b2d2ee2dbc35e8b4e84959d9067effd01e8203c0de447537e33f6a8261f,True
180a0477ae94db70afb54c4d,445d091f49b277d903fe__original,2013-05-01,3,c097474b8966d84a416941226198a07cf4befa24a9cb834f69c6813a1c34cb37,True
0bf2eae8c0a5da6140b15001,a8e4dedc2a28b2107cc5__original,2013-05-01,4,0959d8de1c9467bcdb57defdb94b6fd1c3ae6c2a866338b4a84ddf03b3b7136e,True
8983193dd55013baedb5886a,efe9526e5541df7073fd__original,2013-05-01,5,59ff5aeb6dc5a1cbd3bc3f8e1ca866735334bca4dcc1ee14854de689690b8755,True
df9be6dcdf1f3980f022ca43,cf6511542ebc6f9fb52f__original,2013-05-01,6,4f233081b93e87f11e71a1227138b110556f26d27571875c055002a7875c7f71,True
cdd2bf2defaa93b04381f5c7,365da0ead11ce2aad066__original,2013-05-01,7,9c8b83ac81aacc3fee8d81e88de5e2b5d54e81ab49f08c2a328046afb279b3f5,True
985caea1efb772b59b2a0bf1,7493160ecc436d3a184c__original,2013-05-01,8,0d59644f52e12b49f69f8f220f824e79d6fb803cb990b34bf2db30c42751d094,True
6b0b6d87b074b2467ff70db7,6a8c5c3461914b7cad5d__original,2013-06-19,0,2d18a0ffe270b1be4f74288fecbf85a5837a0a3c38b6f83b6f00506d3839ce68,True
d57758aa6afdc6cf090e7f17,2b1d084a5279c202c913__original,2013-06-19,1,0b06dd7930997d4a5628bb2c02cb5fbaed13a6a3faf5dc662b9f54d6b27f1cd2,True
75d669eb79a834e741b116d7,11a5f7c8ec2fc10bb5fc__original,2013-06-19,2,6496afc8bea0c1d3ce2f19879417d96305288392456ddadd58dbd67191ffbc09,True
a06316e3a160539285f5dc49,07a51807fe632f910092__original,2013-06-19,3,a04ed1bff623cb339ad4cb00dbcc323d1a43fa05be1c2f4cb111a14be8a922bc,True
9e393c8c42cd1bed100ca99a,7c912ef2d7e84042080a__original,2013-06-19,4,8b05d04158672acb1762ed33acc644b7f512ea4d5498b760d38e92aa1dea686d,True
ba843946170503feb12ae74f,73bd689f487b92c09aa1__original,2013-06-19,5,c9a3394444e61ed69267cb112c3e1684c5b8d1b7a4bb413e67bb8100130f4b1a,True
1006f8678ae90fc39c700540,679ca8080538da219164__original,2013-06-19,6,584f32e19d314101df91dda01e9f5587903c03033c7fdaa9abed1935279838ae,True
9f3d9c00a7c35cc14d69a2b0,c55867aaddcba45e6a6a__original,2013-06-19,7,396d98c3c35f612f3e0ab74adb407773f8341fe8d185f37da557f30985bdc422,True
d14cd4338e4f17b316034f61,51ed514bb6b7189c1b82__original,2013-06-19,8,c480c2f8a2faecd2d4562c51ea43f6f541b51b1a926cb5974b6bce9d7bea5e85,True
66c87c5fb74986d3abc2bf2c,5fcf1f00587488bca8c3__original,2013-06-19,9,4cd40e500dc402ed2aa1998b7ca2119d41346e5886d8fa4bfe7208410933b0b2,True
ab63d9adb6971232467d0efe,45db8517e20896558f43__original,2013-07-31,0,519f057ca753cf255e24a3b032543ac4a55ca487e0c6e27828cd54b3f00192fa,True
93080631fa9bab88e1d0017b,ee05a9a1342b9cf97bb8__original,2013-07-31,1,604cfb7462f24b15132c110b56d16caa77374ba9674b1846e1c0bc8bbce7d132,True
937a00910729130e2ea55b7e,735050371049cf9c9e45__original,2013-07-31,2,1ba20dcfd8d29a7210a3659cf1ceda665b032831e1883d64f3bb8aaf422f0851,True
c0b7232e0210742278bbf2e4,c9de508205eb14a7d104__original,2013-07-31,3,fa631c3bd7a0b953bc9b3b763b48d9b94be4ce02d522c77bc097c6d3bb3f0979,True
2ced4bf251cfa362765eae40,647e011de08260baccf7__original,2013-07-31,4,d5ba61e5fba09af29f1974755fb1eb3e669d3ccc985d25531f0b16cb9e3f1b1f,True
73f59c79999ea7cffa1386cf,a93b1b578b897162ff81__original,2013-07-31,5,5df0b443b2ab26d471e2b207e47cdd33e239b93012ab3cf6268be7ec989620c8,True
80fc0c3e6ea59ca2fce9857b,2dd91e4c537a18a73a27__original,2013-07-31,6,bd07e5362a51232558c0382d238aa93921ce803d998ef5e350a1e8138ec5219e,True
af77762cc9c032e63ad226c1,b31d9c380e1e9d50e319__original,2013-09-18,0,34c1ca5a3c9ab05f208532cf572bc4b560764c85af2fe7184f676c39bb453822,True
caa7c6f8f2d55e7c4c5474be,db95f19abbef684de75c__original,2013-09-18,1,f50f2c47b1423d27bed3bd36ecf0619ad6bb6ea6c647ac16e98a0651b45ef0c6,True
ce606d5d80c330f95e71cf73,3fb516f3bfff04d946ad__original,2013-09-18,2,6b829ed42be5d6f1306ee2f906836e703e379094d7104a6ee7fe8b3c8aaf5abe,True
bb2584bedadb567b22f457c4,13d0cd85154a1266c85c__original,2013-09-18,3,3c41ec3a287dfd5f258c7878a714796c73895be3753bfaefe5f5984111bedcb1,True
fa5e21a71f8999cc5a228d42,f5fb3901c738e7193fc3__original,2013-09-18,4,330fc3f55b3ac8eea4056ddde658c58a927e00ada6e18439576f69f08d9dc438,True
afff1b96f9aab43f328db683,47119ae245b3fe939da3__original,2013-10-30,0,39d1b1ab6c0607267bd2411f83df7bd872098cc6b981fec15f11d2595f46edaf,True
b35a496f1ace7d00089af09a,fdce48d35d9c6964f8f8__original,2013-10-30,1,a385103001bf0685b569e13d97f49e69d20676700f5a4a48ff260cc72dd25ca4,True
4fee9f22a0f293f2a7a6125f,ee7460951565955029e2__original,2013-10-30,2,4b7ee2d400694643a7ed4956a32cbe3be8f1a5d1fcd7d61a4e146fcc538c7dd0,True
eabd3b38e18fc3b6562bfb96,d25ca9c06b8c67de56e4__original,2013-10-30,3,6aebbf9245b1043d6008ff0a2f5430abdaef82bef1129b22a62c424150afa3bb,True
43d5322013202c64c34d9690,7d5be18ff561ed5adc6b__original,2013-10-30,4,57546274a0974c69d8c8e08928c8f2bd07f4478867467a92ddf11a9405351b3f,True
3c4f899dc660080c218fa379,4b3ee6eacf4b5b3ba977__original,2013-10-30,5,e6b41cbad0618d208189ab97fcd7d16ffbd680eb9c3fb244c58bad07d44c2b2f,True
ec1ac1c0128516765632445d,e4056ad519840928a465__original,2013-12-18,0,5e15042b20f61a7d108d4c73ccd0b9cd2e5ad9d1cf14ea228c2a2e590a5178bf,True
2638a0fcaf4245a98a87bcb2,eeb12a3605b78c520170__original,2013-12-18,1,0ecaef05ac02507d70197be20a16b9c93cb6c6eeb90f67276fc06143c5daa4a6,True
cef1ab9967f32a205d1c4820,eb8db0d81e519d6f6173__original,2013-12-18,2,939e1927f3d588948311f19df41108f7caf053e6ae6a16f3266bd5e431d5cfe5,True
6c614cfb366622a8a040b331,a5c50338dfbb1103beee__original,2013-12-18,3,7aafb59b7c7679898be696e3039c4f213657adc4343131e76162a696c426663f,True
011cb48e841969548f5a70d7,248c345510f798ae9ced__original,2013-12-18,4,c0c479afd1b35635ddee832decd09b2eaaeebc63ccd488b647f6372e932e731e,True
61f6832c9acdd14acb5b1494,35c6711baccc49348e3e__original,2013-12-18,5,d061c537e3ed2d20fdb89472fc0b1dadae20a3d10b7680ac06ccb48a6f355501,True
fb62710a7697e7aa49fb6ff3,154d36959a72b9847c36__original,2013-12-18,6,2587dd5be935ba175f40cbbd45a2a225ebbc540c1240bcdacd2f612f57d18594,True
d52d7ae63a1f5afd5dd0e929,f0d15b93048a61075fd4__original,2013-12-18,7,94c290bac1ad4ee45df3a0f7678e8dd188304b621785c073cf8e124b3b57633b,True
9f50ab7afdc3428a5c7dcb02,a4524c464d826736e7c5__original,2014-01-29,0,bbe1d2ba28fb4ed12e27561774c2ab6cc72b4921fdcdd43997c1ddc9cc35e1a5,True
8d90839da70c1e0118589a98,0e9bccfa0a52a4630ad7__original,2014-01-29,1,80184ec75b52c08d0a98822f9d644bba7ead83c710c2cda70fb24884f828bda7,True
46a555532c8f40607bf46d31,1081ef0edfe15d74d783__original,2014-01-29,2,dac6e3bf494e0cac8c24881c1b45a0dff89ed3a9777eea2735592828bc5110fd,True
188aa7aa6e50de6de3486d04,5c32c95250228a64dffd__original,2014-01-29,3,c1cfe39ffdc187b996f34bc3bea6758e1cafffdcef6c3656e6e0e783213597b4,True
9750d4cb1572862e55006f9a,321ec5ef0d880786ad34__original,2014-01-29,4,1140157f8a492b6dbe5dd13a15ac27c83f9fb676f7a75196a4372fbd9351f84e,True
4d825b8b8fc2867b7b8b17e9,4d0e1b33a103fabbc721__original,2014-01-29,5,34734505ccef446af5f998723aba1f035a0cbc397732a19e32c037e0a9b640f8,True
893cce2291cbc8918d5a1e04,866b38692d073dc1a0bf__original,2014-03-19,0,bb00986c1665ac4636e1b4a943e8ea3217ca27cade8670a6518d3da6ea56e4a9,True
b7ccfc6b0fcefa00e513029a,616fe31063aa7ca883cf__original,2014-03-19,1,173f17640bb48763c0fc668fb8409daadd50519dfecbdff3f3a7fcc44612e757,True
0c77340910f415210c704ed3,ea31489be6dd9773b9be__original,2014-03-19,2,2b1aa238e0e20d770c1a109c1f8296d06a7fc67b31c489149bcbb9d031c64d92,True
af6fe86067daf36624bbea84,aaf3a451a05cb6786a33__original,2014-03-19,3,85162322ac705bf9762ed6ddb3e8d3d29502d3b7c239015d0edcdc399e670cef,True
594cc46da72d1492016ba890,dc1cac378259a6e7834c__original,2014-03-19,4,4855d3f2a9bab379855782971a5c52be567c82a24f59c5aba2f837e0b42f49c2,True
0827c216b851e4251ab9ec74,194e7f2979e16b0f4e3b__original,2014-03-19,5,b9c4859fe4778db2201f164c455dcef0054a9aab2afb1f77c06bcdf9e583730f,True
28bfc1426de89c998771d768,ace82879e5528ffab362__original,2014-03-19,6,1d3ce2c35429b421780415e49f2ea375de9dc7aec4b3fb362e6ae6808e8091dd,True
d84b595af35051aaaf0b2b2c,c728e217796ec6bcd3df__original,2014-04-30,0,fbd76c69a0f7962ef7aea57d43206ecccffee29c45d207b8e1cd45b6e1d09b2d,True
f810076b8a00213c8e41ea38,cdc08d4e8e5e8d40ed84__original,2014-04-30,1,993d67e604bef3961a327a134e6ef7b36244aa41a1d2911c00848145681d11a6,True
3ef17771f97053d56a940944,856539219b66165f6d05__original,2014-04-30,2,d77baed44d3d4c7f50fb06d591c408a1177b606a259f836ff4d9fa389eef4873,True
cb0ff1a0e35999df2468c5ac,e33e0ba5a2adb74417c0__original,2014-04-30,3,7bae7b0b9f59a51493fc355d9f47a54649e0ed20815dd45e13f68fbd46cf0d30,True
35a59a294b130013de88510f,9e7b860e3369ed0bdbdc__original,2014-04-30,4,e832b91f5ca260625bcd72b0da9610807cfa3076a459473b3ad2928df0240b3d,True
9ae3aea69cfadae2d30914b4,30e81e75a3f04087a35d__original,2014-04-30,5,d674eba70c7d45526d16be7b0d0a27eaf7a2365f046ce8608f6d12833d138d47,True
a482f6823c2dfbcfd3fec46c,c5ebbb3ffe732c6ed7d3__original,2014-06-18,0,f82299587ffda0fcff19c7d9561c1784778812d56f9e00e05cbdf2e49b390def,True
4d0b2d7b7571e8c75d1cf374,c724d649f0fd39abac5f__original,2014-06-18,1,23b984275e40f20cabca6e59e6b2ff1c497315f6409f3051f45306c50111127e,True
5ebc0190309802219b64a9ec,cc31a99df25fd4162caa__original,2014-06-18,2,dbd11af9c0b20487aa3360677342493aeef40f28330a82d4295799d767766be3,True
7840b87bdb0c1fcc80d12f13,97ebdc9ea028dff4146c__original,2014-06-18,3,222d57078c4594cbdb977d6569191aa000625c1f8c3abfd30d0e35b5f27f39dc,True
73d4657b7eb9079047a8f59a,28c7ec50f1d02d315137__original,2014-06-18,4,b7fb13fdfd343950f855fb0326d70eeb39f53e7a6fa34d6883e1fa164eb81a0e,True
60403aa23d9a663e4e583596,78c8ffd7e5608c1b034e__original,2014-06-18,5,ba4c3a354078e8d3ee4081fa4cf69b813e46078450acb439c8427536d7c4cdd1,True
ff08032ef6fa1f6bc50fd1a9,9606cd7821f7bfd8198d__original,2014-07-30,0,36d81a4ce80784b9a430278ff46ef7fe198464097020068bff1d06063d68ca82,True
21bd76ecd5a949aca6edc4b5,93344e8bd30fcb8420e5__original,2014-07-30,1,17b934aa5e92cb6b904853b358d5114bba56ce5b03268f5eaa186b0d12407878,True
fa89429be03613933fa3c5aa,f221482cdfb64e31bcf9__original,2014-07-30,2,ea79435ea7e0d660ed7a51c6518992be24e8ae1fbde585d4d9feeb2f11208f9d,True
d8dedde87e70ed52ae6049ab,9540604bbf28ad541975__original,2014-07-30,3,7b4a828d84b687cb276db403f24c6a2156c3be69326ecc6dfa3a6c7cfe7786c2,True
5089cfba998253bd052245ce,1450413e2e8c1cecf3ac__original,2014-07-30,4,cafd6aa26541b790ddab5d8d2efe2890385ffbbaf8ed4fb1c3bbc959ee075a29,True
2891b08e250ae1ab41356bad,39afdc09f0c82d5e5bb3__original,2014-07-30,5,943b9efd0a905e2901cd7c3845931258b41c25eb1577ca6018a1975f63da5187,True
0a8f06dddc84530e644398c1,980819c794297ef986cb__original,2014-07-30,6,5d028e797a956e7287c4abf05b39490f0f2c580ebb965c57289b42ffda83e5b9,True
c1536a6e22e38186d2ac96aa,f7c167b475ae8857a039__original,2014-09-17,0,9db5abbc9669fe208f73435e439c4ebb53fc8f98e5de2984209a0c6a0852f03e,True
ceaed70dbbb0ceec7d12294f,891665e6943a05a66037__original,2014-09-17,1,99c4a83d6945c59eca7525441138d0bb2e2d93f6c13803f7e269a1299457a5c2,True
d66755f49031dd12e4b7b83f,b248b5fca6b02d3c0d26__original,2014-09-17,2,4314540ec48f681dfefc353d404c1ec4db3ae7593449541a1d660e5816d0ae37,True
ec20bf851b701c688d3e2efc,13e2711000f822c83fad__original,2014-09-17,3,7b8eb521c0bbe7ef027b2ccda0d7be6e444aeab8cad3ebd79e5beabdd77d2ccd,True
9413cd8139300e5d1dbe397d,8bf4c6c9a2ea1572bd44__original,2014-09-17,4,b5341cc2248b128bb592d9a7cad389cfb06326af55097870e9e16121b407b3dd,True
cc785b8ae4bec3f6dd1f825a,d617ee45965dc6cdfd12__original,2014-10-29,0,089f6ebaa90b8d3b93ecf9b07ca0dc056264e7e1501e41a528ab31a9264638de,True
c0bc98d3057ba373346b9e14,46ecbcc0df80ca7a6ced__original,2014-10-29,1,ae3049514d7f6bdedfe526be22a1ceb4eb431dc8b148cc8b7efa704d483fff10,True
a1bae1c70ad85b626b8c56fa,8bb9f75c3f121ee95d2c__original,2014-10-29,2,2cb0dd462ce637ca7a319d8ccaa7f8ebe2b3da8556c54b0e1e6ec5f2a608fb32,True
5b9a3700e1ae63f4d1976e9e,45dc1f1763e129ef99ca__original,2014-10-29,3,afe6bd931f49fb257746d11dfb232d802ae82738c3da5d63afff32b5f15882e2,True
5a2b636b5ec192718c7b9d47,45fcf55a84b05a4252bc__original,2014-10-29,4,6b74e2f1a483ac5e5c143a4bf46720bd366a8e9e27cc82d36ba52e25b49b658e,True
fbe95d69e70473c56d82b827,78d1156d5af31222fad9__original,2014-10-29,5,dc22c0442473d6011f386900684392da04cddce98c90ad532ca9d936dfe5c44b,True
34139d0e686dcc8852663fc6,7c953c22c3f3b35a2595__original,2014-10-29,6,3ffbe278298e382331d03bcacdd0a399e497123418103d304e0679b8561cd31a,True
ab1e5dcfd5b75d93ba6c0fcc,a846d4d277d2b97f86ae__original,2014-12-17,0,0eee3e08632ca04a372862380578ba18d33ad59f3dd0d4518d2ad49f4af75993,True
8ee4c455f6bb50dfdb9c2d68,a3595021e6ec46d7def4__original,2014-12-17,1,e4a2ad84b0642f0d6346f14c408698e83732dd56489acd5c424991aacf95dd76,True
f2ee4c9e213d990d66acb24a,e289bb3389d97e68480d__original,2014-12-17,2,50b97c2c599546ae46dd2bff7baf12b780676bd9e762bb318f1d61f8d13a1402,True
bd987b819607be79ca011e0d,caaf4536936da03d0c2b__original,2014-12-17,3,75efaf2d052f1f780942b24a5dfd2967ca8d654a34712e8b1eeaf331812f7298,True
fc097304e7cc408949106150,7e59ffaa40d332aaedce__original,2014-12-17,4,862d17cc0521779cfd02ea46f07a799004b36cdfcf20fcfb2569b91e4d8094ef,True
f5e1baa3d9fc3eb6597999d1,4db60d33b9d28ec14d6a__original,2015-01-28,0,2aab24c9d5058f8210668f48b9c01d96ea2d985b899842bbadd3a533d1a40cef,True
6264039d77ae32cbd77e32e0,0dffa0ebe7ecd3a7c2b6__original,2015-01-28,1,82410208045e9107805b6e658ab45b545375526119aac834c550d3be9cb0a437,True
7113ea89dcf701fed51b882a,eabc66ea12684aa2b36e__original,2015-01-28,2,d5e00ea340692a9ad1cd0def9bb1c3c9387af2a30b65e37f120ac480fa983cb1,True
1f245ba5e867ddb4d1fa69f0,053c792d2e249f3b5a27__original,2015-01-28,3,d4dcb14d8ec227f76bd00fa4424e09dc9030b7fe4208bda29a02ca2b2728245f,True
da982f920e995a4bf34d4a26,e9a78c3a4f66c924249c__original,2015-01-28,4,ad5c477e0f0fc24b38100ea0828969f12e5fc53966eaeb0d1e630e4042c253e8,True
5c102c0995810a7ffb15ecf3,9cf5cd08924718dc9995__original,2015-03-18,0,5a2d3d4606f6e76a23f30ca2eb7b3dc564cb86469720c47c8c965cd2abe73a33,True
f2ea8683aee90b5a5e7af70c,73ca04ca5d211dccb76e__original,2015-03-18,1,c8bf661a6ff9be78ce50208b2a479996dc17c13c4883c06101f15528838e1f51,True
4e25544092285a0b7c6c70e8,e9335d03b1523ac7fe1a__original,2015-03-18,2,a053787ffca6b0ea75a7d60bd808d086881ea8ea97be516e7be7ede38a0a70b8,True
786cee7924dfda6ba9dcc034,2ffbdb8af327cd920288__original,2015-03-18,3,4ca46f7f99b820fce1bae89ff327ec9fbf4bc8a1a2b36463336f8a7d9333960b,True
1f2d086436b3cff56e930e1f,eb7d791e323176a6c6b1__original,2015-03-18,4,b4afcb898212efd5f40f9cb8d85be581f9fcea18c8f3a84da7d84d577564d16f,True
7ab3c29fe54bad7b166c636b,e8530b9a1881548e892a__original,2015-04-29,0,487a9bb16ae0b3366025f81c6677c202bda7669a8078d7065e4db0142c91e12a,True
4465492731aad2e4df5e8a79,1ccf5d83ca7b86bd5b2f__original,2015-04-29,1,db9870cc309c86b6dd5d3a2e751f4cd3f86842a7790b5b6c7400662d73ad72e1,True
02380a3aecd998ada19800dd,de7e29dec12c95bef88f__original,2015-04-29,2,b00128c13c5ee8ad51dfd4fe2afdec629e465d010ec8a219b91815c513994c99,True
79d3fdbf008be2a28f2a5319,cd585f7ba8a36bf784aa__original,2015-04-29,3,4cd01acf6dcb1b01cfb12a058ecc57902848d685a3cdebb937085ec01ad63165,True
627c9b9afb400f8a1321173c,577313166010a92ab5af__original,2015-04-29,4,21be9d93ecdcbdbbe7e16840ab43d49a50ed7c350ea21b5306367d4b8c9447fe,True
a2cd0fbe8bd47abdaeb8368f,dadd14e9a93a0fffe877__original,2015-04-29,5,c5ec5dc84cb6e5035efee78347f9b6b86c254d4859c358c4ab483ed7f17eea7d,True
610e6a2eeb576b3166804c29,93f69133d6a258bf7143__original,2015-04-29,6,5e15df3d288428a0aaadf9d149e236425081f156b3f185144087705f7102ce1f,True
175dce0999a5738c7dc91298,db91bbf162e6b8c75610__original,2015-04-29,7,9b7a2cc808e12a9f02b5dc1689532b614513eaa5a659e8a29ea03f403fdb1440,True
0755cb132c18447a9e3d4f2f,39c5e2f070672d8c874a__original,2015-06-17,0,d100c4d43bae321a218d0a5944723ae9aca8112e7b6cf5417d429b74411cfd5d,True
22123df36c183b48c395d75b,e7ea1dc91305cafb1365__original,2015-06-17,1,956f4a9e9e8ba67cabf7b706e30a333016322d24cc70062639bb14057a2a64ec,True
a43e4c008081019d9541139a,566cd62f31be3c7dbc7a__original,2015-06-17,2,0fd11009e6f0f3f0f607b87585c9ddfa00358047efb5b1374a5d61628a0ee5f8,True
47fde4f024ce3ad7d7d660e5,b0dd12af040e6926130e__original,2015-06-17,3,9c2b9191361e3573254155d39d394a4d0494e7d4e7c66f4b0a7e239c471c4cbf,True
39aa5cf5006293111835c5d6,fddd70bbad2bad329837__original,2015-07-29,0,1b3f2439b60a7120e86dab17c3c06e2c41dc280aa283809cf4ff38aff9ef47ce,True
3b4d2171c25dd3448d7434cf,413b9061687e8e760d8c__original,2015-07-29,1,0a6dbf3a50c82a4d4f90c1a433c6b3e43d49dc3c24f0da479fff48aa74b64b51,True
29dae13b8813924ce4f1a663,b886f31586d5481e0fb4__original,2015-07-29,2,2592c4345ca0a0227a1372c7d3b9bcd5378895af400fd7aa3489105504a6ffb6,True
dbe3607509026b08ffe8a2ba,dafebe6120f772554bd0__original,2015-07-29,3,c1d3a03eb4fc9abc727751775b3d10582c7ee3f9afc3c3e828d6fbc34cc898f9,True
9aa602bbed48f6ec152d1b46,49aa1c0ec87b0368850c__original,2015-07-29,4,5baaa53629d63aab82ef04faa158c675abcf8e6edb4ed43a2873ca21918fd9bb,True
61531cce7f4cb651a9cb764d,f9272b095284815266e5__original,2015-07-29,5,3a6de9b5a6010b2efeb22e28ee8245afdca7246ea89098d6cff3846e6b234f61,True
a95525f9c30150094377526f,7280dda3f7628291ad76__original,2015-07-29,6,33c876787fe1a011a1eef6e73f2148f769f229065db1f1fbeb1ad7ca1e574380,True
5b21a39043b9999dd3e810df,40c5d6118ec2ebb4d170__original,2015-07-29,7,9e94ce5b8706f7bd0b72b2ec28492dd82a5e0f291cfab0bf9c85fd4de4e8092b,True
d4734bbd513a898c42c2cd4e,99b604c144cb1a8624ff__original,2015-09-17,0,e5d95d1e07c133f41a55438772b72f007c2a2e8530a435ef8161285087287434,True
00cd485360abae8f14608d22,1550623741e3e9cdf248__original,2015-09-17,1,5ad4c5c2b917d028a76be941a36c60e10402635ef29211f8759163df38f601c9,True
cfd8947aa8f73ef6023879e6,addc554976c6f5bd29d4__original,2015-09-17,2,399f9d4c9a64a60375e8b28a955544bbc7036b981ea8ad30231b6ec808ff250b,True
654cc778b5e003ea1511ff0b,ba3f85cb8666a57144c8__original,2015-09-17,3,cd0bfdb16d537d205d395c981775b31a80e091215bab67278f30b64d0cb45c65,True
c1da226b78323c629eb2ee1a,56bb5725cc6fc71d88dd__original,2015-09-17,4,fbbb2057c5f560228439a388f6e0c35bce039b663ab4e7994d6e8d3cb51c66a3,True
af1d94c3a6e5396ce011697b,86b1bfff673bab0f2a78__original,2015-09-17,5,5e9004466a9bf68c280f3f7d4966418b880dee1f43940ea3505de478a7ca2b36,True
e749f5f2bb8b8ccda0b6c74d,50f4aa78c0d3e82d9a6a__original,2015-09-17,6,fc93c690038728459920a0851830414593c7edbf7209118dd0085855c8174a93,True
2ae2f04cb894d1ac88bffdb8,62549be0410b2b133040__original,2015-09-17,7,3d08538696fe2b177ad35cdf3de7a85c8289588c9500ed7eb32256b8294b27a1,True
11daa0fdf1cd2d616bd37a18,41c6a9ea86e7a4672ba3__original,2015-09-17,8,78b60c1f7ee6d0c94e0739565a576879dabf1bf97b319af9cdb9f4d8068c4dd2,True
133c5b5992b31caaf2c5c2ee,60bd483110069c5fc3c7__original,2015-09-17,9,42f17021f6f985db5f4d6a54bee4cb8980a96c8f0f50fd7854a3e00bbc23eceb,True
f1d414e25b5bd61319e304ec,392b3f3749d2893d6714__original,2015-10-28,0,91ba40640ba9371e1ecd371c8cc0f384ea704e414668676f053d9995f70c1eda,True
21740e3332a7e3c73ff7e5dd,006bc34b8afd8e371f35__original,2015-10-28,1,fb52abf08c607bfbfcd6287bbd5372001b4da45aab1c9a1f4420845e091ca0cc,True
8d28ad5a18aef83159a5821a,0d394efecd1c9cb3bbb0__original,2015-10-28,2,2671cc19f3a4147a4b28e6763dda7bbda89d7db447590c9e520def8aaf68dab4,True
bc83f71bb5492603d92ec03a,59123517a8f990b793f7__original,2015-10-28,3,6e67c45920b4473fcd1d421bed97eaed5681d9dec64c01a0486a43db8b9d017f,True
57ee3424530d95613fd0e5d3,8e06a5293ad287d495fa__original,2015-10-28,4,41dc192202977eb0d5826157ab76f0380d19af38e4eaa62aae95f6dcfc0de2b3,True
5aef7ec6e72b7b048f828542,8c38c098febe5a66c9fb__original,2015-12-16,0,a01b6a9e5e39246bf44be091b40ae9020cdb8d7e28452ee6dafbe0a578296caa,True
56ed865e1fcedfd01b8428cf,bc727e97dd1d5774db43__original,2015-12-16,1,6ce82e2ecfe511de50f7b667675c593768c5b6053296cebd1c3a62277680e920,True
46a0bd2a8568c63d80d074b7,66e4a54d3103bfbc00ad__original,2016-01-27,0,8348ac035a501028f9d7f84c0c1f2a07ef46f6a7c5c2cb3b585803976724e3c8,True
34fd18086be80acbfcd042d0,99ef8161b932ff39b9f5__original,2016-01-27,1,16942ed2c3eddb85a9e56fb0e38f975e29d7d5fc8e549b73130b204014bb30d9,True
3e46ecad91a6044150259bee,7b0057f3e6bd7e2a232a__original,2016-01-27,2,477b7c255036d4bc4620a81499d14f82d8139f919793f36b3048a0656d07d0b7,True
f9022f6720727d97c5916297,9d0b535fd208d2d434bb__original,2016-01-27,3,de27c0880bbc84cb183c0434bac54377988a2daa49072c35a70b3bdc3d0ecc46,True
892bf77ce4ff2020e0f61d9f,a22d0a84aa1e55aa624a__original,2016-01-27,4,a0ed8e95bad9893e55b89591071be6a60fcc6d5f8369faec2ec2b4a95d022a7f,True
4757366826607dc96e7b6871,ae282d020743a4bddd8b__original,2016-01-27,5,0ce8a1f3bb50d02263a7877b4236c11419e296f8bf43fece787db7a6a28c7037,True
1b2dc2ec7a53b3808c30de19,7c2cb20efdebb24ebb62__original,2016-01-27,6,a3799c05d24b84ca505bd252aa6e77316e29a3eff69e45840e72e0ca92bc1a00,True
57853abcb39fa6426a872340,2ac80ec2f6d2fc7a4546__original,2016-01-27,7,89c889186452435cc6c59a36f7f2bf20cf00168bf4ddf25d7fdf300b2b5a92e2,True
8beed704318c372c668ca45b,a01ac87967164176a99a__original,2016-01-27,8,042ec79f8d28c0c71d297e4333f7fc874ecf6e19e1db367f8548d8cbc2cbb9bf,True
4fbc4b0e8fd589dba68e1a4b,c66c4e183fc955cd577d__original,2016-03-16,0,03253d7a919b7e155598309990a907fad0dbf03d365320e9fe890edb5372a502,True
7a7048bee930e00570642565,a473e287b800fc2e9eb7__original,2016-03-16,1,ee7cbba524e3aec1e5dc94b1db0c50040f9598271a8c3d2a7f320cd9a8ead4e6,True
3a210e54be10b5d0170c2784,a07ab10e7cf102450959__original,2016-03-16,2,aadaadd06ec2e757176d4bee0f331d358a49b8f56ca90252f26100aaec9e2684,True
8562babca31e15c21b891679,9c8b765e6d6fd7ab383f__original,2016-03-16,3,8e3fd69f23cd5c5b2cfbf6bcdb2d27e7d69b44596106217d53df44f319a4a1f2,True
e96bc67bafa01edf33ef7203,c2a37100d20faeecbc28__original,2016-03-16,4,77dfb2691c2a21166f66ba66f2d2d700f220dce75025f996fd34764875fd8001,True
5a85abeeffdef09afb017a12,1095b412af3836dca332__original,2016-03-16,5,336cf6a03015c8912e5550c8e30161410b8b13d70ea3e3a0e3772be5d356dbba,True
745cde30c0347e4aa4a003cc,387f768ef7f4aaebe535__original,2016-03-16,6,2dc30e8c0d09a8444630c9760da37c4a58027479a0cd701c41071911965a3419,True
3e0822ce7351411001316e50,e7e578b136e8600b72c1__original,2016-04-27,0,4ab284f8111350c1f935e1bc0c3dd2bcf2f236a76fce55d9f6ea0cbbec47ca31,True
5afa096835fde18e7614b4ad,8e5113e2c56c33ba8d92__original,2016-04-27,1,39ca3271acd6d4b627d05d3e9f6c5ac9f11a220975c2471f2fb64fdd332486c2,True
3a4345dbdb3c8287a57d1ade,5a18d3458ba5c850b0fe__original,2016-04-27,2,91ac1534da0a7ae0eb7b918054947bd97c8119641fe1265a47abc00b5d786a7d,True
cf5f7df789ae788e13c036e5,519a00f4c6aaf0da9589__original,2016-04-27,3,1b0c724b9ac4b1ad51015f0cdf0f966a38a90dd61641031fc245f52bf5181103,True
0b33f09503f8fb99a9e2bb40,b6dada74211adbb33045__original,2016-04-27,4,02199dc06bf9fd592276dc26d3d1a9bb8edb5c2b1c06697090cdf2a57d7ece9e,True
08190ecbf84ea45bbf979a05,77264ee2af20370ed46a__original,2016-04-27,5,19331cf6453f3870acfd01e0d8338c12707b86b08bef51598dee1045566d7874,True
b7a6be625ed2fd4ed1b8fcc4,2416133048208258f173__original,2016-04-27,6,69497b532b89d35cb216fd65af3d784cb891217c1b69084e0f0499573284e656,True
5797a8260afec03fe5d00bd4,2408d9b21a7a598b6eed__original,2016-04-27,7,8c05afca0c44f2dabb1dd59e72927a12f20a7ec1b0425678a58ed2cfc3934491,True
dc2ca733a6d6915c4e27f55a,59ec0108ab0bd9dd107e__original,2016-04-27,8,797f6be87a702b04d86d42b72432e877fa1f5f0b0981cb559474aea666dcf1bf,True
828b3aff43ae7ffe44906be1,81fc83bf0b4c01f8d8ff__original,2016-06-15,0,f1dbe5133b9674c3db1ae4d26a971d1ea2fccb9b70ba9a66c9f390cbc608c871,True
587f0c110bf26caf4f28a7eb,207a54ed577259bfe212__original,2016-06-15,1,b2f69790439450f5fa50092224063152f559b81b8b249be154a50ca8fa829171,True
d57c505137d30c230be04fc2,f35957d866799398b030__original,2016-06-15,2,5a4ae275ad2d8658e81900b1075f5c7763f1b910b4329edc5cb585771ac34b25,True
308573aa5bfc61d6522ac6f7,ae72fc83de5d0d1db932__original,2016-06-15,3,7a3686b919bde0a6937c12b2aed790dfdb7d6685cc8ecb3703ba5d22c5d2e972,True
66acc1cc40e70f9a1dd6c836,58ca49bed92e2b280f15__original,2016-06-15,4,21b5e2104a5f072e2c81515fc582a444172ff709ae8b3d3e36790e5aebabe6e4,True
e327058fe07e2c4e02133129,0b559f53d7e5835e233f__original,2016-07-27,0,9b51ae247fee53c4ec31498ff3398bdefea7dd0377ed13ace3141b2bc1baab58,True
5e7af3c8175d529d267ba98f,71434bbabd418166165d__original,2016-07-27,1,3eaec79481aa96c6ee2a6ceacca41a71a9a922a638bff3b01c0ca55855f34910,True
f5b1e8cb40b988d0d80ac51a,5d6e80d9592683908f6d__original,2016-07-27,2,266f273f3aeb8ff317dfe51a3abd8019d14f185843e683d6eb2cc031f2aea23a,True
3591e59a8a568a131f443122,feb11796108c8cbb3c4d__original,2016-07-27,3,9df0f73a14c7f3ecdf202552b8f53814806700faa6d10bb1218703fd83cc0d47,True
4a51be7251758deafa0463eb,48ce18a95b2cac028f61__original,2016-07-27,4,1bedbaea979b7b9f01f12db7065e7a88f37bd57f39c118729c993ed2fc301a22,True
b35ac6ba3fd38233b2278333,95b5f3ada70245589b06__original,2016-07-27,5,eb4a87ad4232ecda35913ade0fca22a756ff144fdf1f1336e643abfd0a227501,True
6a8f03340752b02a4b8661eb,1c7dcd36f6801a81dbe8__original,2016-07-27,6,a5119ed4cf9f6ca8c9ebeeefa5f807155743785ae3b0a4113545300bc37e9199,True
4532ad66542e01bbe596ed88,69108329da6b893a41d0__original,2016-07-27,7,21a660c391754bc0b193633ed478a456f15ab08bfdf1f9326e3576f6a432061b,True
94179e65ec810b785922b568,de4ceeb139d56a0ef524__original,2016-07-27,8,b793e40b8a0516f5b2afaee4275feec7d996b76bb5b527d82b905ed2c2fe64c9,True
647a4269f66c0861d6c272fe,1be68b8cee389f30fe75__original,2016-07-27,9,88f72c2df6271b6f6ef9a8dfa4798f8e9fc20966ca5b37736b66efdcbb9630ad,True
d286236fce483079ad803551,31251408198f21dafa1f__original,2016-07-27,10,8b5355a21c1db9cdac1b3518dcc768cd80826b78622489e283aa3a3cf0016b92,True
e563c543cf9aad9557c8fbe3,e17138178a7ca4dc039f__original,2016-07-27,11,68b8ae9e6df2b66a461ea012f2409237b0ae1eea818da2404990629305505a7c,True
c42d1eb86092af415ab752eb,a8528652c4e1d1bf05e2__original,2016-07-27,12,e70dc07687be6f2d7ffa6102f034aedd84a7d3d23478f74557a9b6efd20209e3,True
6018f74553cfa8ac40b41d3b,cbee9f4adf119bc56960__original,2016-07-27,13,ed0a6d6f10fd9198d1ce1bd7b5d91230865629958ba55214cb42e9b35437f89a,True
a3e2e1da34fa261b9bed5a49,4da4029d21660aa9eb5f__original,2016-09-21,0,d456966bc02f0b96e48c148eaa54e7961acff31324f9553c275e6073477ff591,True
19f70adc2c3613a37c83a10d,5e6c6e770467d91e5399__original,2016-09-21,1,d34ca9080660953747d2e361c7a31dc8ed029c02556120bdb01ae36c84373e8e,True
ca099dd518e1da4c79f1142c,c66c021c4e0fd742c59b__original,2016-11-02,0,655bb574b83b6a9790220bd1c9ef28e072c9d50adae3e4cbd288c68afeefb408,True
71f7e914dd31ffdd79e296c3,3d80060a1cf8e697b60a__original,2016-11-02,1,fb5e665721367be9c27cb8ef24053be94a1deff578ea5d0d5d5e3a08d5b37956,True
08e8d20837782f851ce60f4e,3889c14a5f54a186801b__original,2016-11-02,2,4a6566452fcfb3c3868c189817efd752651e54f0a7c2ec25e3aa63d09665e496,True
d3d64c0c4639b3c2f3ec716e,490b510efc1dbaecb573__original,2016-12-14,0,8dc5017dbace3c7000b8ee946b78d30c1b8dceb823c3b0128ce38dd2cb3071e6,True
9101dfe65a364455d0c119fe,41582d1e083ae7f5450b__original,2016-12-14,1,7a539bdbf2aadc1999f5e026b423512763dda9c005d97a374995b3d9406143d1,True
ce079c8a53420142dd98eb39,5351d49e8cf611e00ee4__original,2016-12-14,2,83a367ef6abef838b6264cecec1946dae07d46df2709698aefc18a80b50b56cc,True
eaf012177aef26a3c102effc,ca2016b7bf22ed0b9beb__original,2016-12-14,3,c73dc9bb97d4591e39c07caa120d0e2221a173862138495ce8c5b9f057f51910,True
d5cc053d3e5629bc49ae4b89,781778154979e2784cb6__original,2016-12-14,4,780152d372ddf5e1913d50c7cfcfec7c4aaabc62e9a053489e47ba4252b41d3e,True
81124e2e9ffacfa7bcbf72aa,503fbc5ed98eb5249cb4__original,2016-12-14,5,1752586a58a98acb02632591a62ac1bc74df39177e094451e44d8632cd34b3db,True
5248f11d79ca2e36a9ce4e74,45ba7daad04da3f366a7__original,2016-12-14,6,4d7db3878d50a3ef194a5161772865571a651ebaa2a846b3d9e9149724653bb8,True
99437fc5fb75d6e280d16dd7,033fa1c30ab48670228a__original,2016-12-14,7,6abdda5f3706aeef7fe31f6135378e1c4c4c23d1cbad19ceb860367646e43136,True
0b4157d50672127ce10d7543,e796ee2116f33b14c832__original,2016-12-14,8,3a78c9a99082ba9780e90a8dfda7bc691daf28d114a636374cd9aaa2ddef0ce6,True
066237b1f1032e1423e8dab3,39f48aa6367335261d01__original,2017-02-01,0,c1481af6cbdaeedc8f374a8662629c03971cf65d2afd1c64d49553f5758c9aa8,True
38e12cbf2309f85bea5a2de2,3a53a9ff910dde8f92a2__original,2017-02-01,1,a4f962cd5db8cec05d7c55a9bc7e3d9865307c9703c2b8722cff040cf8f8f4b1,True
d6076e36835799fc66095488,302c70a99121b65bd2fd__original,2017-02-01,2,bdd4ce8cc0c78a26a31f27e7a04f9e82eeab2097da10145f7598ac22fe3a14d8,True
c0992b53ce3774f731f3a9e5,edf5eb84efd09ce4f8fb__original,2017-02-01,3,6992e23d73def5b68682ae38fc8c218c5d60c0a8bd987cb91b4d1285eb46e1fc,True
2e66ec1704c63e02dfae821d,1eb57e13977cc0610fdb__original,2017-02-01,4,30eda319e00ad99469c1e7ab8e22e10f76600cf7a28e49af8e66678f5d6ea0e9,True
f5d02a479e394c6ee42b1a9d,9ac9b0bfc0422a36a0ba__original,2017-02-01,5,648fb39f769e6208f5a699f62a5ee04f3fd4388282a0ba98682c442aeb62b6a3,True
f0df3d083f06b7f72f9a8bb0,3f3f04f93d0f35d10a71__original,2017-02-01,6,1e29b8710b4552da88a108899c486142b8d4f36e51c9bb2cc6baba9293a51fde,True
8c97f21b194a638a3b0dbefd,980c998a97af45c44e63__original,2017-02-01,7,7de014c3ac25f5e4cdfc82aa1382a57f356693b59c5b34d4837558436206bccb,True
8da63337116d2a37348eb982,4fb521225f673028f189__original,2017-03-15,0,b680fb01cd6c4aa8a0ea90083e9aa414f5020931fda1616f8cf1e55db0b3d9fe,True
adb9d7b0c4239b5cb188e068,b45f45c260ff95c4ab12__original,2017-03-15,1,932d69988353180edcf772d39b87187d683b40b89e0b286a2faf93b5882d3487,True
1a6e990b7b35890ba7fff8db,dad07b648dced6fa6867__original,2017-03-15,2,703b1ea1c315babd69796d0fdf330c34020d33dc3148bdaaa4db5c5baf2268c1,True
73b10918b6e20fc372994598,b61b8c67d7a4591c2c6a__original,2017-03-15,3,74cf75a6cfe8ec17e993791a1069ea111673ebbcc4dab0a4dce30d3f0f92bc81,True
100a4fb171e5bb450f3abc53,32051f93d19ed100d3f4__original,2017-03-15,4,b7b2c1a6c5203fb71034dc9b06d8d8c596e791040d52397c1e65f6c94ae6c3dd,True
b4e9959b78c2a2cfb2e6eae4,959facb870a46a0af90b__original,2017-03-15,5,a0e71035b9f57e2bc5029319faffeb90ae0c2a6df0c5671cf89b8a312f52fbc5,True
9c58707b02a0bb0d208ef3d6,ec928739acfadb80dbd9__original,2017-03-15,6,052557464a8c91e2969695282ce30ff0fa3f50352c232a44e91416e71c55b246,True
682c0ebca5290df37128e683,2a95e641203e2c733ba1__original,2017-03-15,7,690db0f145dcd68e0167926c2a873eabc6e005a4f1cfa096e282f8e8093202d2,True
af2cdebdfe7ef7bd3f6b3bb5,16efa472e1a4e509e9f7__original,2017-03-15,8,e7f434d6b5164efd764766f2728b3b4997d709edb8bc9dfd7436a9a49ea36381,True
1afa1f975bf14e0fb6a3bc3f,4ab63901790ac02917c2__original,2017-05-03,0,38cb82c23960fb737f4bc56b72efa50e184c832f8588191a8af21518739b42dc,True
0397094a97e36d650dd78423,9e0cc2bcbee78532db1f__original,2017-05-03,1,ab39ebaaf42aae8cca4c74faf5fe85435d57e3a3a1bc008da14a9777e1bebb8f,True
da7c2a8f359baa68319dab15,4833071b4080afff32ad__original,2017-05-03,2,ab2696c517349024020fbbc3567dc699e84908be546b3e167b551485ae31fa55,True
a44327aa61e576709cb039c6,dc716d3b1e5bebab8ecb__original,2017-05-03,3,33a5ba35f09aedfdd8191a6ed2144ff571058bba8eca77b8b01c6cd0b926ee36,True
c302ac33ea423a45fb6fd3f0,8e0f944570778909cc7d__original,2017-05-03,4,645177776e5fb35a6d0bd64bd3f4c188522df93df78b668ffed42609e40a4c87,True
0444a4bc3243a7eeceab383e,a2cdfaa8b76cd7718082__original,2017-06-14,0,15596f8193532689979cb9c5b6fb0954db0c897887caf2939417847a90179d02,True
c8550e2132fcf08042f7bac1,0be0c6c94af478bbaad8__original,2017-06-14,1,a83e0efd1ee0d71f682585c74de3f7e1a653fdf40539a58d15b3151f84d15697,True
7b7c9689286f54cfb2ead058,52078403328916a939ea__original,2017-06-14,2,0349d840abbc29f7896c7a768cba7d1ec64db88947ccc3513570412ca63dd2f8,True
04dfeff83922f85fae8c8ecd,5ed829b410a50d77a5e4__original,2017-06-14,3,76b765720a04f71fa64d474e68018710ed12494942a08aef86624e3d98007857,True
9c245550995d52389ae79780,1829a95b650abafbf622__original,2017-06-14,4,6e88c8027e0553d38e42a6cf3027d5b89fc9213477e380392fc3d78f33c30efa,True
9a89fdca9196fdb8d7156b73,e215d98e99a5800cef82__original,2017-06-14,5,3cd14f1ccaf6b92f9113bc173bdd77df8d0f7490e6f9fab5fa39360f8d3e5cfa,True
ddf7b24421f7ea5cf7e1864a,603b8c9077b74d43b55d__original,2017-06-14,6,41e65f750638b7978da92cbc7b924c72458fb4abe914f2e2b193a4b8020238d1,True
0607e9ad02ef78062423a5bb,e5b38dd7f0455e7f3e17__original,2017-07-26,0,897b7178798591451f54500cd4dcc4e24f2bea7f07142716f3b4c182b05aa2e1,True
5c1b4a25a072629b4ff5f935,7a892920df7b90fcf430__original,2017-07-26,1,db9122f9150c75ad682193e03d4d23758f092c3ebf7943fdedb9355cea11874a,True
df5c3401bf9cd9d8eb7e5fda,cecf0280646f4c76cbb5__original,2017-07-26,2,5eb6ff283fa34257e250d1f20b577d8a8188baa193a851d6ee8dfa5d5c09d0ec,True
8cd3056c13b6a2a887014859,365d076028ea9ef4bbaa__original,2017-07-26,3,2a990c38b0b412abc1fe065d476d08e577a5ae88ce61239f609da4a601590b53,True
2dd7fd404ee36b35d397b74c,f4d5a7078a2d7a120283__original,2017-07-26,4,78996110f55233e12b8ae16eb0175e12b23f8aa8b4af22f907b9f693575c7e2d,True
a0eb1df47e0ff43cf91832eb,add3f30431ffbfc92d9e__original,2017-07-26,5,94c398daba528ddbff2521062df6746dbab217b971221b7a5e53214402b11609,True
f7dd6cd367303fe8c8633354,1ece83517e183861a334__original,2017-07-26,6,428b374863ba5f4f5f71b183e0b38727d5535f0e921a6a575a7d1a8dc37a2800,True
9e0643dddc4e23b2ffc493fd,9115871acdba53cd5faa__original,2017-07-26,7,b8487ad5326c8c115a01a3e08ba2419ceb74e428d7dea1458e4e4d7160b585b3,True
a5f20bb717effa1097c92331,61e7db9007930bdc5531__original,2017-09-20,0,344af303349298fcc4fc335c3b8b71a5b3dd4b9b23514b2c5d4f547c2c8ff288,True
93a6833efea76772e238c99c,e990e876d1960d2a0f86__original,2017-09-20,1,8266ba3eb875b9aaed0af10fa6c473c67000d129eb47e9cd62bce6bc991c5a38,True
e95d4e81f4d7865ae53846a6,6d3849a1c0b5ff6622af__original,2017-09-20,2,614b17e8984219de39630d89b14af7a29ea0223f9d95de3420f1af8416b1289b,True
a6298ae6dbd6c2d942c361d8,00a6ce31b1f311dc0729__original,2017-09-20,3,85327392456197047fb5aaf8712c91db8aa8a75896efd0bc62eec5cd18977e10,True
9f69ca93bba0f71ae40d4a1a,6b21e605f39e8e98df00__original,2017-09-20,4,21d7f7deefea5b06ee298b3e12351177d234743bbf88b1fda8748ace645ef8fd,True
4854f33514b5ba171b316c23,d426d6e1594457369ddc__original,2017-09-20,5,623eddb562a67cb90f85b4b765803984c3d6ba471db4c7cd658b01a5f5cf6f46,True
cb8f39a9d5d5142d65d7f70a,a4301a67cd2ef4fbc412__original,2017-11-01,0,e79cacde13116b198716ae72a99ca800970af422283ae00f6fe57ff24cc4fa80,True
9b6c0f4c198eaabd81865b17,5fc981c1a4ac47cacb9d__original,2017-11-01,1,5aaada82c9bd2ac53b3f336f06a794b8bd52ec23c5068c9667e216bee0b08453,True
849012d5ce7fb8cc6be5b27a,d33e7f02152e6dd7f838__original,2017-11-01,2,fc733f22cf8847d216a293adc23618854431f92f1847cdc41480f4152fff613f,True
cdaa778a4c46f902bae010a8,7c0f5102b00961e71687__original,2017-11-01,3,cb5ac83a0b917f810876bce3cbc8c7203b1e16a596a4810bd1f8d2dd2356d2a9,True
d55277fe1ba965375c50fa37,020d42b2e983fbaa207e__original,2017-11-01,4,f289b15a251e0d33a60a60eecc5cf9b60ccc653c41c50d57d8ad013d20640e4d,True
d792c677dc0ef8779a924dc1,4ee01445ac99c5933adf__original,2017-11-01,5,a39dded2a637f9c17308a8dd030238375fdec7bb443d4405d84b307ce491bfd4,True
8360ca35fa37be47af96f8c2,b981f6b2cf79c531d3dc__original,2017-12-13,0,66741b93309e4d8c1435a5e48966e7df5392afb6aea34b08f10993de1daf21a7,True
00b484cedd2a5d43aaa5d996,c57c2ebe35f9cdde633b__original,2017-12-13,1,d129c64b4ae59f6dfb9f44a5715f26aabec9bf664b9bbf5c0f7964e68ab76b17,True
2cb5a958ed0fb018067092af,baa7044cdca3fbd630d0__original,2017-12-13,2,9789f195979372ef4b523e0911564464483dcfbca37df630b8ca1a43431424fa,True
5405929c11f92b7ea45a204a,d12717198c5641f95a56__original,2017-12-13,3,130c35da07878611853246c8ae3e6e8399b5f0378a450daa47ef2dd6d3353a9f,True
61edde5dfb934c806c54dd22,409d2f35d82ccb9182ae__original,2017-12-13,4,5598c8df4c7d1827a15d346dd76d00ba550900bcc6d534712b2b81138a058f05,True
d50c5512b40fd4e148793f39,137d0cf0f3ba602d2e1a__original,2017-12-13,5,baafb572019cc3d927b714c0fe176ddcf91db13672a7fa3bb3191170903e5338,True
d66e0265939eaca116e409d3,4e19156e3b85c53162df__original,2018-01-31,0,c50ccff90caf74af94b098b5fad73ad74723b0c4888cd10c481fd69b8529f77a,True
3f99c57b7aacd1c0708a1c02,d7ada01bffc1876b101a__original,2018-01-31,1,b85f07f7db6c41df9bb4473302d7bebbc61f2dc2015f577db1c5a690ab0825a2,True
40b1723d6d2b0b07374d5ca5,30cb2afd98d6cc2b1815__original,2018-01-31,2,4185317fe053642184cb553bbfcad3dede826a227c3d24aac9bfca3a69d5c897,True
6fca2a3a6636682aeaca8e64,07f052ed8d1a7554938c__original,2018-01-31,3,393276cbcb7a9fc1f53f1abb80948b698dee330a9a4939f6241319fb39e5e7d9,True
2022853df78d1d84ab605a84,da7857407910f2096165__original,2018-01-31,4,9a123bd500ecc6946a865aaba34b218859308526c308a8019fd0e651648822f2,True
2febbfca8d4f4da441996194,083d98ff9d2af3ca0088__original,2018-01-31,5,2f7620c3c2bb8aecda67af194abee6a4c2a38df6debdc50e1eeb698846178f48,True
039929f2c57cff4447f61e17,c33d018648d35c7b4028__original,2018-01-31,6,b2451ffbff13448ddcd636e39747b53f05baf6f5268b28c4e07a15f29cd24f50,True
2877fbc22f9a0bc5a90c509a,1bc7ab0fef1414570330__original,2018-03-21,0,6a857bea8049ae96dd7d296beca7163769a865098c16072a76d030ab8554974f,True
57c02c8727c1f048fca42dbf,a0b8911681c7cc66af23__original,2018-03-21,1,ab63cec032dd882a3adbf49ad9df9a25706467af1bffeb5c7594a96c87bbfc98,True
b5468b044092ec0671a95a06,c6b4fff9b0a3da230c0b__original,2018-03-21,2,6adb484207a4b619b9a7881a2b5f44a25177aff4febad85e085af715cc5bf8be,True
3bf8739070ac78cab86f016f,636a4e52c0acc0c472e5__original,2018-03-21,3,9b5cc379327bb22ba2940ff78687802ae39ade5cf8cef1fa7c9dd21dbf2805b4,True
5f7391ab3fa6197e351f710b,63b2e244ef41b15846a4__original,2018-03-21,4,60bb0c74a89ad7fe5c06ea01768633498201920cf2496f1ffdc00d14ca9049f5,True
2de44d3f642586f5c162c7cf,f7917969586ce93e4fdf__original,2018-03-21,5,85dbc92a1b669744e8cc278925ea6a559e6818b2ac8177729b584abe4dce7c26,True
babdeccc223d326a9f411ca6,ac887279b956dad4f902__original,2018-03-21,6,c2bf42121ef2959bd1393dbca8c757cfa6cfae4cf5c10c9329090fe8bf521c4e,True
0fe8ef37d81046ad05e9d8ba,95e65fd1ede1df269ce5__original,2018-03-21,7,cefd8129c90ed5999e983fda39323ab54f31da5c9852d8ccfc9bcffc5e8e4740,True
16cd242dc19a65f001bbb6bc,7b09630ed5ef2d7429d9__original,2018-03-21,8,a82be7154277e1ee4d37d278ba501f584e18cb828d7756b400b75d17b3577a78,True
1ac40a348056fd15d86a7fd0,9818babd554b376ff2b8__original,2018-03-21,9,304e45396431b138d057cca04a5ec4ccd94ac018a0cdf85ef242069120c8297c,True
68cd2bd0f8f94d00de1157af,5c29662f8858b4279615__original,2018-03-21,10,ab9cb736d4c21dd4db3055907f14c4011181ce90353c2a9b3a494e309215b792,True
320e649b7db27a04d8ac93a3,8c853358d146202fc684__original,2018-03-21,11,4c924836c8532a2d6770cff93752df04f225302da2d2d8b1fefd619468c3caa8,True
c8c95f28f3b62f714b381a4d,f259072838d9bf6e4182__original,2018-05-02,0,274495a671506a9b79e8dc31ffc42374e04086924d0c5f3d5d95224a7efed927,True
917c2fc65aa58d1cb3c04692,45799943bc9c2d6d0e3d__original,2018-05-02,1,4ca26b58fa3eb2aad963d996c140185740b7e201a830e7ee4de2c2db750bc476,True
43b87d86030dacc567f39a17,25aae1a724e2b65a5f00__original,2018-05-02,2,e6bb0c53fdb5725eb47d981641897e343d61d9b374dd832f492fcff8b0b0aa39,True
2a5b592b4b9728dcc5c4f78c,88e6e20dcee3444d1996__original,2018-05-02,3,f783244dfb2813b16c790b2da24a50485d066c1b2caa83e016e062741ad0eab8,True
8a2b23551526ab7ca4483d9f,931c6a866c7332d9e6b6__original,2018-05-02,4,77ba013d0330e03d58815289f370cb5e2c38bf3fa9fcaba62087507da244c90a,True
0a40eeab2e5b5cb142f98d1d,0f98530f91ab79efb33d__original,2018-05-02,5,490d094a352f68b2a5741c32e56bfe79180fdd318ae1f5cf4f3e31a5f109a3d8,True
4ae8aa391b8d5374fe6b3bdc,9d6e6d16903ebdd5ee9a__original,2018-05-02,6,00dd39149443a894339b402714b46bb0774908efec344fc8054f45e937475125,True
c0720d204d8dd2a5ea1dd915,de380327cb2f09fa9e05__original,2018-05-02,7,12eae4c23fccbbca7ca83b2e5a1d2c046c90bbacfea76f64142d9a370543f999,True
a590bd93e3b5642ba75005f5,1cb946105eff65277f23__original,2018-05-02,8,b158a3e3ea0520c7e6e6e97dd0379562ca47841f24ac396918a96edaa0151077,True
172c6a9185d6c6567bdc43a1,1111ae0d3d18f2725404__original,2018-05-02,9,7502596e035ce05b62ccf341f6eb1a1cb9c684e987573cc44a6a188ed5a04c8a,True
e443532f7dd19162e5aa5df8,140b730be99d243b18c1__original,2018-06-13,0,33a2541faf4da56e73af9341613a32c9f5e3bf1d32c96d64bb52276dd79eddb3,True
bd076ebe7c16393281d54e67,a6a5a45bc6040e81d436__original,2018-06-13,1,7ce100bbc91d3057306d98f4c365e5cd33429b5c20a0f135a27c0f91f0280f14,True
2538d332ffaca34f9858a87a,d2adf4165eb49279cb2c__original,2018-06-13,2,c28e10af1739b3fec2c354105531484800d86d1a5553218f1ec5a4ed1434f6cc,True
76d64acc7b92bbab7fa32e7f,ed90738db242d1488c15__original,2018-06-13,3,c20603c4d2294ebe22230779e2a79bb143a688545f6332198fbe02acd9ff7b08,True
9a19111ea37168c7f19fd399,1ba8be9deb385f4defc7__original,2018-06-13,4,8fc7c07b8565ff8edc6aca029667e78f3dddc1a0c7ebddd20ffa2b8d46e741bd,True
922f890d4f1fed37463e8448,ad5f06cee32cacacef28__original,2018-06-13,5,99361a63fa4a0df88ddf10a4d2355f3297aacf875af0c70c06eee4d69e1d52fa,True
edc5a52f9e50a32f549caf50,66ff803efe4037bcefb5__original,2018-06-13,6,e08816308a4c9f4560cedb02f1e1f046e0436aac48a12a7c8ba201a00799f0c3,True
cd589493ea105fe757434108,449891fad7c4def3c98b__original,2018-08-01,0,151fca7410eb5154023b01c7a94777a8805c24a5c9adcb4c69320d2ad07c032f,True
833bd02e1507b7774dd6160c,09f5df2d4a8253253472__original,2018-08-01,1,0fa520e6854a6c20a2f1204511b0193632c1a752f798fbaa96825190629326b8,True
0526c47f4fb6e687cf51a258,4b5dc5ee547f1a6777f8__original,2018-08-01,2,e05a1bfea169728bea2583536d81f6a940a5d31102a188afdde852aa8aa0fc42,True
0dd143b51943ee53a7a8f80a,a4389aabc5017e1a380b__original,2018-08-01,3,a4b708a8726940c4fba8ece80ed8f308ad0222f0261dd0527e05f2e2c9e58e70,True
8aeebf0f38be3e5397f583f5,0cf42460fda04873b14a__original,2018-08-01,4,97b8b82ae06a614ac0387efd8c2a4644720009acbd22869a56718f28d7cae6ff,True
97a8bbf27d941ef3f100ae03,50e46c883ce84f599c31__original,2018-08-01,5,6a8b22d7bb06f745f9e59b2b4e5f458b5aa1ff4cb781fe901fda8eb8f05f9aad,True
70f7daac8bb09ae6d84e04fd,78a2fb374ac80d82ccd6__original,2018-08-01,6,793bdadf517569baa93141db7bd2bc7b43a1c10289f432fb020efb4c21c22ce8,True
6bdda1c3e882c24a99a77cad,51e22bd53adba7c7e320__original,2018-09-26,0,70b8920bbf0d04ddf7188bd549bd5034a3804620f845b7bf611a4cc6454d45c9,True
1e88fd73510d1c84aca9e6cc,a31a7e07586264135214__original,2018-09-26,1,96cd8720ce6de3556c1ba126f45725aad5c206e846b81a3d12135cf73d60d810,True
85bd4ec388987be27a3f1daf,ec391c13bc410f540454__original,2018-09-26,2,96920fa9ff978999e4a9b42848f1d18566785203ef0f81efcde074f56e754f3f,True
b720e286aa4c1866913788ea,e213997ad8821e220c4b__original,2018-09-26,3,4ee8af6569c92829560029a730267ecc434c146ca38338bdf851c6accc68d693,True
df8ce269ec6c37c6f3b5ad9f,b9c5f6868f2366209150__original,2018-09-26,4,e196e8dca961c5f7c8dc833dfd5e1dd63df8296a52b5ae9344f48f54119cf736,True
7466b77822f0d0c73eb85a1c,1b945a844a75194b7752__original,2018-09-26,5,0e0e6931acfaede4b661f58c1b5ff98f0fe9e547c1e6607a67a8abc7ad1faf2d,True
3a4799baaa53d0d4f17d2365,07a1fba0344137c2d05f__original,2018-09-26,6,6451b65dad499c5446350f80fe0d716b8409bc0c00b920b566998f05464af425,True
94509c60c5e7fc81577c786a,1b26492b1eb72ccb4663__original,2018-09-26,7,022c40b9a74580a88e72fe277426c0b67985fe73d33e942ffbb010c7727cce5e,True
df66464d0137542590a79794,d60719bfb2423831e6d8__original,2018-11-08,0,7c875e311f6179434ccac472b5f8a5e6bb1a3f1edb33f209bd9d20bc34142751,True
be90b2936d49f922b6eabfa7,43eda91e24cac83ee2d4__original,2018-11-08,1,dcd1f5e205167e9651b1fea4afe2a0b2470ddd7706f79c8bd3a88d07168f8629,True
466005c44c96961943570197,bfd7cc072eebba9cd716__original,2018-11-08,2,1f944e693b16d7de7e8cbb08bce69bb40ccba3010c015cade1686f2a72428505,True
6b59717414e96c4864183a77,4ee71e245e7e70fa4773__original,2018-11-08,3,e1f6ca989db5761b2a17288d2cd575fedc56d2e8b9d11753bed11282271392a1,True
44a9268b7e795a9b393452b3,51265710f72dff350821__original,2018-11-08,4,02870539c1f35cd522d3aed09ac1d56b313a3d09d8112599cb27930ea22ef1f1,True
8103ad0a8e2858211b8e6ae6,39dd114a54416344a0f9__original,2018-11-08,5,c3eb50b85caa86cd70d8dd39fa76203c2d6ac4ba70239954b8719c05421f9c28,True
935db3a64cf9d3ed4abe303c,8efbcbfc68b69a6e5a1f__original,2018-11-08,6,f5ece4e3a0a85abd94e99229327cb8018861d38ec54dc1a721a3d0cb8fc190b5,True
8d5450e67c0530ea95446728,e34e0a8d720a421c3dbb__original,2018-11-08,7,0113f1d11f3f9620048656d7f2ae578eb6867e2ae041683a2f7e541ff9c018ca,True
335cae8ff080c576d7808b86,edba10fb4a7ad919e9ca__original,2018-11-08,8,4310588c3930b648d416398f6f6fd43b25c9d064f75c9e44a4e735c2e3b211da,True
451362851abbec5ba0d9ac97,ec98ef6fbf2e40c279dc__original,2018-11-08,9,a791b20d336031fcfbb781de512267573aaad9396e6ec7d21a7126a80c048032,True
8adaca2e7039f3c1418948f2,33c800ea5e9f66d218b6__original,2018-11-08,10,c178394c41fda62165cf4847f0343292b49c4b69042c3a6fa24b60576291483e,True
26434ff50ec858f550851178,18fdf58369b8f6dc6314__original,2018-11-08,11,f2d880b3713458c60efd7403cf6001fd061b45fcc3859c889b0572d8f46258b0,True
f401b1fcf8fd90e9d839abda,0ff8b449337e9fa858bd__original,2018-11-08,12,2bda3f249b08aa4f6772865fcd0d506f5ae0fad599ba2bfe353ecd25c5983d37,True
dfd954e08dd2b68cf39a75cb,a799960a54dd730b4e6a__original,2018-11-08,13,131b62184a58040391781fc56c793117b5288423c52196069d2ad1c4503f084b,True
44acd1ccf295ff647acf8ab7,b001adf1d3a0f87b595e__original,2018-11-08,14,408c32854fc94428700b9142b5397b3572014c9b052629d526e40289958a0bcd,True
36f0de6a98fdbf21b8ab589a,fb96915beb07880852d9__original,2018-11-08,15,382fb500512eb97b595dbb806ce79b2e001f1a365d9ffc526f72c35e4c052bf0,True
c8f1e5a920da493162298658,3b2b9257644666ad5dd9__original,2018-11-08,16,dddb1c0b097d70014a464f45e4ab594dc5f4d8d08b95ec4dbc41e8ee26d1631d,True
47406c03d32febf6fec1c264,9df671d12f071c4ac3b3__original,2018-11-08,17,60617ea23c167f3a3911e038d7b8f57dbfe76a89c08021f59c12ddc5379936c8,True
ae734fb1fc778e74c69e4bf9,5bbeb822125f2d79b8f6__original,2018-12-19,0,f0a636f09925da267e39004702cfd7a7e1e5cdc3712a502d958e24d6ca82dafd,True
8102104d95204dc7e59cc629,ada14a5e81eded9f8837__original,2018-12-19,1,769647f123f7710b8c427c45e385b807d20422be956a07f0a030a415028375b9,True
6f85d2835a89617b897f1f6e,d8a5af0edc95c2f187b6__original,2018-12-19,2,049aed96e4717a896255e851ee615a94e7b8af19e66addc3dfa905fa7772b6dc,True
70a0fe9865a9f7360fe21ce5,b13effcfb3059e0e7945__original,2018-12-19,3,56f309fd96b74d695fd86520f8508e872c1299a1600e16256b03efda779d0e8b,True
977b686e8b4b3009f3a4b6ca,34b5d3cd653c8816f2a2__original,2018-12-19,4,af4c5d411116715b1ef569803e8bb8b0e178e55a115b10f6d291723fe4030aa6,True
835041e2837dc2394a2dbff6,adc87008a1ae9391e77b__original,2018-12-19,5,9e01073591c80d9ec97eda9a968489fc0317d36a507711c1c1de517f41077044,True
4d47a0eb8a2b83853cb41873,0acd6ee6151722970676__original,2018-12-19,6,0dbfcb3421a4f20e579ffb02f26d75d97bb5f0e17ca060ad79ea308dc21fc7d6,True
f16f7b605293829a64ffd13a,09855ac709dd81f7b122__original,2018-12-19,7,2fa524ba6ef72d2daa5ea90cc240d6bcc9d9531fa139ae32195aecc636f9f796,True
3f8627fa374e8fedbd1dcb95,e4c6090c009d6f8b3f09__original,2018-12-19,8,fe6333ac1f66c8df1ce7ec4c81bf248f892d16e20dda293f069404e03c97d986,True
102545c8b5f877a55fd3f5d7,26e531f54768287f63ef__original,2018-12-19,9,f5c662aee66b276ab0134a2c39c2b83a71cf6bd9005ff2966c54955d838eea88,True
a2e733f9d9b85bf9cfdf1c9e,b37deae4c19f8160d0e4__original,2019-01-30,0,781c48655a17ef3223f35e579a59caf145b71f5dec6f49932ca5839e251960e3,True
35972a9c874911f12ea90baa,a2fdebe0013cef02e372__original,2019-01-30,1,decec7a45f5c1772b99ace979e6773d60357bacfc0846a12d8b90858ff67b69c,True
2798b127aa95dc904071ce65,c3957cfe8759bb51dd81__original,2019-01-30,2,3ba9dfba3479d683be7d3bbdf1c819f251eaac1c22bb8c2dee35619181d5d2f2,True
dcc62c03e2126fbe3472b7a5,d223036550e8dcf7bde8__original,2019-01-30,3,5fa39c3f8ef8ab85c07bbf5859bee2cf8e19f088f8a2f02039931e92e1b50e7e,True
a4ccf296c890cb91661d2a7e,40ea3e6176ff62b06b1f__original,2019-01-30,4,fa19b1c287f247d090931534a0f2bbc2306d6b9413e9167739e8e165079ae0e2,True
8830c02019476a72a635d657,122d136e99e21ab9ad73__original,2019-01-30,5,f7a80161d5e3fbf2cee5bf7c397ac5a506ac30fe5887478a5492cb0e1aabfc2c,True
7c93ff59ca487a2cfbbba90a,6e7ec9ae71bab6a8ab4c__original,2019-01-30,6,97d4a3d7d00070828a2ec107e40c6395f406b433ed9ea020861cb8beb8026720,True
f66af518c37adbac6c8ee5ae,bc84b20186f93e7a969d__original,2019-01-30,7,b036a988b9d9964242f708728e0ea39d4383cb7f11be2ea707bc561b1b1ff37b,True
656335dc5700f585507598fb,b6c0f8f0aa6887634572__original,2019-03-20,0,b54f0fdb4147924656a186f6f6738927f89607a46170a9b02e78116ec0a891fe,True
10d54cd2ac29e1a5be9afb34,590a8892a87c7947a01e__original,2019-03-20,1,3621d8b72300e9ac63b241687be198161b86c47a4b664096a0d40d521ab7456c,True
445df65aa3b4612e5a490329,b674beb61540d089d12f__original,2019-03-20,2,c7ca215a6065a1459d4da201408d7eb23d858ec6d641b4fbc1aa038aba339efe,True
633e40d7ddf685da7d62e1b4,a959d5281dbb011fb79c__original,2019-03-20,3,6ec6ea61bde5e2012b4ea2c72f1546b0e0b37887611766cc7aed6c9a7fa94414,True
aba1339e4472c3be5e0bf9dc,4d250254534db56681bd__original,2019-03-20,4,ada9863c602cccd9f0ff4a1817a9200f45941518f8002ae36edce24461ad97f0,True
435cf4a9b044444bced715fd,68f029ef2489e6526658__original,2019-03-20,5,d03c15839b9c4cd7cfa980e224647cbc4a586580662aeb36e76e8f11b145e65d,True
67734903cf048a9cab2f2ab3,21c76404c373752d7ac1__original,2019-03-20,6,b1e22a2ed94f2ebdea27fa40d58cde83b656663d451c8845fef823249bb4c70f,True
62d015a5d5e059b6c8ebbe62,2f14bffd99002a480dc2__original,2019-03-20,7,94444b4896d67b8e9f41689f3dff43ad52de448f196f9fcfd8b701ef6928fcb5,True
359275e00768975df8c6c30c,f9502d06a84878a623fa__original,2019-03-20,8,b7767f5540fbb7fb51d920c74fc09045f3607c66c27de1576a90c71daad5dd23,True
e4769b1302c2fdf54e3ecdfd,a5664a9363c0ee706108__original,2019-03-20,9,1b0969894eb4a27abd53eaade688b8f61ff33a83d799e29aadf200580f81d43a,True
a6976722c786a1c7c9449fa0,e9cabecf0f4e9646f176__original,2019-05-01,0,f41dc469a1d67e90880cd87ee54c862de2b72af1014e7633647851f6be2291da,True
a9293dd91a039a181097f1a6,ea7be1045ecf0b4f826a__original,2019-05-01,1,8643468647dcdee8fdf6d768e58346030a75045e04cbb1ea449c8423a477c94f,True
abac7bf3068664ad5959193a,edb05b5ac9ecc960304b__original,2019-05-01,2,3e38056f217fecae680837868d9708f9696de14bb4b2d3aa6bfcba5052f43cf4,True
6c97f1372fb7cd6f72639df3,355aa1d6342df04cd736__original,2019-05-01,3,568d932a085dbf86f8e53d4e2b5b66d3df3200c5b2918acc30520b9b1e908e86,True
69e0c2c3f19180290fa1bb05,24f4136b7f3217017d26__original,2019-05-01,4,f8a7446760d5bb2fcf8f28753e53e8145e098449d3285cf4e0b54e7768b47287,True
381da51b1510a757be6dc34d,d7cf435f226e9c7626a2__original,2019-05-01,5,ef0ff3c3acace22245379258b5e9bc1237f795ba221c38f1135fdbea7e7d4f26,True
957e2faf0eb0d65da2f5c467,28c305f7fedbf8340428__original,2019-05-01,6,1541cdc0ef7e42f5b4456b11b18c4c3d456596d3737451c091dbd90ba62c20df,True
b49642f43c493fe5803286fe,ea9e3937b9056ef79668__original,2019-06-19,0,4a638284631ac4cf4191b0c61a070b1b0f73868e9d9cc567f560763e95a1b453,True
d8cfe3d2fd0c1c7e4b2c9cc5,2834910ccee49de679e0__original,2019-06-19,1,e35426d1460a25eb9c5d49f7b12247b2f24c7895a4b5f884ed432b2e54c3d850,True
202e7037f63334addf1856b0,2db859e5c3e7c02a5090__original,2019-06-19,2,000ee2a540f5dfb633127a74d41f9f858c69ce6905018cce0026cb569a2e1fd6,True
f29aaf2b300498481c2ac714,f4ce14de2766a31479dc__original,2019-06-19,3,81118ed103a4e3562b474d2307c2771656026f9a7047f02627a086cf64f2ad39,True
114d66b18039ff052dc768c3,f4845bf96609c696b1f0__original,2019-06-19,4,37ba7b410e71efe0d2f04697dae3bec8ebba5654a949f850c26a56ef36c56acf,True
25e5813c94225e1b1834153e,61c7f1576badb2855f6d__original,2019-06-19,5,be6e00077e3d06ae6281b77a4e2b0aa487c9d53d614457e30ceeb2f2a05c090c,True
49e3b8c9aa4b3cd018b1f67c,ef8d84da41a322500121__original,2019-06-19,6,f521c3036d13722582f48cfe62bad5984c6f9cdddd253aa5f935799b53254952,True
b9425d944bba6770f14a0361,c57053f641ff047f8d44__original,2019-07-31,0,5150fbd6734a552230bb7dc1f0445e3ffd056be8cc911cac14e97857f82f9a4b,True
1062107e04a6166b91a444b4,2f09bd816710c36448b2__original,2019-07-31,1,a54f6ad82b7672092e3e5e0e8ce87b13ce4a2148f7d23063ee2c75ba9c297861,True
f9ae14a372f645bdeb074d69,14e6319ecbb5a5c82521__original,2019-07-31,2,a608bb67d632a3ef6377b9ad9aab9a6729140776f8967687b2578f03d55944df,True
5d8c1edb4e252e9ee829192f,8e984786bc95d1ad7135__original,2019-07-31,3,e0422a6caab2b23096059ed7b1e5641cee62ff23267f4617bfdde9ae829e5bb9,True
61d642b56c3d44836a462e2d,24ef17346578040ceee1__original,2019-07-31,4,c89e3969e9b8233ee78708d1f840728b1f695ee2663598ec008c45e8b019d266,True
812fc35de8ab23118cabb901,0d27866083992e9aa321__original,2019-07-31,5,608c4e91f9a4bef3cc30795cc897dbe5b216a3f3141b7dd55e36d35f31facc67,True
0f7d7cb0c98ac4abc3feaaec,0d0b87ae6db1ba03e86c__original,2019-07-31,6,8174debc7fcf4b02b2886fd9d35eceec514801d0c6e334bc5ab54b19c336ff81,True
f892e10a567ec39e333bf75d,8ef78ee423898a16d8fc__original,2019-07-31,7,51a80355ba819bdf09ce3b80493fd88957bdaa2b57586f06ca280bd3025dbdcc,True
b120198e9edee6c1e2946a2b,bfbb65a149e8711cedc5__original,2019-09-18,0,c802a57112ecd559f3d267d09397555b9c148ff161441b38d29f16831fa9660a,True
87053ee262724f96d838d85c,eb8d61715cf874e789b3__original,2019-09-18,1,204a0ae91dd924649644909beeb06a3f20338f59938e53cd47a58915716eb8f9,True
0dae19a5c7dd807e59f84ed5,b7b2e043c9182a938e78__original,2019-09-18,2,97017499265d510a5595d8e5f16e0b8880ffedb2bd4add44f28dbfb9d9d676f3,True
2a6a6d5b61ffed30e8bd5365,ad638f15d2e881a12519__original,2019-09-18,3,7e4d34798379f109d65a2884246b1d42118ec13837ea095970209c256f762fef,True
b36d298839c97f54bdb1d63a,cb23cc60f60d78e9db45__original,2019-09-18,4,ce907c6df054058ad8460a7e89bee7e97829e09f742379e4a8bb2fceaf271ba6,True
4f5be62de6098368740fb111,bf61cc94a4ddda36b32e__original,2019-09-18,5,80289d8af1c57d566da4e46b385d73d193d1555dfa0855d59f0b847c55a450a1,True
a86985354d4adf157811f061,0a7c1e579eec1dd989ea__original,2019-09-18,6,cb205c41940a4b65879c3c2f10f9cd9596725cb0b32c1f8022216aa814a9895c,True
3d338c7378b1b2954ea7bc3a,7710f45f866798a30133__original,2019-09-18,7,3974b6116a589ee802c60a04c0d56d7a8b3d46caeb29ee9dac1af7b91b81d337,True
5ddc776f51cbaf00d5444ef9,f7e4550b51b95039c65b__original,2019-09-18,8,fccda383f7b92edfe7980863eb3cd570f221a2f600799e6dc30e4dafbb6ccf5b,True
83a42f22aac873167c1dea3d,98f786ee220a37c03d2a__original,2019-09-18,9,4b32c561eaacfbd83396a688ff9a75f2b863b9bc0c685daa56eb3e1bc74f65be,True
b10316fe626ed6ee9463cd35,8957ef59d39f18111fc5__original,2019-09-18,10,c5a3c9f4e1c711d5d719e0f0d66d7431f33a608ae05c7211bd51ebb364ae8733,True
ff681481bfc46ee98dadcd8d,d61a4aebfb483cd2be06__original,2019-10-30,0,2c68a3714464fac2b57fc26354155e66da8e6d988fff2925185ce9829c8a0183,True
59db416de88bf7b166c3c995,69f94682630d9d95a418__original,2019-10-30,1,790185571fe5989392b22f4c72d094d3d952a251522901c67b0da098e23aa26c,True
a41a0281f920b943af579460,440336a9625180c93772__original,2019-10-30,2,ec0ac4c0041b567b4c4e686a275a5c9dc958d980c47387fe4bf9bf4233ff6d75,True
bf8daba447ccd12fdea754d0,ae31f04a2d9df5ad9f9a__original,2019-12-11,0,c1bdf9bd27323ee54fd7dcd18bb2759391bb05d59b1c5b015a27be72dfae2910,True
ce57e86a5d0c3ed3316d9b7c,9cc6901be9a103b0516e__original,2019-12-11,1,17edf520f91a0b8d96404252b1a47b87ad3c4fe8ddd0b4e35a1ea9dd5e04fc88,True
749f1fa88d998564fbcd8a1d,f387c4a3e3c659a5613c__original,2019-12-11,2,5d571de7fa1b5b369956096e507fe3c684d8230c3690875a5ae65c22dd211934,True
e0650a787d869b9b971645f1,2fe5da4326127a478e8f__original,2019-12-11,3,685225a32f907c61b2b322eb049c1e6127a9f52cad997f89db2282f797410988,True
9c9a1693877b2ce583f87c9c,422f39d46003303c0bed__original,2019-12-11,4,7a5d1a6ed70c950f3ed6bf06341ddeeb67c6cea49796738e59da0692aa2a093d,True
e67b5f06789477985ba0d2c4,a2b632eeecfe331e87ea__original,2020-01-29,0,28c69706abedc190a16e5ed0a58c7b440d99cfc6e7941c794644492b7af2a318,True
59ef05478839691922bee4d7,5d4e84c0bd47dfffb52a__original,2020-01-29,1,8a54943df36afb8bc40e07ae30bb2b696edbaf9f2beec0b4212c25d7df218fdd,True
ac6a052090b2eac8933d2649,303ef3ea71e9051439ec__original,2020-01-29,2,f59c5ff5a1a21abb30e9b5f70a45c437fcb09f65296f7d5e84d7860cc01295e5,True
f113daf2a4210a97b0004efc,bfb3bf811ffb7caea25d__original,2020-01-29,3,5d7ee15001e253a8dedf9ae69be2c9bf158a83b27f04551b77b25eac9fc68930,True
ab8ad7a5ed114c3b72388f0a,fe90cb500ddbfbc801ca__original,2020-01-29,4,82f3008a2c46157ed5280590a936234b92a0deaebead32d725c2023555af0221,True
69bf02cdb4f9ee8f2613ddb8,4e51be74d0fac709ff54__original,2020-01-29,5,05daa3bfda4a418417e40d1cce50e5d5b605e0a306f53a2debf97ac1844b3e41,True
87dcc7e338c5d49a7fb0b1d4,cc5815dab6d07302f4f7__original,2020-01-29,6,33049be602e87e8e228356dea5af5b2615b361a82a2c9a5e80d441f750f462cd,True
d13371e7798f7a3cb090b6a9,4bb9b08b2a18b5c73720__original,2020-01-29,7,526092be0a0004de04669a85c03989587fc70d073147cfbbf645ecad924e2e19,True
0805cc41d6827c30ed645fb3,41747c52f180f0837df0__original,2020-01-29,8,6e6de776cc618785fd33e803fee6e4d3d76eba2f16e83c7f0352c76e30acc990,True
278b8b759b6230a7da473d71,3113afa026e863354c00__original,2020-03-15,0,b4370ba24d7161de7e8f727c12d5c04254430894529c6fe6c93398da105057a4,True
f06405cd3a7e926a8453132a,f82bbbfca312fea4bcf2__original,2020-03-15,1,154c5a1e52ee2266d4e378917d6ad76b368e6b81ee6116f209d125bf992d56c8,True
aee4450d9cde3a8bf96d871c,4b917be722c9765d9854__original,2020-03-15,2,5f28d322d54b7818272a5d2c5b0ed0bf9c603109afaf4d7ee3bdd8c5a3cdcb21,True
f7be7b04cca45e87966a1604,1c0293a445239d7750ed__original,2020-03-15,3,64eb972ec01cd67f702cbfd16592e2e291f138742b17d7d929bbf09fa911282b,True
bcc873675253c77477e0fab5,7a3de7b337db9d7b0263__original,2020-03-15,4,9a1b290ecac80a1a502c65690c4f828406bb833a143418d82b221d6c23668d81,True
2058e527861318ab43ce2872,f60f8f86257e73d0898c__original,2020-03-15,5,fb5e35c0d6130927863c1e632cabfb000611355ac929de131613eff708a62162,True
8231c543a2e3d13e4d4f2d0d,9f0b7bf3cc865e59d779__original,2020-04-29,0,3d7ba53bc9807fd03ffb4933aa452266b78805964939542efb625c2c9bcc1694,True
b54c2e323c7d9ed0883d6df0,e0a017d3735f5e63f29e__original,2020-04-29,1,1ffde152f769f22cfa0f4648fa1a32a34dbd3f52303462eb6757cfae4b9334b4,True
1a69f7e0d57970c030e86ba8,7ea5b3534a9d96daafe8__original,2020-04-29,2,9761586a0b8dc7909f20bda077e90f27bec57d4fef51e13699b307c7d8cfd7b1,True
8aa86a8378940823aff2c016,a4a6516280af3f11418b__original,2020-04-29,3,d69c70f96b582302b69e48f73613bc68a8ab3e30bf061799d3cd687226afd9b0,True
301bc1b3be451f94cd3b422f,13ffcf0148b300f67e61__original,2020-04-29,4,4fd238fb3d85184176fb844dbc714b6c4765fbe339d5b9f25ce99051a6fe8e65,True
a15ecdc7363554301c3eccb5,2ed75580dd10c9023890__original,2020-04-29,5,c7c80b9299df15bf58bc0e39ed210d5c1eb69b8914d5afd605bbf8607dacee9c,True
be6d08e6a33c5b17009ef9fa,19c8a16c7e6c2c39a944__original,2020-04-29,6,e35960c235cc2b58791b5d8424270332e121c162c42b5805f90e97944de3d670,True
8ca793a65b7725c352bd89c0,a55516b2705c39babdf0__original,2020-04-29,7,846ba853bba31753216316d3ae9661e6df43324f9bc5201684684aa8cd6307cb,True
9d46562ce0b37969e2f49cdc,11962dc5ae976a7d5f13__original,2020-04-29,8,35064b5f22c58f0a30ded532c203114c9ab8160ba266f4a3a1f3374b7ae09a60,True
79bfffd1e0c4d3c098e12bde,9dd06caf9d34e1136ccf__original,2020-06-10,0,6cff753460e33a68e3cb1e5e2c8d38a74e390f0f8c90ef7e1602d345cfb073a5,True
129de1e804dedfd44ae61191,03e731a71c7af76db10f__original,2020-06-10,1,2eff1c950ae03d44029562568aa3401f423244ca43a5127772c46224d71804a5,True
66f082685263f7e8fc083639,f84c42fc0b5cdf30e6ea__original,2020-06-10,2,8017a013c8f45895bb47108fa62f01869d1dbb1bb879b2eb22cded928837135d,True
22837daeb07b16660bdad9ed,795270335236ad9bb5c0__original,2020-06-10,3,cb8ed103374f9c50987197c354ce65d21f0d5621eb43cb820bc0db71e69881c9,True
9e9d7207c61c25e56024013d,e6f98e882dd2bc033b87__original,2020-06-10,4,1653b76264188875765b918d72ebc0dce1191553ae0057c1178bb11dcb48f6cf,True
40c687f4b8144ec9516b105c,9f2d437c1d54866c683d__original,2020-07-29,0,b99e318651963120c567536b1a61d633cf32635f49dc50956a5a2decf1c2f109,True
674927a075ee970368fbe077,a5180e783f382f748f51__original,2020-07-29,1,8a49c853b2022b0d853729f0647bd42030bd80850c68f11866a8b867c826ce9c,True
ef0457ec07a518f5117883e1,39aa2104a1262adb959e__original,2020-07-29,2,f1064b833d5b8d165faa187d6db721c1388841942abf16f4e293bcbd2023b269,True
f3a96300bd0b31d8138f8af8,3a5893a187a74f71bf06__original,2020-07-29,3,c069ebf78c48f125fa1a3500ebf318f2bd36dcf77e8514a437e1bb74e32479cc,True
e3b46d8f17393b091afe8935,6ee53a61a5d683199a23__original,2020-07-29,4,e9bbd28aaa7d0ad531b023f5dd0ed6e095f31be3469409aaaeec08ac29c8e409,True
73e48f674d11cd31dd7227a6,ed31bb1cfb195e1dc478__original,2020-07-29,5,b33abd733efcf77a5d156c77227be982f85df3c6f03fda79ace3866dcb770538,True
1ad064300792c22bdcc3de7b,343c8d39f09dc2491b3e__original,2020-07-29,6,49bf549f25e9e288d4810fa32366de8c2d4369d3b211f2889c9b3a7b97111ad0,True
f2410f70177a1917dc69d007,ccd1b80c8475ce4560b7__original,2020-07-29,7,ab5bf258d6e2f8be18537d5de95c6ab29ca6a1d2f13b1a124c928fcebacc37b8,True
f246c745df9299adf3521db3,c52b8e00c1a47b366d41__original,2020-07-29,8,44a88a3c678a643253cab1323ef43dac9bfdc7043a829c6bc899d38101ad4bf4,True
872d8d67a07ec3b50498de63,c8583b79a838b51f344f__original,2020-07-29,9,241b5e9ce2cfc2a3d11bfca41a852853e230ebfa0ed484cf3ea2a674bd59b6dc,True
43bd944f8121a100abd3199b,1425d0c8ecef50039aff__original,2020-09-16,0,7090fc369896c3f9729d3dabed7df7152bd84e0a3abb2956976cc70238604d09,True
62e30e5004c8e2b7b3b6b566,4fbc689ce55c7b588406__original,2020-09-16,1,9daaf8fdb35e9cbf1c0c916903fb7073721fe1784d24f18db86a04f5a93cea6a,True
477327aa55e864ae050245c3,fc3807a28cd8e421a9eb__original,2020-09-16,2,2ccfb55f1eb49953bffabab7f7ef93cfe7e4b9a970d39195940c32699802ead5,True
c92d3ccc253c037e4f628747,1ca4fe2be983b70cfe61__original,2020-09-16,3,597034b1bd629173570b59b81e52dea701fe0ebb8e12652d694f6ab951b5e4fb,True
35fd4ed62b01d8697921ea99,f499c3438094733979c6__original,2020-09-16,4,c3f2bdb4e0fcd1afc01a2d092767efd0fbc86614ce1e820c18a53c941e674f1e,True
75ecaaf70d488b5bcc111c43,d26e53e8714bb55d47f9__original,2020-09-16,5,a8bf9c2ccd872ae238b1d075f38ec58db80187e0c5e1c6cbb205d8bd33d9624f,True
d51af51fdf097b5cec70b454,b5d12ad8e31547e2bc7e__original,2020-09-16,6,ae9cc5b52c758d753d8bb4f83f98052d4eea1b868c08942e40b969743613008a,True
0de9d287ecd1845d20a3f716,a4f4829bef62ad2a52bf__original,2020-11-05,0,3ae60df9543cd3624676561fbaf2daf2e8b472428102b6b29d63c3c13cfc3e3e,True
897a649a44f2481c59d82c41,4ea29016ae9daf0d61c3__original,2020-11-05,1,bcc4a5b6aa324bac49feb3bab10677b0839b3c5a944e04d4b8cb92260199984a,True
098d8f82514ab26aeca38fb1,48ebb97a0902d72a3b33__original,2020-11-05,2,2e416330feb237dcaa1c742b5f778b47206d1d78dbf58d645b04b316b3472228,True
bbb6fd9c61853324dffafe2f,e0003da0604127e7f7de__original,2020-11-05,3,0ebbc0bf957aa2681a7c07e9b916a50f8ac1dc741d1c3f4f098864ec9650f754,True
58a50c7bc879cbc4b22e7fb9,087f35a0000898be921d__original,2020-11-05,4,f67d60f302d6eaebf58b545f0d3f95c1cb63a689d366b29de9fa21d4e3406062,True
652e91b310248160176652b4,9be749131a446c2c3be1__original,2020-11-05,5,4905bc532ddaf7fe5ecd6b7203586753f92f315d2da953321ab96a368e782e63,True
b3ffc31bedcffb24d18a4195,1c4bf4d202faa554a92e__original,2020-11-05,6,fabef3c35415c23e1b19e0d240d48f2bd3c4490760b4c3817000e549a65af764,True
fec685267045c4e20125ce34,de154262d42b260bb0d1__original,2020-12-16,0,6c036d991cbab8639c51aa60aede6e0712f6b95b2283722d05f41113c197fa1e,True
84b59515be11d47d095f9a43,224623beb88ab77bf99e__original,2020-12-16,1,4d2b65bc836c62849913935a34eae1517e21d3ff23de92427afae52c5602d3a9,True
c81a586693889cc16bafb417,d3b6f83d3ef1c59b6894__original,2020-12-16,2,dca29d42824d0c5f5f49f596915e93f896234163c45747ee4822bbd374d14c76,True
9a514f325b3b613aecaf0c61,f2b1ca68575478b16c9b__original,2020-12-16,3,1d091c9dc8c57eebd42ddfdf1a71ee60687f5b770eae626f044ab13a0ce1566e,True
28854cdd0c41a6f73a8a0919,4e51854046cb05a97b6d__original,2020-12-16,4,4130c7b49e320430bae5d06a2fcfb33e5d6f6e242185979d6ed19c92282f1bc6,True
dab59315bf2ae773511f8b98,41b753622bcbc27c5566__original,2020-12-16,5,d1e305fe2a808aba4b5503710720d45f5ab6030a91ba32c86f1ea8439d2248c8,True
d4146f27c70492d5c00ef30e,345817572c600dff663d__original,2020-12-16,6,dc4594f8bf1d4209bab82d244e373c263a0b3118a3734f084cfa9108b5030cc2,True
93d7ae38ee81dd2fe65f5642,66f88928dc234fbbbaf4__original,2021-01-27,0,a0e7bfe72101a06b970d6152ddef104263fb309fce2441bc738e5ab4c3fc2a84,True
bb4035da8939ada958363f1f,0e01d5121924ea4419b1__original,2021-01-27,1,5a567437f8bcc646d901089429421e28aab3b35a3c4afd5660bb2b107447d5e8,True
ab6b25e3ff482a9e127b774f,24d2b8eff5a05fae85f4__original,2021-01-27,2,fa5539adf65580733996204af821416f41f460fd9005e5aeb37b17eb4c7f6f67,True
114b89b9ddda79b62e9d384d,a05d898ce73f1d1aa287__original,2021-01-27,3,096585e99437abd49a98696b1ecf8522e35c2706fdca2281ac444d7fef91f450,True
88f6afe93146b4ac63d7dcbe,311158d2a33aa8b68d87__original,2021-01-27,4,4fe96d8d5d767300e710cc8dc956e9cb230918f0a8541c03e5ddfba167af3376,True
7c40f7712de207cc2b326ac0,d96b957939fea8bf3c46__original,2021-01-27,5,a52f9af1d05fe93322b8b439fb6c484acce2d79d3fa3724757c243c1c518c77a,True
b17f68b90d82d49ec35ac195,1d045a6443ba9065688b__original,2021-01-27,6,faed71bc5f63aacf729d9acc9f78c9fd14deae14ab72805ba5a245ee69826882,True
12b81df61b364e9501e17912,e7327543f4d576aeecd6__original,2021-03-17,0,c8cb98a21add0c2feab6000eecfbe3a1ca123dbfab7d0a4693e8f22fb0e76ea6,True
9f2b13be13147c29a8d2fa4e,63935c51eb704de88f44__original,2021-03-17,1,c02e6ab4b7aadaf8d620dbea3f65e9945ce043c3bb6f3a95024342a579a50581,True
70e6412dc4a619603be906af,9216d7dced9090f1c7b2__original,2021-03-17,2,c391a653d1fbfd76dddc2c2af234ced68105d147382dd901edfddcfc4f2356b6,True
b27c43481a8ed3866b875328,115e0b743bfe6b5ab65e__original,2021-03-17,3,9a5a0bc80bde57123732d077c067c6a50abdd4835edf25f956395950c0029315,True
433eb4f5d6b16d6fdf429dbe,49decac60db9c256ce4b__original,2021-03-17,4,c6a7a80aba44c21911623818178d70c7421fd081b764eadf465e101a40f87d31,True
5668d164c323d1c0c7073676,3711a96b6eb2cd49f771__original,2021-04-28,0,203af1437fcac982822a454dbd904a5bc2771fe70855a8de02432f236356f3b3,True
6ff7844746f59f37e50b4a46,0c9edc7d3056727527c3__original,2021-04-28,1,13d708347614ad6cb30e1e45af8718a0de37756dd5c7758dc76df7e62f8c5b6b,True
399d50e406d833237fdaa35d,4dd15b6ca3602a99f09a__original,2021-04-28,2,5029dfe2500a20a301d8de1f8f0a96116225e8ea3a45fdf8f63629417d902995,True
86d32600fcb403fc3c8a7c23,d659e5e0b83bbd417759__original,2021-04-28,3,99e77eb335ff9f5ee9b8d2124c4b51f2532687aeb38774d68521cbda9235c912,True
2f1c8f24ee8dd28c76d43cbb,3f2da13a1fd3d4cc6c8a__original,2021-04-28,4,9305b0bbd9e57f53b918aa99077ad31490b7a9b484c71406fee28fa7713adc48,True
bf054e58d629145af462bac2,c0ad77b8d432f37078a2__original,2021-04-28,5,64218e60d972e6dec76db03e49f8a23c870f22cb685f9ca69dee7cae896544c7,True
705be2bbde52c6a1e17518a9,70b181570c89d7f5833d__original,2021-04-28,6,d570de5caea98137cc366bb32d981262f29d326e8651081c47d4087cf5609a99,True
7ed9745be1f093c85e770506,4a7bc810730afa237c93__original,2021-04-28,7,053d86bf9082772f58e95e8088bde0ced8d14ad020a8315589e26534af50ab84,True
b93651a71a5ff3e63de19388,85de059d3dcb01b571ca__original,2021-04-28,8,a248137910ccd0fd0114417663d320ef2bece83e51af36aa27e5f8d54f8f41fd,True
438081351e2ecd6e6624bc2a,9ed9f79f59d774647691__original,2021-04-28,9,b32a400c2213af53023a7e8d5ae639d925c6522728fead6a5734ac13ad3ad491,True
6e722172cfacf5c475a1ac1c,2de3b94b514b5bb14582__original,2021-06-16,0,5e3bf34a0e86886e8d45f78f5ee99bb56c4d0cde29fb0b0703be671c9f82518a,True
b9a01a01f55fb4aa52d5afa6,6b0ff050c89bc3b59844__original,2021-06-16,1,668a4361161ce42dc600fde2c7cff8f795b06ec6e08cd96488940e3f120a56ec,True
7e71d063ae6c52bf8a276d53,0977a77a9559d0598299__original,2021-06-16,2,1731fae30c401d160bbdc9abf49c49cecba1fb374889d2f5aa6fcbd14792e1f0,True
bfaeda7c39cf29aa0b761001,106ca8e61715888df2d1__original,2021-06-16,3,bfb3de94e53d4fa2b7e3c66487a83c1f7811cf3b49394317c9e2c289f2da332d,True
c45086cb612b5583e68dc1b2,7cbb9a388c12aae1f19e__original,2021-06-16,4,64ddbbc9d65df916d36337cb56632d1bb03ddc14c9a0311f9e642365565f7ae3,True
35b6a5f5af5bcf541e8c9a4d,28fc3e8ba2d79f04b865__original,2021-06-16,5,71b925afd8ce692bdecec2e44e4393053b37bfc620521f9fae36c1f19bb41e0e,True
341cb66dbe88fbaddba150f8,e6075bd63cd28f7ec02d__original,2021-07-28,0,62a2270ca77f5d2d80ca2af5bd7d88a47e1a39b2cba6ac864a18e1e818727015,True
3e661f0a118a2f6b5903823d,5449d263aa36bfe95537__original,2021-07-28,1,836d486534cef8351cc40fb107f23ecb41088eff2c3fd152b6a2d21549210396,True
862ba8f869690eb68d593d84,d7799043a1ade92a87fa__original,2021-07-28,2,280178beabceb949bc9e29bcb4959addae913b8030d22bfada14fee6635417b5,True
2d1a0c6864926e736d06a706,1b456434a8ce8abe5d0b__original,2021-07-28,3,620909db070f3b5640f1545f67f09594f535194de9cb25647a8e9cb99f05ebf7,True
7db33f6815f4a845392f2078,24902952e9fbe681edde__original,2021-07-28,4,d116627f4570f457d4ac6c4bef6ae08c248d9880b9978af9d5ce35adf48f9dec,True
044788e2949c9a85b2d3c8d8,51f5aa0d7a36f65c55ca__original,2021-07-28,5,128859c614fea48d2ee7db7ab380750564388d3c248662ba56ccfa2433bf1e38,True
45f311b4a8184ac0a00ca84c,6aaa1c99b7e7fdbe9e5d__original,2021-07-28,6,113417d381ab5f6973d01c5be7136e1102c14fec0d4ed4a811874d865c77706f,True
4e8aac2525890e2ad9d33ae6,47e7c552d7b2ca1d2a6e__original,2021-07-28,7,c16a6a84035da9a452e2a85c044bc956e284e6b4593fcb85a327d7091266cc67,True
e210c1c7f8f3a236e40dd00d,061ad725fb34cfba97c6__original,2021-09-22,0,c3d674a46ee302702a1dbfa7e03425d9129a7c8ee35b4d2c4cd193cfbf673fbf,True
61cbe39aa0939704389b3191,7b06bc6a8e5b2c2c7bc0__original,2021-09-22,1,00da6dfcba0c9513825ddb28ef27fae0a9788dd7a153c52d09fd5345803d37b7,True
a5bf52b910e1269a80536c93,96ac23d73b815b6fb95f__original,2021-09-22,2,6283fb9aa7097abbc9c6170fea5440f53075e575ea5d0e9a71ba4a86a1918396,True
6ddaee14a3fbb62094b02690,198513e5061ffb335f4f__original,2021-09-22,3,ec98a4543640d15dc0c8e7ad731f508624905214af0769682f43ef714cec35de,True
4c312bc4afd4b09338615a69,d0dc1e550170a2926d57__original,2021-09-22,4,4d6068210bae24ce17dcdd3ca1911b2ffbaa9ce25bb7d5aac8b40acd3e8b62cf,True
c6d6caa30d28f6229ba915ea,e058e2f3b2e0ae31f510__original,2021-11-03,0,b7a6dfd7d8880f189a7ef06bde05dce9a4972c69a196b4340284cf53cd7bd1aa,True
18a82cc831afb7b8095e65d4,04936a5e8386eb884699__original,2021-11-03,1,a4464f31f6ee8a16d0a98a9a0f35d78b7ac53ec921c193d014c9bbb1b44d8807,True
46ef48c7d0cdb65f8adb2364,86d68d47fb86f068a8a3__original,2021-11-03,2,4c0ed27663f8a9faf2373aa4b8f2203ded77b3890d335a5e76a31de59d3099e3,True
a9efeea7c3d050244e82f15d,a6d68508b71397a7a34d__original,2021-11-03,3,c6268c3075cbeb79a6a823f61c3a6cfb9d819e9bbeeebee56ef6dc3b85d39b2b,True
ce2f7903a61ed2ed003047ae,c92f85918b810f1ba167__original,2021-11-03,4,4f23e84abde18064a486ddc532c819b32be5817063ab8e13abcf902d74a1ea10,True
b3eb3deccbab5d8b31916b43,4c19f52b1b73f3fe3577__original,2021-11-03,5,41a526fa93120be265fa9154b920dfeb99914a5df2fb6febd4db811c47808820,True
7e6cb9331e6ebf26cd71be7c,44b0f0dfc4fcc3bdceda__original,2021-12-15,0,4f6641b7b3f97c146ed532a7e74c58f4446cb5ca04af382ceb3ffaac7438e55e,True
edc560a0a5f62f6a133b5b51,b63a09a4110acc5d28e3__original,2021-12-15,1,695e887619b2587f2549aeda5df34addc4010a7981e97e795307acb6a0e42159,True
ac35277bc7938c1dc8349a9a,34b35df5b3d317cf6297__original,2021-12-15,2,dde7dfac61fd52b13e1a44588e330897d14584afa9f38749772e6edc4d5cbda5,True
6c9b82fe1c11ff51f9f1377d,d184d487e6a44cd7d122__original,2021-12-15,3,9c28f33bf066d38b010519ae69544ac8b3d3a36ff38bb72787ecee0e2a46ef3b,True
46db8d7d66e45ab1c851dba4,089487ceeb7972d90d99__original,2021-12-15,4,06e0e518156a132a43c62285d942716b9fc97f9a76b07957d41d2fc9fcc77d06,True
141d288473b9fb14000bb6bb,ae9170aef59504cff4e9__original,2021-12-15,5,ea49277e1689d98b8a8c5a0744d0e8f9a2e6c150af597915e65565c2208af8e1,True
0c28d13e4df2b6d26b856ade,04bd90aa8c447d6479e3__original,2022-01-26,0,9c0a3b9263128e6395684ac373816b9b27e082a4b2021ff212505ebfe3730e90,True
5f35bbd3c5311d2d9fe3f125,b719670c8808347f66e5__original,2022-01-26,1,68d115ddcd646c24cb55ba69a8d80fd5ca48483feadfa0925f31c60fd18c72ae,True
c34aa25490d022dbb6de1987,53c9a54a1f25eaef0e97__original,2022-01-26,2,27a8fc73e12dd1a231a3f44b89dbded7cd68b46da525398c34ce99e0e5b60e00,True
4e83a09992782e11d21cce9b,9d1e7648a5400e0bace4__original,2022-01-26,3,ec72871e592bf01e1d11f4bc58ae757905ecfb7ceb2c1efa8835364f3d595979,True
ad1df37f17c73b972de3a1fb,702ee84ebfbbb28e44d1__original,2022-01-26,4,ada318d4e3d70956538abb274fa60f2db8aca789c2c068a9c6f19f273f2abfae,True
3ed42f3a16efd0d2d2f48a73,114c6552d9d57ceaa16a__original,2022-01-26,5,17811cf78fc4978ed3e1680d94525c3ced99151c7010947cd6ed8a4753e92255,True
721aca52838d3757e5fe846a,af3d96fc45f84adb7c6c__original,2022-03-16,0,9a0f6ecc2a0be725769732d296fffb84018885b814f7ff438b5595cfd7728b3e,True
1ad4b3e4abf426067ba03568,ca9491e6d71795e6607e__original,2022-03-16,1,507dae4244bdddc3446849300a46484c3c7ea588bd197fa9342ead70e9411648,True
017eb90f76b716b9c902fb31,6de9c2d7cca8d05f723a__original,2022-03-16,2,227ededaaf58d94064d7726b3f45d8e4c4264d5e6065c82411b78887602983c7,True
bd21a0c1ddd10d929341ff0e,35517f953d63f9761552__original,2022-03-16,3,b42ddf42cd8859cd79357463588e2dc3398eba90ae115b61874fba4abf015a29,True
8a0f8901db213c8bd9ba84b2,333545ecbbf92eb00a70__original,2022-03-16,4,5d768a5b54ac2446ba457a5f483759b50a90b386f3a84973184655162a287cce,True
ce17c48622a93bccec1b6c55,fb16b8dab70fc8874ffb__original,2022-03-16,5,021ffbc7454a208fec310139dd6abd9633d3b52e64ea066075de265203e266e6,True
037e812594e4045d7cf2f4ba,c71efa675ad9bfe82e93__original,2022-03-16,6,f0fee6e0e9da876ff2983aaedc25aabedb3b65684be6225b73afd9b290b857f2,True
cc93c0e28b4aa14994ba92d4,88d749ddf4a0bd33cc0c__original,2022-03-16,7,20a6dba8a5ff9c94e1e14c7fe1e6600b91c281c7d6e083879158693c4ee7a2ad,True
5346eac806859ddca5b1d566,98451aaf0918f1dac205__original,2022-03-16,8,73cf8f4e8b4301c73d01f70b18e4f9f5fc9028954f4d8b6dbe5138d776a7a6f1,True
f19e3628e942d66ed5ba6c75,cc1fb352b625495cfc15__original,2022-05-04,0,df6835002138f1ba85a7cdef1acacc2e9933000c7524920c29111ade0d27c70d,True
10d47c8720418f3cbe36f36e,48cb423fb7feec3092ff__original,2022-05-04,1,f02bab033130eae4622c9dfb5949dd6f82a682c4676c1adc2430c582b8e26ece,True
253d6cf7f47c70130b3ecf95,543434087c1ff9642aab__original,2022-05-04,2,e4e30b08c4643865748e5e73eca27a18002a5bc41b7064dccf7a8b42d7b28f0e,True
0354e11ce198a9866e76b8c8,18f117e6747b6cf3bb8e__original,2022-05-04,3,106e93d7387747590c1e6b7ac1240618bc2cc9465ecf411f2db2cfd1e0eda84c,True
55ffd544b98519f56bda9a4e,75708b926ebb294ced6e__original,2022-05-04,4,d1a6c70b1614481bc74dd690c19adee73759203a454a2ed4f43beead713aa55b,True
04da40cddb24dc8e7bdaf58e,f7ebc6d4dc4ad27c6d4e__original,2022-05-04,5,087487ebda07783ae3597de6b45db031cb0d8d626f03b44bebca1da43b445ca0,True
21de3726ad188acb3f9a47f2,95e5ff471602611b4734__original,2022-06-15,0,66810722a5ca7a8df8eae8e026bea76d15f5a6337289abb904e70a06e72304e7,True
d20c07f9823e1db12b4990fa,a4f3b055b3d9937f3c50__original,2022-06-15,1,0a44e923693cf335ab5b2912f3055c68a11eef72dffda97f5d43b56deb28bdf7,True
d151e217b364ed883d5f5c2f,2316d2b833c60c5761bc__original,2022-06-15,2,948dc9b08d046986f00706a93ac8e52856801fd91930d762f2e021a171e29c2d,True
12c77f1bc833de6ad92d42f7,844ccea2cebf73ac6ee0__original,2022-06-15,3,84ec7761128f3134d9749f488842e2cb17c7efdb96bc1dfb830d87c50c8db905,True
a9efc437d84fc8232df3c7f9,aa8d60ef302f3971010c__original,2022-06-15,4,9972734994ac6a6b83b6b3519e4c80297d346b28078ae761d72a6faf20057cb2,True
53551ed729719c5e4e2ac86c,3aca9918ab3bacf4608f__original,2022-06-15,5,bd10ec286b176762cbaef61e2f4da203dac492122ab161669f1ef6dad91efa5d,True
0e13b2ee642649beb37ea9e7,eaa2b459700dd060608d__original,2022-06-15,6,2ea216a33856b5e17f4d8110bbea09f5eaf3582d29c855f7b814ca33fdc02c0a,True
719a9d314359a9909de604d7,a2c34c206f5586baa20a__original,2022-06-15,7,6d8b7d3fe2cc425ba56b0dfabaa09de2dc21e535cad50885832cfb4b4e2415ea,True
85a77053fe68359162e2cf12,24e413fe4aee055a3d34__original,2022-06-15,8,f2ebd5ce4e30453e9592afd2ac06dde7e86f44b613015b7a17dc80a71f633d58,True
83bc6d98cb5a92dae6a2175a,6e5d212698e0aa09f48c__original,2022-07-27,0,4fb9e9a995c576d7cf5594a8bb5a7326a6ff346da022b0199a3c58a7c49d04cf,True
4fb0573d3913ddd938a46b08,e2509142389e2d066ea9__original,2022-07-27,1,982b1fa460cb27e4082969e5d51a2e114381b4b59a14b0e0a62a6aecc7562f82,True
e57d6a2fd8c22de61cf87ac7,6f30b371d743708bb3ba__original,2022-07-27,2,c0ec9322f1223952eb83ee0fe0aa60251b4377c30b17bea5dff13f7cc48d9694,True
2eaf1fb4f9aeac9635245962,dd1c938388e09045dd64__original,2022-07-27,3,e8991e1deeca624708698cfe37cba6e019058592b9463b729af4897c9f58f6ec,True
64e211a0c1aced6c2966ccdc,dd0b58d66b448ea03928__original,2022-07-27,4,54241b1e8a35153f871144dda2349ffa5eb157679aa0c5cf20d6608af2e671a4,True
b1ea669ad32371681d31d88f,d0010a7674baeff869df__original,2022-07-27,5,e01752bb535f3a27c3061707926ac1d1a1f3900e266b1615bce6c6922f095922,True
cc1dc4d6c5b2bb25fe4da0f3,fe8220d86929c1c9d773__original,2022-07-27,6,dd9250331022e55f399e43cf9bc5559cd3721d52aa54d0fbd359fb53d3baff33,True
f414fa477f2f50223f6cca24,0700ebec97a213df49a1__original,2022-09-21,0,db613b46dae46aca996dbdde052ec2cbbd8ae756c0fbf4271fe8469d50aaf3ac,True
f209c0df6593ece1902a7eb3,2387fc4d02cccf28c7bf__original,2022-09-21,1,902c4b8e6b989c9a630712a892c4e4458050ed998bbd8762329a4595c78f7c6a,True
9bcf93968572b4b8915e31f2,085299bd670c92e00692__original,2022-09-21,2,022ae910efe112232ef7e720d625c72e8cb3abdb35a7b58ac665786a9eaff27f,True
d94432730a779182736f7ebf,3736575990a603685198__original,2022-09-21,3,a81b726718dfee2767a869b37f7b675ec0edc155469ab63c326de3a18fa69b1b,True
a3e7274fcffbf35faf24ad6e,17790403b127ea926eeb__original,2022-09-21,4,45f6608f86d9791f4745289e6487bcb0090587b7198218bf132370dc15d46ac6,True
14197eaf85e877cca0596a78,f4655835d6f1353b1b7d__original,2022-11-02,0,fdb02b85addbf14a39fd44a648994db6be74f02541a17b14804662590a1ea0c1,True
9bce8a1dcc082ed59dc9cc0a,bec45eba5f6fd10e2357__original,2022-11-02,1,b95401e86abe72ccfc8ff92694ce32fe904a49ec84528e7515242c0a1dde7f3d,True
e1d6f10d692151e3fc15146e,33dbdf4d1e5fdecff53a__original,2022-11-02,2,40f159a158912073b2b08296d02c176c36a253f602fe2414bf93a68638abc7c6,True
1437b3cd7f4a8366c9180d8d,a5d980d1d5ca2b48a2ac__original,2022-11-02,3,ccdb637778a90537dea79c2c56c9d87057c762edb827e165351cc9023cdb0f91,True
8890ea343cf8a3788a93d57a,499b3c260fabc092c3f1__original,2022-11-02,4,3f65cc77b8006f50a4259df30ae8bea21a7b29d9a3dcf58f74f92e2fe0ec9092,True
80bae5ffa3efae68b7ff3c69,cb2023846b6baf595b28__original,2022-12-14,0,ecfc5ec39216cc96bc05ad8153ef654b4e6c13e4b20bc181a3998a1480455001,True
afd70bacba6733cf1ec648d3,d44dcb017f0e056f79da__original,2022-12-14,1,99d79edd2e85da028fc550b7c9c47ab7cbac237c351e192d4b98cbfc81bc972f,True
52f6f851a9adfd6cfb2df5e2,56b86a3dff27a00acad8__original,2022-12-14,2,10f6d1004ed329290f29c6bf4a81dc48ba6f60deb700cec79609c9908b9a83b6,True
404544b20161e886236c86df,10ead6fcd2005e85fb1a__original,2022-12-14,3,c6c1ac51734daae1cab10d7871ddc1af39e92fa43894f419f9c20ca950791bdd,True
d7c5cd3b128f80e802305080,3baa6f1f9a03ec8ec9d3__original,2022-12-14,4,ad463b8b6e7e05bf35d2f141e241cfd06ef4d966a915f8937fbffb0005a581c0,True
a08dfc062dd523a27ae1343d,b19cc1750dbb863ae1c6__original,2022-12-14,5,e9f1df4d76a31b499697cda4e561d238cc80dc461ab99b698d2a2d36d7e3656b,True
8d0072e7c3a1bd8c74ae54da,ce9470f50e52ad526975__original,2023-02-01,0,6eaff53ab51ac1cc23b62086ad87c5129b09908cbad4faf1ae761e44ee226de8,True
bc4e702bba05617a67bfcfad,8507bee5c2a77c04fa3b__original,2023-02-01,1,95703fc86ef800fc0a093c1ed95c7d322c1b8bbdb7c2acbe297a273eb83efa6a,True
de73d6ebf5e833e101a6238c,7d7bd3fa919cbd8f7710__original,2023-02-01,2,a18c5a9063521ab004a19e8abc1df7fb7c77d8bfbf2b6429ee10481cfb8ecfeb,True
a77fd1fec536f961ff952457,d37f93d05f1090f87a8c__original,2023-02-01,3,e0804e7de4ad411b928482649a8304442b586cd122caa619af14a02ca4f768d7,True
500db125fdb20ad573828828,a04f7196330f97760554__original,2023-03-22,0,e6d807cffd24c51bcceac25325eb35e5c773d35b2decbec356b7d15838959bb3,True
ca15cf3f6631bd4eda8fad75,ee9cbb4ca3453cd8f771__original,2023-03-22,1,3f5bbc8887aa006609368d04d7d2d111267198505bfa156870f8a61af6148d32,True
b79eba525e3c55d69a16dc52,4648b7b4d6a8bb55e3c2__original,2023-03-22,2,973d6c31cf0a380e74855a4c0d3520f93cfff1cd1733072b68ee46febdf41fb9,True
279e4dc9ebc9a93250dc5c9e,634a55978516948ce847__original,2023-03-22,3,5cbe0639633192aee2496e5b852b863380ed0aa529d8803d8160719df7bb1a55,True
7b13e196e79592388d9434bf,7a42099f05de0ef4abd3__original,2023-03-22,4,1fbb43a358f85820fd3caef56d1a893e0a95596076cb85c94b42c5874e2c2195,True
c4ddb352ca05412e1d82093b,714c280290fd659ff6ca__original,2023-03-22,5,7777731f29d7782c796ae5abf7b2ead682c121b2c571eed20b056eea1cddc210,True
73e3f8b8539af070ad7d3b19,22349e8b9b60c38f4fb0__original,2023-03-22,6,cd29c513b4640def25bdb8e98882af6a5c4bd219867e38250e696a8de2f160a0,True
48cda2128284f2fa57b30bb1,a5c01d78421bde672a7e__original,2023-03-22,7,af6d468f27ab76e9ed539d5ef274baa6395cf29a192c762384eff72579818df1,True
df3613144e3510774bd50d3a,ec8ee9a5fd9cc9f7d2e9__original,2023-03-22,8,2d85af2986562a7f196c47010e09177b446c788d72636aa41ef6e7025c1224d5,True
e7ed157eb40b70bbfdf3c30b,ad668ae51b070bcc1e25__original,2023-03-22,9,f4e67ca807a10a0b810b4ab20fd0a32cedc0d5cb7219bca3b86cbfbfed8d942d,True
841eab75648b01f25f932085,6171828c7996ca29fff1__original,2023-03-22,10,ed78101ed115f4e8c32e05946e9194ef54c3fded337f116bd68b5b46b3fb435c,True
54fea3ab53ea78c7ebce6727,8b6ac7b1d2b6d84cd526__original,2023-05-03,0,9a23ab3d4e1e72a027d8344dfa48e25dfef982f6bbaff685c69ef737603d847a,True
1c9c6c465de2b052a40ed8d4,e26266083c911cc7ef5d__original,2023-05-03,1,732754fe756293f73a64b944291a7dd9ea988a6c8755c1be4ca9ef321d6a7b5d,True
fe6cbb80f777a875630a198b,fa312403c111c276a81d__original,2023-05-03,2,1bb3fc491223a5623f7ce236c68512b1ef3585525e945ef77b9ab88075ce6a82,True
cfe8254459e7bfd7ea442ff1,7e10fe002124331f0f97__original,2023-05-03,3,72e2dde8358eac24f13d707238ef50dc6a42b1e4b5b1c2a2237b0505d1cf32f3,True
947461025d37ae935a439b05,4d7786a3d27bc7701b43__original,2023-05-03,4,538b1b35cd3ad587540a0b73d55085e318ed622f80f64ae35c250ce31a59f6b4,True
c311cf28ba4f0f2052a5cd00,5fcc012b823a22efa36e__original,2023-05-03,5,4a0d248711b06ababdfa385cfc31a97f0135354840e209c207f8d042881010b5,True
3f154b3ae0cdcf03de0f330f,030eb24a0b4d0cc96bcc__original,2023-05-03,6,0c713100cc31e3fc552d8723d29765be2295da8bc1cfa7382dc89fafd63c05a4,True
b3c103ccd1bf8031e24aadd8,4b9cae41c8bee1de0719__original,2023-06-14,0,57945874de7b1955a108d99d46829bad20ee2cdf16bea8c57965c7d7e5131c13,True
859a7afed2cb4335d9831f2e,d848ff35774b95644c2a__original,2023-06-14,1,1cf569a06687781cb8af1908d734bd760d05896d24858da6f5c3851f63c76470,True
826e5aea0837765b37fd8135,13e3b02e4fdb3f4714f8__original,2023-06-14,2,081ee5da91130171acf9afa67f8f096740000f750c855b1a0e1474bb35636681,True
ab119ab13402e4ac84cafd63,80aeb6447913a4b40a92__original,2023-06-14,3,e75598b6a958adebf983c956703e3e2d87807db3938918ec788cbb85acd6e30a,True
9a73cbcea5fb6ca85c965d56,aece777c588ee99bc1e4__original,2023-06-14,4,c82443e942c57f2139afb4132965d31571899143708a7bc51019e24b20e30daa,True
703edb8f1429df7a0c5278ed,bc35ba2fdb0b47b4017d__original,2023-06-14,5,3217527f0514bdcb28b42b801582324d59a29feec4de777556f518110eec0375,True
8d64da6805c66023914bd94f,f67cfc9b6ac9575e0b61__original,2023-06-14,6,8574506e83f60a8ad4c97bb31af5013429e15c60a88914207215911df76209f9,True
4de0196ee72d0a8a1ed28f48,929d802d9679adba5560__original,2023-06-14,7,97728d5ae831b6bce155758a48db9f879a0a29b672837e8272c2028811825298,True
c2c6c08162b1d84bbd1db908,26f4ade6744429a1ac68__original,2023-06-14,8,4f43fc9ab5a66979321b85882546a438b17e9f5bbf2a54e43215a051d5529585,True
e61bec42765578158ce1acab,4b1d69cecd45d806f29c__original,2023-06-14,9,aa2540361335dedce707ddccf3661e121ddfa9bb5e5377b6bfadb948c9e598a8,True
909b0f60d9fd497b21e0f6a1,b107a5607d1605b4bbe9__original,2023-07-26,0,c40e198fd6d1e010da80c155ce4c1b1f847b793b533ff884edccb0489c04de00,True
a0f6ec993eefb50dd3d2b053,78c8037efc877f47b545__original,2023-07-26,1,6f1bf7ffcc01daba9f4d3f65b41566d19c685d271a9a0d4a2182e8dcbc403c02,True
a266d493d8151725796ad69b,4c341a8f172a18a751f5__original,2023-07-26,2,5f7c83f96faa0bcf6bde5bb86806bdd235443e9b1909dd65eb9fb9e44b73f77d,True
b99889b405a3deef5f0508df,dda3c549996f34536f12__original,2023-07-26,3,6309cf9ce365731ec49736c0fbf9dfbadebaa3d0ca7a2823112fb1df7b9274f2,True
91b4590041ced73bd11d2e71,499466433481d79022d4__original,2023-07-26,4,fe7db638101697d42e3090f5588470285993de337e9e08ecedec2c0811e31900,True
16060dce1b71fe38350fada3,d688a2ffe01a9908ff1e__original,2023-07-26,5,d70d7fc78438c9d6b3fc9f42c5f6cd9f6088463bde6e05fbac43ced81761fc85,True
84e8f7e8ee7a1bb1ae02c5f9,7889b02e4dac7124be4b__original,2023-07-26,6,b98f7bbe6af63c0d0c44376140db4fe9a67ef564274af7ce41db5aa82dda2a82,True
9210040f0d6f0d5734cd887a,31a4e809cc7d35dce188__original,2023-09-20,0,9b2066f8c65d03e21a49596862e9c7124b2d18b87414cc8e64340b9f2f774399,True
2ffdd864f035211cf815d4d2,cf362c6d9f54c322c685__original,2023-09-20,1,c0494056cc9705348acfd804d0878971d024a3a644f067b67ac5cf64baeb4937,True
58018d6d210ccd464916ef1b,41f83df3151ab14b9bcd__original,2023-09-20,2,ceb012ebf87b95a3d6db153f24bdca953d2f5d1cf0c9ddc32a4f053fbec006e7,True
8992ca0834667889fde30a1f,33dbc783489b64386efa__original,2023-09-20,3,74e11e087d4a7407b63a5b9c1c3e8194f481bc9f21269cae3699b5fe16bbec7f,True
07441e902ddf6b5e0e827649,ec21342e2235811a5347__original,2023-09-20,4,d98a9a87a1b2feb5388bf8ebe825c2d196d54e1fb533ee78509f18bb60224636,True
d54b6b638a59aaad849e96d9,657b66d8acfbf2a4d36a__original,2023-09-20,5,f8e4afae1116dfe53ef08550a3ab0f56c2c40898297b62bc0635d873034c66bc,True
c52a61f8679d736f268728a5,1845415e15e4a5141242__original,2023-11-01,0,a9096a0e9f6ca0eda48226a26977d4680a0bb2c226136b9adb4419668fe37abd,True
f39dd551ae22fa44f0786687,0c190ae5c43e212cbea3__original,2023-11-01,1,a91ee8a2b37de18466f2a96f8a9880e5453750664887be72787ec3b986b1e3ca,True
31a872295f5370bcae21d520,4cffdab3b096724614dd__original,2023-11-01,2,7771835bc0a2827f0a5a87090185e7b711c8863a34bf77941f71d4778b00e186,True
69c032d113a16c230c54f3c2,f4526d7b6643e6093922__original,2023-11-01,3,4688b41207543f2d04b5abc86b34743031d049744205fc00ddedc2fc948c4f56,True
9a617ccc6a732537bec909ae,3b1941f747e186df0ab7__original,2023-11-01,4,8ea8e806986fc610fce506d5d2878b45732900b0e068b8eeabe2a8b183948803,True
25eddb9218d01dd6d2d59295,4547f24eabeb87bb31e5__original,2023-11-01,5,98e6b4fc1d45f95da630874dc86be466c0a598aa06fcafea184911c4da343e23,True
d47eb4fbcbf383299197dcb2,1b8905937971bfeec78b__original,2023-11-01,6,6183a1759e5bd0a65c10f17025dfa41dd354f2efd0b2a4cf8bd8550bfabc62d5,True
15428d9d82df246e30eadbb6,111082d105859f94efe3__original,2023-11-01,7,7a17a7f2003f4802317724bb35937333c9c8283c104a44812878bd351bbecbf1,True
1623061168413f8614e5cf40,945f8e0151c11c0126d9__original,2023-11-01,8,40d460df175ec438c11aea11876f4e37094fd5fc4e191f054cfaa29bfa251881,True
2e86eb5f688c1486183cbf97,9b93ae3ef279af574e5b__original,2023-11-01,9,30150d8384943a70e986c32faeb0af01cd6c790f14007737ecfa2bcdecd018bf,True
5e97c78b8eebd55b1ded6bc9,bed32d67d936263b703d__original,2023-12-13,0,1cf9286f7f352d64b5133ef64bf11d8fe9d290bfe25b3c4c0eccde9583dd744c,True
1736b8b7e6fecbe45609e561,4b1848da77965a1f6e2b__original,2023-12-13,1,eec6e21d1d0f7722f215654ebdd35bc59a2b750e85cf06a8c1dcf44de1ad6b06,True
6f9133f8b4dcb6d128cceaf6,484504a7f8e17009a59c__original,2023-12-13,2,1512cac79fe264f1b1fa388f85fb1d3af4962fb552e2adabc8f5a85ee153a1a1,True
14330a052addf8d8d3a388c1,bcd66e4568b80085683e__original,2023-12-13,3,2c5b8934c93c9cd856da026416d770b10b785ee8c5d8f0253b3d4421c49fe63e,True
d9f23edf1e61abab547f4ccb,345b3f3e91c3c553b63b__original,2023-12-13,4,e4eba198a761a744a817c2f1db4327e4119822bbb5171229a9a3e17e82cf2d59,True
daa6fc8a67b2c4d23a7e9326,0f328bb1eb1f703c96ef__original,2023-12-13,5,27803b86177b728b67f6ed336d7bcb3d260ea78363845a2961c1d49f5f75bed1,True
227656d93e14b512d1ac9ba7,84262106619780e77ad6__original,2023-12-13,6,b0236c5c6f63321afa643afe4677f1943149e4ddc2729049e25ac2c5316b6dd7,True
95ead363ff7f0c0118a67525,40ad15cb86f441ae3fa6__original,2024-01-31,0,53dcb04cdb72266c766ba635f46ee155d640ed63293e467c43c59fafe774061f,True
00804552488a65087ca06c41,db6d756f0ecacd13ccd8__original,2024-01-31,1,539fb6759b542a884304d7e309654d3c1ac4b622f54b849784a0b60d3f21c617,True
2671a50aab0a68ccf1ea28ec,e642c79684631d20cc21__original,2024-01-31,2,1d6827fb15eb4da44799b3817424f8132fc9e18a27bd3a1e5ab57e2a63cf5437,True
bfe4e9a0aa47002e389f635d,ca30bdaa5fd07f449b19__original,2024-01-31,3,3e96ad823b32ec9b49ae7b61ec7ff40cec4cdc5da6d029affae6a3493876fc12,True
302503b9b9bc469deeca45f7,0389444c9caa513ead1b__original,2024-01-31,4,1d465443d16abbb30c547d8df0715a51eef7e0b73c8cffaddec350b2b1bcfc6b,True
7857fbd9e045322a9916ca8a,862d8b2aa67afaa2d584__original,2024-03-20,0,4f3fc9ba7e13fcdfe90c44ef1e2cdf8bdb2a0e53c7d669e73fcf4048138c9113,True
ab8ca41e8d413440162cb0a7,0931f79b8ed40729b549__original,2024-03-20,1,5321f8e87034c14401070abcd2165acb2008e2f98ace810aee5a5a9d1089d3cb,True
ddd342b81f3f2ce5210a502d,19a9274336e4ce545312__original,2024-03-20,2,768ad591e81d84efd3c8ed0ad79655fb1e157dafe1c5b2a2a6348b691cffce43,True
e54d66eb29b607be3ad6db61,2b6b346416dffcfaf406__original,2024-03-20,3,407e8d4ce13baa92a6b053ce85ac98c5241497459cd31abd7f6d8f1db07f33da,True
c07c3f3dbb57ef047790ec14,f043130d2f99c70c1b0c__original,2024-03-20,4,62c1f9e6ceff31691cebc77f610f467ca73a3d824e063e2012ef63e5d10a2e43,True
cfb2717eb4db5ae642d51837,9c5ff2855c1408b5d4a4__original,2024-03-20,5,95a501e6bc8ba57726656d15f4b7349ead8deca8fdda58c89246ae9170a8b2f4,True
869b214e04d738dcc4e8e758,3b871444426d6e2fa112__original,2024-03-20,6,a16005e7f8b6ecbd4d6cabc6a0265aeb20997896090726286aeeb30d32ca4907,True
41b4a3a21e307dd9257b3c95,d1aedfa36cf2a20855d6__original,2024-05-01,0,959a2f6c272fef62050a6a44886793a36fe4bf3d6a4155e1d955f2ef0d7d8e4e,True
eba59c7e1f370fddd7ce0cff,6d8f59e6cb098069b78b__original,2024-05-01,1,152c5ede5318006895b9a67d188c457aab1afdd96ad018f12d42cbd02b701889,True
cfddd59e6c6beb900f853c61,1f1ae00b64bd8b7bd110__original,2024-05-01,2,1362e927a633bea5874df90c6666dfba9e0e397513a30973874cc110e3b2fe60,True
0242f48f031911fcac84dccd,3ebf26630ed8b804b7c6__original,2024-05-01,3,3a97b6633023610c59f0bc5ea7efcaeb469be252d17f795007ae7c73db7e6cd9,True
ba7ddbecbc147c362bbcb0dd,470d2972de5ca7d5f175__original,2024-05-01,4,5c55e40b23f4b5728462fa8be88f18002cb147c0869b6ac04240cf5fdc18928d,True
1eecf2b14ebc2e583dbf0890,e4995b90736054bffc53__original,2024-06-12,0,1097c9365a5a8caf64ea3e3f9a8cffd401fa635d95c55f335f0fb0137bcb955e,True
977bf88cc6c7eb36e6b38b04,9589ad742570fcdb37f7__original,2024-06-12,1,e99573edb0eccd10044e41850c431ad55557cb70a1fef0449f295f3f0ffcceab,True
f5bbe38e2d84220296446742,988b25b01a75c9f7d123__original,2024-06-12,2,22bd2a868342262d6a110cae3db3e2c021410cc2390ba1a472edde83a3e7fea4,True
fa6a26393094506c9eab72ea,0f7a87ad8939a791eb5f__original,2024-06-12,3,6d468a890b1d0041dc065edb1cb7476c2d034ace2877baf8d836b4000d0c9bbf,True
6818724633ae9ba2d3ba92ac,0ed92f7b0ce94c9f2209__original,2024-07-31,0,cb0dc0835ebf2207c10b941eae05a8dfb3b7f842078fa06cbba868697334027d,True
5ad879d07f41a745c3868a5c,5256b5c92f5903d030a2__original,2024-07-31,1,5041c971a3e1d0c843267496dedeee2c18edede4431ed6790d72237a4841daf7,True
2ccf99b0f247310302285f05,21f4139997c9410fc509__original,2024-07-31,2,0b77bebc50b7ca396d49cca2189b664a109372d9e97d2e26934c608fa6b684e9,True
aa167740cc30e0f578fd373b,c4983ccaee338e965270__original,2024-07-31,3,ddecc24d0521c456511686486138d1b2f3d394ccdce0b0f4720e3721d9628500,True
7c45c7652d6024ff4e372081,0c5b1744158eaf8a9c36__original,2024-07-31,4,60cfd873a1edbb1c5cf6e6eb6cc419145c250e58fb864cace6718d149c53f4ff,True
826867db6e91f4e86d68f0a3,2acaf45ab6c5f293fdde__original,2024-09-18,0,8abd44f9ec6f2a84c45a7bcb88345d606f5ffb0929586cd9c08f17d65e6c2bd3,True
50eedcba35aa3ea6a89bc33f,3b10cf0e5429ba6feb29__original,2024-09-18,1,11b31347603b2f9ebe2255eeb3a19bbb8eb69602f410e5cdc1c4836f0f4ec5ef,True
50e31aa116fc22359b7d22f9,9259ee24b8d729c87d73__original,2024-09-18,2,118cf6d727d5ec7d9f03298bde589966365e69ea40e7858746d020485b1fd8e1,True
1cb813de2bfe0ac18731d0f7,5b8f559688d5feb17ace__original,2024-09-18,3,8910b84444bbca3747c8948ce530ee443320ee77a0857451b104919f3536a304,True
2f4ada601528c4f81c315d6c,dddd8f3f22443993a08d__original,2024-09-18,4,325c77177801e963a3ac4451521a5f691f332624a65def1168148a50bedc7cb1,True
2ceab70bb11588f1f0138355,35cffe35dce404b02e69__original,2024-11-07,0,be4c32032cf8c1ad7dfe6987c15798f0fc51c1955bd6000d92bb4e6b35500915,True
d7d17ba9856b0e7e468375f2,0de54b4aac35bd72df1a__original,2024-11-07,1,59e36eeae350ef4f871cdfac910f9066518be89b1af43cbddb79f65b4d6d9107,True
a1037a2e336f2e2fc8545dce,ec105ae9aec72266730d__original,2024-11-07,2,72fa9e3e5a65442c04fde6fbb645dcf2842c6b3d55d1937b2e889df9bc932c0a,True
217710e5f88e2737684894bf,01fc9c2ffc8e1635c379__original,2024-11-07,3,42f2135e05b7d378896b0cc77b2e6bc6e033ce003813a3901befab3472d5dd76,True
5509843df46690dfcfaddef1,38738dffc0f540ba06de__original,2024-12-18,0,e27e5c0f4bdee1a535c78afb2a60eb16db6f8954cefc035cb0617dc65f2ba9d4,True
4d9eb82e5292601a0482467c,fdd6c94915f63fd66f9f__original,2024-12-18,1,15303c549693cd2366472494e13b47883e84c95be11aed60ea9e94529778456a,True
b0c8472dd65d33f695f4161f,a14c77f06fe914c35333__original,2024-12-18,2,f79fae76be86a06ebf1259ee8f78ed77d1d1fc122390b4eb87abbbefe39486c6,True
c028ca4851982ff11f381e36,3fb60231e225b6ac5e74__original,2024-12-18,3,365f00ad20ed9c167195f33d01a394534fbe2f94505caa0d2979457f02f977c3,True
4cac4f92087f60c0fcdeec94,faa3439a70f1fdec217c__original,2024-12-18,4,be784366291d665311df5f2085cc807440e7d22ba361398ddc20cc592fa52222,True
15af9783eb88957f38ed6805,141cfd1750a854896118__original,2024-12-18,5,a21dcec58d83f3f00899efb5b80062921e344818580c56915efdec1816fda4e2,True
